ISO-10303-21;
HEADER;
FILE_DESCRIPTION(('FreeCAD Model'),'2;1');
FILE_NAME('Open CASCADE Shape Model','2026-08-30T13:46:16',('Author'),(
    ''),'Open CASCADE STEP processor 7.8','FreeCAD','Unknown');
FILE_SCHEMA(('AUTOMOTIVE_DESIGN { 1 0 10303 214 1 1 1 1 }'));
ENDSEC;
DATA;
#1 = APPLICATION_PROTOCOL_DEFINITION('international standard',
  'automotive_design',2000,#2);
#2 = APPLICATION_CONTEXT(
  'core data for automotive mechanical design processes');
#3 = SHAPE_DEFINITION_REPRESENTATION(#4,#10);
#4 = PRODUCT_DEFINITION_SHAPE('','',#5);
#5 = PRODUCT_DEFINITION('design','',#6,#9);
#6 = PRODUCT_DEFINITION_FORMATION('','',#7);
#7 = PRODUCT('base to wheels holder','base to wheels holder','',(#8));
#8 = PRODUCT_CONTEXT('',#2,'mechanical');
#9 = PRODUCT_DEFINITION_CONTEXT('part definition',#2,'design');
#10 = ADVANCED_BREP_SHAPE_REPRESENTATION('',(#11,#15),#2307);
#11 = AXIS2_PLACEMENT_3D('',#12,#13,#14);
#12 = CARTESIAN_POINT('',(0.,0.,0.));
#13 = DIRECTION('',(0.,0.,1.));
#14 = DIRECTION('',(1.,0.,-0.));
#15 = MANIFOLD_SOLID_BREP('',#16);
#16 = CLOSED_SHELL('',(#17,#57,#88,#119,#150,#181,#197,#213,#435,#451,
    #482,#498,#529,#636,#653,#670,#701,#726,#868,#893,#1035,#1060,#1202,
    #1227,#1244,#1273,#1290,#1319,#1348,#1387,#1411,#1443,#1472,#1497,
    #1522,#1547,#1572,#1583,#1594,#1629,#1654,#1679,#1704,#1737,#1762,
    #1787,#1812,#1823,#1834,#1850,#1941,#1957,#1973,#1989,#2014,#2039,
    #2064,#2089,#2107,#2124,#2137,#2149,#2169,#2181,#2211,#2223,#2243,
    #2255,#2272,#2290));
#17 = ADVANCED_FACE('',(#18),#52,.F.);
#18 = FACE_BOUND('',#19,.F.);
#19 = EDGE_LOOP('',(#20,#30,#38,#46));
#20 = ORIENTED_EDGE('',*,*,#21,.F.);
#21 = EDGE_CURVE('',#22,#24,#26,.T.);
#22 = VERTEX_POINT('',#23);
#23 = CARTESIAN_POINT('',(-114.,19.,-30.));
#24 = VERTEX_POINT('',#25);
#25 = CARTESIAN_POINT('',(114.,19.,-30.));
#26 = LINE('',#27,#28);
#27 = CARTESIAN_POINT('',(-115.,19.,-30.));
#28 = VECTOR('',#29,1.);
#29 = DIRECTION('',(1.,0.,0.));
#30 = ORIENTED_EDGE('',*,*,#31,.F.);
#31 = EDGE_CURVE('',#32,#22,#34,.T.);
#32 = VERTEX_POINT('',#33);
#33 = CARTESIAN_POINT('',(-114.,-4.,-30.));
#34 = LINE('',#35,#36);
#35 = CARTESIAN_POINT('',(-114.,-5.,-30.));
#36 = VECTOR('',#37,1.);
#37 = DIRECTION('',(0.,1.,0.));
#38 = ORIENTED_EDGE('',*,*,#39,.T.);
#39 = EDGE_CURVE('',#32,#40,#42,.T.);
#40 = VERTEX_POINT('',#41);
#41 = CARTESIAN_POINT('',(114.,-4.,-30.));
#42 = LINE('',#43,#44);
#43 = CARTESIAN_POINT('',(-115.,-4.,-30.));
#44 = VECTOR('',#45,1.);
#45 = DIRECTION('',(1.,0.,0.));
#46 = ORIENTED_EDGE('',*,*,#47,.T.);
#47 = EDGE_CURVE('',#40,#24,#48,.T.);
#48 = LINE('',#49,#50);
#49 = CARTESIAN_POINT('',(114.,-5.,-30.));
#50 = VECTOR('',#51,1.);
#51 = DIRECTION('',(0.,1.,0.));
#52 = PLANE('',#53);
#53 = AXIS2_PLACEMENT_3D('',#54,#55,#56);
#54 = CARTESIAN_POINT('',(-115.,-5.,-30.));
#55 = DIRECTION('',(0.,0.,1.));
#56 = DIRECTION('',(0.,1.,0.));
#57 = ADVANCED_FACE('',(#58),#83,.T.);
#58 = FACE_BOUND('',#59,.F.);
#59 = EDGE_LOOP('',(#60,#61,#69,#77));
#60 = ORIENTED_EDGE('',*,*,#21,.T.);
#61 = ORIENTED_EDGE('',*,*,#62,.F.);
#62 = EDGE_CURVE('',#63,#24,#65,.T.);
#63 = VERTEX_POINT('',#64);
#64 = CARTESIAN_POINT('',(114.,20.,-29.));
#65 = LINE('',#66,#67);
#66 = CARTESIAN_POINT('',(114.,19.5,-29.5));
#67 = VECTOR('',#68,1.);
#68 = DIRECTION('',(-0.,-0.707106781187,-0.707106781187));
#69 = ORIENTED_EDGE('',*,*,#70,.F.);
#70 = EDGE_CURVE('',#71,#63,#73,.T.);
#71 = VERTEX_POINT('',#72);
#72 = CARTESIAN_POINT('',(-114.,20.,-29.));
#73 = LINE('',#74,#75);
#74 = CARTESIAN_POINT('',(-115.,20.,-29.));
#75 = VECTOR('',#76,1.);
#76 = DIRECTION('',(1.,0.,0.));
#77 = ORIENTED_EDGE('',*,*,#78,.T.);
#78 = EDGE_CURVE('',#71,#22,#79,.T.);
#79 = LINE('',#80,#81);
#80 = CARTESIAN_POINT('',(-114.,19.5,-29.5));
#81 = VECTOR('',#82,1.);
#82 = DIRECTION('',(-0.,-0.707106781187,-0.707106781187));
#83 = PLANE('',#84);
#84 = AXIS2_PLACEMENT_3D('',#85,#86,#87);
#85 = CARTESIAN_POINT('',(-115.,19.5,-29.5));
#86 = DIRECTION('',(0.,0.707106781187,-0.707106781187));
#87 = DIRECTION('',(-1.,-0.,-0.));
#88 = ADVANCED_FACE('',(#89),#114,.T.);
#89 = FACE_BOUND('',#90,.F.);
#90 = EDGE_LOOP('',(#91,#99,#100,#108));
#91 = ORIENTED_EDGE('',*,*,#92,.T.);
#92 = EDGE_CURVE('',#93,#32,#95,.T.);
#93 = VERTEX_POINT('',#94);
#94 = CARTESIAN_POINT('',(-115.,-4.,-29.));
#95 = LINE('',#96,#97);
#96 = CARTESIAN_POINT('',(-114.75,-4.,-29.25));
#97 = VECTOR('',#98,1.);
#98 = DIRECTION('',(0.707106781187,-9.6E-16,-0.707106781187));
#99 = ORIENTED_EDGE('',*,*,#31,.T.);
#100 = ORIENTED_EDGE('',*,*,#101,.F.);
#101 = EDGE_CURVE('',#102,#22,#104,.T.);
#102 = VERTEX_POINT('',#103);
#103 = CARTESIAN_POINT('',(-115.,19.,-29.));
#104 = LINE('',#105,#106);
#105 = CARTESIAN_POINT('',(-114.75,19.,-29.25));
#106 = VECTOR('',#107,1.);
#107 = DIRECTION('',(0.707106781187,0.,-0.707106781187));
#108 = ORIENTED_EDGE('',*,*,#109,.F.);
#109 = EDGE_CURVE('',#93,#102,#110,.T.);
#110 = LINE('',#111,#112);
#111 = CARTESIAN_POINT('',(-115.,-5.,-29.));
#112 = VECTOR('',#113,1.);
#113 = DIRECTION('',(0.,1.,0.));
#114 = PLANE('',#115);
#115 = AXIS2_PLACEMENT_3D('',#116,#117,#118);
#116 = CARTESIAN_POINT('',(-114.5,-5.,-29.5));
#117 = DIRECTION('',(-0.707106781187,0.,-0.707106781187));
#118 = DIRECTION('',(-0.,-1.,-0.));
#119 = ADVANCED_FACE('',(#120),#145,.F.);
#120 = FACE_BOUND('',#121,.T.);
#121 = EDGE_LOOP('',(#122,#130,#131,#139));
#122 = ORIENTED_EDGE('',*,*,#123,.T.);
#123 = EDGE_CURVE('',#124,#40,#126,.T.);
#124 = VERTEX_POINT('',#125);
#125 = CARTESIAN_POINT('',(115.,-4.,-29.));
#126 = LINE('',#127,#128);
#127 = CARTESIAN_POINT('',(114.75,-4.,-29.25));
#128 = VECTOR('',#129,1.);
#129 = DIRECTION('',(-0.707106781187,-9.6E-16,-0.707106781187));
#130 = ORIENTED_EDGE('',*,*,#47,.T.);
#131 = ORIENTED_EDGE('',*,*,#132,.F.);
#132 = EDGE_CURVE('',#133,#24,#135,.T.);
#133 = VERTEX_POINT('',#134);
#134 = CARTESIAN_POINT('',(115.,19.,-29.));
#135 = LINE('',#136,#137);
#136 = CARTESIAN_POINT('',(114.75,19.,-29.25));
#137 = VECTOR('',#138,1.);
#138 = DIRECTION('',(-0.707106781187,-0.,-0.707106781187));
#139 = ORIENTED_EDGE('',*,*,#140,.F.);
#140 = EDGE_CURVE('',#124,#133,#141,.T.);
#141 = LINE('',#142,#143);
#142 = CARTESIAN_POINT('',(115.,-5.,-29.));
#143 = VECTOR('',#144,1.);
#144 = DIRECTION('',(0.,1.,0.));
#145 = PLANE('',#146);
#146 = AXIS2_PLACEMENT_3D('',#147,#148,#149);
#147 = CARTESIAN_POINT('',(114.5,-5.,-29.5));
#148 = DIRECTION('',(-0.707106781187,0.,0.707106781187));
#149 = DIRECTION('',(-0.,-1.,-0.));
#150 = ADVANCED_FACE('',(#151),#176,.T.);
#151 = FACE_BOUND('',#152,.T.);
#152 = EDGE_LOOP('',(#153,#154,#162,#170));
#153 = ORIENTED_EDGE('',*,*,#39,.T.);
#154 = ORIENTED_EDGE('',*,*,#155,.T.);
#155 = EDGE_CURVE('',#40,#156,#158,.T.);
#156 = VERTEX_POINT('',#157);
#157 = CARTESIAN_POINT('',(114.,-5.,-29.));
#158 = LINE('',#159,#160);
#159 = CARTESIAN_POINT('',(114.,-4.5,-29.5));
#160 = VECTOR('',#161,1.);
#161 = DIRECTION('',(-6.7E-16,-0.707106781187,0.707106781187));
#162 = ORIENTED_EDGE('',*,*,#163,.F.);
#163 = EDGE_CURVE('',#164,#156,#166,.T.);
#164 = VERTEX_POINT('',#165);
#165 = CARTESIAN_POINT('',(-114.,-5.,-29.));
#166 = LINE('',#167,#168);
#167 = CARTESIAN_POINT('',(-115.,-5.,-29.));
#168 = VECTOR('',#169,1.);
#169 = DIRECTION('',(1.,0.,0.));
#170 = ORIENTED_EDGE('',*,*,#171,.F.);
#171 = EDGE_CURVE('',#32,#164,#172,.T.);
#172 = LINE('',#173,#174);
#173 = CARTESIAN_POINT('',(-114.,-4.5,-29.5));
#174 = VECTOR('',#175,1.);
#175 = DIRECTION('',(6.7E-16,-0.707106781187,0.707106781187));
#176 = PLANE('',#177);
#177 = AXIS2_PLACEMENT_3D('',#178,#179,#180);
#178 = CARTESIAN_POINT('',(-115.,-4.5,-29.5));
#179 = DIRECTION('',(0.,-0.707106781187,-0.707106781187));
#180 = DIRECTION('',(1.,0.,0.));
#181 = ADVANCED_FACE('',(#182),#192,.F.);
#182 = FACE_BOUND('',#183,.F.);
#183 = EDGE_LOOP('',(#184,#190,#191));
#184 = ORIENTED_EDGE('',*,*,#185,.F.);
#185 = EDGE_CURVE('',#102,#71,#186,.T.);
#186 = LINE('',#187,#188);
#187 = CARTESIAN_POINT('',(-114.75,19.25,-29.));
#188 = VECTOR('',#189,1.);
#189 = DIRECTION('',(0.707106781187,0.707106781187,0.));
#190 = ORIENTED_EDGE('',*,*,#101,.T.);
#191 = ORIENTED_EDGE('',*,*,#78,.F.);
#192 = PLANE('',#193);
#193 = AXIS2_PLACEMENT_3D('',#194,#195,#196);
#194 = CARTESIAN_POINT('',(-115.,19.,-29.));
#195 = DIRECTION('',(0.57735026919,-0.57735026919,0.57735026919));
#196 = DIRECTION('',(0.,-0.707106781187,-0.707106781187));
#197 = ADVANCED_FACE('',(#198),#208,.T.);
#198 = FACE_BOUND('',#199,.T.);
#199 = EDGE_LOOP('',(#200,#206,#207));
#200 = ORIENTED_EDGE('',*,*,#201,.F.);
#201 = EDGE_CURVE('',#133,#63,#202,.T.);
#202 = LINE('',#203,#204);
#203 = CARTESIAN_POINT('',(114.75,19.25,-29.));
#204 = VECTOR('',#205,1.);
#205 = DIRECTION('',(-0.707106781187,0.707106781187,0.));
#206 = ORIENTED_EDGE('',*,*,#132,.T.);
#207 = ORIENTED_EDGE('',*,*,#62,.F.);
#208 = PLANE('',#209);
#209 = AXIS2_PLACEMENT_3D('',#210,#211,#212);
#210 = CARTESIAN_POINT('',(115.,19.,-29.));
#211 = DIRECTION('',(0.57735026919,0.57735026919,-0.57735026919));
#212 = DIRECTION('',(0.,-0.707106781187,-0.707106781187));
#213 = ADVANCED_FACE('',(#214,#239,#250,#299,#310,#359,#370,#419),#430,
  .F.);
#214 = FACE_BOUND('',#215,.F.);
#215 = EDGE_LOOP('',(#216,#226,#232,#233));
#216 = ORIENTED_EDGE('',*,*,#217,.F.);
#217 = EDGE_CURVE('',#218,#220,#222,.T.);
#218 = VERTEX_POINT('',#219);
#219 = CARTESIAN_POINT('',(-114.,20.,9.));
#220 = VERTEX_POINT('',#221);
#221 = CARTESIAN_POINT('',(114.,20.,9.));
#222 = LINE('',#223,#224);
#223 = CARTESIAN_POINT('',(-115.,20.,9.));
#224 = VECTOR('',#225,1.);
#225 = DIRECTION('',(1.,0.,0.));
#226 = ORIENTED_EDGE('',*,*,#227,.F.);
#227 = EDGE_CURVE('',#71,#218,#228,.T.);
#228 = LINE('',#229,#230);
#229 = CARTESIAN_POINT('',(-114.,20.,-30.));
#230 = VECTOR('',#231,1.);
#231 = DIRECTION('',(0.,0.,1.));
#232 = ORIENTED_EDGE('',*,*,#70,.T.);
#233 = ORIENTED_EDGE('',*,*,#234,.T.);
#234 = EDGE_CURVE('',#63,#220,#235,.T.);
#235 = LINE('',#236,#237);
#236 = CARTESIAN_POINT('',(114.,20.,-30.));
#237 = VECTOR('',#238,1.);
#238 = DIRECTION('',(0.,0.,1.));
#239 = FACE_BOUND('',#240,.F.);
#240 = EDGE_LOOP('',(#241));
#241 = ORIENTED_EDGE('',*,*,#242,.T.);
#242 = EDGE_CURVE('',#243,#243,#245,.T.);
#243 = VERTEX_POINT('',#244);
#244 = CARTESIAN_POINT('',(100.85,20.,-20.));
#245 = CIRCLE('',#246,4.15);
#246 = AXIS2_PLACEMENT_3D('',#247,#248,#249);
#247 = CARTESIAN_POINT('',(105.,20.,-20.));
#248 = DIRECTION('',(0.,1.,0.));
#249 = DIRECTION('',(-1.,0.,-2.26E-15));
#250 = FACE_BOUND('',#251,.F.);
#251 = EDGE_LOOP('',(#252));
#252 = ORIENTED_EDGE('',*,*,#253,.F.);
#253 = EDGE_CURVE('',#254,#254,#256,.T.);
#254 = VERTEX_POINT('',#255);
#255 = CARTESIAN_POINT('',(56.986676473883,20.,-11.15883856809));
#256 = B_SPLINE_CURVE_WITH_KNOTS('',9,(#257,#258,#259,#260,#261,#262,
    #263,#264,#265,#266,#267,#268,#269,#270,#271,#272,#273,#274,#275,
    #276,#277,#278,#279,#280,#281,#282,#283,#284,#285,#286,#287,#288,
    #289,#290,#291,#292,#293,#294,#295,#296,#297,#298),.UNSPECIFIED.,.T.
  ,.F.,(10,8,8,8,8,10),(-0.644560872002,0.,8.668622090407,
    17.337244180813,26.00586627122,34.674488361626),.UNSPECIFIED.);
#257 = CARTESIAN_POINT('',(56.986676473883,20.,-11.15883856809));
#258 = CARTESIAN_POINT('',(56.978513949363,20.,-11.24643229056));
#259 = CARTESIAN_POINT('',(56.97137631428,20.,-11.33410603474));
#260 = CARTESIAN_POINT('',(56.965262261812,20.,-11.42184053556));
#261 = CARTESIAN_POINT('',(56.96017048514,19.999999999999,
    -11.50961652794));
#262 = CARTESIAN_POINT('',(56.956099677444,20.000000000001,
    -11.59741474682));
#263 = CARTESIAN_POINT('',(56.953048531901,20.,-11.68521592712));
#264 = CARTESIAN_POINT('',(56.951015741694,20.,-11.77300080376));
#265 = CARTESIAN_POINT('',(56.95,20.,-11.86075011169));
#266 = CARTESIAN_POINT('',(56.949999999999,20.,-13.12783708179));
#267 = CARTESIAN_POINT('',(57.133571602577,20.,-14.31718108554));
#268 = CARTESIAN_POINT('',(57.505738046214,19.999999999999,
    -15.46947341118));
#269 = CARTESIAN_POINT('',(58.063227793019,20.000000000001,
    -16.53820722706));
#270 = CARTESIAN_POINT('',(58.790832238944,19.999999999999,
    -17.47037498616));
#271 = CARTESIAN_POINT('',(59.667377831043,20.000000000001,
    -18.23526353272));
#272 = CARTESIAN_POINT('',(60.670684931766,20.,-18.77904341397));
#273 = CARTESIAN_POINT('',(61.739393847675,20.,-19.07135410057));
#274 = CARTESIAN_POINT('',(63.891433014043,20.,-19.14872377427));
#275 = CARTESIAN_POINT('',(64.974544212583,20.000000000001,
    -18.93375163396));
#276 = CARTESIAN_POINT('',(66.006874654103,19.999999999999,-18.462506594
    ));
#277 = CARTESIAN_POINT('',(66.923192774838,20.000000000001,
    -17.75887202652));
#278 = CARTESIAN_POINT('',(67.695831079721,19.999999999999,
    -16.88009376581));
#279 = CARTESIAN_POINT('',(68.307620208046,20.000000000001,
    -15.85323481315));
#280 = CARTESIAN_POINT('',(68.73940875204,20.,-14.72696902128));
#281 = CARTESIAN_POINT('',(68.984416541423,20.,-13.54363282145));
#282 = CARTESIAN_POINT('',(69.096781431431,20.,-11.15370334244));
#283 = CARTESIAN_POINT('',(68.964195345287,20.,-9.946986482448));
#284 = CARTESIAN_POINT('',(68.641309688782,20.000000000001,
    -8.77391500761));
#285 = CARTESIAN_POINT('',(68.133570568947,19.999999999998,
    -7.677762790235));
#286 = CARTESIAN_POINT('',(67.452874000375,20.000000000003,
    -6.707234747914));
#287 = CARTESIAN_POINT('',(66.620919064882,19.999999999998,
    -5.894172443602));
#288 = CARTESIAN_POINT('',(65.653870612752,20.000000000001,
    -5.287249342837));
#289 = CARTESIAN_POINT('',(64.606080542956,20.,-4.923428075042));
#290 = CARTESIAN_POINT('',(62.463692742202,20.,-4.699446930695));
#291 = CARTESIAN_POINT('',(61.369295402797,20.,-4.839388935705));
#292 = CARTESIAN_POINT('',(60.308373208038,20.000000000001,
    -5.240144693663));
#293 = CARTESIAN_POINT('',(59.349943537761,19.999999999999,
    -5.887839426327));
#294 = CARTESIAN_POINT('',(58.533092330209,20.000000000002,
    -6.72235996334));
#295 = CARTESIAN_POINT('',(57.872174025377,19.999999999999,
    -7.715651933509));
#296 = CARTESIAN_POINT('',(57.391521315375,20.,-8.817222091343));
#297 = CARTESIAN_POINT('',(57.096453290071,20.,-9.980801069078));
#298 = CARTESIAN_POINT('',(56.986676473883,20.,-11.15883856809));
#299 = FACE_BOUND('',#300,.F.);
#300 = EDGE_LOOP('',(#301));
#301 = ORIENTED_EDGE('',*,*,#302,.T.);
#302 = EDGE_CURVE('',#303,#303,#305,.T.);
#303 = VERTEX_POINT('',#304);
#304 = CARTESIAN_POINT('',(100.85,20.,-7.E-15));
#305 = CIRCLE('',#306,4.15);
#306 = AXIS2_PLACEMENT_3D('',#307,#308,#309);
#307 = CARTESIAN_POINT('',(105.,20.,0.));
#308 = DIRECTION('',(0.,1.,0.));
#309 = DIRECTION('',(-1.,0.,-1.76E-15));
#310 = FACE_BOUND('',#311,.F.);
#311 = EDGE_LOOP('',(#312));
#312 = ORIENTED_EDGE('',*,*,#313,.F.);
#313 = EDGE_CURVE('',#314,#314,#316,.T.);
#314 = VERTEX_POINT('',#315);
#315 = CARTESIAN_POINT('',(6.013323510325,20.,-11.15883849537));
#316 = B_SPLINE_CURVE_WITH_KNOTS('',9,(#317,#318,#319,#320,#321,#322,
    #323,#324,#325,#326,#327,#328,#329,#330,#331,#332,#333,#334,#335,
    #336,#337,#338,#339,#340,#341,#342,#343,#344,#345,#346,#347,#348,
    #349,#350,#351,#352,#353,#354,#355,#356,#357,#358),.UNSPECIFIED.,.T.
  ,.F.,(10,8,8,8,8,10),(0.636859360952,9.148377272604,17.659895184256,
    26.489842776385,35.319790368513,35.956649729465),.UNSPECIFIED.);
#317 = CARTESIAN_POINT('',(6.013323510325,20.,-11.15883849537));
#318 = CARTESIAN_POINT('',(5.9044633166,20.,-9.990638427907));
#319 = CARTESIAN_POINT('',(5.61411541417,20.000000000001,-8.844368184174
    ));
#320 = CARTESIAN_POINT('',(5.145830498696,19.999999999998,
    -7.763321590316));
#321 = CARTESIAN_POINT('',(4.506302834428,20.000000000002,
    -6.786979783719));
#322 = CARTESIAN_POINT('',(3.717311265211,19.999999999998,
    -5.962613499183));
#323 = CARTESIAN_POINT('',(2.791900880761,20.000000000001,
    -5.313229819205));
#324 = CARTESIAN_POINT('',(1.76099611244,19.999999999999,-4.900452697269
    ));
#325 = CARTESIAN_POINT('',(0.693031755011,20.,-4.740659273477));
#326 = CARTESIAN_POINT('',(-1.407595944456,20.,-4.909762841738));
#327 = CARTESIAN_POINT('',(-2.440023073234,20.,-5.238575607936));
#328 = CARTESIAN_POINT('',(-3.399089696094,20.,-5.803494657859));
#329 = CARTESIAN_POINT('',(-4.231558943855,20.,-6.566477697215));
#330 = CARTESIAN_POINT('',(-4.928049713868,19.999999999999,
    -7.47733178258));
#331 = CARTESIAN_POINT('',(-5.470315519496,20.,-8.509546144194));
#332 = CARTESIAN_POINT('',(-5.847915745504,20.,-9.619102781586));
#333 = CARTESIAN_POINT('',(-6.05,20.,-10.77682564999));
#334 = CARTESIAN_POINT('',(-6.05,20.,-13.16389568498));
#335 = CARTESIAN_POINT('',(-5.832485079673,20.000000000001,
    -14.3644195272));
#336 = CARTESIAN_POINT('',(-5.427326623043,19.999999999997,
    -15.51154029703));
#337 = CARTESIAN_POINT('',(-4.845237640708,20.000000000004,
    -16.57365734345));
#338 = CARTESIAN_POINT('',(-4.099503826334,19.999999999997,
    -17.49868663007));
#339 = CARTESIAN_POINT('',(-3.209060341815,20.000000000002,
    -18.26185819526));
#340 = CARTESIAN_POINT('',(-2.185336914606,19.999999999999,
    -18.80016377427));
#341 = CARTESIAN_POINT('',(-1.095828371894,20.,-19.07622949369));
#342 = CARTESIAN_POINT('',(1.089854054632,20.,-19.09937750505));
#343 = CARTESIAN_POINT('',(2.185729189299,20.000000000001,
    -18.84644668579));
#344 = CARTESIAN_POINT('',(3.222392863319,19.999999999999,
    -18.32545991772));
#345 = CARTESIAN_POINT('',(4.127138449252,20.000000000001,
    -17.56706969966));
#346 = CARTESIAN_POINT('',(4.880779691,20.,-16.63586906266));
#347 = CARTESIAN_POINT('',(5.462143347619,20.,-15.55717419437));
#348 = CARTESIAN_POINT('',(5.853999564044,20.000000000001,
    -14.38622436507));
#349 = CARTESIAN_POINT('',(6.05,20.,-13.16705446712));
#350 = CARTESIAN_POINT('',(6.05,20.,-11.86055243219));
#351 = CARTESIAN_POINT('',(6.048979944004,19.999999999999,
    -11.77265797681));
#352 = CARTESIAN_POINT('',(6.04694037399,20.000000000002,-11.68477915009
    ));
#353 = CARTESIAN_POINT('',(6.043881831936,19.999999999997,
    -11.59693388245));
#354 = CARTESIAN_POINT('',(6.039804859823,20.000000000003,
    -11.50914010434));
#355 = CARTESIAN_POINT('',(6.034709999626,19.999999999998,
    -11.42141574614));
#356 = CARTESIAN_POINT('',(6.028597793325,20.000000000001,-11.3337787383
    ));
#357 = CARTESIAN_POINT('',(6.021468782899,20.,-11.24624701123));
#358 = CARTESIAN_POINT('',(6.013323510325,20.,-11.15883849537));
#359 = FACE_BOUND('',#360,.F.);
#360 = EDGE_LOOP('',(#361));
#361 = ORIENTED_EDGE('',*,*,#362,.F.);
#362 = EDGE_CURVE('',#363,#363,#365,.T.);
#363 = VERTEX_POINT('',#364);
#364 = CARTESIAN_POINT('',(-100.85,20.,-20.));
#365 = CIRCLE('',#366,4.15);
#366 = AXIS2_PLACEMENT_3D('',#367,#368,#369);
#367 = CARTESIAN_POINT('',(-105.,20.,-20.));
#368 = DIRECTION('',(0.,-1.,0.));
#369 = DIRECTION('',(1.,0.,-2.26E-15));
#370 = FACE_BOUND('',#371,.F.);
#371 = EDGE_LOOP('',(#372));
#372 = ORIENTED_EDGE('',*,*,#373,.F.);
#373 = EDGE_CURVE('',#374,#374,#376,.T.);
#374 = VERTEX_POINT('',#375);
#375 = CARTESIAN_POINT('',(-56.98667647388,20.,-11.15883856809));
#376 = B_SPLINE_CURVE_WITH_KNOTS('',9,(#377,#378,#379,#380,#381,#382,
    #383,#384,#385,#386,#387,#388,#389,#390,#391,#392,#393,#394,#395,
    #396,#397,#398,#399,#400,#401,#402,#403,#404,#405,#406,#407,#408,
    #409,#410,#411,#412,#413,#414,#415,#416,#417,#418),.UNSPECIFIED.,.T.
  ,.F.,(10,8,8,8,8,10),(0.644560872002,9.313182962408,17.981805052815,
    26.650427143221,35.319049233628,35.96361010563),.UNSPECIFIED.);
#377 = CARTESIAN_POINT('',(-56.98667647388,20.,-11.15883856809));
#378 = CARTESIAN_POINT('',(-57.09645329007,20.,-9.980801069078));
#379 = CARTESIAN_POINT('',(-57.39152131537,19.999999999999,
    -8.817222091343));
#380 = CARTESIAN_POINT('',(-57.87217402537,20.000000000002,
    -7.715651933509));
#381 = CARTESIAN_POINT('',(-58.53309233021,19.999999999999,
    -6.72235996334));
#382 = CARTESIAN_POINT('',(-59.34994353775,20.000000000001,
    -5.887839426326));
#383 = CARTESIAN_POINT('',(-60.30837320804,20.,-5.240144693664));
#384 = CARTESIAN_POINT('',(-61.36929540279,20.,-4.839388935704));
#385 = CARTESIAN_POINT('',(-62.4636927422,20.,-4.699446930695));
#386 = CARTESIAN_POINT('',(-64.60608054295,20.,-4.923428075042));
#387 = CARTESIAN_POINT('',(-65.65387061275,20.,-5.287249342836));
#388 = CARTESIAN_POINT('',(-66.62091906488,20.,-5.894172443604));
#389 = CARTESIAN_POINT('',(-67.45287400036,20.,-6.707234747912));
#390 = CARTESIAN_POINT('',(-68.13357056895,20.,-7.677762790237));
#391 = CARTESIAN_POINT('',(-68.64130968877,20.,-8.773915007609));
#392 = CARTESIAN_POINT('',(-68.96419534528,20.,-9.946986482448));
#393 = CARTESIAN_POINT('',(-69.09678143143,20.,-11.15370334244));
#394 = CARTESIAN_POINT('',(-68.98441654142,20.,-13.54363282145));
#395 = CARTESIAN_POINT('',(-68.73940875203,19.999999999999,
    -14.72696902128));
#396 = CARTESIAN_POINT('',(-68.30762020804,20.000000000003,
    -15.85323481315));
#397 = CARTESIAN_POINT('',(-67.69583107972,19.999999999997,
    -16.88009376581));
#398 = CARTESIAN_POINT('',(-66.92319277483,20.000000000003,
    -17.75887202652));
#399 = CARTESIAN_POINT('',(-66.0068746541,19.999999999998,-18.462506594)
  );
#400 = CARTESIAN_POINT('',(-64.97454421258,20.000000000001,
    -18.93375163396));
#401 = CARTESIAN_POINT('',(-63.89143301404,20.,-19.14872377427));
#402 = CARTESIAN_POINT('',(-61.73939384767,20.,-19.07135410057));
#403 = CARTESIAN_POINT('',(-60.67068493176,20.000000000001,
    -18.77904341397));
#404 = CARTESIAN_POINT('',(-59.66737783103,19.999999999998,
    -18.23526353272));
#405 = CARTESIAN_POINT('',(-58.79083223895,20.000000000002,
    -17.47037498616));
#406 = CARTESIAN_POINT('',(-58.063227793,19.999999999997,-16.53820722706
    ));
#407 = CARTESIAN_POINT('',(-57.50573804622,20.000000000002,
    -15.46947341118));
#408 = CARTESIAN_POINT('',(-57.13357160257,19.999999999999,
    -14.31718108554));
#409 = CARTESIAN_POINT('',(-56.95,20.,-13.12783708179));
#410 = CARTESIAN_POINT('',(-56.95,20.,-11.86075011169));
#411 = CARTESIAN_POINT('',(-56.95101574169,20.,-11.77300080376));
#412 = CARTESIAN_POINT('',(-56.9530485319,20.,-11.68521592712));
#413 = CARTESIAN_POINT('',(-56.95609967744,20.,-11.59741474682));
#414 = CARTESIAN_POINT('',(-56.96017048514,20.,-11.50961652795));
#415 = CARTESIAN_POINT('',(-56.96526226181,20.,-11.42184053556));
#416 = CARTESIAN_POINT('',(-56.97137631428,20.,-11.33410603474));
#417 = CARTESIAN_POINT('',(-56.97851394936,20.,-11.24643229056));
#418 = CARTESIAN_POINT('',(-56.98667647388,20.,-11.15883856809));
#419 = FACE_BOUND('',#420,.F.);
#420 = EDGE_LOOP('',(#421));
#421 = ORIENTED_EDGE('',*,*,#422,.F.);
#422 = EDGE_CURVE('',#423,#423,#425,.T.);
#423 = VERTEX_POINT('',#424);
#424 = CARTESIAN_POINT('',(-100.85,20.,-7.E-15));
#425 = CIRCLE('',#426,4.15);
#426 = AXIS2_PLACEMENT_3D('',#427,#428,#429);
#427 = CARTESIAN_POINT('',(-105.,20.,0.));
#428 = DIRECTION('',(0.,-1.,0.));
#429 = DIRECTION('',(1.,0.,-1.76E-15));
#430 = PLANE('',#431);
#431 = AXIS2_PLACEMENT_3D('',#432,#433,#434);
#432 = CARTESIAN_POINT('',(-115.,20.,-30.));
#433 = DIRECTION('',(0.,-1.,0.));
#434 = DIRECTION('',(0.,0.,1.));
#435 = ADVANCED_FACE('',(#436),#446,.F.);
#436 = FACE_BOUND('',#437,.F.);
#437 = EDGE_LOOP('',(#438,#439,#445));
#438 = ORIENTED_EDGE('',*,*,#92,.F.);
#439 = ORIENTED_EDGE('',*,*,#440,.T.);
#440 = EDGE_CURVE('',#93,#164,#441,.T.);
#441 = LINE('',#442,#443);
#442 = CARTESIAN_POINT('',(-114.75,-4.25,-29.));
#443 = VECTOR('',#444,1.);
#444 = DIRECTION('',(0.707106781187,-0.707106781187,-2.9E-16));
#445 = ORIENTED_EDGE('',*,*,#171,.F.);
#446 = PLANE('',#447);
#447 = AXIS2_PLACEMENT_3D('',#448,#449,#450);
#448 = CARTESIAN_POINT('',(-115.,-4.,-29.));
#449 = DIRECTION('',(0.57735026919,0.57735026919,0.57735026919));
#450 = DIRECTION('',(0.,-0.707106781187,0.707106781187));
#451 = ADVANCED_FACE('',(#452),#477,.F.);
#452 = FACE_BOUND('',#453,.F.);
#453 = EDGE_LOOP('',(#454,#464,#470,#471));
#454 = ORIENTED_EDGE('',*,*,#455,.T.);
#455 = EDGE_CURVE('',#456,#458,#460,.T.);
#456 = VERTEX_POINT('',#457);
#457 = CARTESIAN_POINT('',(-115.,19.,9.));
#458 = VERTEX_POINT('',#459);
#459 = CARTESIAN_POINT('',(-115.,-4.,9.));
#460 = LINE('',#461,#462);
#461 = CARTESIAN_POINT('',(-115.,20.,9.));
#462 = VECTOR('',#463,1.);
#463 = DIRECTION('',(0.,-1.,0.));
#464 = ORIENTED_EDGE('',*,*,#465,.T.);
#465 = EDGE_CURVE('',#458,#93,#466,.T.);
#466 = LINE('',#467,#468);
#467 = CARTESIAN_POINT('',(-115.,-4.,10.));
#468 = VECTOR('',#469,1.);
#469 = DIRECTION('',(0.,0.,-1.));
#470 = ORIENTED_EDGE('',*,*,#109,.T.);
#471 = ORIENTED_EDGE('',*,*,#472,.T.);
#472 = EDGE_CURVE('',#102,#456,#473,.T.);
#473 = LINE('',#474,#475);
#474 = CARTESIAN_POINT('',(-115.,19.,-30.));
#475 = VECTOR('',#476,1.);
#476 = DIRECTION('',(0.,0.,1.));
#477 = PLANE('',#478);
#478 = AXIS2_PLACEMENT_3D('',#479,#480,#481);
#479 = CARTESIAN_POINT('',(-115.,7.5,-10.));
#480 = DIRECTION('',(1.,0.,0.));
#481 = DIRECTION('',(0.,0.,1.));
#482 = ADVANCED_FACE('',(#483),#493,.T.);
#483 = FACE_BOUND('',#484,.T.);
#484 = EDGE_LOOP('',(#485,#486,#492));
#485 = ORIENTED_EDGE('',*,*,#123,.F.);
#486 = ORIENTED_EDGE('',*,*,#487,.T.);
#487 = EDGE_CURVE('',#124,#156,#488,.T.);
#488 = LINE('',#489,#490);
#489 = CARTESIAN_POINT('',(114.75,-4.25,-29.));
#490 = VECTOR('',#491,1.);
#491 = DIRECTION('',(-0.707106781187,-0.707106781187,-2.9E-16));
#492 = ORIENTED_EDGE('',*,*,#155,.F.);
#493 = PLANE('',#494);
#494 = AXIS2_PLACEMENT_3D('',#495,#496,#497);
#495 = CARTESIAN_POINT('',(115.,-4.,-29.));
#496 = DIRECTION('',(0.57735026919,-0.57735026919,-0.57735026919));
#497 = DIRECTION('',(0.,-0.707106781187,0.707106781187));
#498 = ADVANCED_FACE('',(#499),#524,.T.);
#499 = FACE_BOUND('',#500,.T.);
#500 = EDGE_LOOP('',(#501,#511,#517,#518));
#501 = ORIENTED_EDGE('',*,*,#502,.T.);
#502 = EDGE_CURVE('',#503,#505,#507,.T.);
#503 = VERTEX_POINT('',#504);
#504 = CARTESIAN_POINT('',(115.,19.,9.));
#505 = VERTEX_POINT('',#506);
#506 = CARTESIAN_POINT('',(115.,-4.,9.));
#507 = LINE('',#508,#509);
#508 = CARTESIAN_POINT('',(115.,20.,9.));
#509 = VECTOR('',#510,1.);
#510 = DIRECTION('',(0.,-1.,0.));
#511 = ORIENTED_EDGE('',*,*,#512,.T.);
#512 = EDGE_CURVE('',#505,#124,#513,.T.);
#513 = LINE('',#514,#515);
#514 = CARTESIAN_POINT('',(115.,-4.,10.));
#515 = VECTOR('',#516,1.);
#516 = DIRECTION('',(0.,0.,-1.));
#517 = ORIENTED_EDGE('',*,*,#140,.T.);
#518 = ORIENTED_EDGE('',*,*,#519,.T.);
#519 = EDGE_CURVE('',#133,#503,#520,.T.);
#520 = LINE('',#521,#522);
#521 = CARTESIAN_POINT('',(115.,19.,-30.));
#522 = VECTOR('',#523,1.);
#523 = DIRECTION('',(0.,0.,1.));
#524 = PLANE('',#525);
#525 = AXIS2_PLACEMENT_3D('',#526,#527,#528);
#526 = CARTESIAN_POINT('',(115.,7.5,-10.));
#527 = DIRECTION('',(1.,0.,0.));
#528 = DIRECTION('',(0.,0.,1.));
#529 = ADVANCED_FACE('',(#530,#587,#598,#609,#620),#631,.F.);
#530 = FACE_BOUND('',#531,.F.);
#531 = EDGE_LOOP('',(#532,#542,#550,#558,#566,#574,#580,#581));
#532 = ORIENTED_EDGE('',*,*,#533,.T.);
#533 = EDGE_CURVE('',#534,#536,#538,.T.);
#534 = VERTEX_POINT('',#535);
#535 = CARTESIAN_POINT('',(-114.,-5.,9.));
#536 = VERTEX_POINT('',#537);
#537 = CARTESIAN_POINT('',(-76.,-5.,9.));
#538 = LINE('',#539,#540);
#539 = CARTESIAN_POINT('',(-115.,-5.,9.));
#540 = VECTOR('',#541,1.);
#541 = DIRECTION('',(1.,0.,0.));
#542 = ORIENTED_EDGE('',*,*,#543,.F.);
#543 = EDGE_CURVE('',#544,#536,#546,.T.);
#544 = VERTEX_POINT('',#545);
#545 = CARTESIAN_POINT('',(-76.,-5.,-8.434467956211));
#546 = LINE('',#547,#548);
#547 = CARTESIAN_POINT('',(-76.,-5.,-7.434467956211));
#548 = VECTOR('',#549,1.);
#549 = DIRECTION('',(-3.4E-16,0.,1.));
#550 = ORIENTED_EDGE('',*,*,#551,.F.);
#551 = EDGE_CURVE('',#552,#544,#554,.T.);
#552 = VERTEX_POINT('',#553);
#553 = CARTESIAN_POINT('',(76.,-5.,-8.434467956211));
#554 = LINE('',#555,#556);
#555 = CARTESIAN_POINT('',(75.,-5.,-8.434467956211));
#556 = VECTOR('',#557,1.);
#557 = DIRECTION('',(-1.,0.,0.));
#558 = ORIENTED_EDGE('',*,*,#559,.F.);
#559 = EDGE_CURVE('',#560,#552,#562,.T.);
#560 = VERTEX_POINT('',#561);
#561 = CARTESIAN_POINT('',(76.,-5.,9.));
#562 = LINE('',#563,#564);
#563 = CARTESIAN_POINT('',(76.,-5.,10.));
#564 = VECTOR('',#565,1.);
#565 = DIRECTION('',(3.4E-16,0.,-1.));
#566 = ORIENTED_EDGE('',*,*,#567,.T.);
#567 = EDGE_CURVE('',#560,#568,#570,.T.);
#568 = VERTEX_POINT('',#569);
#569 = CARTESIAN_POINT('',(114.,-5.,9.));
#570 = LINE('',#571,#572);
#571 = CARTESIAN_POINT('',(75.,-5.,9.));
#572 = VECTOR('',#573,1.);
#573 = DIRECTION('',(1.,0.,0.));
#574 = ORIENTED_EDGE('',*,*,#575,.T.);
#575 = EDGE_CURVE('',#568,#156,#576,.T.);
#576 = LINE('',#577,#578);
#577 = CARTESIAN_POINT('',(114.,-5.,10.));
#578 = VECTOR('',#579,1.);
#579 = DIRECTION('',(0.,0.,-1.));
#580 = ORIENTED_EDGE('',*,*,#163,.F.);
#581 = ORIENTED_EDGE('',*,*,#582,.F.);
#582 = EDGE_CURVE('',#534,#164,#583,.T.);
#583 = LINE('',#584,#585);
#584 = CARTESIAN_POINT('',(-114.,-5.,10.));
#585 = VECTOR('',#586,1.);
#586 = DIRECTION('',(0.,0.,-1.));
#587 = FACE_BOUND('',#588,.F.);
#588 = EDGE_LOOP('',(#589));
#589 = ORIENTED_EDGE('',*,*,#590,.F.);
#590 = EDGE_CURVE('',#591,#591,#593,.T.);
#591 = VERTEX_POINT('',#592);
#592 = CARTESIAN_POINT('',(98.95,-5.,0.));
#593 = CIRCLE('',#594,6.05);
#594 = AXIS2_PLACEMENT_3D('',#595,#596,#597);
#595 = CARTESIAN_POINT('',(105.,-5.,0.));
#596 = DIRECTION('',(0.,1.,-0.));
#597 = DIRECTION('',(-1.,0.,0.));
#598 = FACE_BOUND('',#599,.F.);
#599 = EDGE_LOOP('',(#600));
#600 = ORIENTED_EDGE('',*,*,#601,.F.);
#601 = EDGE_CURVE('',#602,#602,#604,.T.);
#602 = VERTEX_POINT('',#603);
#603 = CARTESIAN_POINT('',(98.95,-5.,-20.));
#604 = CIRCLE('',#605,6.05);
#605 = AXIS2_PLACEMENT_3D('',#606,#607,#608);
#606 = CARTESIAN_POINT('',(105.,-5.,-20.));
#607 = DIRECTION('',(0.,1.,-0.));
#608 = DIRECTION('',(-1.,0.,0.));
#609 = FACE_BOUND('',#610,.F.);
#610 = EDGE_LOOP('',(#611));
#611 = ORIENTED_EDGE('',*,*,#612,.T.);
#612 = EDGE_CURVE('',#613,#613,#615,.T.);
#613 = VERTEX_POINT('',#614);
#614 = CARTESIAN_POINT('',(-98.95,-5.,-0.));
#615 = CIRCLE('',#616,6.05);
#616 = AXIS2_PLACEMENT_3D('',#617,#618,#619);
#617 = CARTESIAN_POINT('',(-105.,-5.,0.));
#618 = DIRECTION('',(0.,-1.,0.));
#619 = DIRECTION('',(1.,0.,0.));
#620 = FACE_BOUND('',#621,.F.);
#621 = EDGE_LOOP('',(#622));
#622 = ORIENTED_EDGE('',*,*,#623,.T.);
#623 = EDGE_CURVE('',#624,#624,#626,.T.);
#624 = VERTEX_POINT('',#625);
#625 = CARTESIAN_POINT('',(-98.95,-5.,-20.));
#626 = CIRCLE('',#627,6.05);
#627 = AXIS2_PLACEMENT_3D('',#628,#629,#630);
#628 = CARTESIAN_POINT('',(-105.,-5.,-20.));
#629 = DIRECTION('',(0.,-1.,0.));
#630 = DIRECTION('',(1.,0.,0.));
#631 = PLANE('',#632);
#632 = AXIS2_PLACEMENT_3D('',#633,#634,#635);
#633 = CARTESIAN_POINT('',(-115.,-5.,10.));
#634 = DIRECTION('',(0.,1.,0.));
#635 = DIRECTION('',(0.,0.,-1.));
#636 = ADVANCED_FACE('',(#637),#648,.T.);
#637 = FACE_BOUND('',#638,.F.);
#638 = EDGE_LOOP('',(#639,#640,#641,#647));
#639 = ORIENTED_EDGE('',*,*,#185,.T.);
#640 = ORIENTED_EDGE('',*,*,#227,.T.);
#641 = ORIENTED_EDGE('',*,*,#642,.T.);
#642 = EDGE_CURVE('',#218,#456,#643,.T.);
#643 = LINE('',#644,#645);
#644 = CARTESIAN_POINT('',(-114.25,19.75,9.));
#645 = VECTOR('',#646,1.);
#646 = DIRECTION('',(-0.707106781187,-0.707106781187,-1.35E-15));
#647 = ORIENTED_EDGE('',*,*,#472,.F.);
#648 = PLANE('',#649);
#649 = AXIS2_PLACEMENT_3D('',#650,#651,#652);
#650 = CARTESIAN_POINT('',(-114.5,19.5,-30.));
#651 = DIRECTION('',(-0.707106781187,0.707106781187,0.));
#652 = DIRECTION('',(-0.,-0.,-1.));
#653 = ADVANCED_FACE('',(#654),#665,.F.);
#654 = FACE_BOUND('',#655,.T.);
#655 = EDGE_LOOP('',(#656,#657,#658,#664));
#656 = ORIENTED_EDGE('',*,*,#201,.T.);
#657 = ORIENTED_EDGE('',*,*,#234,.T.);
#658 = ORIENTED_EDGE('',*,*,#659,.T.);
#659 = EDGE_CURVE('',#220,#503,#660,.T.);
#660 = LINE('',#661,#662);
#661 = CARTESIAN_POINT('',(114.25,19.75,9.));
#662 = VECTOR('',#663,1.);
#663 = DIRECTION('',(0.707106781187,-0.707106781187,-1.35E-15));
#664 = ORIENTED_EDGE('',*,*,#519,.F.);
#665 = PLANE('',#666);
#666 = AXIS2_PLACEMENT_3D('',#667,#668,#669);
#667 = CARTESIAN_POINT('',(114.5,19.5,-30.));
#668 = DIRECTION('',(-0.707106781187,-0.707106781187,0.));
#669 = DIRECTION('',(-0.,-0.,-1.));
#670 = ADVANCED_FACE('',(#671),#696,.T.);
#671 = FACE_BOUND('',#672,.F.);
#672 = EDGE_LOOP('',(#673,#681,#682,#690));
#673 = ORIENTED_EDGE('',*,*,#674,.F.);
#674 = EDGE_CURVE('',#218,#675,#677,.T.);
#675 = VERTEX_POINT('',#676);
#676 = CARTESIAN_POINT('',(-114.,19.,10.));
#677 = LINE('',#678,#679);
#678 = CARTESIAN_POINT('',(-114.,19.75,9.25));
#679 = VECTOR('',#680,1.);
#680 = DIRECTION('',(0.,-0.707106781187,0.707106781187));
#681 = ORIENTED_EDGE('',*,*,#217,.T.);
#682 = ORIENTED_EDGE('',*,*,#683,.T.);
#683 = EDGE_CURVE('',#220,#684,#686,.T.);
#684 = VERTEX_POINT('',#685);
#685 = CARTESIAN_POINT('',(114.,19.,10.));
#686 = LINE('',#687,#688);
#687 = CARTESIAN_POINT('',(114.,19.75,9.25));
#688 = VECTOR('',#689,1.);
#689 = DIRECTION('',(0.,-0.707106781187,0.707106781187));
#690 = ORIENTED_EDGE('',*,*,#691,.F.);
#691 = EDGE_CURVE('',#675,#684,#692,.T.);
#692 = LINE('',#693,#694);
#693 = CARTESIAN_POINT('',(-115.,19.,10.));
#694 = VECTOR('',#695,1.);
#695 = DIRECTION('',(1.,0.,0.));
#696 = PLANE('',#697);
#697 = AXIS2_PLACEMENT_3D('',#698,#699,#700);
#698 = CARTESIAN_POINT('',(-115.,19.5,9.5));
#699 = DIRECTION('',(0.,0.707106781187,0.707106781187));
#700 = DIRECTION('',(-1.,-0.,0.));
#701 = ADVANCED_FACE('',(#702),#721,.F.);
#702 = FACE_BOUND('',#703,.T.);
#703 = EDGE_LOOP('',(#704,#712,#713,#714));
#704 = ORIENTED_EDGE('',*,*,#705,.F.);
#705 = EDGE_CURVE('',#243,#706,#708,.T.);
#706 = VERTEX_POINT('',#707);
#707 = CARTESIAN_POINT('',(101.85,19.,-20.));
#708 = LINE('',#709,#710);
#709 = CARTESIAN_POINT('',(101.85,19.,-20.));
#710 = VECTOR('',#711,1.);
#711 = DIRECTION('',(0.707106781187,-0.707106781187,1.6E-15));
#712 = ORIENTED_EDGE('',*,*,#242,.T.);
#713 = ORIENTED_EDGE('',*,*,#705,.T.);
#714 = ORIENTED_EDGE('',*,*,#715,.F.);
#715 = EDGE_CURVE('',#706,#706,#716,.T.);
#716 = CIRCLE('',#717,3.15);
#717 = AXIS2_PLACEMENT_3D('',#718,#719,#720);
#718 = CARTESIAN_POINT('',(105.,19.,-20.));
#719 = DIRECTION('',(0.,1.,0.));
#720 = DIRECTION('',(-1.,0.,-2.26E-15));
#721 = CONICAL_SURFACE('',#722,3.15,0.785398163397);
#722 = AXIS2_PLACEMENT_3D('',#723,#724,#725);
#723 = CARTESIAN_POINT('',(105.,19.,-20.));
#724 = DIRECTION('',(-0.,1.,-0.));
#725 = DIRECTION('',(-1.,-0.,-2.26E-15));
#726 = ADVANCED_FACE('',(#727),#783,.T.);
#727 = FACE_BOUND('',#728,.T.);
#728 = EDGE_LOOP('',(#729,#736,#781,#782));
#729 = ORIENTED_EDGE('',*,*,#730,.T.);
#730 = EDGE_CURVE('',#254,#731,#733,.T.);
#731 = VERTEX_POINT('',#732);
#732 = CARTESIAN_POINT('',(57.95,19.000528359669,-11.24860700903));
#733 = B_SPLINE_CURVE_WITH_KNOTS('',1,(#734,#735),.UNSPECIFIED.,.F.,.F.,
  (2,2),(0.,35.319049233628),.PIECEWISE_BEZIER_KNOTS.);
#734 = CARTESIAN_POINT('',(56.986676473883,20.,-11.15883856809));
#735 = CARTESIAN_POINT('',(57.95,19.000528359669,-11.24860700903));
#736 = ORIENTED_EDGE('',*,*,#737,.T.);
#737 = EDGE_CURVE('',#731,#731,#738,.T.);
#738 = B_SPLINE_CURVE_WITH_KNOTS('',9,(#739,#740,#741,#742,#743,#744,
    #745,#746,#747,#748,#749,#750,#751,#752,#753,#754,#755,#756,#757,
    #758,#759,#760,#761,#762,#763,#764,#765,#766,#767,#768,#769,#770,
    #771,#772,#773,#774,#775,#776,#777,#778,#779,#780),.UNSPECIFIED.,.T.
  ,.F.,(10,8,8,8,8,10),(-0.644560872002,0.,8.668622090407,
    17.337244180813,26.00586627122,34.674488361626),.UNSPECIFIED.);
#739 = CARTESIAN_POINT('',(57.95,19.000528359669,-11.24860700903));
#740 = CARTESIAN_POINT('',(57.95,19.000292184992,-11.32687917091));
#741 = CARTESIAN_POINT('',(57.950920788512,19.000115705027,
    -11.40506676574));
#742 = CARTESIAN_POINT('',(57.952756361626,18.999998695515,
    -11.48315113319));
#743 = CARTESIAN_POINT('',(57.955500715405,18.999940932187,
    -11.56111361297));
#744 = CARTESIAN_POINT('',(57.959147845964,18.999942190797,
    -11.63893554476));
#745 = CARTESIAN_POINT('',(57.963691749347,19.000002247063,
    -11.71659826824));
#746 = CARTESIAN_POINT('',(57.969126421668,19.000120876742,
    -11.79408312312));
#747 = CARTESIAN_POINT('',(57.975445858992,19.000297855562,
    -11.87137144908));
#748 = CARTESIAN_POINT('',(58.079451767124,19.003694840852,
    -12.98499198526));
#749 = CARTESIAN_POINT('',(58.336591288183,19.017379077185,
    -14.00004352877));
#750 = CARTESIAN_POINT('',(58.746626910417,19.041277846323,
    -14.94815944911));
#751 = CARTESIAN_POINT('',(59.289331980785,19.072886075799,
    -15.78312732115));
#752 = CARTESIAN_POINT('',(59.93607909991,19.108423037642,
    -16.47256434024));
#753 = CARTESIAN_POINT('',(60.646598842291,19.141414904682,
    -16.98453199759));
#754 = CARTESIAN_POINT('',(61.37948803155,19.165738857729,
    -17.32920303425));
#755 = CARTESIAN_POINT('',(62.125245515108,19.178950424826,
    -17.51334625965));
#756 = CARTESIAN_POINT('',(63.618638708052,19.182445713254,
    -17.56203863362));
#757 = CARTESIAN_POINT('',(64.366465685648,19.172730246098,
    -17.42661598217));
#758 = CARTESIAN_POINT('',(65.103339356355,19.15136296557,
    -17.13233548231));
#759 = CARTESIAN_POINT('',(65.823776249144,19.120331063789,
    -16.67554654487));
#760 = CARTESIAN_POINT('',(66.493142391161,19.084918396814,
    -16.03938057002));
#761 = CARTESIAN_POINT('',(67.068617074686,19.052018503212,
    -15.25141916926));
#762 = CARTESIAN_POINT('',(67.52252689318,19.025499750502,
    -14.33794980343));
#763 = CARTESIAN_POINT('',(67.829794312479,19.008533787074,
    -13.33948010576));
#764 = CARTESIAN_POINT('',(68.122947250052,18.995748453805,
    -11.25778458216));
#765 = CARTESIAN_POINT('',(68.108764435462,18.999952750851,
    -10.17452649454));
#766 = CARTESIAN_POINT('',(67.91933317516,19.015723491653,
    -9.092516379952));
#767 = CARTESIAN_POINT('',(67.548964156155,19.042827125777,
    -8.056456747938));
#768 = CARTESIAN_POINT('',(67.000540984691,19.077367506197,
    -7.120388889652));
#769 = CARTESIAN_POINT('',(66.289503776263,19.116748863307,
    -6.319672719567));
#770 = CARTESIAN_POINT('',(65.426170983075,19.151123901551,
    -5.714265479816));
#771 = CARTESIAN_POINT('',(64.471462299534,19.172535749746,
    -5.350104163381));
#772 = CARTESIAN_POINT('',(62.509136191478,19.185836167436,
    -5.12573099519));
#773 = CARTESIAN_POINT('',(61.501777666463,19.177698286092,
    -5.265652267627));
#774 = CARTESIAN_POINT('',(60.532307769922,19.152951308777,
    -5.668579346885));
#775 = CARTESIAN_POINT('',(59.680870662704,19.114509437303,
    -6.317323035786));
#776 = CARTESIAN_POINT('',(58.988305131876,19.076473766345,
    -7.135844020774));
#777 = CARTESIAN_POINT('',(58.460686278374,19.042386804762,
    -8.091797423716));
#778 = CARTESIAN_POINT('',(58.116473281376,19.017650976379,
    -9.12800803598));
#779 = CARTESIAN_POINT('',(57.949999999999,19.003704644654,
    -10.19593406368));
#780 = CARTESIAN_POINT('',(57.95,19.000528359668,-11.24860700903));
#781 = ORIENTED_EDGE('',*,*,#730,.F.);
#782 = ORIENTED_EDGE('',*,*,#253,.F.);
#783 = B_SPLINE_SURFACE_WITH_KNOTS('',1,9,(
    (#784,#785,#786,#787,#788,#789,#790,#791,#792,#793,#794,#795,#796
      ,#797,#798,#799,#800,#801,#802,#803,#804,#805,#806,#807,#808,#809
      ,#810,#811,#812,#813,#814,#815,#816,#817,#818,#819,#820,#821,#822
      ,#823,#824,#825)
    ,(#826,#827,#828,#829,#830,#831,#832,#833,#834,#835,#836,#837,#838
      ,#839,#840,#841,#842,#843,#844,#845,#846,#847,#848,#849,#850,#851
      ,#852,#853,#854,#855,#856,#857,#858,#859,#860,#861,#862,#863,#864
      ,#865,#866,#867
  )),.UNSPECIFIED.,.F.,.T.,.F.,(2,2),(10,8,8,8,8,10),(0.,35.319049233628
    ),(-0.644560872002,0.,8.668622090407,17.337244180813,26.00586627122,
    34.674488361626),.UNSPECIFIED.);
#784 = CARTESIAN_POINT('',(56.986676473883,20.,-11.15883856809));
#785 = CARTESIAN_POINT('',(56.978513949363,20.,-11.24643229056));
#786 = CARTESIAN_POINT('',(56.97137631428,20.,-11.33410603474));
#787 = CARTESIAN_POINT('',(56.965262261812,20.,-11.42184053556));
#788 = CARTESIAN_POINT('',(56.96017048514,19.999999999999,
    -11.50961652794));
#789 = CARTESIAN_POINT('',(56.956099677444,20.000000000001,
    -11.59741474682));
#790 = CARTESIAN_POINT('',(56.953048531901,20.,-11.68521592712));
#791 = CARTESIAN_POINT('',(56.951015741694,20.,-11.77300080376));
#792 = CARTESIAN_POINT('',(56.95,20.,-11.86075011169));
#793 = CARTESIAN_POINT('',(56.949999999999,20.,-13.12783708179));
#794 = CARTESIAN_POINT('',(57.133571602577,20.,-14.31718108554));
#795 = CARTESIAN_POINT('',(57.505738046214,19.999999999999,
    -15.46947341118));
#796 = CARTESIAN_POINT('',(58.063227793019,20.000000000001,
    -16.53820722706));
#797 = CARTESIAN_POINT('',(58.790832238944,19.999999999999,
    -17.47037498616));
#798 = CARTESIAN_POINT('',(59.667377831043,20.000000000001,
    -18.23526353272));
#799 = CARTESIAN_POINT('',(60.670684931766,20.,-18.77904341397));
#800 = CARTESIAN_POINT('',(61.739393847675,20.,-19.07135410057));
#801 = CARTESIAN_POINT('',(63.891433014043,20.,-19.14872377427));
#802 = CARTESIAN_POINT('',(64.974544212583,20.000000000001,
    -18.93375163396));
#803 = CARTESIAN_POINT('',(66.006874654103,19.999999999999,-18.462506594
    ));
#804 = CARTESIAN_POINT('',(66.923192774838,20.000000000001,
    -17.75887202652));
#805 = CARTESIAN_POINT('',(67.695831079721,19.999999999999,
    -16.88009376581));
#806 = CARTESIAN_POINT('',(68.307620208046,20.000000000001,
    -15.85323481315));
#807 = CARTESIAN_POINT('',(68.73940875204,20.,-14.72696902128));
#808 = CARTESIAN_POINT('',(68.984416541423,20.,-13.54363282145));
#809 = CARTESIAN_POINT('',(69.096781431431,20.,-11.15370334244));
#810 = CARTESIAN_POINT('',(68.964195345287,20.,-9.946986482448));
#811 = CARTESIAN_POINT('',(68.641309688782,20.000000000001,
    -8.77391500761));
#812 = CARTESIAN_POINT('',(68.133570568947,19.999999999998,
    -7.677762790235));
#813 = CARTESIAN_POINT('',(67.452874000375,20.000000000003,
    -6.707234747914));
#814 = CARTESIAN_POINT('',(66.620919064882,19.999999999998,
    -5.894172443602));
#815 = CARTESIAN_POINT('',(65.653870612752,20.000000000001,
    -5.287249342837));
#816 = CARTESIAN_POINT('',(64.606080542956,20.,-4.923428075042));
#817 = CARTESIAN_POINT('',(62.463692742202,20.,-4.699446930695));
#818 = CARTESIAN_POINT('',(61.369295402797,20.,-4.839388935705));
#819 = CARTESIAN_POINT('',(60.308373208038,20.000000000001,
    -5.240144693663));
#820 = CARTESIAN_POINT('',(59.349943537761,19.999999999999,
    -5.887839426327));
#821 = CARTESIAN_POINT('',(58.533092330209,20.000000000002,
    -6.72235996334));
#822 = CARTESIAN_POINT('',(57.872174025377,19.999999999999,
    -7.715651933509));
#823 = CARTESIAN_POINT('',(57.391521315375,20.,-8.817222091343));
#824 = CARTESIAN_POINT('',(57.096453290071,20.,-9.980801069078));
#825 = CARTESIAN_POINT('',(56.986676473883,20.,-11.15883856809));
#826 = CARTESIAN_POINT('',(57.95,19.000528359669,-11.24860700903));
#827 = CARTESIAN_POINT('',(57.95,19.000292184992,-11.32687917091));
#828 = CARTESIAN_POINT('',(57.950920788512,19.000115705027,
    -11.40506676574));
#829 = CARTESIAN_POINT('',(57.952756361626,18.999998695515,
    -11.48315113319));
#830 = CARTESIAN_POINT('',(57.955500715405,18.999940932187,
    -11.56111361297));
#831 = CARTESIAN_POINT('',(57.959147845964,18.999942190797,
    -11.63893554476));
#832 = CARTESIAN_POINT('',(57.963691749347,19.000002247063,
    -11.71659826824));
#833 = CARTESIAN_POINT('',(57.969126421668,19.000120876742,
    -11.79408312312));
#834 = CARTESIAN_POINT('',(57.975445858992,19.000297855562,
    -11.87137144908));
#835 = CARTESIAN_POINT('',(58.079451767124,19.003694840852,
    -12.98499198526));
#836 = CARTESIAN_POINT('',(58.336591288183,19.017379077185,
    -14.00004352877));
#837 = CARTESIAN_POINT('',(58.746626910417,19.041277846323,
    -14.94815944911));
#838 = CARTESIAN_POINT('',(59.289331980785,19.072886075799,
    -15.78312732115));
#839 = CARTESIAN_POINT('',(59.93607909991,19.108423037642,
    -16.47256434024));
#840 = CARTESIAN_POINT('',(60.646598842291,19.141414904682,
    -16.98453199759));
#841 = CARTESIAN_POINT('',(61.37948803155,19.165738857729,
    -17.32920303425));
#842 = CARTESIAN_POINT('',(62.125245515108,19.178950424826,
    -17.51334625965));
#843 = CARTESIAN_POINT('',(63.618638708052,19.182445713254,
    -17.56203863362));
#844 = CARTESIAN_POINT('',(64.366465685648,19.172730246098,
    -17.42661598217));
#845 = CARTESIAN_POINT('',(65.103339356355,19.15136296557,
    -17.13233548231));
#846 = CARTESIAN_POINT('',(65.823776249144,19.120331063789,
    -16.67554654487));
#847 = CARTESIAN_POINT('',(66.493142391161,19.084918396814,
    -16.03938057002));
#848 = CARTESIAN_POINT('',(67.068617074686,19.052018503212,
    -15.25141916926));
#849 = CARTESIAN_POINT('',(67.52252689318,19.025499750502,
    -14.33794980343));
#850 = CARTESIAN_POINT('',(67.829794312479,19.008533787074,
    -13.33948010576));
#851 = CARTESIAN_POINT('',(68.122947250052,18.995748453805,
    -11.25778458216));
#852 = CARTESIAN_POINT('',(68.108764435462,18.999952750851,
    -10.17452649454));
#853 = CARTESIAN_POINT('',(67.91933317516,19.015723491653,
    -9.092516379952));
#854 = CARTESIAN_POINT('',(67.548964156155,19.042827125777,
    -8.056456747938));
#855 = CARTESIAN_POINT('',(67.000540984691,19.077367506197,
    -7.120388889652));
#856 = CARTESIAN_POINT('',(66.289503776263,19.116748863307,
    -6.319672719567));
#857 = CARTESIAN_POINT('',(65.426170983075,19.151123901551,
    -5.714265479816));
#858 = CARTESIAN_POINT('',(64.471462299534,19.172535749746,
    -5.350104163381));
#859 = CARTESIAN_POINT('',(62.509136191478,19.185836167436,
    -5.12573099519));
#860 = CARTESIAN_POINT('',(61.501777666463,19.177698286092,
    -5.265652267627));
#861 = CARTESIAN_POINT('',(60.532307769922,19.152951308777,
    -5.668579346885));
#862 = CARTESIAN_POINT('',(59.680870662704,19.114509437303,
    -6.317323035786));
#863 = CARTESIAN_POINT('',(58.988305131876,19.076473766345,
    -7.135844020774));
#864 = CARTESIAN_POINT('',(58.460686278374,19.042386804762,
    -8.091797423716));
#865 = CARTESIAN_POINT('',(58.116473281376,19.017650976379,
    -9.12800803598));
#866 = CARTESIAN_POINT('',(57.949999999999,19.003704644654,
    -10.19593406368));
#867 = CARTESIAN_POINT('',(57.95,19.000528359668,-11.24860700903));
#868 = ADVANCED_FACE('',(#869),#888,.F.);
#869 = FACE_BOUND('',#870,.T.);
#870 = EDGE_LOOP('',(#871,#879,#880,#881));
#871 = ORIENTED_EDGE('',*,*,#872,.F.);
#872 = EDGE_CURVE('',#303,#873,#875,.T.);
#873 = VERTEX_POINT('',#874);
#874 = CARTESIAN_POINT('',(101.85,19.,-6.E-15));
#875 = LINE('',#876,#877);
#876 = CARTESIAN_POINT('',(101.85,19.,-5.55E-15));
#877 = VECTOR('',#878,1.);
#878 = DIRECTION('',(0.707106781187,-0.707106781187,1.25E-15));
#879 = ORIENTED_EDGE('',*,*,#302,.T.);
#880 = ORIENTED_EDGE('',*,*,#872,.T.);
#881 = ORIENTED_EDGE('',*,*,#882,.F.);
#882 = EDGE_CURVE('',#873,#873,#883,.T.);
#883 = CIRCLE('',#884,3.15);
#884 = AXIS2_PLACEMENT_3D('',#885,#886,#887);
#885 = CARTESIAN_POINT('',(105.,19.,0.));
#886 = DIRECTION('',(0.,1.,0.));
#887 = DIRECTION('',(-1.,0.,-1.76E-15));
#888 = CONICAL_SURFACE('',#889,3.15,0.785398163397);
#889 = AXIS2_PLACEMENT_3D('',#890,#891,#892);
#890 = CARTESIAN_POINT('',(105.,19.,0.));
#891 = DIRECTION('',(-0.,1.,-0.));
#892 = DIRECTION('',(-1.,-0.,-1.76E-15));
#893 = ADVANCED_FACE('',(#894),#950,.T.);
#894 = FACE_BOUND('',#895,.T.);
#895 = EDGE_LOOP('',(#896,#903,#948,#949));
#896 = ORIENTED_EDGE('',*,*,#897,.T.);
#897 = EDGE_CURVE('',#314,#898,#900,.T.);
#898 = VERTEX_POINT('',#899);
#899 = CARTESIAN_POINT('',(5.05,19.00052835996,-11.24860700923));
#900 = B_SPLINE_CURVE_WITH_KNOTS('',1,(#901,#902),.UNSPECIFIED.,.F.,.F.,
  (2,2),(0.,35.319790368513),.PIECEWISE_BEZIER_KNOTS.);
#901 = CARTESIAN_POINT('',(6.013323510325,20.,-11.15883849537));
#902 = CARTESIAN_POINT('',(5.05,19.00052835996,-11.24860700923));
#903 = ORIENTED_EDGE('',*,*,#904,.T.);
#904 = EDGE_CURVE('',#898,#898,#905,.T.);
#905 = B_SPLINE_CURVE_WITH_KNOTS('',9,(#906,#907,#908,#909,#910,#911,
    #912,#913,#914,#915,#916,#917,#918,#919,#920,#921,#922,#923,#924,
    #925,#926,#927,#928,#929,#930,#931,#932,#933,#934,#935,#936,#937,
    #938,#939,#940,#941,#942,#943,#944,#945,#946,#947),.UNSPECIFIED.,.T.
  ,.F.,(10,8,8,8,8,10),(0.636859360952,9.148377272604,17.659895184256,
    26.489842776385,35.319790368513,35.956649729465),.UNSPECIFIED.);
#906 = CARTESIAN_POINT('',(5.05,19.00052835996,-11.24860700923));
#907 = CARTESIAN_POINT('',(5.05,19.003678122796,-10.20472508499));
#908 = CARTESIAN_POINT('',(4.886314421941,19.017405181572,
    -9.152721549491));
#909 = CARTESIAN_POINT('',(4.551507352123,19.041440752815,
    -8.136423927518));
#910 = CARTESIAN_POINT('',(4.042855189141,19.074499934237,
    -7.197734769159));
#911 = CARTESIAN_POINT('',(3.375593026454,19.111207252897,
    -6.391215868644));
#912 = CARTESIAN_POINT('',(2.559930897591,19.14914022249,-5.742379399248
    ));
#913 = CARTESIAN_POINT('',(1.62363962295,19.17801629523,-5.32307553494)
  );
#914 = CARTESIAN_POINT('',(0.641815574159,19.193152288462,
    -5.155344776559));
#915 = CARTESIAN_POINT('',(-1.290896296877,19.194915890793,
    -5.308521936418));
#916 = CARTESIAN_POINT('',(-2.241473908048,19.181553399054,
    -5.629330074877));
#917 = CARTESIAN_POINT('',(-3.114563117995,19.153291460936,
    -6.187886666038));
#918 = CARTESIAN_POINT('',(-3.847529257756,19.11413566145,
    -6.942706485892));
#919 = CARTESIAN_POINT('',(-4.430196899147,19.071565828644,
    -7.838261276737));
#920 = CARTESIAN_POINT('',(-4.833008343915,19.027937094374,
    -8.841420539118));
#921 = CARTESIAN_POINT('',(-5.05447905939,19.003736938821,-9.88863287396
    ));
#922 = CARTESIAN_POINT('',(-5.11199259469,18.997441987599,
    -10.93514331147));
#923 = CARTESIAN_POINT('',(-4.919178779955,19.00373956919,
    -12.99965510318));
#924 = CARTESIAN_POINT('',(-4.65728079754,19.016967088709,
    -14.01615111346));
#925 = CARTESIAN_POINT('',(-4.242806864418,19.03213976415,-14.9745992225
    ));
#926 = CARTESIAN_POINT('',(-3.681741490185,19.053620842656,
    -15.82448684354));
#927 = CARTESIAN_POINT('',(-3.004043255488,19.083501783466,
    -16.52487682712));
#928 = CARTESIAN_POINT('',(-2.261447057656,19.119112861681,
    -17.0328232296));
#929 = CARTESIAN_POINT('',(-1.506231056976,19.147055459846,
    -17.36480027847));
#930 = CARTESIAN_POINT('',(-0.744490164292,19.164284861863,
    -17.53063297669));
#931 = CARTESIAN_POINT('',(0.771480433753,19.173857880461,
    -17.53239053719));
#932 = CARTESIAN_POINT('',(1.525985733727,19.166238499231,-17.3683130021
    ));
#933 = CARTESIAN_POINT('',(2.266612816478,19.145137773929,
    -17.04103900856));
#934 = CARTESIAN_POINT('',(2.992160280507,19.112433584011,
    -16.54389743192));
#935 = CARTESIAN_POINT('',(3.657760410703,19.075825240573,
    -15.85769237534));
#936 = CARTESIAN_POINT('',(4.218908649218,19.043355156402,-15.0198698592
    ));
#937 = CARTESIAN_POINT('',(4.646984125545,19.018263576953,
    -14.05862145492));
#938 = CARTESIAN_POINT('',(4.917329164357,19.003799980345,
    -13.01945945806));
#939 = CARTESIAN_POINT('',(5.024570367073,19.000297325595,
    -11.87119771204));
#940 = CARTESIAN_POINT('',(5.03089791743,19.000120206617,-11.79378113445
    ));
#941 = CARTESIAN_POINT('',(5.036334328255,19.000001716322,-11.7162126343
    ));
#942 = CARTESIAN_POINT('',(5.040875334133,18.999941968683,
    -11.63850999283));
#943 = CARTESIAN_POINT('',(5.04451666966,18.999941077702,-11.56069099128
    ));
#944 = CARTESIAN_POINT('',(5.047254069418,18.999999157348,-11.4827734109
    ));
#945 = CARTESIAN_POINT('',(5.049083268003,19.00011632162,-11.40477503294
    ));
#946 = CARTESIAN_POINT('',(5.05,19.000292684494,-11.32671363864));
#947 = CARTESIAN_POINT('',(5.05,19.00052835996,-11.24860700923));
#948 = ORIENTED_EDGE('',*,*,#897,.F.);
#949 = ORIENTED_EDGE('',*,*,#313,.F.);
#950 = B_SPLINE_SURFACE_WITH_KNOTS('',1,9,(
    (#951,#952,#953,#954,#955,#956,#957,#958,#959,#960,#961,#962,#963
      ,#964,#965,#966,#967,#968,#969,#970,#971,#972,#973,#974,#975,#976
      ,#977,#978,#979,#980,#981,#982,#983,#984,#985,#986,#987,#988,#989
      ,#990,#991,#992)
    ,(#993,#994,#995,#996,#997,#998,#999,#1000,#1001,#1002,#1003,#1004
      ,#1005,#1006,#1007,#1008,#1009,#1010,#1011,#1012,#1013,#1014,#1015
      ,#1016,#1017,#1018,#1019,#1020,#1021,#1022,#1023,#1024,#1025,#1026
      ,#1027,#1028,#1029,#1030,#1031,#1032,#1033,#1034
  )),.UNSPECIFIED.,.F.,.T.,.F.,(2,2),(10,8,8,8,8,10),(0.,35.319790368513
    ),(0.636859360952,9.148377272604,17.659895184256,26.489842776385,
    35.319790368513,35.956649729465),.UNSPECIFIED.);
#951 = CARTESIAN_POINT('',(6.013323510325,20.,-11.15883849537));
#952 = CARTESIAN_POINT('',(5.9044633166,20.,-9.990638427907));
#953 = CARTESIAN_POINT('',(5.61411541417,20.000000000001,-8.844368184174
    ));
#954 = CARTESIAN_POINT('',(5.145830498696,19.999999999998,
    -7.763321590316));
#955 = CARTESIAN_POINT('',(4.506302834428,20.000000000002,
    -6.786979783719));
#956 = CARTESIAN_POINT('',(3.717311265211,19.999999999998,
    -5.962613499183));
#957 = CARTESIAN_POINT('',(2.791900880761,20.000000000001,
    -5.313229819205));
#958 = CARTESIAN_POINT('',(1.76099611244,19.999999999999,-4.900452697269
    ));
#959 = CARTESIAN_POINT('',(0.693031755011,20.,-4.740659273477));
#960 = CARTESIAN_POINT('',(-1.407595944456,20.,-4.909762841738));
#961 = CARTESIAN_POINT('',(-2.440023073234,20.,-5.238575607936));
#962 = CARTESIAN_POINT('',(-3.399089696094,20.,-5.803494657859));
#963 = CARTESIAN_POINT('',(-4.231558943855,20.,-6.566477697215));
#964 = CARTESIAN_POINT('',(-4.928049713868,19.999999999999,
    -7.47733178258));
#965 = CARTESIAN_POINT('',(-5.470315519496,20.,-8.509546144194));
#966 = CARTESIAN_POINT('',(-5.847915745504,20.,-9.619102781586));
#967 = CARTESIAN_POINT('',(-6.05,20.,-10.77682564999));
#968 = CARTESIAN_POINT('',(-6.05,20.,-13.16389568498));
#969 = CARTESIAN_POINT('',(-5.832485079673,20.000000000001,
    -14.3644195272));
#970 = CARTESIAN_POINT('',(-5.427326623043,19.999999999997,
    -15.51154029703));
#971 = CARTESIAN_POINT('',(-4.845237640708,20.000000000004,
    -16.57365734345));
#972 = CARTESIAN_POINT('',(-4.099503826334,19.999999999997,
    -17.49868663007));
#973 = CARTESIAN_POINT('',(-3.209060341815,20.000000000002,
    -18.26185819526));
#974 = CARTESIAN_POINT('',(-2.185336914606,19.999999999999,
    -18.80016377427));
#975 = CARTESIAN_POINT('',(-1.095828371894,20.,-19.07622949369));
#976 = CARTESIAN_POINT('',(1.089854054632,20.,-19.09937750505));
#977 = CARTESIAN_POINT('',(2.185729189299,20.000000000001,
    -18.84644668579));
#978 = CARTESIAN_POINT('',(3.222392863319,19.999999999999,
    -18.32545991772));
#979 = CARTESIAN_POINT('',(4.127138449252,20.000000000001,
    -17.56706969966));
#980 = CARTESIAN_POINT('',(4.880779691,20.,-16.63586906266));
#981 = CARTESIAN_POINT('',(5.462143347619,20.,-15.55717419437));
#982 = CARTESIAN_POINT('',(5.853999564044,20.000000000001,
    -14.38622436507));
#983 = CARTESIAN_POINT('',(6.05,20.,-13.16705446712));
#984 = CARTESIAN_POINT('',(6.05,20.,-11.86055243219));
#985 = CARTESIAN_POINT('',(6.048979944004,19.999999999999,
    -11.77265797681));
#986 = CARTESIAN_POINT('',(6.04694037399,20.000000000002,-11.68477915009
    ));
#987 = CARTESIAN_POINT('',(6.043881831936,19.999999999997,
    -11.59693388245));
#988 = CARTESIAN_POINT('',(6.039804859823,20.000000000003,
    -11.50914010434));
#989 = CARTESIAN_POINT('',(6.034709999626,19.999999999998,
    -11.42141574614));
#990 = CARTESIAN_POINT('',(6.028597793325,20.000000000001,-11.3337787383
    ));
#991 = CARTESIAN_POINT('',(6.021468782899,20.,-11.24624701123));
#992 = CARTESIAN_POINT('',(6.013323510325,20.,-11.15883849537));
#993 = CARTESIAN_POINT('',(5.05,19.00052835996,-11.24860700923));
#994 = CARTESIAN_POINT('',(5.05,19.003678122796,-10.20472508499));
#995 = CARTESIAN_POINT('',(4.886314421941,19.017405181572,
    -9.152721549491));
#996 = CARTESIAN_POINT('',(4.551507352123,19.041440752815,
    -8.136423927518));
#997 = CARTESIAN_POINT('',(4.042855189141,19.074499934237,
    -7.197734769159));
#998 = CARTESIAN_POINT('',(3.375593026454,19.111207252897,
    -6.391215868644));
#999 = CARTESIAN_POINT('',(2.559930897591,19.14914022249,-5.742379399248
    ));
#1000 = CARTESIAN_POINT('',(1.62363962295,19.17801629523,-5.32307553494)
  );
#1001 = CARTESIAN_POINT('',(0.641815574159,19.193152288462,
    -5.155344776559));
#1002 = CARTESIAN_POINT('',(-1.290896296877,19.194915890793,
    -5.308521936418));
#1003 = CARTESIAN_POINT('',(-2.241473908048,19.181553399054,
    -5.629330074877));
#1004 = CARTESIAN_POINT('',(-3.114563117995,19.153291460936,
    -6.187886666038));
#1005 = CARTESIAN_POINT('',(-3.847529257756,19.11413566145,
    -6.942706485892));
#1006 = CARTESIAN_POINT('',(-4.430196899147,19.071565828644,
    -7.838261276737));
#1007 = CARTESIAN_POINT('',(-4.833008343915,19.027937094374,
    -8.841420539118));
#1008 = CARTESIAN_POINT('',(-5.05447905939,19.003736938821,
    -9.88863287396));
#1009 = CARTESIAN_POINT('',(-5.11199259469,18.997441987599,
    -10.93514331147));
#1010 = CARTESIAN_POINT('',(-4.919178779955,19.00373956919,
    -12.99965510318));
#1011 = CARTESIAN_POINT('',(-4.65728079754,19.016967088709,
    -14.01615111346));
#1012 = CARTESIAN_POINT('',(-4.242806864418,19.03213976415,
    -14.9745992225));
#1013 = CARTESIAN_POINT('',(-3.681741490185,19.053620842656,
    -15.82448684354));
#1014 = CARTESIAN_POINT('',(-3.004043255488,19.083501783466,
    -16.52487682712));
#1015 = CARTESIAN_POINT('',(-2.261447057656,19.119112861681,
    -17.0328232296));
#1016 = CARTESIAN_POINT('',(-1.506231056976,19.147055459846,
    -17.36480027847));
#1017 = CARTESIAN_POINT('',(-0.744490164292,19.164284861863,
    -17.53063297669));
#1018 = CARTESIAN_POINT('',(0.771480433753,19.173857880461,
    -17.53239053719));
#1019 = CARTESIAN_POINT('',(1.525985733727,19.166238499231,
    -17.3683130021));
#1020 = CARTESIAN_POINT('',(2.266612816478,19.145137773929,
    -17.04103900856));
#1021 = CARTESIAN_POINT('',(2.992160280507,19.112433584011,
    -16.54389743192));
#1022 = CARTESIAN_POINT('',(3.657760410703,19.075825240573,
    -15.85769237534));
#1023 = CARTESIAN_POINT('',(4.218908649218,19.043355156402,
    -15.0198698592));
#1024 = CARTESIAN_POINT('',(4.646984125545,19.018263576953,
    -14.05862145492));
#1025 = CARTESIAN_POINT('',(4.917329164357,19.003799980345,
    -13.01945945806));
#1026 = CARTESIAN_POINT('',(5.024570367073,19.000297325595,
    -11.87119771204));
#1027 = CARTESIAN_POINT('',(5.03089791743,19.000120206617,
    -11.79378113445));
#1028 = CARTESIAN_POINT('',(5.036334328255,19.000001716322,
    -11.7162126343));
#1029 = CARTESIAN_POINT('',(5.040875334133,18.999941968683,
    -11.63850999283));
#1030 = CARTESIAN_POINT('',(5.04451666966,18.999941077702,
    -11.56069099128));
#1031 = CARTESIAN_POINT('',(5.047254069418,18.999999157348,
    -11.4827734109));
#1032 = CARTESIAN_POINT('',(5.049083268003,19.00011632162,
    -11.40477503294));
#1033 = CARTESIAN_POINT('',(5.05,19.000292684494,-11.32671363864));
#1034 = CARTESIAN_POINT('',(5.05,19.00052835996,-11.24860700923));
#1035 = ADVANCED_FACE('',(#1036),#1055,.F.);
#1036 = FACE_BOUND('',#1037,.F.);
#1037 = EDGE_LOOP('',(#1038,#1046,#1047,#1048));
#1038 = ORIENTED_EDGE('',*,*,#1039,.F.);
#1039 = EDGE_CURVE('',#363,#1040,#1042,.T.);
#1040 = VERTEX_POINT('',#1041);
#1041 = CARTESIAN_POINT('',(-101.85,19.,-20.));
#1042 = LINE('',#1043,#1044);
#1043 = CARTESIAN_POINT('',(-101.85,19.,-20.));
#1044 = VECTOR('',#1045,1.);
#1045 = DIRECTION('',(-0.707106781187,-0.707106781187,1.6E-15));
#1046 = ORIENTED_EDGE('',*,*,#362,.T.);
#1047 = ORIENTED_EDGE('',*,*,#1039,.T.);
#1048 = ORIENTED_EDGE('',*,*,#1049,.F.);
#1049 = EDGE_CURVE('',#1040,#1040,#1050,.T.);
#1050 = CIRCLE('',#1051,3.15);
#1051 = AXIS2_PLACEMENT_3D('',#1052,#1053,#1054);
#1052 = CARTESIAN_POINT('',(-105.,19.,-20.));
#1053 = DIRECTION('',(0.,-1.,0.));
#1054 = DIRECTION('',(1.,0.,-2.26E-15));
#1055 = CONICAL_SURFACE('',#1056,3.15,0.785398163397);
#1056 = AXIS2_PLACEMENT_3D('',#1057,#1058,#1059);
#1057 = CARTESIAN_POINT('',(-105.,19.,-20.));
#1058 = DIRECTION('',(-0.,1.,-0.));
#1059 = DIRECTION('',(1.,0.,-2.26E-15));
#1060 = ADVANCED_FACE('',(#1061),#1117,.T.);
#1061 = FACE_BOUND('',#1062,.T.);
#1062 = EDGE_LOOP('',(#1063,#1070,#1115,#1116));
#1063 = ORIENTED_EDGE('',*,*,#1064,.T.);
#1064 = EDGE_CURVE('',#374,#1065,#1067,.T.);
#1065 = VERTEX_POINT('',#1066);
#1066 = CARTESIAN_POINT('',(-57.95,19.000528359668,-11.24860700903));
#1067 = B_SPLINE_CURVE_WITH_KNOTS('',1,(#1068,#1069),.UNSPECIFIED.,.F.,
  .F.,(2,2),(0.,35.319049233628),.PIECEWISE_BEZIER_KNOTS.);
#1068 = CARTESIAN_POINT('',(-56.98667647388,20.,-11.15883856809));
#1069 = CARTESIAN_POINT('',(-57.95,19.000528359668,-11.24860700903));
#1070 = ORIENTED_EDGE('',*,*,#1071,.T.);
#1071 = EDGE_CURVE('',#1065,#1065,#1072,.T.);
#1072 = B_SPLINE_CURVE_WITH_KNOTS('',9,(#1073,#1074,#1075,#1076,#1077,
    #1078,#1079,#1080,#1081,#1082,#1083,#1084,#1085,#1086,#1087,#1088,
    #1089,#1090,#1091,#1092,#1093,#1094,#1095,#1096,#1097,#1098,#1099,
    #1100,#1101,#1102,#1103,#1104,#1105,#1106,#1107,#1108,#1109,#1110,
    #1111,#1112,#1113,#1114),.UNSPECIFIED.,.T.,.F.,(10,8,8,8,8,10),(
    0.644560872002,9.313182962408,17.981805052815,26.650427143221,
    35.319049233628,35.96361010563),.UNSPECIFIED.);
#1073 = CARTESIAN_POINT('',(-57.95,19.000528359668,-11.24860700903));
#1074 = CARTESIAN_POINT('',(-57.95,19.003704644654,-10.19593406368));
#1075 = CARTESIAN_POINT('',(-58.11647328136,19.017650976378,
    -9.128008035979));
#1076 = CARTESIAN_POINT('',(-58.46068627838,19.042386804764,
    -8.091797423718));
#1077 = CARTESIAN_POINT('',(-58.98830513186,19.076473766342,
    -7.135844020772));
#1078 = CARTESIAN_POINT('',(-59.68087066271,19.114509437305,
    -6.317323035788));
#1079 = CARTESIAN_POINT('',(-60.53230776991,19.152951308776,
    -5.668579346885));
#1080 = CARTESIAN_POINT('',(-61.50177766646,19.177698286093,
    -5.265652267627));
#1081 = CARTESIAN_POINT('',(-62.50913619147,19.185836167436,
    -5.12573099519));
#1082 = CARTESIAN_POINT('',(-64.47146229953,19.172535749746,
    -5.350104163381));
#1083 = CARTESIAN_POINT('',(-65.42617098307,19.15112390155,
    -5.714265479816));
#1084 = CARTESIAN_POINT('',(-66.28950377626,19.11674886331,
    -6.319672719568));
#1085 = CARTESIAN_POINT('',(-67.00054098468,19.077367506193,
    -7.120388889651));
#1086 = CARTESIAN_POINT('',(-67.54896415616,19.04282712578,
    -8.056456747939));
#1087 = CARTESIAN_POINT('',(-67.91933317515,19.015723491651,
    -9.092516379951));
#1088 = CARTESIAN_POINT('',(-68.10876443546,18.999952750852,
    -10.17452649454));
#1089 = CARTESIAN_POINT('',(-68.12294725005,18.995748453805,
    -11.25778458216));
#1090 = CARTESIAN_POINT('',(-67.82979431248,19.008533787074,
    -13.33948010576));
#1091 = CARTESIAN_POINT('',(-67.52252689317,19.025499750501,
    -14.33794980343));
#1092 = CARTESIAN_POINT('',(-67.06861707469,19.052018503212,
    -15.25141916926));
#1093 = CARTESIAN_POINT('',(-66.49314239115,19.084918396815,
    -16.03938057001));
#1094 = CARTESIAN_POINT('',(-65.82377624915,19.120331063787,
    -16.67554654487));
#1095 = CARTESIAN_POINT('',(-65.10333935635,19.151362965572,
    -17.13233548231));
#1096 = CARTESIAN_POINT('',(-64.36646568564,19.172730246098,
    -17.42661598217));
#1097 = CARTESIAN_POINT('',(-63.61863870805,19.182445713254,
    -17.56203863362));
#1098 = CARTESIAN_POINT('',(-62.1252455151,19.178950424826,
    -17.51334625965));
#1099 = CARTESIAN_POINT('',(-61.37948803155,19.16573885773,
    -17.32920303425));
#1100 = CARTESIAN_POINT('',(-60.64659884228,19.141414904679,
    -16.98453199759));
#1101 = CARTESIAN_POINT('',(-59.93607909992,19.108423037647,
    -16.47256434024));
#1102 = CARTESIAN_POINT('',(-59.28933198077,19.072886075792,
    -15.78312732114));
#1103 = CARTESIAN_POINT('',(-58.74662691042,19.041277846327,
    -14.94815944911));
#1104 = CARTESIAN_POINT('',(-58.33659128817,19.017379077183,
    -14.00004352877));
#1105 = CARTESIAN_POINT('',(-58.07945176712,19.003694840852,
    -12.98499198526));
#1106 = CARTESIAN_POINT('',(-57.97544585899,19.000297855562,
    -11.87137144908));
#1107 = CARTESIAN_POINT('',(-57.96912642166,19.000120876741,
    -11.79408312312));
#1108 = CARTESIAN_POINT('',(-57.96369174935,19.000002247066,
    -11.71659826824));
#1109 = CARTESIAN_POINT('',(-57.95914784595,18.999942190793,
    -11.63893554476));
#1110 = CARTESIAN_POINT('',(-57.95550071541,18.999940932191,
    -11.56111361297));
#1111 = CARTESIAN_POINT('',(-57.95275636162,18.999998695513,
    -11.48315113319));
#1112 = CARTESIAN_POINT('',(-57.95092078851,19.000115705028,
    -11.40506676574));
#1113 = CARTESIAN_POINT('',(-57.95,19.000292184992,-11.32687917091));
#1114 = CARTESIAN_POINT('',(-57.95,19.000528359668,-11.24860700903));
#1115 = ORIENTED_EDGE('',*,*,#1064,.F.);
#1116 = ORIENTED_EDGE('',*,*,#373,.F.);
#1117 = B_SPLINE_SURFACE_WITH_KNOTS('',1,9,(
    (#1118,#1119,#1120,#1121,#1122,#1123,#1124,#1125,#1126,#1127,#1128
      ,#1129,#1130,#1131,#1132,#1133,#1134,#1135,#1136,#1137,#1138,#1139
      ,#1140,#1141,#1142,#1143,#1144,#1145,#1146,#1147,#1148,#1149,#1150
      ,#1151,#1152,#1153,#1154,#1155,#1156,#1157,#1158,#1159)
    ,(#1160,#1161,#1162,#1163,#1164,#1165,#1166,#1167,#1168,#1169,#1170
      ,#1171,#1172,#1173,#1174,#1175,#1176,#1177,#1178,#1179,#1180,#1181
      ,#1182,#1183,#1184,#1185,#1186,#1187,#1188,#1189,#1190,#1191,#1192
      ,#1193,#1194,#1195,#1196,#1197,#1198,#1199,#1200,#1201
  )),.UNSPECIFIED.,.F.,.T.,.F.,(2,2),(10,8,8,8,8,10),(0.,35.319049233628
    ),(0.644560872002,9.313182962408,17.981805052815,26.650427143221,
    35.319049233628,35.96361010563),.UNSPECIFIED.);
#1118 = CARTESIAN_POINT('',(-56.98667647388,20.,-11.15883856809));
#1119 = CARTESIAN_POINT('',(-57.09645329007,20.,-9.980801069078));
#1120 = CARTESIAN_POINT('',(-57.39152131537,19.999999999999,
    -8.817222091343));
#1121 = CARTESIAN_POINT('',(-57.87217402537,20.000000000002,
    -7.715651933509));
#1122 = CARTESIAN_POINT('',(-58.53309233021,19.999999999999,
    -6.72235996334));
#1123 = CARTESIAN_POINT('',(-59.34994353775,20.000000000001,
    -5.887839426326));
#1124 = CARTESIAN_POINT('',(-60.30837320804,20.,-5.240144693664));
#1125 = CARTESIAN_POINT('',(-61.36929540279,20.,-4.839388935704));
#1126 = CARTESIAN_POINT('',(-62.4636927422,20.,-4.699446930695));
#1127 = CARTESIAN_POINT('',(-64.60608054295,20.,-4.923428075042));
#1128 = CARTESIAN_POINT('',(-65.65387061275,20.,-5.287249342836));
#1129 = CARTESIAN_POINT('',(-66.62091906488,20.,-5.894172443604));
#1130 = CARTESIAN_POINT('',(-67.45287400036,20.,-6.707234747912));
#1131 = CARTESIAN_POINT('',(-68.13357056895,20.,-7.677762790237));
#1132 = CARTESIAN_POINT('',(-68.64130968877,20.,-8.773915007609));
#1133 = CARTESIAN_POINT('',(-68.96419534528,20.,-9.946986482448));
#1134 = CARTESIAN_POINT('',(-69.09678143143,20.,-11.15370334244));
#1135 = CARTESIAN_POINT('',(-68.98441654142,20.,-13.54363282145));
#1136 = CARTESIAN_POINT('',(-68.73940875203,19.999999999999,
    -14.72696902128));
#1137 = CARTESIAN_POINT('',(-68.30762020804,20.000000000003,
    -15.85323481315));
#1138 = CARTESIAN_POINT('',(-67.69583107972,19.999999999997,
    -16.88009376581));
#1139 = CARTESIAN_POINT('',(-66.92319277483,20.000000000003,
    -17.75887202652));
#1140 = CARTESIAN_POINT('',(-66.0068746541,19.999999999998,-18.462506594
    ));
#1141 = CARTESIAN_POINT('',(-64.97454421258,20.000000000001,
    -18.93375163396));
#1142 = CARTESIAN_POINT('',(-63.89143301404,20.,-19.14872377427));
#1143 = CARTESIAN_POINT('',(-61.73939384767,20.,-19.07135410057));
#1144 = CARTESIAN_POINT('',(-60.67068493176,20.000000000001,
    -18.77904341397));
#1145 = CARTESIAN_POINT('',(-59.66737783103,19.999999999998,
    -18.23526353272));
#1146 = CARTESIAN_POINT('',(-58.79083223895,20.000000000002,
    -17.47037498616));
#1147 = CARTESIAN_POINT('',(-58.063227793,19.999999999997,
    -16.53820722706));
#1148 = CARTESIAN_POINT('',(-57.50573804622,20.000000000002,
    -15.46947341118));
#1149 = CARTESIAN_POINT('',(-57.13357160257,19.999999999999,
    -14.31718108554));
#1150 = CARTESIAN_POINT('',(-56.95,20.,-13.12783708179));
#1151 = CARTESIAN_POINT('',(-56.95,20.,-11.86075011169));
#1152 = CARTESIAN_POINT('',(-56.95101574169,20.,-11.77300080376));
#1153 = CARTESIAN_POINT('',(-56.9530485319,20.,-11.68521592712));
#1154 = CARTESIAN_POINT('',(-56.95609967744,20.,-11.59741474682));
#1155 = CARTESIAN_POINT('',(-56.96017048514,20.,-11.50961652795));
#1156 = CARTESIAN_POINT('',(-56.96526226181,20.,-11.42184053556));
#1157 = CARTESIAN_POINT('',(-56.97137631428,20.,-11.33410603474));
#1158 = CARTESIAN_POINT('',(-56.97851394936,20.,-11.24643229056));
#1159 = CARTESIAN_POINT('',(-56.98667647388,20.,-11.15883856809));
#1160 = CARTESIAN_POINT('',(-57.95,19.000528359668,-11.24860700903));
#1161 = CARTESIAN_POINT('',(-57.95,19.003704644654,-10.19593406368));
#1162 = CARTESIAN_POINT('',(-58.11647328136,19.017650976378,
    -9.128008035979));
#1163 = CARTESIAN_POINT('',(-58.46068627838,19.042386804764,
    -8.091797423718));
#1164 = CARTESIAN_POINT('',(-58.98830513186,19.076473766342,
    -7.135844020772));
#1165 = CARTESIAN_POINT('',(-59.68087066271,19.114509437305,
    -6.317323035788));
#1166 = CARTESIAN_POINT('',(-60.53230776991,19.152951308776,
    -5.668579346885));
#1167 = CARTESIAN_POINT('',(-61.50177766646,19.177698286093,
    -5.265652267627));
#1168 = CARTESIAN_POINT('',(-62.50913619147,19.185836167436,
    -5.12573099519));
#1169 = CARTESIAN_POINT('',(-64.47146229953,19.172535749746,
    -5.350104163381));
#1170 = CARTESIAN_POINT('',(-65.42617098307,19.15112390155,
    -5.714265479816));
#1171 = CARTESIAN_POINT('',(-66.28950377626,19.11674886331,
    -6.319672719568));
#1172 = CARTESIAN_POINT('',(-67.00054098468,19.077367506193,
    -7.120388889651));
#1173 = CARTESIAN_POINT('',(-67.54896415616,19.04282712578,
    -8.056456747939));
#1174 = CARTESIAN_POINT('',(-67.91933317515,19.015723491651,
    -9.092516379951));
#1175 = CARTESIAN_POINT('',(-68.10876443546,18.999952750852,
    -10.17452649454));
#1176 = CARTESIAN_POINT('',(-68.12294725005,18.995748453805,
    -11.25778458216));
#1177 = CARTESIAN_POINT('',(-67.82979431248,19.008533787074,
    -13.33948010576));
#1178 = CARTESIAN_POINT('',(-67.52252689317,19.025499750501,
    -14.33794980343));
#1179 = CARTESIAN_POINT('',(-67.06861707469,19.052018503212,
    -15.25141916926));
#1180 = CARTESIAN_POINT('',(-66.49314239115,19.084918396815,
    -16.03938057001));
#1181 = CARTESIAN_POINT('',(-65.82377624915,19.120331063787,
    -16.67554654487));
#1182 = CARTESIAN_POINT('',(-65.10333935635,19.151362965572,
    -17.13233548231));
#1183 = CARTESIAN_POINT('',(-64.36646568564,19.172730246098,
    -17.42661598217));
#1184 = CARTESIAN_POINT('',(-63.61863870805,19.182445713254,
    -17.56203863362));
#1185 = CARTESIAN_POINT('',(-62.1252455151,19.178950424826,
    -17.51334625965));
#1186 = CARTESIAN_POINT('',(-61.37948803155,19.16573885773,
    -17.32920303425));
#1187 = CARTESIAN_POINT('',(-60.64659884228,19.141414904679,
    -16.98453199759));
#1188 = CARTESIAN_POINT('',(-59.93607909992,19.108423037647,
    -16.47256434024));
#1189 = CARTESIAN_POINT('',(-59.28933198077,19.072886075792,
    -15.78312732114));
#1190 = CARTESIAN_POINT('',(-58.74662691042,19.041277846327,
    -14.94815944911));
#1191 = CARTESIAN_POINT('',(-58.33659128817,19.017379077183,
    -14.00004352877));
#1192 = CARTESIAN_POINT('',(-58.07945176712,19.003694840852,
    -12.98499198526));
#1193 = CARTESIAN_POINT('',(-57.97544585899,19.000297855562,
    -11.87137144908));
#1194 = CARTESIAN_POINT('',(-57.96912642166,19.000120876741,
    -11.79408312312));
#1195 = CARTESIAN_POINT('',(-57.96369174935,19.000002247066,
    -11.71659826824));
#1196 = CARTESIAN_POINT('',(-57.95914784595,18.999942190793,
    -11.63893554476));
#1197 = CARTESIAN_POINT('',(-57.95550071541,18.999940932191,
    -11.56111361297));
#1198 = CARTESIAN_POINT('',(-57.95275636162,18.999998695513,
    -11.48315113319));
#1199 = CARTESIAN_POINT('',(-57.95092078851,19.000115705028,
    -11.40506676574));
#1200 = CARTESIAN_POINT('',(-57.95,19.000292184992,-11.32687917091));
#1201 = CARTESIAN_POINT('',(-57.95,19.000528359668,-11.24860700903));
#1202 = ADVANCED_FACE('',(#1203),#1222,.F.);
#1203 = FACE_BOUND('',#1204,.F.);
#1204 = EDGE_LOOP('',(#1205,#1213,#1214,#1215));
#1205 = ORIENTED_EDGE('',*,*,#1206,.F.);
#1206 = EDGE_CURVE('',#423,#1207,#1209,.T.);
#1207 = VERTEX_POINT('',#1208);
#1208 = CARTESIAN_POINT('',(-101.85,19.,-6.E-15));
#1209 = LINE('',#1210,#1211);
#1210 = CARTESIAN_POINT('',(-101.85,19.,-5.55E-15));
#1211 = VECTOR('',#1212,1.);
#1212 = DIRECTION('',(-0.707106781187,-0.707106781187,1.25E-15));
#1213 = ORIENTED_EDGE('',*,*,#422,.T.);
#1214 = ORIENTED_EDGE('',*,*,#1206,.T.);
#1215 = ORIENTED_EDGE('',*,*,#1216,.F.);
#1216 = EDGE_CURVE('',#1207,#1207,#1217,.T.);
#1217 = CIRCLE('',#1218,3.15);
#1218 = AXIS2_PLACEMENT_3D('',#1219,#1220,#1221);
#1219 = CARTESIAN_POINT('',(-105.,19.,0.));
#1220 = DIRECTION('',(0.,-1.,0.));
#1221 = DIRECTION('',(1.,0.,-1.76E-15));
#1222 = CONICAL_SURFACE('',#1223,3.15,0.785398163397);
#1223 = AXIS2_PLACEMENT_3D('',#1224,#1225,#1226);
#1224 = CARTESIAN_POINT('',(-105.,19.,0.));
#1225 = DIRECTION('',(-0.,1.,-0.));
#1226 = DIRECTION('',(1.,0.,-1.76E-15));
#1227 = ADVANCED_FACE('',(#1228),#1239,.T.);
#1228 = FACE_BOUND('',#1229,.F.);
#1229 = EDGE_LOOP('',(#1230,#1236,#1237,#1238));
#1230 = ORIENTED_EDGE('',*,*,#1231,.F.);
#1231 = EDGE_CURVE('',#534,#458,#1232,.T.);
#1232 = LINE('',#1233,#1234);
#1233 = CARTESIAN_POINT('',(-114.25,-4.75,9.));
#1234 = VECTOR('',#1235,1.);
#1235 = DIRECTION('',(-0.707106781187,0.707106781187,-2.6E-15));
#1236 = ORIENTED_EDGE('',*,*,#582,.T.);
#1237 = ORIENTED_EDGE('',*,*,#440,.F.);
#1238 = ORIENTED_EDGE('',*,*,#465,.F.);
#1239 = PLANE('',#1240);
#1240 = AXIS2_PLACEMENT_3D('',#1241,#1242,#1243);
#1241 = CARTESIAN_POINT('',(-114.5,-4.5,10.));
#1242 = DIRECTION('',(-0.707106781187,-0.707106781187,0.));
#1243 = DIRECTION('',(0.,-0.,1.));
#1244 = ADVANCED_FACE('',(#1245),#1268,.T.);
#1245 = FACE_BOUND('',#1246,.T.);
#1246 = EDGE_LOOP('',(#1247,#1248,#1256,#1262));
#1247 = ORIENTED_EDGE('',*,*,#455,.T.);
#1248 = ORIENTED_EDGE('',*,*,#1249,.F.);
#1249 = EDGE_CURVE('',#1250,#458,#1252,.T.);
#1250 = VERTEX_POINT('',#1251);
#1251 = CARTESIAN_POINT('',(-114.,-4.,10.));
#1252 = LINE('',#1253,#1254);
#1253 = CARTESIAN_POINT('',(-114.5,-4.,9.5));
#1254 = VECTOR('',#1255,1.);
#1255 = DIRECTION('',(-0.707106781187,2.21E-15,-0.707106781187));
#1256 = ORIENTED_EDGE('',*,*,#1257,.F.);
#1257 = EDGE_CURVE('',#675,#1250,#1258,.T.);
#1258 = LINE('',#1259,#1260);
#1259 = CARTESIAN_POINT('',(-114.,20.,10.));
#1260 = VECTOR('',#1261,1.);
#1261 = DIRECTION('',(0.,-1.,0.));
#1262 = ORIENTED_EDGE('',*,*,#1263,.T.);
#1263 = EDGE_CURVE('',#675,#456,#1264,.T.);
#1264 = LINE('',#1265,#1266);
#1265 = CARTESIAN_POINT('',(-114.5,19.,9.5));
#1266 = VECTOR('',#1267,1.);
#1267 = DIRECTION('',(-0.707106781187,-1.35E-15,-0.707106781187));
#1268 = PLANE('',#1269);
#1269 = AXIS2_PLACEMENT_3D('',#1270,#1271,#1272);
#1270 = CARTESIAN_POINT('',(-114.5,20.,9.5));
#1271 = DIRECTION('',(-0.707106781187,0.,0.707106781187));
#1272 = DIRECTION('',(0.,-1.,0.));
#1273 = ADVANCED_FACE('',(#1274),#1285,.F.);
#1274 = FACE_BOUND('',#1275,.T.);
#1275 = EDGE_LOOP('',(#1276,#1282,#1283,#1284));
#1276 = ORIENTED_EDGE('',*,*,#1277,.T.);
#1277 = EDGE_CURVE('',#505,#568,#1278,.T.);
#1278 = LINE('',#1279,#1280);
#1279 = CARTESIAN_POINT('',(114.75,-4.25,9.));
#1280 = VECTOR('',#1281,1.);
#1281 = DIRECTION('',(-0.707106781187,-0.707106781187,2.6E-15));
#1282 = ORIENTED_EDGE('',*,*,#575,.T.);
#1283 = ORIENTED_EDGE('',*,*,#487,.F.);
#1284 = ORIENTED_EDGE('',*,*,#512,.F.);
#1285 = PLANE('',#1286);
#1286 = AXIS2_PLACEMENT_3D('',#1287,#1288,#1289);
#1287 = CARTESIAN_POINT('',(114.5,-4.5,10.));
#1288 = DIRECTION('',(-0.707106781187,0.707106781187,0.));
#1289 = DIRECTION('',(-0.,-0.,1.));
#1290 = ADVANCED_FACE('',(#1291),#1314,.F.);
#1291 = FACE_BOUND('',#1292,.F.);
#1292 = EDGE_LOOP('',(#1293,#1294,#1302,#1308));
#1293 = ORIENTED_EDGE('',*,*,#502,.T.);
#1294 = ORIENTED_EDGE('',*,*,#1295,.T.);
#1295 = EDGE_CURVE('',#505,#1296,#1298,.T.);
#1296 = VERTEX_POINT('',#1297);
#1297 = CARTESIAN_POINT('',(114.,-4.,10.));
#1298 = LINE('',#1299,#1300);
#1299 = CARTESIAN_POINT('',(114.75,-4.,9.25));
#1300 = VECTOR('',#1301,1.);
#1301 = DIRECTION('',(-0.707106781187,-2.21E-15,0.707106781187));
#1302 = ORIENTED_EDGE('',*,*,#1303,.F.);
#1303 = EDGE_CURVE('',#684,#1296,#1304,.T.);
#1304 = LINE('',#1305,#1306);
#1305 = CARTESIAN_POINT('',(114.,20.,10.));
#1306 = VECTOR('',#1307,1.);
#1307 = DIRECTION('',(0.,-1.,0.));
#1308 = ORIENTED_EDGE('',*,*,#1309,.T.);
#1309 = EDGE_CURVE('',#684,#503,#1310,.T.);
#1310 = LINE('',#1311,#1312);
#1311 = CARTESIAN_POINT('',(114.5,19.,9.5));
#1312 = VECTOR('',#1313,1.);
#1313 = DIRECTION('',(0.707106781187,-1.35E-15,-0.707106781187));
#1314 = PLANE('',#1315);
#1315 = AXIS2_PLACEMENT_3D('',#1316,#1317,#1318);
#1316 = CARTESIAN_POINT('',(114.5,20.,9.5));
#1317 = DIRECTION('',(-0.707106781187,0.,-0.707106781187));
#1318 = DIRECTION('',(0.,-1.,-0.));
#1319 = ADVANCED_FACE('',(#1320),#1343,.T.);
#1320 = FACE_BOUND('',#1321,.T.);
#1321 = EDGE_LOOP('',(#1322,#1328,#1329,#1337));
#1322 = ORIENTED_EDGE('',*,*,#1323,.F.);
#1323 = EDGE_CURVE('',#534,#1250,#1324,.T.);
#1324 = LINE('',#1325,#1326);
#1325 = CARTESIAN_POINT('',(-114.,-4.75,9.25));
#1326 = VECTOR('',#1327,1.);
#1327 = DIRECTION('',(3.8E-16,0.707106781187,0.707106781187));
#1328 = ORIENTED_EDGE('',*,*,#533,.T.);
#1329 = ORIENTED_EDGE('',*,*,#1330,.F.);
#1330 = EDGE_CURVE('',#1331,#536,#1333,.T.);
#1331 = VERTEX_POINT('',#1332);
#1332 = CARTESIAN_POINT('',(-76.,-4.,10.));
#1333 = LINE('',#1334,#1335);
#1334 = CARTESIAN_POINT('',(-76.,-4.5,9.5));
#1335 = VECTOR('',#1336,1.);
#1336 = DIRECTION('',(-1.35E-15,-0.707106781187,-0.707106781187));
#1337 = ORIENTED_EDGE('',*,*,#1338,.F.);
#1338 = EDGE_CURVE('',#1250,#1331,#1339,.T.);
#1339 = LINE('',#1340,#1341);
#1340 = CARTESIAN_POINT('',(-115.,-4.,10.));
#1341 = VECTOR('',#1342,1.);
#1342 = DIRECTION('',(1.,0.,0.));
#1343 = PLANE('',#1344);
#1344 = AXIS2_PLACEMENT_3D('',#1345,#1346,#1347);
#1345 = CARTESIAN_POINT('',(-115.,-4.5,9.5));
#1346 = DIRECTION('',(0.,-0.707106781187,0.707106781187));
#1347 = DIRECTION('',(1.,0.,0.));
#1348 = ADVANCED_FACE('',(#1349),#1382,.T.);
#1349 = FACE_BOUND('',#1350,.F.);
#1350 = EDGE_LOOP('',(#1351,#1359,#1360,#1368,#1376));
#1351 = ORIENTED_EDGE('',*,*,#1352,.F.);
#1352 = EDGE_CURVE('',#544,#1353,#1355,.T.);
#1353 = VERTEX_POINT('',#1354);
#1354 = CARTESIAN_POINT('',(-75.42642356364,-4.426423563649,
    -6.615315911922));
#1355 = LINE('',#1356,#1357);
#1356 = CARTESIAN_POINT('',(-69.43465415234,1.565345847652,
    12.388148809919));
#1357 = VECTOR('',#1358,1.);
#1358 = DIRECTION('',(0.287967918815,0.287967918815,0.91331755456));
#1359 = ORIENTED_EDGE('',*,*,#543,.T.);
#1360 = ORIENTED_EDGE('',*,*,#1361,.F.);
#1361 = EDGE_CURVE('',#1362,#536,#1364,.T.);
#1362 = VERTEX_POINT('',#1363);
#1363 = CARTESIAN_POINT('',(-75.,-4.,9.));
#1364 = LINE('',#1365,#1366);
#1365 = CARTESIAN_POINT('',(-75.25,-4.25,9.));
#1366 = VECTOR('',#1367,1.);
#1367 = DIRECTION('',(-0.707106781187,-0.707106781187,2.9E-16));
#1368 = ORIENTED_EDGE('',*,*,#1369,.F.);
#1369 = EDGE_CURVE('',#1370,#1362,#1372,.T.);
#1370 = VERTEX_POINT('',#1371);
#1371 = CARTESIAN_POINT('',(-75.,-4.,-6.006319949469));
#1372 = LINE('',#1373,#1374);
#1373 = CARTESIAN_POINT('',(-75.,-4.,-7.434467956211));
#1374 = VECTOR('',#1375,1.);
#1375 = DIRECTION('',(-3.4E-16,0.,1.));
#1376 = ORIENTED_EDGE('',*,*,#1377,.F.);
#1377 = EDGE_CURVE('',#1353,#1370,#1378,.T.);
#1378 = LINE('',#1379,#1380);
#1379 = CARTESIAN_POINT('',(-65.37569344241,5.62430655759,7.738614277028
    ));
#1380 = VECTOR('',#1381,1.);
#1381 = DIRECTION('',(0.497542812165,0.497542812165,0.710564775462));
#1382 = PLANE('',#1383);
#1383 = AXIS2_PLACEMENT_3D('',#1384,#1385,#1386);
#1384 = CARTESIAN_POINT('',(-75.5,-4.5,-7.434467956211));
#1385 = DIRECTION('',(0.707106781187,-0.707106781187,1.02E-15));
#1386 = DIRECTION('',(8.862489168103E-16,-5.562489168103E-16,-1.));
#1387 = ADVANCED_FACE('',(#1388),#1406,.T.);
#1388 = FACE_BOUND('',#1389,.F.);
#1389 = EDGE_LOOP('',(#1390,#1398,#1399,#1400));
#1390 = ORIENTED_EDGE('',*,*,#1391,.F.);
#1391 = EDGE_CURVE('',#552,#1392,#1394,.T.);
#1392 = VERTEX_POINT('',#1393);
#1393 = CARTESIAN_POINT('',(75.426423563649,-4.426423563649,
    -6.615315911922));
#1394 = LINE('',#1395,#1396);
#1395 = CARTESIAN_POINT('',(73.361382127996,-2.361382127996,
    -6.584122794101E-02));
#1396 = VECTOR('',#1397,1.);
#1397 = DIRECTION('',(-0.287967918815,0.287967918815,0.91331755456));
#1398 = ORIENTED_EDGE('',*,*,#551,.T.);
#1399 = ORIENTED_EDGE('',*,*,#1352,.T.);
#1400 = ORIENTED_EDGE('',*,*,#1401,.F.);
#1401 = EDGE_CURVE('',#1392,#1353,#1402,.T.);
#1402 = LINE('',#1403,#1404);
#1403 = CARTESIAN_POINT('',(75.,-4.426423563649,-6.615315911922));
#1404 = VECTOR('',#1405,1.);
#1405 = DIRECTION('',(-1.,0.,0.));
#1406 = PLANE('',#1407);
#1407 = AXIS2_PLACEMENT_3D('',#1408,#1409,#1410);
#1408 = CARTESIAN_POINT('',(75.,-4.713211781824,-7.524891934066));
#1409 = DIRECTION('',(0.,-0.953716950748,0.300705799504));
#1410 = DIRECTION('',(1.,-0.,-0.));
#1411 = ADVANCED_FACE('',(#1412),#1438,.T.);
#1412 = FACE_BOUND('',#1413,.F.);
#1413 = EDGE_LOOP('',(#1414,#1415,#1423,#1431,#1437));
#1414 = ORIENTED_EDGE('',*,*,#1391,.T.);
#1415 = ORIENTED_EDGE('',*,*,#1416,.T.);
#1416 = EDGE_CURVE('',#1392,#1417,#1419,.T.);
#1417 = VERTEX_POINT('',#1418);
#1418 = CARTESIAN_POINT('',(75.,-4.,-6.006319949469));
#1419 = LINE('',#1420,#1421);
#1420 = CARTESIAN_POINT('',(62.2938339534,8.7061660466,12.139965763318)
  );
#1421 = VECTOR('',#1422,1.);
#1422 = DIRECTION('',(-0.497542812165,0.497542812165,0.710564775462));
#1423 = ORIENTED_EDGE('',*,*,#1424,.F.);
#1424 = EDGE_CURVE('',#1425,#1417,#1427,.T.);
#1425 = VERTEX_POINT('',#1426);
#1426 = CARTESIAN_POINT('',(75.,-4.,9.));
#1427 = LINE('',#1428,#1429);
#1428 = CARTESIAN_POINT('',(75.,-4.,10.));
#1429 = VECTOR('',#1430,1.);
#1430 = DIRECTION('',(3.4E-16,0.,-1.));
#1431 = ORIENTED_EDGE('',*,*,#1432,.F.);
#1432 = EDGE_CURVE('',#560,#1425,#1433,.T.);
#1433 = LINE('',#1434,#1435);
#1434 = CARTESIAN_POINT('',(75.75,-4.75,9.));
#1435 = VECTOR('',#1436,1.);
#1436 = DIRECTION('',(-0.707106781187,0.707106781187,3.17E-15));
#1437 = ORIENTED_EDGE('',*,*,#559,.T.);
#1438 = PLANE('',#1439);
#1439 = AXIS2_PLACEMENT_3D('',#1440,#1441,#1442);
#1440 = CARTESIAN_POINT('',(75.5,-4.5,10.));
#1441 = DIRECTION('',(-0.707106781187,-0.707106781187,0.));
#1442 = DIRECTION('',(-1.7E-16,1.7E-16,1.));
#1443 = ADVANCED_FACE('',(#1444),#1467,.T.);
#1444 = FACE_BOUND('',#1445,.T.);
#1445 = EDGE_LOOP('',(#1446,#1454,#1455,#1461));
#1446 = ORIENTED_EDGE('',*,*,#1447,.F.);
#1447 = EDGE_CURVE('',#560,#1448,#1450,.T.);
#1448 = VERTEX_POINT('',#1449);
#1449 = CARTESIAN_POINT('',(76.,-4.,10.));
#1450 = LINE('',#1451,#1452);
#1451 = CARTESIAN_POINT('',(76.,-4.75,9.25));
#1452 = VECTOR('',#1453,1.);
#1453 = DIRECTION('',(-4.8E-16,0.707106781187,0.707106781187));
#1454 = ORIENTED_EDGE('',*,*,#567,.T.);
#1455 = ORIENTED_EDGE('',*,*,#1456,.F.);
#1456 = EDGE_CURVE('',#1296,#568,#1457,.T.);
#1457 = LINE('',#1458,#1459);
#1458 = CARTESIAN_POINT('',(114.,-4.5,9.5));
#1459 = VECTOR('',#1460,1.);
#1460 = DIRECTION('',(3.8E-16,-0.707106781187,-0.707106781187));
#1461 = ORIENTED_EDGE('',*,*,#1462,.F.);
#1462 = EDGE_CURVE('',#1448,#1296,#1463,.T.);
#1463 = LINE('',#1464,#1465);
#1464 = CARTESIAN_POINT('',(75.,-4.,10.));
#1465 = VECTOR('',#1466,1.);
#1466 = DIRECTION('',(1.,0.,0.));
#1467 = PLANE('',#1468);
#1468 = AXIS2_PLACEMENT_3D('',#1469,#1470,#1471);
#1469 = CARTESIAN_POINT('',(75.,-4.5,9.5));
#1470 = DIRECTION('',(0.,-0.707106781187,0.707106781187));
#1471 = DIRECTION('',(1.,0.,0.));
#1472 = ADVANCED_FACE('',(#1473),#1492,.F.);
#1473 = FACE_BOUND('',#1474,.F.);
#1474 = EDGE_LOOP('',(#1475,#1483,#1484,#1485));
#1475 = ORIENTED_EDGE('',*,*,#1476,.F.);
#1476 = EDGE_CURVE('',#591,#1477,#1479,.T.);
#1477 = VERTEX_POINT('',#1478);
#1478 = CARTESIAN_POINT('',(99.95,-4.,0.));
#1479 = LINE('',#1480,#1481);
#1480 = CARTESIAN_POINT('',(99.95,-4.,-2.2E-16));
#1481 = VECTOR('',#1482,1.);
#1482 = DIRECTION('',(0.707106781187,0.707106781187,3.E-17));
#1483 = ORIENTED_EDGE('',*,*,#590,.T.);
#1484 = ORIENTED_EDGE('',*,*,#1476,.T.);
#1485 = ORIENTED_EDGE('',*,*,#1486,.F.);
#1486 = EDGE_CURVE('',#1477,#1477,#1487,.T.);
#1487 = CIRCLE('',#1488,5.05);
#1488 = AXIS2_PLACEMENT_3D('',#1489,#1490,#1491);
#1489 = CARTESIAN_POINT('',(105.,-4.,0.));
#1490 = DIRECTION('',(0.,1.,-0.));
#1491 = DIRECTION('',(-1.,0.,0.));
#1492 = CONICAL_SURFACE('',#1493,5.05,0.785398163397);
#1493 = AXIS2_PLACEMENT_3D('',#1494,#1495,#1496);
#1494 = CARTESIAN_POINT('',(105.,-4.,0.));
#1495 = DIRECTION('',(-0.,-1.,-0.));
#1496 = DIRECTION('',(-1.,0.,0.));
#1497 = ADVANCED_FACE('',(#1498),#1517,.F.);
#1498 = FACE_BOUND('',#1499,.F.);
#1499 = EDGE_LOOP('',(#1500,#1508,#1509,#1510));
#1500 = ORIENTED_EDGE('',*,*,#1501,.F.);
#1501 = EDGE_CURVE('',#602,#1502,#1504,.T.);
#1502 = VERTEX_POINT('',#1503);
#1503 = CARTESIAN_POINT('',(99.95,-4.,-20.));
#1504 = LINE('',#1505,#1506);
#1505 = CARTESIAN_POINT('',(99.95,-4.,-20.));
#1506 = VECTOR('',#1507,1.);
#1507 = DIRECTION('',(0.707106781187,0.707106781187,0.));
#1508 = ORIENTED_EDGE('',*,*,#601,.T.);
#1509 = ORIENTED_EDGE('',*,*,#1501,.T.);
#1510 = ORIENTED_EDGE('',*,*,#1511,.F.);
#1511 = EDGE_CURVE('',#1502,#1502,#1512,.T.);
#1512 = CIRCLE('',#1513,5.05);
#1513 = AXIS2_PLACEMENT_3D('',#1514,#1515,#1516);
#1514 = CARTESIAN_POINT('',(105.,-4.,-20.));
#1515 = DIRECTION('',(0.,1.,-0.));
#1516 = DIRECTION('',(-1.,0.,0.));
#1517 = CONICAL_SURFACE('',#1518,5.05,0.785398163397);
#1518 = AXIS2_PLACEMENT_3D('',#1519,#1520,#1521);
#1519 = CARTESIAN_POINT('',(105.,-4.,-20.));
#1520 = DIRECTION('',(-0.,-1.,-0.));
#1521 = DIRECTION('',(-1.,0.,0.));
#1522 = ADVANCED_FACE('',(#1523),#1542,.F.);
#1523 = FACE_BOUND('',#1524,.T.);
#1524 = EDGE_LOOP('',(#1525,#1533,#1534,#1535));
#1525 = ORIENTED_EDGE('',*,*,#1526,.F.);
#1526 = EDGE_CURVE('',#613,#1527,#1529,.T.);
#1527 = VERTEX_POINT('',#1528);
#1528 = CARTESIAN_POINT('',(-99.95,-4.,-0.));
#1529 = LINE('',#1530,#1531);
#1530 = CARTESIAN_POINT('',(-99.95,-4.,-2.2E-16));
#1531 = VECTOR('',#1532,1.);
#1532 = DIRECTION('',(-0.707106781187,0.707106781187,3.E-17));
#1533 = ORIENTED_EDGE('',*,*,#612,.T.);
#1534 = ORIENTED_EDGE('',*,*,#1526,.T.);
#1535 = ORIENTED_EDGE('',*,*,#1536,.F.);
#1536 = EDGE_CURVE('',#1527,#1527,#1537,.T.);
#1537 = CIRCLE('',#1538,5.05);
#1538 = AXIS2_PLACEMENT_3D('',#1539,#1540,#1541);
#1539 = CARTESIAN_POINT('',(-105.,-4.,0.));
#1540 = DIRECTION('',(0.,-1.,0.));
#1541 = DIRECTION('',(1.,0.,0.));
#1542 = CONICAL_SURFACE('',#1543,5.05,0.785398163397);
#1543 = AXIS2_PLACEMENT_3D('',#1544,#1545,#1546);
#1544 = CARTESIAN_POINT('',(-105.,-4.,0.));
#1545 = DIRECTION('',(-0.,-1.,-0.));
#1546 = DIRECTION('',(1.,0.,0.));
#1547 = ADVANCED_FACE('',(#1548),#1567,.F.);
#1548 = FACE_BOUND('',#1549,.T.);
#1549 = EDGE_LOOP('',(#1550,#1558,#1559,#1560));
#1550 = ORIENTED_EDGE('',*,*,#1551,.F.);
#1551 = EDGE_CURVE('',#624,#1552,#1554,.T.);
#1552 = VERTEX_POINT('',#1553);
#1553 = CARTESIAN_POINT('',(-99.95,-4.,-20.));
#1554 = LINE('',#1555,#1556);
#1555 = CARTESIAN_POINT('',(-99.95,-4.,-20.));
#1556 = VECTOR('',#1557,1.);
#1557 = DIRECTION('',(-0.707106781187,0.707106781187,0.));
#1558 = ORIENTED_EDGE('',*,*,#623,.T.);
#1559 = ORIENTED_EDGE('',*,*,#1551,.T.);
#1560 = ORIENTED_EDGE('',*,*,#1561,.F.);
#1561 = EDGE_CURVE('',#1552,#1552,#1562,.T.);
#1562 = CIRCLE('',#1563,5.05);
#1563 = AXIS2_PLACEMENT_3D('',#1564,#1565,#1566);
#1564 = CARTESIAN_POINT('',(-105.,-4.,-20.));
#1565 = DIRECTION('',(0.,-1.,0.));
#1566 = DIRECTION('',(1.,0.,0.));
#1567 = CONICAL_SURFACE('',#1568,5.05,0.785398163397);
#1568 = AXIS2_PLACEMENT_3D('',#1569,#1570,#1571);
#1569 = CARTESIAN_POINT('',(-105.,-4.,-20.));
#1570 = DIRECTION('',(-0.,-1.,-0.));
#1571 = DIRECTION('',(1.,0.,0.));
#1572 = ADVANCED_FACE('',(#1573),#1578,.T.);
#1573 = FACE_BOUND('',#1574,.T.);
#1574 = EDGE_LOOP('',(#1575,#1576,#1577));
#1575 = ORIENTED_EDGE('',*,*,#674,.F.);
#1576 = ORIENTED_EDGE('',*,*,#642,.T.);
#1577 = ORIENTED_EDGE('',*,*,#1263,.F.);
#1578 = PLANE('',#1579);
#1579 = AXIS2_PLACEMENT_3D('',#1580,#1581,#1582);
#1580 = CARTESIAN_POINT('',(-114.,20.,9.));
#1581 = DIRECTION('',(-0.57735026919,0.57735026919,0.57735026919));
#1582 = DIRECTION('',(-0.707106781187,-2.525757381022E-15,
    -0.707106781187));
#1583 = ADVANCED_FACE('',(#1584),#1589,.F.);
#1584 = FACE_BOUND('',#1585,.F.);
#1585 = EDGE_LOOP('',(#1586,#1587,#1588));
#1586 = ORIENTED_EDGE('',*,*,#683,.F.);
#1587 = ORIENTED_EDGE('',*,*,#659,.T.);
#1588 = ORIENTED_EDGE('',*,*,#1309,.F.);
#1589 = PLANE('',#1590);
#1590 = AXIS2_PLACEMENT_3D('',#1591,#1592,#1593);
#1591 = CARTESIAN_POINT('',(114.,20.,9.));
#1592 = DIRECTION('',(-0.57735026919,-0.57735026919,-0.57735026919));
#1593 = DIRECTION('',(0.707106781187,-2.525757381022E-15,-0.707106781187
    ));
#1594 = ADVANCED_FACE('',(#1595),#1624,.F.);
#1595 = FACE_BOUND('',#1596,.F.);
#1596 = EDGE_LOOP('',(#1597,#1598,#1599,#1600,#1601,#1609,#1617,#1623));
#1597 = ORIENTED_EDGE('',*,*,#1257,.F.);
#1598 = ORIENTED_EDGE('',*,*,#691,.T.);
#1599 = ORIENTED_EDGE('',*,*,#1303,.T.);
#1600 = ORIENTED_EDGE('',*,*,#1462,.F.);
#1601 = ORIENTED_EDGE('',*,*,#1602,.F.);
#1602 = EDGE_CURVE('',#1603,#1448,#1605,.T.);
#1603 = VERTEX_POINT('',#1604);
#1604 = CARTESIAN_POINT('',(76.,8.207745887615,10.));
#1605 = LINE('',#1606,#1607);
#1606 = CARTESIAN_POINT('',(76.,7.207745887615,10.));
#1607 = VECTOR('',#1608,1.);
#1608 = DIRECTION('',(1.E-16,-1.,0.));
#1609 = ORIENTED_EDGE('',*,*,#1610,.F.);
#1610 = EDGE_CURVE('',#1611,#1603,#1613,.T.);
#1611 = VERTEX_POINT('',#1612);
#1612 = CARTESIAN_POINT('',(-76.,8.207745887615,10.));
#1613 = LINE('',#1614,#1615);
#1614 = CARTESIAN_POINT('',(-75.,8.207745887615,10.));
#1615 = VECTOR('',#1616,1.);
#1616 = DIRECTION('',(1.,0.,0.));
#1617 = ORIENTED_EDGE('',*,*,#1618,.F.);
#1618 = EDGE_CURVE('',#1331,#1611,#1619,.T.);
#1619 = LINE('',#1620,#1621);
#1620 = CARTESIAN_POINT('',(-76.,-5.,10.));
#1621 = VECTOR('',#1622,1.);
#1622 = DIRECTION('',(-1.E-16,1.,0.));
#1623 = ORIENTED_EDGE('',*,*,#1338,.F.);
#1624 = PLANE('',#1625);
#1625 = AXIS2_PLACEMENT_3D('',#1626,#1627,#1628);
#1626 = CARTESIAN_POINT('',(-115.,20.,10.));
#1627 = DIRECTION('',(0.,0.,-1.));
#1628 = DIRECTION('',(0.,-1.,0.));
#1629 = ADVANCED_FACE('',(#1630),#1649,.F.);
#1630 = FACE_BOUND('',#1631,.T.);
#1631 = EDGE_LOOP('',(#1632,#1640,#1647,#1648));
#1632 = ORIENTED_EDGE('',*,*,#1633,.F.);
#1633 = EDGE_CURVE('',#1634,#706,#1636,.T.);
#1634 = VERTEX_POINT('',#1635);
#1635 = CARTESIAN_POINT('',(101.85,1.1,-20.));
#1636 = LINE('',#1637,#1638);
#1637 = CARTESIAN_POINT('',(101.85,-5.,-20.));
#1638 = VECTOR('',#1639,1.);
#1639 = DIRECTION('',(0.,1.,-2.2E-16));
#1640 = ORIENTED_EDGE('',*,*,#1641,.T.);
#1641 = EDGE_CURVE('',#1634,#1634,#1642,.T.);
#1642 = CIRCLE('',#1643,3.15);
#1643 = AXIS2_PLACEMENT_3D('',#1644,#1645,#1646);
#1644 = CARTESIAN_POINT('',(105.,1.1,-20.));
#1645 = DIRECTION('',(0.,-1.,2.2E-16));
#1646 = DIRECTION('',(-1.,0.,0.));
#1647 = ORIENTED_EDGE('',*,*,#1633,.T.);
#1648 = ORIENTED_EDGE('',*,*,#715,.T.);
#1649 = CYLINDRICAL_SURFACE('',#1650,3.15);
#1650 = AXIS2_PLACEMENT_3D('',#1651,#1652,#1653);
#1651 = CARTESIAN_POINT('',(105.,-5.,-20.));
#1652 = DIRECTION('',(0.,-1.,2.2E-16));
#1653 = DIRECTION('',(-1.,0.,0.));
#1654 = ADVANCED_FACE('',(#1655),#1674,.F.);
#1655 = FACE_BOUND('',#1656,.T.);
#1656 = EDGE_LOOP('',(#1657,#1665,#1672,#1673));
#1657 = ORIENTED_EDGE('',*,*,#1658,.F.);
#1658 = EDGE_CURVE('',#1659,#731,#1661,.T.);
#1659 = VERTEX_POINT('',#1660);
#1660 = CARTESIAN_POINT('',(57.95,11.752849519564,-6.173727650669));
#1661 = LINE('',#1662,#1663);
#1662 = CARTESIAN_POINT('',(57.95,11.752849519564,-6.173727650669));
#1663 = VECTOR('',#1664,1.);
#1664 = DIRECTION('',(0.,0.819152044289,-0.573576436351));
#1665 = ORIENTED_EDGE('',*,*,#1666,.F.);
#1666 = EDGE_CURVE('',#1659,#1659,#1667,.T.);
#1667 = CIRCLE('',#1668,5.05);
#1668 = AXIS2_PLACEMENT_3D('',#1669,#1670,#1671);
#1669 = CARTESIAN_POINT('',(63.,11.752849519564,-6.173727650669));
#1670 = DIRECTION('',(0.,0.819152044289,-0.573576436351));
#1671 = DIRECTION('',(-1.,0.,-0.));
#1672 = ORIENTED_EDGE('',*,*,#1658,.T.);
#1673 = ORIENTED_EDGE('',*,*,#737,.F.);
#1674 = CYLINDRICAL_SURFACE('',#1675,5.05);
#1675 = AXIS2_PLACEMENT_3D('',#1676,#1677,#1678);
#1676 = CARTESIAN_POINT('',(63.,11.752849519564,-6.173727650669));
#1677 = DIRECTION('',(0.,-0.819152044289,0.573576436351));
#1678 = DIRECTION('',(-1.,0.,0.));
#1679 = ADVANCED_FACE('',(#1680),#1699,.F.);
#1680 = FACE_BOUND('',#1681,.T.);
#1681 = EDGE_LOOP('',(#1682,#1690,#1697,#1698));
#1682 = ORIENTED_EDGE('',*,*,#1683,.F.);
#1683 = EDGE_CURVE('',#1684,#873,#1686,.T.);
#1684 = VERTEX_POINT('',#1685);
#1685 = CARTESIAN_POINT('',(101.85,1.1,-1.E-15));
#1686 = LINE('',#1687,#1688);
#1687 = CARTESIAN_POINT('',(101.85,-5.,0.));
#1688 = VECTOR('',#1689,1.);
#1689 = DIRECTION('',(0.,1.,-2.2E-16));
#1690 = ORIENTED_EDGE('',*,*,#1691,.T.);
#1691 = EDGE_CURVE('',#1684,#1684,#1692,.T.);
#1692 = CIRCLE('',#1693,3.15);
#1693 = AXIS2_PLACEMENT_3D('',#1694,#1695,#1696);
#1694 = CARTESIAN_POINT('',(105.,1.1,-1.35E-15));
#1695 = DIRECTION('',(0.,-1.,2.2E-16));
#1696 = DIRECTION('',(-1.,0.,0.));
#1697 = ORIENTED_EDGE('',*,*,#1683,.T.);
#1698 = ORIENTED_EDGE('',*,*,#882,.T.);
#1699 = CYLINDRICAL_SURFACE('',#1700,3.15);
#1700 = AXIS2_PLACEMENT_3D('',#1701,#1702,#1703);
#1701 = CARTESIAN_POINT('',(105.,-5.,0.));
#1702 = DIRECTION('',(0.,-1.,2.2E-16));
#1703 = DIRECTION('',(-1.,0.,0.));
#1704 = ADVANCED_FACE('',(#1705),#1732,.F.);
#1705 = FACE_BOUND('',#1706,.F.);
#1706 = EDGE_LOOP('',(#1707,#1714,#1723,#1730,#1731));
#1707 = ORIENTED_EDGE('',*,*,#1708,.T.);
#1708 = EDGE_CURVE('',#898,#1709,#1711,.T.);
#1709 = VERTEX_POINT('',#1710);
#1710 = CARTESIAN_POINT('',(5.05,11.752849519564,-6.173727650669));
#1711 = B_SPLINE_CURVE_WITH_KNOTS('',1,(#1712,#1713),.UNSPECIFIED.,.F.,
  .F.,(2,2),(-10.0679117362,0.),.PIECEWISE_BEZIER_KNOTS.);
#1712 = CARTESIAN_POINT('',(5.05,20.,-11.94844458582));
#1713 = CARTESIAN_POINT('',(5.05,11.752849519564,-6.173727650669));
#1714 = ORIENTED_EDGE('',*,*,#1715,.F.);
#1715 = EDGE_CURVE('',#1716,#1709,#1718,.T.);
#1716 = VERTEX_POINT('',#1717);
#1717 = CARTESIAN_POINT('',(-5.05,11.752849519564,-6.173727650669));
#1718 = CIRCLE('',#1719,5.05);
#1719 = AXIS2_PLACEMENT_3D('',#1720,#1721,#1722);
#1720 = CARTESIAN_POINT('',(0.,11.752849519564,-6.173727650669));
#1721 = DIRECTION('',(0.,-0.819152044289,0.573576436351));
#1722 = DIRECTION('',(1.,0.,0.));
#1723 = ORIENTED_EDGE('',*,*,#1724,.F.);
#1724 = EDGE_CURVE('',#1709,#1716,#1725,.T.);
#1725 = CIRCLE('',#1726,5.05);
#1726 = AXIS2_PLACEMENT_3D('',#1727,#1728,#1729);
#1727 = CARTESIAN_POINT('',(0.,11.752849519564,-6.173727650669));
#1728 = DIRECTION('',(0.,-0.819152044289,0.573576436351));
#1729 = DIRECTION('',(1.,0.,0.));
#1730 = ORIENTED_EDGE('',*,*,#1708,.F.);
#1731 = ORIENTED_EDGE('',*,*,#904,.T.);
#1732 = CYLINDRICAL_SURFACE('',#1733,5.05);
#1733 = AXIS2_PLACEMENT_3D('',#1734,#1735,#1736);
#1734 = CARTESIAN_POINT('',(0.,11.752849519564,-6.173727650669));
#1735 = DIRECTION('',(0.,-0.819152044289,0.573576436351));
#1736 = DIRECTION('',(1.,0.,0.));
#1737 = ADVANCED_FACE('',(#1738),#1757,.F.);
#1738 = FACE_BOUND('',#1739,.F.);
#1739 = EDGE_LOOP('',(#1740,#1748,#1755,#1756));
#1740 = ORIENTED_EDGE('',*,*,#1741,.F.);
#1741 = EDGE_CURVE('',#1742,#1040,#1744,.T.);
#1742 = VERTEX_POINT('',#1743);
#1743 = CARTESIAN_POINT('',(-101.85,1.1,-20.));
#1744 = LINE('',#1745,#1746);
#1745 = CARTESIAN_POINT('',(-101.85,-5.,-20.));
#1746 = VECTOR('',#1747,1.);
#1747 = DIRECTION('',(0.,1.,-2.2E-16));
#1748 = ORIENTED_EDGE('',*,*,#1749,.F.);
#1749 = EDGE_CURVE('',#1742,#1742,#1750,.T.);
#1750 = CIRCLE('',#1751,3.15);
#1751 = AXIS2_PLACEMENT_3D('',#1752,#1753,#1754);
#1752 = CARTESIAN_POINT('',(-105.,1.1,-20.));
#1753 = DIRECTION('',(0.,-1.,2.2E-16));
#1754 = DIRECTION('',(1.,0.,0.));
#1755 = ORIENTED_EDGE('',*,*,#1741,.T.);
#1756 = ORIENTED_EDGE('',*,*,#1049,.T.);
#1757 = CYLINDRICAL_SURFACE('',#1758,3.15);
#1758 = AXIS2_PLACEMENT_3D('',#1759,#1760,#1761);
#1759 = CARTESIAN_POINT('',(-105.,-5.,-20.));
#1760 = DIRECTION('',(0.,-1.,2.2E-16));
#1761 = DIRECTION('',(1.,0.,0.));
#1762 = ADVANCED_FACE('',(#1763),#1782,.F.);
#1763 = FACE_BOUND('',#1764,.F.);
#1764 = EDGE_LOOP('',(#1765,#1773,#1780,#1781));
#1765 = ORIENTED_EDGE('',*,*,#1766,.F.);
#1766 = EDGE_CURVE('',#1767,#1065,#1769,.T.);
#1767 = VERTEX_POINT('',#1768);
#1768 = CARTESIAN_POINT('',(-57.95,11.752849519564,-6.173727650669));
#1769 = LINE('',#1770,#1771);
#1770 = CARTESIAN_POINT('',(-57.95,11.752849519564,-6.173727650669));
#1771 = VECTOR('',#1772,1.);
#1772 = DIRECTION('',(0.,0.819152044289,-0.573576436351));
#1773 = ORIENTED_EDGE('',*,*,#1774,.F.);
#1774 = EDGE_CURVE('',#1767,#1767,#1775,.T.);
#1775 = CIRCLE('',#1776,5.05);
#1776 = AXIS2_PLACEMENT_3D('',#1777,#1778,#1779);
#1777 = CARTESIAN_POINT('',(-63.,11.752849519564,-6.173727650669));
#1778 = DIRECTION('',(0.,-0.819152044289,0.573576436351));
#1779 = DIRECTION('',(1.,0.,0.));
#1780 = ORIENTED_EDGE('',*,*,#1766,.T.);
#1781 = ORIENTED_EDGE('',*,*,#1071,.T.);
#1782 = CYLINDRICAL_SURFACE('',#1783,5.05);
#1783 = AXIS2_PLACEMENT_3D('',#1784,#1785,#1786);
#1784 = CARTESIAN_POINT('',(-63.,11.752849519564,-6.173727650669));
#1785 = DIRECTION('',(0.,-0.819152044289,0.573576436351));
#1786 = DIRECTION('',(1.,0.,0.));
#1787 = ADVANCED_FACE('',(#1788),#1807,.F.);
#1788 = FACE_BOUND('',#1789,.F.);
#1789 = EDGE_LOOP('',(#1790,#1798,#1805,#1806));
#1790 = ORIENTED_EDGE('',*,*,#1791,.F.);
#1791 = EDGE_CURVE('',#1792,#1207,#1794,.T.);
#1792 = VERTEX_POINT('',#1793);
#1793 = CARTESIAN_POINT('',(-101.85,1.1,-1.E-15));
#1794 = LINE('',#1795,#1796);
#1795 = CARTESIAN_POINT('',(-101.85,-5.,0.));
#1796 = VECTOR('',#1797,1.);
#1797 = DIRECTION('',(0.,1.,-2.2E-16));
#1798 = ORIENTED_EDGE('',*,*,#1799,.F.);
#1799 = EDGE_CURVE('',#1792,#1792,#1800,.T.);
#1800 = CIRCLE('',#1801,3.15);
#1801 = AXIS2_PLACEMENT_3D('',#1802,#1803,#1804);
#1802 = CARTESIAN_POINT('',(-105.,1.1,-1.35E-15));
#1803 = DIRECTION('',(0.,-1.,2.2E-16));
#1804 = DIRECTION('',(1.,0.,0.));
#1805 = ORIENTED_EDGE('',*,*,#1791,.T.);
#1806 = ORIENTED_EDGE('',*,*,#1216,.T.);
#1807 = CYLINDRICAL_SURFACE('',#1808,3.15);
#1808 = AXIS2_PLACEMENT_3D('',#1809,#1810,#1811);
#1809 = CARTESIAN_POINT('',(-105.,-5.,0.));
#1810 = DIRECTION('',(0.,-1.,2.2E-16));
#1811 = DIRECTION('',(1.,0.,0.));
#1812 = ADVANCED_FACE('',(#1813),#1818,.F.);
#1813 = FACE_BOUND('',#1814,.F.);
#1814 = EDGE_LOOP('',(#1815,#1816,#1817));
#1815 = ORIENTED_EDGE('',*,*,#1323,.F.);
#1816 = ORIENTED_EDGE('',*,*,#1231,.T.);
#1817 = ORIENTED_EDGE('',*,*,#1249,.F.);
#1818 = PLANE('',#1819);
#1819 = AXIS2_PLACEMENT_3D('',#1820,#1821,#1822);
#1820 = CARTESIAN_POINT('',(-114.,-5.,9.));
#1821 = DIRECTION('',(0.57735026919,0.57735026919,-0.57735026919));
#1822 = DIRECTION('',(-0.707106781187,2.192690473635E-15,-0.707106781187
    ));
#1823 = ADVANCED_FACE('',(#1824),#1829,.F.);
#1824 = FACE_BOUND('',#1825,.F.);
#1825 = EDGE_LOOP('',(#1826,#1827,#1828));
#1826 = ORIENTED_EDGE('',*,*,#1295,.F.);
#1827 = ORIENTED_EDGE('',*,*,#1277,.T.);
#1828 = ORIENTED_EDGE('',*,*,#1456,.F.);
#1829 = PLANE('',#1830);
#1830 = AXIS2_PLACEMENT_3D('',#1831,#1832,#1833);
#1831 = CARTESIAN_POINT('',(115.,-4.,9.));
#1832 = DIRECTION('',(-0.57735026919,0.57735026919,-0.57735026919));
#1833 = DIRECTION('',(1.387778780781E-16,-0.707106781187,-0.707106781187
    ));
#1834 = ADVANCED_FACE('',(#1835),#1845,.F.);
#1835 = FACE_BOUND('',#1836,.F.);
#1836 = EDGE_LOOP('',(#1837,#1843,#1844));
#1837 = ORIENTED_EDGE('',*,*,#1838,.F.);
#1838 = EDGE_CURVE('',#1362,#1331,#1839,.T.);
#1839 = LINE('',#1840,#1841);
#1840 = CARTESIAN_POINT('',(-75.25,-4.,9.25));
#1841 = VECTOR('',#1842,1.);
#1842 = DIRECTION('',(-0.707106781187,-1.63E-15,0.707106781187));
#1843 = ORIENTED_EDGE('',*,*,#1361,.T.);
#1844 = ORIENTED_EDGE('',*,*,#1330,.F.);
#1845 = PLANE('',#1846);
#1846 = AXIS2_PLACEMENT_3D('',#1847,#1848,#1849);
#1847 = CARTESIAN_POINT('',(-75.,-4.,9.));
#1848 = DIRECTION('',(-0.57735026919,0.57735026919,-0.57735026919));
#1849 = DIRECTION('',(-8.326672684689E-17,-0.707106781187,
    -0.707106781187));
#1850 = ADVANCED_FACE('',(#1851,#1894,#1905,#1925),#1936,.F.);
#1851 = FACE_BOUND('',#1852,.F.);
#1852 = EDGE_LOOP('',(#1853,#1861,#1869,#1877,#1885,#1891,#1892,#1893));
#1853 = ORIENTED_EDGE('',*,*,#1854,.F.);
#1854 = EDGE_CURVE('',#1855,#1370,#1857,.T.);
#1855 = VERTEX_POINT('',#1856);
#1856 = CARTESIAN_POINT('',(-75.,6.507538349405,9.));
#1857 = LINE('',#1858,#1859);
#1858 = CARTESIAN_POINT('',(-75.,11.416268651319,16.010393396313));
#1859 = VECTOR('',#1860,1.);
#1860 = DIRECTION('',(0.,-0.573576436351,-0.819152044289));
#1861 = ORIENTED_EDGE('',*,*,#1862,.F.);
#1862 = EDGE_CURVE('',#1863,#1855,#1865,.T.);
#1863 = VERTEX_POINT('',#1864);
#1864 = CARTESIAN_POINT('',(-75.18084795571,6.634169451264,
    9.180847955711));
#1865 = LINE('',#1866,#1867);
#1866 = CARTESIAN_POINT('',(-54.84919187588,-7.602209400117,
    -11.15080812411));
#1867 = VECTOR('',#1868,1.);
#1868 = DIRECTION('',(0.633687274225,-0.44371260628,-0.633687274225));
#1869 = ORIENTED_EDGE('',*,*,#1870,.T.);
#1870 = EDGE_CURVE('',#1863,#1871,#1873,.T.);
#1871 = VERTEX_POINT('',#1872);
#1872 = CARTESIAN_POINT('',(75.180847955711,6.634169451264,
    9.180847955711));
#1873 = LINE('',#1874,#1875);
#1874 = CARTESIAN_POINT('',(-75.,6.634169451264,9.180847955711));
#1875 = VECTOR('',#1876,1.);
#1876 = DIRECTION('',(1.,0.,0.));
#1877 = ORIENTED_EDGE('',*,*,#1878,.T.);
#1878 = EDGE_CURVE('',#1871,#1879,#1881,.T.);
#1879 = VERTEX_POINT('',#1880);
#1880 = CARTESIAN_POINT('',(75.,6.507538349405,9.));
#1881 = LINE('',#1882,#1883);
#1882 = CARTESIAN_POINT('',(56.565448546261,-6.400473542018,
    -9.434551453739));
#1883 = VECTOR('',#1884,1.);
#1884 = DIRECTION('',(-0.633687274225,-0.44371260628,-0.633687274225));
#1885 = ORIENTED_EDGE('',*,*,#1886,.F.);
#1886 = EDGE_CURVE('',#1417,#1879,#1887,.T.);
#1887 = LINE('',#1888,#1889);
#1888 = CARTESIAN_POINT('',(75.,-15.60233197282,-22.57616723002));
#1889 = VECTOR('',#1890,1.);
#1890 = DIRECTION('',(0.,0.573576436351,0.819152044289));
#1891 = ORIENTED_EDGE('',*,*,#1416,.F.);
#1892 = ORIENTED_EDGE('',*,*,#1401,.T.);
#1893 = ORIENTED_EDGE('',*,*,#1377,.T.);
#1894 = FACE_BOUND('',#1895,.F.);
#1895 = EDGE_LOOP('',(#1896));
#1896 = ORIENTED_EDGE('',*,*,#1897,.T.);
#1897 = EDGE_CURVE('',#1898,#1898,#1900,.T.);
#1898 = VERTEX_POINT('',#1899);
#1899 = CARTESIAN_POINT('',(-59.95,1.103872943807,1.282766021895));
#1900 = CIRCLE('',#1901,3.05);
#1901 = AXIS2_PLACEMENT_3D('',#1902,#1903,#1904);
#1902 = CARTESIAN_POINT('',(-63.,1.103872943807,1.282766021895));
#1903 = DIRECTION('',(0.,-0.819152044289,0.573576436351));
#1904 = DIRECTION('',(1.,0.,0.));
#1905 = FACE_BOUND('',#1906,.F.);
#1906 = EDGE_LOOP('',(#1907,#1918));
#1907 = ORIENTED_EDGE('',*,*,#1908,.T.);
#1908 = EDGE_CURVE('',#1909,#1911,#1913,.T.);
#1909 = VERTEX_POINT('',#1910);
#1910 = CARTESIAN_POINT('',(3.05,1.103872943807,1.282766021895));
#1911 = VERTEX_POINT('',#1912);
#1912 = CARTESIAN_POINT('',(-3.05,1.103872943807,1.282766021895));
#1913 = CIRCLE('',#1914,3.05);
#1914 = AXIS2_PLACEMENT_3D('',#1915,#1916,#1917);
#1915 = CARTESIAN_POINT('',(0.,1.103872943807,1.282766021895));
#1916 = DIRECTION('',(0.,-0.819152044289,0.573576436351));
#1917 = DIRECTION('',(1.,0.,0.));
#1918 = ORIENTED_EDGE('',*,*,#1919,.T.);
#1919 = EDGE_CURVE('',#1911,#1909,#1920,.T.);
#1920 = CIRCLE('',#1921,3.05);
#1921 = AXIS2_PLACEMENT_3D('',#1922,#1923,#1924);
#1922 = CARTESIAN_POINT('',(0.,1.103872943807,1.282766021895));
#1923 = DIRECTION('',(0.,-0.819152044289,0.573576436351));
#1924 = DIRECTION('',(1.,0.,0.));
#1925 = FACE_BOUND('',#1926,.F.);
#1926 = EDGE_LOOP('',(#1927));
#1927 = ORIENTED_EDGE('',*,*,#1928,.F.);
#1928 = EDGE_CURVE('',#1929,#1929,#1931,.T.);
#1929 = VERTEX_POINT('',#1930);
#1930 = CARTESIAN_POINT('',(59.95,1.103872943807,1.282766021895));
#1931 = CIRCLE('',#1932,3.05);
#1932 = AXIS2_PLACEMENT_3D('',#1933,#1934,#1935);
#1933 = CARTESIAN_POINT('',(63.,1.103872943807,1.282766021895));
#1934 = DIRECTION('',(0.,0.819152044289,-0.573576436351));
#1935 = DIRECTION('',(-1.,0.,-0.));
#1936 = PLANE('',#1937);
#1937 = AXIS2_PLACEMENT_3D('',#1938,#1939,#1940);
#1938 = CARTESIAN_POINT('',(5.61E-15,-2.093031660755,-3.282886916855));
#1939 = DIRECTION('',(0.,0.819152044289,-0.573576436351));
#1940 = DIRECTION('',(0.,0.573576436351,0.819152044289));
#1941 = ADVANCED_FACE('',(#1942),#1952,.F.);
#1942 = FACE_BOUND('',#1943,.F.);
#1943 = EDGE_LOOP('',(#1944,#1945,#1946));
#1944 = ORIENTED_EDGE('',*,*,#1854,.T.);
#1945 = ORIENTED_EDGE('',*,*,#1369,.T.);
#1946 = ORIENTED_EDGE('',*,*,#1947,.T.);
#1947 = EDGE_CURVE('',#1362,#1855,#1948,.T.);
#1948 = LINE('',#1949,#1950);
#1949 = CARTESIAN_POINT('',(-75.,-5.,9.));
#1950 = VECTOR('',#1951,1.);
#1951 = DIRECTION('',(-1.E-16,1.,0.));
#1952 = PLANE('',#1953);
#1953 = AXIS2_PLACEMENT_3D('',#1954,#1955,#1956);
#1954 = CARTESIAN_POINT('',(-75.,3.224748208429,21.746157759824));
#1955 = DIRECTION('',(-1.,-1.E-16,-3.4E-16));
#1956 = DIRECTION('',(3.358693386934E-16,-0.573576436351,-0.819152044289
    ));
#1957 = ADVANCED_FACE('',(#1958),#1968,.F.);
#1958 = FACE_BOUND('',#1959,.F.);
#1959 = EDGE_LOOP('',(#1960,#1961,#1962));
#1960 = ORIENTED_EDGE('',*,*,#1447,.F.);
#1961 = ORIENTED_EDGE('',*,*,#1432,.T.);
#1962 = ORIENTED_EDGE('',*,*,#1963,.F.);
#1963 = EDGE_CURVE('',#1448,#1425,#1964,.T.);
#1964 = LINE('',#1965,#1966);
#1965 = CARTESIAN_POINT('',(75.5,-4.,9.5));
#1966 = VECTOR('',#1967,1.);
#1967 = DIRECTION('',(-0.707106781187,-2.69E-15,-0.707106781187));
#1968 = PLANE('',#1969);
#1969 = AXIS2_PLACEMENT_3D('',#1970,#1971,#1972);
#1970 = CARTESIAN_POINT('',(76.,-5.,9.));
#1971 = DIRECTION('',(0.57735026919,0.57735026919,-0.57735026919));
#1972 = DIRECTION('',(-0.707106781187,-1.52655665886E-15,-0.707106781187
    ));
#1973 = ADVANCED_FACE('',(#1974),#1984,.F.);
#1974 = FACE_BOUND('',#1975,.F.);
#1975 = EDGE_LOOP('',(#1976,#1977,#1983));
#1976 = ORIENTED_EDGE('',*,*,#1886,.T.);
#1977 = ORIENTED_EDGE('',*,*,#1978,.T.);
#1978 = EDGE_CURVE('',#1879,#1425,#1979,.T.);
#1979 = LINE('',#1980,#1981);
#1980 = CARTESIAN_POINT('',(75.,7.207745887615,9.));
#1981 = VECTOR('',#1982,1.);
#1982 = DIRECTION('',(1.E-16,-1.,0.));
#1983 = ORIENTED_EDGE('',*,*,#1424,.T.);
#1984 = PLANE('',#1985);
#1985 = AXIS2_PLACEMENT_3D('',#1986,#1987,#1988);
#1986 = CARTESIAN_POINT('',(75.,-23.79385241571,-16.84040286651));
#1987 = DIRECTION('',(1.,1.E-16,3.4E-16));
#1988 = DIRECTION('',(-3.358693386934E-16,0.573576436351,0.819152044289)
  );
#1989 = ADVANCED_FACE('',(#1990),#2009,.F.);
#1990 = FACE_BOUND('',#1991,.T.);
#1991 = EDGE_LOOP('',(#1992,#2000,#2007,#2008));
#1992 = ORIENTED_EDGE('',*,*,#1993,.T.);
#1993 = EDGE_CURVE('',#1477,#1994,#1996,.T.);
#1994 = VERTEX_POINT('',#1995);
#1995 = CARTESIAN_POINT('',(99.95,1.1,-1.E-15));
#1996 = LINE('',#1997,#1998);
#1997 = CARTESIAN_POINT('',(99.95,-5.,0.));
#1998 = VECTOR('',#1999,1.);
#1999 = DIRECTION('',(0.,1.,-2.2E-16));
#2000 = ORIENTED_EDGE('',*,*,#2001,.T.);
#2001 = EDGE_CURVE('',#1994,#1994,#2002,.T.);
#2002 = CIRCLE('',#2003,5.05);
#2003 = AXIS2_PLACEMENT_3D('',#2004,#2005,#2006);
#2004 = CARTESIAN_POINT('',(105.,1.1,-1.E-15));
#2005 = DIRECTION('',(0.,1.,-0.));
#2006 = DIRECTION('',(-1.,0.,-0.));
#2007 = ORIENTED_EDGE('',*,*,#1993,.F.);
#2008 = ORIENTED_EDGE('',*,*,#1486,.F.);
#2009 = CYLINDRICAL_SURFACE('',#2010,5.05);
#2010 = AXIS2_PLACEMENT_3D('',#2011,#2012,#2013);
#2011 = CARTESIAN_POINT('',(105.,-5.,0.));
#2012 = DIRECTION('',(0.,-1.,2.2E-16));
#2013 = DIRECTION('',(-1.,0.,0.));
#2014 = ADVANCED_FACE('',(#2015),#2034,.F.);
#2015 = FACE_BOUND('',#2016,.T.);
#2016 = EDGE_LOOP('',(#2017,#2025,#2032,#2033));
#2017 = ORIENTED_EDGE('',*,*,#2018,.T.);
#2018 = EDGE_CURVE('',#1502,#2019,#2021,.T.);
#2019 = VERTEX_POINT('',#2020);
#2020 = CARTESIAN_POINT('',(99.95,1.1,-20.));
#2021 = LINE('',#2022,#2023);
#2022 = CARTESIAN_POINT('',(99.95,-5.,-20.));
#2023 = VECTOR('',#2024,1.);
#2024 = DIRECTION('',(0.,1.,-2.2E-16));
#2025 = ORIENTED_EDGE('',*,*,#2026,.T.);
#2026 = EDGE_CURVE('',#2019,#2019,#2027,.T.);
#2027 = CIRCLE('',#2028,5.05);
#2028 = AXIS2_PLACEMENT_3D('',#2029,#2030,#2031);
#2029 = CARTESIAN_POINT('',(105.,1.1,-20.));
#2030 = DIRECTION('',(0.,1.,-0.));
#2031 = DIRECTION('',(-1.,0.,-0.));
#2032 = ORIENTED_EDGE('',*,*,#2018,.F.);
#2033 = ORIENTED_EDGE('',*,*,#1511,.F.);
#2034 = CYLINDRICAL_SURFACE('',#2035,5.05);
#2035 = AXIS2_PLACEMENT_3D('',#2036,#2037,#2038);
#2036 = CARTESIAN_POINT('',(105.,-5.,-20.));
#2037 = DIRECTION('',(0.,-1.,2.2E-16));
#2038 = DIRECTION('',(-1.,0.,0.));
#2039 = ADVANCED_FACE('',(#2040),#2059,.F.);
#2040 = FACE_BOUND('',#2041,.F.);
#2041 = EDGE_LOOP('',(#2042,#2050,#2057,#2058));
#2042 = ORIENTED_EDGE('',*,*,#2043,.T.);
#2043 = EDGE_CURVE('',#1527,#2044,#2046,.T.);
#2044 = VERTEX_POINT('',#2045);
#2045 = CARTESIAN_POINT('',(-99.95,1.1,-1.E-15));
#2046 = LINE('',#2047,#2048);
#2047 = CARTESIAN_POINT('',(-99.95,-5.,0.));
#2048 = VECTOR('',#2049,1.);
#2049 = DIRECTION('',(0.,1.,-2.2E-16));
#2050 = ORIENTED_EDGE('',*,*,#2051,.T.);
#2051 = EDGE_CURVE('',#2044,#2044,#2052,.T.);
#2052 = CIRCLE('',#2053,5.05);
#2053 = AXIS2_PLACEMENT_3D('',#2054,#2055,#2056);
#2054 = CARTESIAN_POINT('',(-105.,1.1,-1.E-15));
#2055 = DIRECTION('',(0.,-1.,0.));
#2056 = DIRECTION('',(1.,0.,0.));
#2057 = ORIENTED_EDGE('',*,*,#2043,.F.);
#2058 = ORIENTED_EDGE('',*,*,#1536,.F.);
#2059 = CYLINDRICAL_SURFACE('',#2060,5.05);
#2060 = AXIS2_PLACEMENT_3D('',#2061,#2062,#2063);
#2061 = CARTESIAN_POINT('',(-105.,-5.,0.));
#2062 = DIRECTION('',(0.,-1.,2.2E-16));
#2063 = DIRECTION('',(1.,0.,0.));
#2064 = ADVANCED_FACE('',(#2065),#2084,.F.);
#2065 = FACE_BOUND('',#2066,.F.);
#2066 = EDGE_LOOP('',(#2067,#2075,#2082,#2083));
#2067 = ORIENTED_EDGE('',*,*,#2068,.T.);
#2068 = EDGE_CURVE('',#1552,#2069,#2071,.T.);
#2069 = VERTEX_POINT('',#2070);
#2070 = CARTESIAN_POINT('',(-99.95,1.1,-20.));
#2071 = LINE('',#2072,#2073);
#2072 = CARTESIAN_POINT('',(-99.95,-5.,-20.));
#2073 = VECTOR('',#2074,1.);
#2074 = DIRECTION('',(0.,1.,-2.2E-16));
#2075 = ORIENTED_EDGE('',*,*,#2076,.T.);
#2076 = EDGE_CURVE('',#2069,#2069,#2077,.T.);
#2077 = CIRCLE('',#2078,5.05);
#2078 = AXIS2_PLACEMENT_3D('',#2079,#2080,#2081);
#2079 = CARTESIAN_POINT('',(-105.,1.1,-20.));
#2080 = DIRECTION('',(0.,-1.,0.));
#2081 = DIRECTION('',(1.,0.,0.));
#2082 = ORIENTED_EDGE('',*,*,#2068,.F.);
#2083 = ORIENTED_EDGE('',*,*,#1561,.F.);
#2084 = CYLINDRICAL_SURFACE('',#2085,5.05);
#2085 = AXIS2_PLACEMENT_3D('',#2086,#2087,#2088);
#2086 = CARTESIAN_POINT('',(-105.,-5.,-20.));
#2087 = DIRECTION('',(0.,-1.,2.2E-16));
#2088 = DIRECTION('',(1.,0.,0.));
#2089 = ADVANCED_FACE('',(#2090),#2102,.T.);
#2090 = FACE_BOUND('',#2091,.F.);
#2091 = EDGE_LOOP('',(#2092,#2098,#2099,#2100,#2101));
#2092 = ORIENTED_EDGE('',*,*,#2093,.T.);
#2093 = EDGE_CURVE('',#1611,#1863,#2094,.T.);
#2094 = LINE('',#2095,#2096);
#2095 = CARTESIAN_POINT('',(-73.42601592668,3.263168487676,
    7.426015926689));
#2096 = VECTOR('',#2097,1.);
#2097 = DIRECTION('',(0.419215459842,-0.805305405706,-0.419215459842));
#2098 = ORIENTED_EDGE('',*,*,#1862,.T.);
#2099 = ORIENTED_EDGE('',*,*,#1947,.F.);
#2100 = ORIENTED_EDGE('',*,*,#1838,.T.);
#2101 = ORIENTED_EDGE('',*,*,#1618,.T.);
#2102 = PLANE('',#2103);
#2103 = AXIS2_PLACEMENT_3D('',#2104,#2105,#2106);
#2104 = CARTESIAN_POINT('',(-75.5,-5.,9.5));
#2105 = DIRECTION('',(0.707106781187,0.,0.707106781187));
#2106 = DIRECTION('',(5.E-17,-1.,-5.E-17));
#2107 = ADVANCED_FACE('',(#2108),#2119,.T.);
#2108 = FACE_BOUND('',#2109,.F.);
#2109 = EDGE_LOOP('',(#2110,#2111,#2112,#2118));
#2110 = ORIENTED_EDGE('',*,*,#2093,.F.);
#2111 = ORIENTED_EDGE('',*,*,#1610,.T.);
#2112 = ORIENTED_EDGE('',*,*,#2113,.T.);
#2113 = EDGE_CURVE('',#1603,#1871,#2114,.T.);
#2114 = LINE('',#2115,#2116);
#2115 = CARTESIAN_POINT('',(62.306041789488,-18.09810308226,
    -3.693958210512));
#2116 = VECTOR('',#2117,1.);
#2117 = DIRECTION('',(-0.419215459842,-0.805305405706,-0.419215459842));
#2118 = ORIENTED_EDGE('',*,*,#1870,.F.);
#2119 = PLANE('',#2120);
#2120 = AXIS2_PLACEMENT_3D('',#2121,#2122,#2123);
#2121 = CARTESIAN_POINT('',(-75.,7.420957669439,9.590423977856));
#2122 = DIRECTION('',(0.,-0.461748613235,0.887010833178));
#2123 = DIRECTION('',(-1.,-0.,-0.));
#2124 = ADVANCED_FACE('',(#2125),#2132,.T.);
#2125 = FACE_BOUND('',#2126,.F.);
#2126 = EDGE_LOOP('',(#2127,#2128,#2129,#2130,#2131));
#2127 = ORIENTED_EDGE('',*,*,#2113,.F.);
#2128 = ORIENTED_EDGE('',*,*,#1602,.T.);
#2129 = ORIENTED_EDGE('',*,*,#1963,.T.);
#2130 = ORIENTED_EDGE('',*,*,#1978,.F.);
#2131 = ORIENTED_EDGE('',*,*,#1878,.F.);
#2132 = PLANE('',#2133);
#2133 = AXIS2_PLACEMENT_3D('',#2134,#2135,#2136);
#2134 = CARTESIAN_POINT('',(75.5,7.207745887615,9.5));
#2135 = DIRECTION('',(-0.707106781187,0.,0.707106781187));
#2136 = DIRECTION('',(-5.E-17,1.,-5.E-17));
#2137 = ADVANCED_FACE('',(#2138,#2141),#2144,.F.);
#2138 = FACE_BOUND('',#2139,.T.);
#2139 = EDGE_LOOP('',(#2140));
#2140 = ORIENTED_EDGE('',*,*,#2026,.F.);
#2141 = FACE_BOUND('',#2142,.T.);
#2142 = EDGE_LOOP('',(#2143));
#2143 = ORIENTED_EDGE('',*,*,#1641,.F.);
#2144 = PLANE('',#2145);
#2145 = AXIS2_PLACEMENT_3D('',#2146,#2147,#2148);
#2146 = CARTESIAN_POINT('',(105.,1.1,-10.));
#2147 = DIRECTION('',(0.,1.,0.));
#2148 = DIRECTION('',(0.,0.,-1.));
#2149 = ADVANCED_FACE('',(#2150,#2153),#2164,.T.);
#2150 = FACE_BOUND('',#2151,.F.);
#2151 = EDGE_LOOP('',(#2152));
#2152 = ORIENTED_EDGE('',*,*,#1666,.F.);
#2153 = FACE_BOUND('',#2154,.F.);
#2154 = EDGE_LOOP('',(#2155));
#2155 = ORIENTED_EDGE('',*,*,#2156,.F.);
#2156 = EDGE_CURVE('',#2157,#2157,#2159,.T.);
#2157 = VERTEX_POINT('',#2158);
#2158 = CARTESIAN_POINT('',(59.95,11.752849519564,-6.173727650669));
#2159 = CIRCLE('',#2160,3.05);
#2160 = AXIS2_PLACEMENT_3D('',#2161,#2162,#2163);
#2161 = CARTESIAN_POINT('',(63.,11.752849519564,-6.173727650669));
#2162 = DIRECTION('',(0.,-0.819152044289,0.573576436351));
#2163 = DIRECTION('',(-1.,0.,0.));
#2164 = PLANE('',#2165);
#2165 = AXIS2_PLACEMENT_3D('',#2166,#2167,#2168);
#2166 = CARTESIAN_POINT('',(31.5,11.752849519564,-6.173727650669));
#2167 = DIRECTION('',(0.,0.819152044289,-0.573576436351));
#2168 = DIRECTION('',(-0.,-0.573576436351,-0.819152044289));
#2169 = ADVANCED_FACE('',(#2170,#2173),#2176,.F.);
#2170 = FACE_BOUND('',#2171,.T.);
#2171 = EDGE_LOOP('',(#2172));
#2172 = ORIENTED_EDGE('',*,*,#2001,.F.);
#2173 = FACE_BOUND('',#2174,.T.);
#2174 = EDGE_LOOP('',(#2175));
#2175 = ORIENTED_EDGE('',*,*,#1691,.F.);
#2176 = PLANE('',#2177);
#2177 = AXIS2_PLACEMENT_3D('',#2178,#2179,#2180);
#2178 = CARTESIAN_POINT('',(105.,1.1,-10.));
#2179 = DIRECTION('',(0.,1.,0.));
#2180 = DIRECTION('',(0.,0.,-1.));
#2181 = ADVANCED_FACE('',(#2182,#2186),#2206,.T.);
#2182 = FACE_BOUND('',#2183,.T.);
#2183 = EDGE_LOOP('',(#2184,#2185));
#2184 = ORIENTED_EDGE('',*,*,#1724,.F.);
#2185 = ORIENTED_EDGE('',*,*,#1715,.F.);
#2186 = FACE_BOUND('',#2187,.T.);
#2187 = EDGE_LOOP('',(#2188,#2199));
#2188 = ORIENTED_EDGE('',*,*,#2189,.T.);
#2189 = EDGE_CURVE('',#2190,#2192,#2194,.T.);
#2190 = VERTEX_POINT('',#2191);
#2191 = CARTESIAN_POINT('',(3.05,11.752849519564,-6.173727650669));
#2192 = VERTEX_POINT('',#2193);
#2193 = CARTESIAN_POINT('',(-3.05,11.752849519564,-6.173727650669));
#2194 = CIRCLE('',#2195,3.05);
#2195 = AXIS2_PLACEMENT_3D('',#2196,#2197,#2198);
#2196 = CARTESIAN_POINT('',(0.,11.752849519564,-6.173727650669));
#2197 = DIRECTION('',(0.,-0.819152044289,0.573576436351));
#2198 = DIRECTION('',(1.,0.,0.));
#2199 = ORIENTED_EDGE('',*,*,#2200,.T.);
#2200 = EDGE_CURVE('',#2192,#2190,#2201,.T.);
#2201 = CIRCLE('',#2202,3.05);
#2202 = AXIS2_PLACEMENT_3D('',#2203,#2204,#2205);
#2203 = CARTESIAN_POINT('',(0.,11.752849519564,-6.173727650669));
#2204 = DIRECTION('',(0.,-0.819152044289,0.573576436351));
#2205 = DIRECTION('',(1.,0.,0.));
#2206 = PLANE('',#2207);
#2207 = AXIS2_PLACEMENT_3D('',#2208,#2209,#2210);
#2208 = CARTESIAN_POINT('',(-31.5,11.752849519564,-6.173727650669));
#2209 = DIRECTION('',(0.,0.819152044289,-0.573576436351));
#2210 = DIRECTION('',(0.,0.573576436351,0.819152044289));
#2211 = ADVANCED_FACE('',(#2212,#2215),#2218,.F.);
#2212 = FACE_BOUND('',#2213,.F.);
#2213 = EDGE_LOOP('',(#2214));
#2214 = ORIENTED_EDGE('',*,*,#2076,.F.);
#2215 = FACE_BOUND('',#2216,.F.);
#2216 = EDGE_LOOP('',(#2217));
#2217 = ORIENTED_EDGE('',*,*,#1749,.T.);
#2218 = PLANE('',#2219);
#2219 = AXIS2_PLACEMENT_3D('',#2220,#2221,#2222);
#2220 = CARTESIAN_POINT('',(-105.,1.1,-10.));
#2221 = DIRECTION('',(0.,1.,0.));
#2222 = DIRECTION('',(0.,0.,1.));
#2223 = ADVANCED_FACE('',(#2224,#2227),#2238,.T.);
#2224 = FACE_BOUND('',#2225,.T.);
#2225 = EDGE_LOOP('',(#2226));
#2226 = ORIENTED_EDGE('',*,*,#1774,.F.);
#2227 = FACE_BOUND('',#2228,.T.);
#2228 = EDGE_LOOP('',(#2229));
#2229 = ORIENTED_EDGE('',*,*,#2230,.T.);
#2230 = EDGE_CURVE('',#2231,#2231,#2233,.T.);
#2231 = VERTEX_POINT('',#2232);
#2232 = CARTESIAN_POINT('',(-59.95,11.752849519564,-6.173727650669));
#2233 = CIRCLE('',#2234,3.05);
#2234 = AXIS2_PLACEMENT_3D('',#2235,#2236,#2237);
#2235 = CARTESIAN_POINT('',(-63.,11.752849519564,-6.173727650669));
#2236 = DIRECTION('',(0.,-0.819152044289,0.573576436351));
#2237 = DIRECTION('',(1.,0.,0.));
#2238 = PLANE('',#2239);
#2239 = AXIS2_PLACEMENT_3D('',#2240,#2241,#2242);
#2240 = CARTESIAN_POINT('',(-31.5,11.752849519564,-6.173727650669));
#2241 = DIRECTION('',(0.,0.819152044289,-0.573576436351));
#2242 = DIRECTION('',(0.,0.573576436351,0.819152044289));
#2243 = ADVANCED_FACE('',(#2244,#2247),#2250,.F.);
#2244 = FACE_BOUND('',#2245,.F.);
#2245 = EDGE_LOOP('',(#2246));
#2246 = ORIENTED_EDGE('',*,*,#2051,.F.);
#2247 = FACE_BOUND('',#2248,.F.);
#2248 = EDGE_LOOP('',(#2249));
#2249 = ORIENTED_EDGE('',*,*,#1799,.T.);
#2250 = PLANE('',#2251);
#2251 = AXIS2_PLACEMENT_3D('',#2252,#2253,#2254);
#2252 = CARTESIAN_POINT('',(-105.,1.1,-10.));
#2253 = DIRECTION('',(0.,1.,0.));
#2254 = DIRECTION('',(0.,0.,1.));
#2255 = ADVANCED_FACE('',(#2256),#2267,.F.);
#2256 = FACE_BOUND('',#2257,.F.);
#2257 = EDGE_LOOP('',(#2258,#2259,#2265,#2266));
#2258 = ORIENTED_EDGE('',*,*,#1897,.F.);
#2259 = ORIENTED_EDGE('',*,*,#2260,.T.);
#2260 = EDGE_CURVE('',#1898,#2231,#2261,.T.);
#2261 = LINE('',#2262,#2263);
#2262 = CARTESIAN_POINT('',(-59.95,1.103872943807,1.282766021895));
#2263 = VECTOR('',#2264,1.);
#2264 = DIRECTION('',(0.,0.819152044289,-0.573576436351));
#2265 = ORIENTED_EDGE('',*,*,#2230,.T.);
#2266 = ORIENTED_EDGE('',*,*,#2260,.F.);
#2267 = CYLINDRICAL_SURFACE('',#2268,3.05);
#2268 = AXIS2_PLACEMENT_3D('',#2269,#2270,#2271);
#2269 = CARTESIAN_POINT('',(-63.,1.103872943807,1.282766021895));
#2270 = DIRECTION('',(0.,-0.819152044289,0.573576436351));
#2271 = DIRECTION('',(1.,0.,0.));
#2272 = ADVANCED_FACE('',(#2273),#2285,.F.);
#2273 = FACE_BOUND('',#2274,.F.);
#2274 = EDGE_LOOP('',(#2275,#2276,#2277,#2282,#2283,#2284));
#2275 = ORIENTED_EDGE('',*,*,#2189,.T.);
#2276 = ORIENTED_EDGE('',*,*,#2200,.T.);
#2277 = ORIENTED_EDGE('',*,*,#2278,.T.);
#2278 = EDGE_CURVE('',#2190,#1909,#2279,.T.);
#2279 = B_SPLINE_CURVE_WITH_KNOTS('',1,(#2280,#2281),.UNSPECIFIED.,.F.,
  .F.,(2,2),(-13.,0.),.PIECEWISE_BEZIER_KNOTS.);
#2280 = CARTESIAN_POINT('',(3.05,11.752849519564,-6.173727650669));
#2281 = CARTESIAN_POINT('',(3.05,1.103872943807,1.282766021895));
#2282 = ORIENTED_EDGE('',*,*,#1919,.F.);
#2283 = ORIENTED_EDGE('',*,*,#1908,.F.);
#2284 = ORIENTED_EDGE('',*,*,#2278,.F.);
#2285 = CYLINDRICAL_SURFACE('',#2286,3.05);
#2286 = AXIS2_PLACEMENT_3D('',#2287,#2288,#2289);
#2287 = CARTESIAN_POINT('',(0.,1.103872943807,1.282766021895));
#2288 = DIRECTION('',(0.,-0.819152044289,0.573576436351));
#2289 = DIRECTION('',(1.,0.,0.));
#2290 = ADVANCED_FACE('',(#2291),#2302,.F.);
#2291 = FACE_BOUND('',#2292,.T.);
#2292 = EDGE_LOOP('',(#2293,#2299,#2300,#2301));
#2293 = ORIENTED_EDGE('',*,*,#2294,.F.);
#2294 = EDGE_CURVE('',#1929,#2157,#2295,.T.);
#2295 = LINE('',#2296,#2297);
#2296 = CARTESIAN_POINT('',(59.95,1.103872943807,1.282766021895));
#2297 = VECTOR('',#2298,1.);
#2298 = DIRECTION('',(0.,0.819152044289,-0.573576436351));
#2299 = ORIENTED_EDGE('',*,*,#1928,.F.);
#2300 = ORIENTED_EDGE('',*,*,#2294,.T.);
#2301 = ORIENTED_EDGE('',*,*,#2156,.F.);
#2302 = CYLINDRICAL_SURFACE('',#2303,3.05);
#2303 = AXIS2_PLACEMENT_3D('',#2304,#2305,#2306);
#2304 = CARTESIAN_POINT('',(63.,1.103872943807,1.282766021895));
#2305 = DIRECTION('',(0.,-0.819152044289,0.573576436351));
#2306 = DIRECTION('',(-1.,0.,0.));
#2307 = ( GEOMETRIC_REPRESENTATION_CONTEXT(3) 
GLOBAL_UNCERTAINTY_ASSIGNED_CONTEXT((#2311)) 
GLOBAL_UNIT_ASSIGNED_CONTEXT((#2308,#2309,#2310)) REPRESENTATION_CONTEXT
('Context #1','3D Context with UNIT and UNCERTAINTY') );
#2308 = ( LENGTH_UNIT() NAMED_UNIT(*) SI_UNIT(.MILLI.,.METRE.) );
#2309 = ( NAMED_UNIT(*) PLANE_ANGLE_UNIT() SI_UNIT($,.RADIAN.) );
#2310 = ( NAMED_UNIT(*) SI_UNIT($,.STERADIAN.) SOLID_ANGLE_UNIT() );
#2311 = UNCERTAINTY_MEASURE_WITH_UNIT(LENGTH_MEASURE(2.E-06),#2308,
  'distance_accuracy_value','confusion accuracy');
#2312 = PRODUCT_RELATED_PRODUCT_CATEGORY('part',$,(#7));
#2313 = MECHANICAL_DESIGN_GEOMETRIC_PRESENTATION_REPRESENTATION('',(
    #2314),#2307);
#2314 = STYLED_ITEM('color',(#2315),#15);
#2315 = PRESENTATION_STYLE_ASSIGNMENT((#2316,#2322));
#2316 = SURFACE_STYLE_USAGE(.BOTH.,#2317);
#2317 = SURFACE_SIDE_STYLE('',(#2318));
#2318 = SURFACE_STYLE_FILL_AREA(#2319);
#2319 = FILL_AREA_STYLE('',(#2320));
#2320 = FILL_AREA_STYLE_COLOUR('',#2321);
#2321 = COLOUR_RGB('',0.,0.666666687201,1.);
#2322 = CURVE_STYLE('',#2323,POSITIVE_LENGTH_MEASURE(0.1),#2324);
#2323 = DRAUGHTING_PRE_DEFINED_CURVE_FONT('continuous');
#2324 = COLOUR_RGB('',9.803921802644E-02,9.803921802644E-02,
  9.803921802644E-02);
ENDSEC;
END-ISO-10303-21;
