 PTC IGES file: Go-Kart Wheel 11X710-6.igs                              S      1
1H,,1H;,15HHGCWHEEL710_ASM,26HGo-Kart Wheel 11X710-6.igs,               G      1
52HCreo Parametric by Parametric Technology Corporation,7H2012130,32,   G      2
38,7,38,15,15HHGCWHEEL710_ASM,1.,2,2HMM,32768,0.5,15H20140814.222838,   G      3
0.0439935,439.953,6HGanesh,7HUnknown,10,0,15H20140814.222838;           G      4
     314       1       1       1       0       0       0       001000200D      1
     314       0       4       1       0                   COLOR       1D      2
     314       2       1       1       0       0       0       001000200D      3
     314       0       1       1       0                   COLOR       2D      4
     314       3       1       1       0       0       0       001000200D      5
     314       0       1       1       0                   COLOR       3D      6
     314       4       1       1       0       0       0       001000200D      7
     314       0       1       1       0                   COLOR       4D      8
     314       5       1       1       0       0       0       001000200D      9
     314       0       8       1       0                   COLOR       5D     10
     314       6       1       1       0       0       0       001000200D     11
     314       0       8       1       0                   COLOR       6D     12
     314       7       1       1       0       0       0       001000200D     13
     314       0       8       1       0                   COLOR       7D     14
     314       8       1       1       0       0       0       001000200D     15
     314       0       8       1       0                   COLOR       8D     16
     314       9       1       1       0       0       0       001000200D     17
     314       0       8       1       0                   COLOR       9D     18
     314      10       1       1       0       0       0       001000200D     19
     314       0       5       1       0                   COLOR      10D     20
     314      11       1       1       0       0       0       001000200D     21
     314       0       8       1       0                   COLOR      11D     22
     124      12       1       1       0       0       0       001000000D     23
     124       0       0       2       0                   XFORM       1D     24
     100      14       1       1       0       0      23       001010000D     25
     100       0      -9       1       0                     ARC       1D     26
     124      15       1       1       0       0       0       001000000D     27
     124       0       0       2       0                   XFORM       2D     28
     100      17       1       1       0       0      27       001010000D     29
     100       0      -9       1       0                     ARC       2D     30
     124      18       1       1       0       0       0       001000000D     31
     124       0       0       2       0                   XFORM       3D     32
     100      20       1       1       0       0      31       001010000D     33
     100       0      -9       1       0                     ARC       3D     34
     124      21       1       1       0       0       0       001000000D     35
     124       0       0       2       0                   XFORM       4D     36
     100      23       1       1       0       0      35       001010000D     37
     100       0      -9       1       0                     ARC       4D     38
     110      24       1       1       0       0       0       001010000D     39
     110       0      -9       2       0                    LINE       1D     40
     110      26       1       1       0       0       0       001010000D     41
     110       0      -9       2       0                    LINE       2D     42
     124      28       1       1       0       0       0       001000000D     43
     124       0       0       1       0                   XFORM       5D     44
     100      29       1       1       0       0      43       001010000D     45
     100       0      -9       1       0                     ARC       5D     46
     124      30       1       1       0       0       0       001000000D     47
     124       0       0       1       0                   XFORM       6D     48
     100      31       1       1       0       0      47       001010000D     49
     100       0      -9       1       0                     ARC       6D     50
     124      32       1       1       0       0       0       001000000D     51
     124       0       0       2       0                   XFORM       7D     52
     100      34       1       1       0       0      51       001010000D     53
     100       0      -9       1       0                     ARC       7D     54
     124      35       1       1       0       0       0       001000000D     55
     124       0       0       1       0                   XFORM       8D     56
     100      36       1       1       0       0      55       001010000D     57
     100       0      -9       1       0                     ARC       8D     58
     126      37       1       1       0       0       0       001010000D     59
     126       0      -9      20       0                B_SPLINE       1D     60
     124      57       1       1       0       0       0       001000000D     61
     124       0       0       2       0                   XFORM       9D     62
     100      59       1       1       0       0      61       001010000D     63
     100       0      -9       1       0                     ARC       9D     64
     124      60       1       1       0       0       0       001000000D     65
     124       0       0       4       0                   XFORM      10D     66
     100      64       1       1       0       0      65       001010000D     67
     100       0      -9       2       0                     ARC      10D     68
     124      66       1       1       0       0       0       001000000D     69
     124       0       0       4       0                   XFORM      11D     70
     100      70       1       1       0       0      69       001010000D     71
     100       0      -9       2       0                     ARC      11D     72
     126      72       1       1       0       0       0       001010000D     73
     126       0      -9      20       0                B_SPLINE       2D     74
     110      92       1       1       0       0       0       001010000D     75
     110       0      -9       2       0                    LINE       3D     76
     124      94       1       1       0       0       0       001000000D     77
     124       0       0       2       0                   XFORM      12D     78
     100      96       1       1       0       0      77       001010000D     79
     100       0      -9       1       0                     ARC      12D     80
     110      97       1       1       0       0       0       001010000D     81
     110       0      -9       2       0                    LINE       4D     82
     110      99       1       1       0       0       0       001010000D     83
     110       0      -9       2       0                    LINE       5D     84
     124     101       1       1       0       0       0       001000000D     85
     124       0       0       3       0                   XFORM      13D     86
     100     104       1       1       0       0      85       001010000D     87
     100       0      -9       1       0                     ARC      13D     88
     124     105       1       1       0       0       0       001000000D     89
     124       0       0       2       0                   XFORM      14D     90
     100     107       1       1       0       0      89       001010000D     91
     100       0      -9       1       0                     ARC      14D     92
     124     108       1       1       0       0       0       001000000D     93
     124       0       0       3       0                   XFORM      15D     94
     100     111       1       1       0       0      93       001010000D     95
     100       0      -9       1       0                     ARC      15D     96
     124     112       1       1       0       0       0       001000000D     97
     124       0       0       2       0                   XFORM      16D     98
     100     114       1       1       0       0      97       001010000D     99
     100       0      -9       1       0                     ARC      16D    100
     124     115       1       1       0       0       0       001000000D    101
     124       0       0       2       0                   XFORM      17D    102
     100     117       1       1       0       0     101       001010000D    103
     100       0      -9       1       0                     ARC      17D    104
     110     118       1       1       0       0       0       001010000D    105
     110       0      -9       1       0                    LINE       6D    106
     124     119       1       1       0       0       0       001000000D    107
     124       0       0       2       0                   XFORM      18D    108
     100     121       1       1       0       0     107       001010000D    109
     100       0      -9       1       0                     ARC      18D    110
     110     122       1       1       0       0       0       001010000D    111
     110       0      -9       2       0                    LINE       7D    112
     110     124       1       1       0       0       0       001010000D    113
     110       0      -9       1       0                    LINE       8D    114
     124     125       1       1       0       0       0       001000000D    115
     124       0       0       1       0                   XFORM      19D    116
     100     126       1       1       0       0     115       001010000D    117
     100       0      -9       1       0                     ARC      19D    118
     110     127       1       1       0       0       0       001010000D    119
     110       0      -9       2       0                    LINE       9D    120
     124     129       1       1       0       0       0       001000000D    121
     124       0       0       1       0                   XFORM      20D    122
     100     130       1       1       0       0     121       001010000D    123
     100       0      -9       1       0                     ARC      20D    124
     124     131       1       1       0       0       0       001000000D    125
     124       0       0       1       0                   XFORM      21D    126
     100     132       1       1       0       0     125       001010000D    127
     100       0      -9       1       0                     ARC      21D    128
     110     133       1       1       0       0       0       001010000D    129
     110       0      -9       1       0                    LINE      10D    130
     124     134       1       1       0       0       0       001000000D    131
     124       0       0       1       0                   XFORM      22D    132
     100     135       1       1       0       0     131       001010000D    133
     100       0      -9       1       0                     ARC      22D    134
     110     136       1       1       0       0       0       001010000D    135
     110       0      -9       2       0                    LINE      11D    136
     124     138       1       1       0       0       0       001000000D    137
     124       0       0       2       0                   XFORM      23D    138
     100     140       1       1       0       0     137       001010000D    139
     100       0      -9       1       0                     ARC      23D    140
     124     141       1       1       0       0       0       001000000D    141
     124       0       0       2       0                   XFORM      24D    142
     100     143       1       1       0       0     141       001010000D    143
     100       0      -9       1       0                     ARC      24D    144
     124     144       1       1       0       0       0       001000000D    145
     124       0       0       2       0                   XFORM      25D    146
     100     146       1       1       0       0     145       001010000D    147
     100       0      -9       1       0                     ARC      25D    148
     124     147       1       1       0       0       0       001000000D    149
     124       0       0       2       0                   XFORM      26D    150
     100     149       1       1       0       0     149       001010000D    151
     100       0      -9       1       0                     ARC      26D    152
     124     150       1       1       0       0       0       001000000D    153
     124       0       0       2       0                   XFORM      27D    154
     100     152       1       1       0       0     153       001010000D    155
     100       0      -9       1       0                     ARC      27D    156
     110     153       1       1       0       0       0       001010000D    157
     110       0      -9       2       0                    LINE      12D    158
     124     155       1       1       0       0       0       001000000D    159
     124       0       0       2       0                   XFORM      28D    160
     100     157       1       1       0       0     159       001010000D    161
     100       0      -9       1       0                     ARC      28D    162
     110     158       1       1       0       0       0       001010000D    163
     110       0      -9       2       0                    LINE      13D    164
     124     160       1       1       0       0       0       001000000D    165
     124       0       0       2       0                   XFORM      29D    166
     100     162       1       1       0       0     165       001010000D    167
     100       0      -9       1       0                     ARC      29D    168
     124     163       1       1       0       0       0       001000000D    169
     124       0       0       2       0                   XFORM      30D    170
     100     165       1       1       0       0     169       001010000D    171
     100       0      -9       1       0                     ARC      30D    172
     124     166       1       1       0       0       0       001000000D    173
     124       0       0       3       0                   XFORM      31D    174
     100     169       1       1       0       0     173       001010000D    175
     100       0      -9       1       0                     ARC      31D    176
     124     170       1       1       0       0       0       001000000D    177
     124       0       0       2       0                   XFORM      32D    178
     100     172       1       1       0       0     177       001010000D    179
     100       0      -9       1       0                     ARC      32D    180
     124     173       1       1       0       0       0       001000000D    181
     124       0       0       2       0                   XFORM      33D    182
     100     175       1       1       0       0     181       001010000D    183
     100       0      -9       1       0                     ARC      33D    184
     124     176       1       1       0       0       0       001000000D    185
     124       0       0       1       0                   XFORM      34D    186
     100     177       1       1       0       0     185       001010000D    187
     100       0      -9       1       0                     ARC      34D    188
     124     178       1       1       0       0       0       001000000D    189
     124       0       0       2       0                   XFORM      35D    190
     100     180       1       1       0       0     189       001010000D    191
     100       0      -9       1       0                     ARC      35D    192
     124     181       1       1       0       0       0       001000000D    193
     124       0       0       2       0                   XFORM      36D    194
     100     183       1       1       0       0     193       001010000D    195
     100       0      -9       1       0                     ARC      36D    196
     124     184       1       1       0       0       0       001000000D    197
     124       0       0       2       0                   XFORM      37D    198
     100     186       1       1       0       0     197       001010000D    199
     100       0      -9       1       0                     ARC      37D    200
     110     187       1       1       0       0       0       001010000D    201
     110       0      -9       2       0                    LINE      14D    202
     124     189       1       1       0       0       0       001000000D    203
     124       0       0       1       0                   XFORM      38D    204
     100     190       1       1       0       0     203       001010000D    205
     100       0      -9       1       0                     ARC      38D    206
     110     191       1       1       0       0       0       001010000D    207
     110       0      -9       2       0                    LINE      15D    208
     124     193       1       1       0       0       0       001000000D    209
     124       0       0       2       0                   XFORM      39D    210
     100     195       1       1       0       0     209       001010000D    211
     100       0      -9       1       0                     ARC      39D    212
     110     196       1       1       0       0       0       001010000D    213
     110       0      -9       2       0                    LINE      16D    214
     124     198       1       1       0       0       0       001000000D    215
     124       0       0       2       0                   XFORM      40D    216
     100     200       1       1       0       0     215       001010000D    217
     100       0      -9       1       0                     ARC      40D    218
     110     201       1       1       0       0       0       001010000D    219
     110       0      -9       2       0                    LINE      17D    220
     124     203       1       1       0       0       0       001000000D    221
     124       0       0       2       0                   XFORM      41D    222
     100     205       1       1       0       0     221       001010000D    223
     100       0      -9       1       0                     ARC      41D    224
     124     206       1       1       0       0       0       001000000D    225
     124       0       0       2       0                   XFORM      42D    226
     100     208       1       1       0       0     225       001010000D    227
     100       0      -9       1       0                     ARC      42D    228
     124     209       1       1       0       0       0       001000000D    229
     124       0       0       3       0                   XFORM      43D    230
     100     212       1       1       0       0     229       001010000D    231
     100       0      -9       1       0                     ARC      43D    232
     124     213       1       1       0       0       0       001000000D    233
     124       0       0       3       0                   XFORM      44D    234
     100     216       1       1       0       0     233       001010000D    235
     100       0      -9       1       0                     ARC      44D    236
     124     217       1       1       0       0       0       001000000D    237
     124       0       0       2       0                   XFORM      45D    238
     100     219       1       1       0       0     237       001010000D    239
     100       0      -9       1       0                     ARC      45D    240
     110     220       1       1       0       0       0       001010000D    241
     110       0      -9       2       0                    LINE      18D    242
     124     222       1       1       0       0       0       001000000D    243
     124       0       0       2       0                   XFORM      46D    244
     100     224       1       1       0       0     243       001010000D    245
     100       0      -9       1       0                     ARC      46D    246
     110     225       1       1       0       0       0       001010000D    247
     110       0      -9       2       0                    LINE      19D    248
     124     227       1       1       0       0       0       001000000D    249
     124       0       0       2       0                   XFORM      47D    250
     100     229       1       1       0       0     249       001010000D    251
     100       0      -9       1       0                     ARC      47D    252
     124     230       1       1       0       0       0       001000000D    253
     124       0       0       2       0                   XFORM      48D    254
     100     232       1       1       0       0     253       001010000D    255
     100       0      -9       1       0                     ARC      48D    256
     124     233       1       1       0       0       0       001000000D    257
     124       0       0       2       0                   XFORM      49D    258
     100     235       1       1       0       0     257       001010000D    259
     100       0      -9       1       0                     ARC      49D    260
     124     236       1       1       0       0       0       001000000D    261
     124       0       0       2       0                   XFORM      50D    262
     100     238       1       1       0       0     261       001010000D    263
     100       0      -9       1       0                     ARC      50D    264
     124     239       1       1       0       0       0       001000000D    265
     124       0       0       2       0                   XFORM      51D    266
     100     241       1       1       0       0     265       001010000D    267
     100       0      -9       1       0                     ARC      51D    268
     110     242       1       1       0       0       0       001010000D    269
     110       0      -9       2       0                    LINE      20D    270
     124     244       1       1       0       0       0       001000000D    271
     124       0       0       2       0                   XFORM      52D    272
     100     246       1       1       0       0     271       001010000D    273
     100       0      -9       1       0                     ARC      52D    274
     110     247       1       1       0       0       0       001010000D    275
     110       0      -9       2       0                    LINE      21D    276
     124     249       1       1       0       0       0       001000000D    277
     124       0       0       2       0                   XFORM      53D    278
     100     251       1       1       0       0     277       001010000D    279
     100       0      -9       1       0                     ARC      53D    280
     124     252       1       1       0       0       0       001000000D    281
     124       0       0       2       0                   XFORM      54D    282
     100     254       1       1       0       0     281       001010000D    283
     100       0      -9       1       0                     ARC      54D    284
     124     255       1       1       0       0       0       001000000D    285
     124       0       0       3       0                   XFORM      55D    286
     100     258       1       1       0       0     285       001010000D    287
     100       0      -9       1       0                     ARC      55D    288
     124     259       1       1       0       0       0       001000000D    289
     124       0       0       3       0                   XFORM      56D    290
     100     262       1       1       0       0     289       001010000D    291
     100       0      -9       1       0                     ARC      56D    292
     124     263       1       1       0       0       0       001000000D    293
     124       0       0       2       0                   XFORM      57D    294
     100     265       1       1       0       0     293       001010000D    295
     100       0      -9       1       0                     ARC      57D    296
     110     266       1       1       0       0       0       001010000D    297
     110       0      -9       2       0                    LINE      22D    298
     110     268       1       1       0       0       0       001010000D    299
     110       0      -9       2       0                    LINE      23D    300
     124     270       1       1       0       0       0       001000000D    301
     124       0       0       2       0                   XFORM      58D    302
     100     272       1       1       0       0     301       001010000D    303
     100       0      -9       1       0                     ARC      58D    304
     124     273       1       1       0       0       0       001000000D    305
     124       0       0       1       0                   XFORM      59D    306
     100     274       1       1       0       0     305       001010000D    307
     100       0      -9       1       0                     ARC      59D    308
     124     275       1       1       0       0       0       001000000D    309
     124       0       0       1       0                   XFORM      60D    310
     100     276       1       1       0       0     309       001010000D    311
     100       0      -9       1       0                     ARC      60D    312
     124     277       1       1       0       0       0       001000000D    313
     124       0       0       1       0                   XFORM      61D    314
     100     278       1       1       0       0     313       001010000D    315
     100       0      -9       1       0                     ARC      61D    316
     124     279       1       1       0       0       0       001000000D    317
     124       0       0       2       0                   XFORM      62D    318
     100     281       1       1       0       0     317       001010000D    319
     100       0      -9       1       0                     ARC      62D    320
     110     282       1       1       0       0       0       001010000D    321
     110       0      -9       2       0                    LINE      24D    322
     124     284       1       1       0       0       0       001000000D    323
     124       0       0       2       0                   XFORM      63D    324
     100     286       1       1       0       0     323       001010000D    325
     100       0      -9       1       0                     ARC      63D    326
     110     287       1       1       0       0       0       001010000D    327
     110       0      -9       2       0                    LINE      25D    328
     124     289       1       1       0       0       0       001000000D    329
     124       0       0       2       0                   XFORM      64D    330
     100     291       1       1       0       0     329       001010000D    331
     100       0      -9       1       0                     ARC      64D    332
     124     292       1       1       0       0       0       001000000D    333
     124       0       0       2       0                   XFORM      65D    334
     100     294       1       1       0       0     333       001010000D    335
     100       0      -9       1       0                     ARC      65D    336
     124     295       1       1       0       0       0       001000000D    337
     124       0       0       3       0                   XFORM      66D    338
     100     298       1       1       0       0     337       001010000D    339
     100       0      -9       1       0                     ARC      66D    340
     124     299       1       1       0       0       0       001000000D    341
     124       0       0       2       0                   XFORM      67D    342
     100     301       1       1       0       0     341       001010000D    343
     100       0      -9       1       0                     ARC      67D    344
     124     302       1       1       0       0       0       001000000D    345
     124       0       0       3       0                   XFORM      68D    346
     100     305       1       1       0       0     345       001010000D    347
     100       0      -9       1       0                     ARC      68D    348
     124     306       1       1       0       0       0       001000000D    349
     124       0       0       1       0                   XFORM      69D    350
     100     307       1       1       0       0     349       001010000D    351
     100       0      -9       1       0                     ARC      69D    352
     110     308       1       1       0       0       0       001010000D    353
     110       0      -9       2       0                    LINE      26D    354
     124     310       1       1       0       0       0       001000000D    355
     124       0       0       2       0                   XFORM      70D    356
     100     312       1       1       0       0     355       001010000D    357
     100       0      -9       1       0                     ARC      70D    358
     110     313       1       1       0       0       0       001010000D    359
     110       0      -9       2       0                    LINE      27D    360
     124     315       1       1       0       0       0       001000000D    361
     124       0       0       2       0                   XFORM      71D    362
     100     317       1       1       0       0     361       001010000D    363
     100       0      -9       1       0                     ARC      71D    364
     124     318       1       1       0       0       0       001000000D    365
     124       0       0       2       0                   XFORM      72D    366
     100     320       1       1       0       0     365       001010000D    367
     100       0      -9       1       0                     ARC      72D    368
     124     321       1       1       0       0       0       001000000D    369
     124       0       0       1       0                   XFORM      73D    370
     100     322       1       1       0       0     369       001010000D    371
     100       0      -9       1       0                     ARC      73D    372
     124     323       1       1       0       0       0       001000000D    373
     124       0       0       2       0                   XFORM      74D    374
     100     325       1       1       0       0     373       001010000D    375
     100       0      -9       1       0                     ARC      74D    376
     124     326       1       1       0       0       0       001000000D    377
     124       0       0       1       0                   XFORM      75D    378
     100     327       1       1       0       0     377       001010000D    379
     100       0      -9       1       0                     ARC      75D    380
     124     328       1       1       0       0       0       001000000D    381
     124       0       0       1       0                   XFORM      76D    382
     100     329       1       1       0       0     381       001010000D    383
     100       0      -9       1       0                     ARC      76D    384
     124     330       1       1       0       0       0       001000000D    385
     124       0       0       1       0                   XFORM      77D    386
     100     331       1       1       0       0     385       001010000D    387
     100       0      -9       1       0                     ARC      77D    388
     124     332       1       1       0       0       0       001000000D    389
     124       0       0       1       0                   XFORM      78D    390
     100     333       1       1       0       0     389       001010000D    391
     100       0      -9       1       0                     ARC      78D    392
     124     334       1       1       0       0       0       001000000D    393
     124       0       0       1       0                   XFORM      79D    394
     100     335       1       1       0       0     393       001010000D    395
     100       0      -9       1       0                     ARC      79D    396
     124     336       1       1       0       0       0       001000000D    397
     124       0       0       1       0                   XFORM      80D    398
     100     337       1       1       0       0     397       001010000D    399
     100       0      -9       1       0                     ARC      80D    400
     124     338       1       1       0       0       0       001000000D    401
     124       0       0       2       0                   XFORM      81D    402
     100     340       1       1       0       0     401       001010000D    403
     100       0      -9       1       0                     ARC      81D    404
     124     341       1       1       0       0       0       001000000D    405
     124       0       0       2       0                   XFORM      82D    406
     100     343       1       1       0       0     405       001010000D    407
     100       0      -9       1       0                     ARC      82D    408
     124     344       1       1       0       0       0       001000000D    409
     124       0       0       2       0                   XFORM      83D    410
     100     346       1       1       0       0     409       001010000D    411
     100       0      -9       1       0                     ARC      83D    412
     124     347       1       1       0       0       0       001000000D    413
     124       0       0       2       0                   XFORM      84D    414
     100     349       1       1       0       0     413       001010000D    415
     100       0      -9       1       0                     ARC      84D    416
     124     350       1       1       0       0       0       001000000D    417
     124       0       0       3       0                   XFORM      85D    418
     100     353       1       1       0       0     417       001010000D    419
     100       0      -9       1       0                     ARC      85D    420
     124     354       1       1       0       0       0       001000000D    421
     124       0       0       3       0                   XFORM      86D    422
     100     357       1       1       0       0     421       001010000D    423
     100       0      -9       1       0                     ARC      86D    424
     124     358       1       1       0       0       0       001000000D    425
     124       0       0       1       0                   XFORM      87D    426
     100     359       1       1       0       0     425       001010000D    427
     100       0      -9       1       0                     ARC      87D    428
     110     360       1       1       0       0       0       001010000D    429
     110       0      -9       2       0                    LINE      28D    430
     124     362       1       1       0       0       0       001000000D    431
     124       0       0       1       0                   XFORM      88D    432
     100     363       1       1       0       0     431       001010000D    433
     100       0      -9       1       0                     ARC      88D    434
     124     364       1       1       0       0       0       001000000D    435
     124       0       0       3       0                   XFORM      89D    436
     100     367       1       1       0       0     435       001010000D    437
     100       0      -9       1       0                     ARC      89D    438
     124     368       1       1       0       0       0       001000000D    439
     124       0       0       1       0                   XFORM      90D    440
     100     369       1       1       0       0     439       001010000D    441
     100       0      -9       1       0                     ARC      90D    442
     124     370       1       1       0       0       0       001000000D    443
     124       0       0       1       0                   XFORM      91D    444
     100     371       1       1       0       0     443       001010000D    445
     100       0      -9       1       0                     ARC      91D    446
     124     372       1       1       0       0       0       001000000D    447
     124       0       0       1       0                   XFORM      92D    448
     100     373       1       1       0       0     447       001010000D    449
     100       0      -9       1       0                     ARC      92D    450
     124     374       1       1       0       0       0       001000000D    451
     124       0       0       1       0                   XFORM      93D    452
     100     375       1       1       0       0     451       001010000D    453
     100       0      -9       1       0                     ARC      93D    454
     124     376       1       1       0       0       0       001000000D    455
     124       0       0       1       0                   XFORM      94D    456
     100     377       1       1       0       0     455       001010000D    457
     100       0      -9       1       0                     ARC      94D    458
     124     378       1       1       0       0       0       001000000D    459
     124       0       0       1       0                   XFORM      95D    460
     100     379       1       1       0       0     459       001010000D    461
     100       0      -9       1       0                     ARC      95D    462
     124     380       1       1       0       0       0       001000000D    463
     124       0       0       2       0                   XFORM      96D    464
     100     382       1       1       0       0     463       001010000D    465
     100       0      -9       1       0                     ARC      96D    466
     124     383       1       1       0       0       0       001000000D    467
     124       0       0       2       0                   XFORM      97D    468
     100     385       1       1       0       0     467       001010000D    469
     100       0      -9       1       0                     ARC      97D    470
     124     386       1       1       0       0       0       001000000D    471
     124       0       0       2       0                   XFORM      98D    472
     100     388       1       1       0       0     471       001010000D    473
     100       0      -9       1       0                     ARC      98D    474
     124     389       1       1       0       0       0       001000000D    475
     124       0       0       2       0                   XFORM      99D    476
     100     391       1       1       0       0     475       001010000D    477
     100       0      -9       1       0                     ARC      99D    478
     124     392       1       1       0       0       0       001000000D    479
     124       0       0       2       0                   XFORM     100D    480
     100     394       1       1       0       0     479       001010000D    481
     100       0      -9       1       0                     ARC     100D    482
     124     395       1       1       0       0       0       001000000D    483
     124       0       0       1       0                   XFORM     101D    484
     100     396       1       1       0       0     483       001010000D    485
     100       0      -9       1       0                     ARC     101D    486
     124     397       1       1       0       0       0       001000000D    487
     124       0       0       1       0                   XFORM     102D    488
     100     398       1       1       0       0     487       001010000D    489
     100       0      -9       1       0                     ARC     102D    490
     110     399       1       1       0       0       0       001010000D    491
     110       0      -9       2       0                    LINE      29D    492
     110     401       1       1       0       0       0       001010000D    493
     110       0      -9       2       0                    LINE      30D    494
     124     403       1       1       0       0       0       001000000D    495
     124       0       0       2       0                   XFORM     103D    496
     100     405       1       1       0       0     495       001010000D    497
     100       0      -9       1       0                     ARC     103D    498
     124     406       1       1       0       0       0       001000000D    499
     124       0       0       2       0                   XFORM     104D    500
     100     408       1       1       0       0     499       001010000D    501
     100       0      -9       1       0                     ARC     104D    502
     124     409       1       1       0       0       0       001000000D    503
     124       0       0       2       0                   XFORM     105D    504
     100     411       1       1       0       0     503       001010000D    505
     100       0      -9       1       0                     ARC     105D    506
     124     412       1       1       0       0       0       001000000D    507
     124       0       0       2       0                   XFORM     106D    508
     100     414       1       1       0       0     507       001010000D    509
     100       0      -9       1       0                     ARC     106D    510
     124     415       1       1       0       0       0       001000000D    511
     124       0       0       2       0                   XFORM     107D    512
     100     417       1       1       0       0     511       001010000D    513
     100       0      -9       1       0                     ARC     107D    514
     124     418       1       1       0       0       0       001000000D    515
     124       0       0       2       0                   XFORM     108D    516
     100     420       1       1       0       0     515       001010000D    517
     100       0      -9       1       0                     ARC     108D    518
     124     421       1       1       0       0       0       001000000D    519
     124       0       0       2       0                   XFORM     109D    520
     100     423       1       1       0       0     519       001010000D    521
     100       0      -9       1       0                     ARC     109D    522
     124     424       1       1       0       0       0       001000000D    523
     124       0       0       2       0                   XFORM     110D    524
     100     426       1       1       0       0     523       001010000D    525
     100       0      -9       1       0                     ARC     110D    526
     124     427       1       1       0       0       0       001000000D    527
     124       0       0       2       0                   XFORM     111D    528
     100     429       1       1       0       0     527       001010000D    529
     100       0      -9       1       0                     ARC     111D    530
     124     430       1       1       0       0       0       001000000D    531
     124       0       0       3       0                   XFORM     112D    532
     100     433       1       1       0       0     531       001010000D    533
     100       0      -9       1       0                     ARC     112D    534
     124     434       1       1       0       0       0       001000000D    535
     124       0       0       2       0                   XFORM     113D    536
     100     436       1       1       0       0     535       001010000D    537
     100       0      -9       1       0                     ARC     113D    538
     124     437       1       1       0       0       0       001000000D    539
     124       0       0       3       0                   XFORM     114D    540
     100     440       1       1       0       0     539       001010000D    541
     100       0      -9       1       0                     ARC     114D    542
     126     441       1       1       0       0       0       001010000D    543
     126       0      -9      20       0                B_SPLINE       3D    544
     110     461       1       1       0       0       0       001010000D    545
     110       0      -9       2       0                    LINE      31D    546
     124     463       1       1       0       0       0       001000000D    547
     124       0       0       2       0                   XFORM     115D    548
     100     465       1       1       0       0     547       001010000D    549
     100       0      -9       1       0                     ARC     115D    550
     110     466       1       1       0       0       0       001010000D    551
     110       0      -9       2       0                    LINE      32D    552
     110     468       1       1       0       0       0       001010000D    553
     110       0      -9       2       0                    LINE      33D    554
     124     470       1       1       0       0       0       001000000D    555
     124       0       0       4       0                   XFORM     116D    556
     100     474       1       1       0       0     555       001010000D    557
     100       0      -9       2       0                     ARC     116D    558
     124     476       1       1       0       0       0       001000000D    559
     124       0       0       4       0                   XFORM     117D    560
     100     480       1       1       0       0     559       001010000D    561
     100       0      -9       2       0                     ARC     117D    562
     126     482       1       1       0       0       0       001010000D    563
     126       0      -9      20       0                B_SPLINE       4D    564
     124     502       1       1       0       0       0       001000000D    565
     124       0       0       2       0                   XFORM     118D    566
     100     504       1       1       0       0     565       001010000D    567
     100       0      -9       1       0                     ARC     118D    568
     124     505       1       1       0       0       0       001000000D    569
     124       0       0       2       0                   XFORM     119D    570
     100     507       1       1       0       0     569       001010000D    571
     100       0      -9       1       0                     ARC     119D    572
     124     508       1       1       0       0       0       001000000D    573
     124       0       0       2       0                   XFORM     120D    574
     100     510       1       1       0       0     573       001010000D    575
     100       0      -9       1       0                     ARC     120D    576
     124     511       1       1       0       0       0       001000000D    577
     124       0       0       2       0                   XFORM     121D    578
     100     513       1       1       0       0     577       001010000D    579
     100       0      -9       1       0                     ARC     121D    580
     124     514       1       1       0       0       0       001000000D    581
     124       0       0       3       0                   XFORM     122D    582
     100     517       1       1       0       0     581       001010000D    583
     100       0      -9       1       0                     ARC     122D    584
     124     518       1       1       0       0       0       001000000D    585
     124       0       0       2       0                   XFORM     123D    586
     100     520       1       1       0       0     585       001010000D    587
     100       0      -9       1       0                     ARC     123D    588
     110     521       1       1       0       0       0       001010000D    589
     110       0      -9       2       0                    LINE      34D    590
     124     523       1       1       0       0       0       001000000D    591
     124       0       0       1       0                   XFORM     124D    592
     100     524       1       1       0       0     591       001010000D    593
     100       0      -9       1       0                     ARC     124D    594
     110     525       1       1       0       0       0       001010000D    595
     110       0      -9       2       0                    LINE      35D    596
     124     527       1       1       0       0       0       001000000D    597
     124       0       0       4       0                   XFORM     125D    598
     100     531       1       1       0       0     597       001010000D    599
     100       0      -9       1       0                     ARC     125D    600
     124     532       1       1       0       0       0       001000000D    601
     124       0       0       2       0                   XFORM     126D    602
     100     534       1       1       0       0     601       001010000D    603
     100       0      -9       1       0                     ARC     126D    604
     110     535       1       1       0       0       0       001010000D    605
     110       0      -9       2       0                    LINE      36D    606
     124     537       1       1       0       0       0       001000000D    607
     124       0       0       2       0                   XFORM     127D    608
     100     539       1       1       0       0     607       001010000D    609
     100       0      -9       1       0                     ARC     127D    610
     110     540       1       1       0       0       0       001010000D    611
     110       0      -9       2       0                    LINE      37D    612
     124     542       1       1       0       0       0       001000000D    613
     124       0       0       2       0                   XFORM     128D    614
     100     544       1       1       0       0     613       001010000D    615
     100       0      -9       1       0                     ARC     128D    616
     124     545       1       1       0       0       0       001000000D    617
     124       0       0       2       0                   XFORM     129D    618
     100     547       1       1       0       0     617       001010000D    619
     100       0      -9       1       0                     ARC     129D    620
     124     548       1       1       0       0       0       001000000D    621
     124       0       0       4       0                   XFORM     130D    622
     100     552       1       1       0       0     621       001010000D    623
     100       0      -9       1       0                     ARC     130D    624
     124     553       1       1       0       0       0       001000000D    625
     124       0       0       2       0                   XFORM     131D    626
     100     555       1       1       0       0     625       001010000D    627
     100       0      -9       1       0                     ARC     131D    628
     124     556       1       1       0       0       0       001000000D    629
     124       0       0       1       0                   XFORM     132D    630
     100     557       1       1       0       0     629       001010000D    631
     100       0      -9       1       0                     ARC     132D    632
     124     558       1       1       0       0       0       001000000D    633
     124       0       0       2       0                   XFORM     133D    634
     100     560       1       1       0       0     633       001010000D    635
     100       0      -9       1       0                     ARC     133D    636
     124     561       1       1       0       0       0       001000000D    637
     124       0       0       2       0                   XFORM     134D    638
     100     563       1       1       0       0     637       001010000D    639
     100       0      -9       1       0                     ARC     134D    640
     124     564       1       1       0       0       0       001000000D    641
     124       0       0       2       0                   XFORM     135D    642
     100     566       1       1       0       0     641       001010000D    643
     100       0      -9       1       0                     ARC     135D    644
     124     567       1       1       0       0       0       001000000D    645
     124       0       0       2       0                   XFORM     136D    646
     100     569       1       1       0       0     645       001010000D    647
     100       0      -9       1       0                     ARC     136D    648
     110     570       1       1       0       0       0       001010000D    649
     110       0      -9       2       0                    LINE      38D    650
     124     572       1       1       0       0       0       001000000D    651
     124       0       0       2       0                   XFORM     137D    652
     100     574       1       1       0       0     651       001010000D    653
     100       0      -9       1       0                     ARC     137D    654
     110     575       1       1       0       0       0       001010000D    655
     110       0      -9       2       0                    LINE      39D    656
     124     577       1       1       0       0       0       001000000D    657
     124       0       0       3       0                   XFORM     138D    658
     100     580       1       1       0       0     657       001010000D    659
     100       0      -9       1       0                     ARC     138D    660
     124     581       1       1       0       0       0       001000000D    661
     124       0       0       3       0                   XFORM     139D    662
     100     584       1       1       0       0     661       001010000D    663
     100       0      -9       1       0                     ARC     139D    664
     124     585       1       1       0       0       0       001000000D    665
     124       0       0       2       0                   XFORM     140D    666
     100     587       1       1       0       0     665       001010000D    667
     100       0      -9       1       0                     ARC     140D    668
     110     588       1       1       0       0       0       001010000D    669
     110       0      -9       2       0                    LINE      40D    670
     124     590       1       1       0       0       0       001000000D    671
     124       0       0       2       0                   XFORM     141D    672
     100     592       1       1       0       0     671       001010000D    673
     100       0      -9       1       0                     ARC     141D    674
     110     593       1       1       0       0       0       001010000D    675
     110       0      -9       2       0                    LINE      41D    676
     124     595       1       1       0       0       0       001000000D    677
     124       0       0       2       0                   XFORM     142D    678
     100     597       1       1       0       0     677       001010000D    679
     100       0      -9       1       0                     ARC     142D    680
     124     598       1       1       0       0       0       001000000D    681
     124       0       0       2       0                   XFORM     143D    682
     100     600       1       1       0       0     681       001010000D    683
     100       0      -9       1       0                     ARC     143D    684
     124     601       1       1       0       0       0       001000000D    685
     124       0       0       3       0                   XFORM     144D    686
     100     604       1       1       0       0     685       001010000D    687
     100       0      -9       1       0                     ARC     144D    688
     124     605       1       1       0       0       0       001000000D    689
     124       0       0       2       0                   XFORM     145D    690
     100     607       1       1       0       0     689       001010000D    691
     100       0      -9       1       0                     ARC     145D    692
     126     608       1       1       0       0       0       001010000D    693
     126       0      -9      20       0                B_SPLINE       5D    694
     110     628       1       1       0       0       0       001010000D    695
     110       0      -9       2       0                    LINE      42D    696
     126     630       1       1       0       0       0       001010000D    697
     126       0      -9      20       0                B_SPLINE       6D    698
     126     650       1       1       0       0       0       001010000D    699
     126       0      -9      20       0                B_SPLINE       7D    700
     110     670       1       1       0       0       0       001010000D    701
     110       0      -9       2       0                    LINE      43D    702
     126     672       1       1       0       0       0       001010000D    703
     126       0      -9      20       0                B_SPLINE       8D    704
     124     692       1       1       0       0       0       001000000D    705
     124       0       0       3       0                   XFORM     146D    706
     100     695       1       1       0       0     705       001010000D    707
     100       0      -9       1       0                     ARC     146D    708
     124     696       1       1       0       0       0       001000000D    709
     124       0       0       1       0                   XFORM     147D    710
     100     697       1       1       0       0     709       001010000D    711
     100       0      -9       1       0                     ARC     147D    712
     110     698       1       1       0       0       0       001010000D    713
     110       0      -9       2       0                    LINE      44D    714
     124     700       1       1       0       0       0       001000000D    715
     124       0       0       1       0                   XFORM     148D    716
     100     701       1       1       0       0     715       001010000D    717
     100       0      -9       1       0                     ARC     148D    718
     124     702       1       1       0       0       0       001000000D    719
     124       0       0       3       0                   XFORM     149D    720
     100     705       1       1       0       0     719       001010000D    721
     100       0      -9       1       0                     ARC     149D    722
     124     706       1       1       0       0       0       001000000D    723
     124       0       0       3       0                   XFORM     150D    724
     100     709       1       1       0       0     723       001010000D    725
     100       0      -9       1       0                     ARC     150D    726
     124     710       1       1       0       0       0       001000000D    727
     124       0       0       1       0                   XFORM     151D    728
     100     711       1       1       0       0     727       001010000D    729
     100       0      -9       1       0                     ARC     151D    730
     124     712       1       1       0       0       0       001000000D    731
     124       0       0       1       0                   XFORM     152D    732
     100     713       1       1       0       0     731       001010000D    733
     100       0      -9       1       0                     ARC     152D    734
     124     714       1       1       0       0       0       001000000D    735
     124       0       0       1       0                   XFORM     153D    736
     100     715       1       1       0       0     735       001010000D    737
     100       0      -9       1       0                     ARC     153D    738
     110     716       1       1       0       0       0       001010000D    739
     110       0      -9       2       0                    LINE      45D    740
     124     718       1       1       0       0       0       001000000D    741
     124       0       0       1       0                   XFORM     154D    742
     100     719       1       1       0       0     741       001010000D    743
     100       0      -9       1       0                     ARC     154D    744
     110     720       1       1       0       0       0       001010000D    745
     110       0      -9       2       0                    LINE      46D    746
     124     722       1       1       0       0       0       001000000D    747
     124       0       0       2       0                   XFORM     155D    748
     100     724       1       1       0       0     747       001010000D    749
     100       0      -9       1       0                     ARC     155D    750
     124     725       1       1       0       0       0       001000000D    751
     124       0       0       2       0                   XFORM     156D    752
     100     727       1       1       0       0     751       001010000D    753
     100       0      -9       1       0                     ARC     156D    754
     124     728       1       1       0       0       0       001000000D    755
     124       0       0       4       0                   XFORM     157D    756
     100     732       1       1       0       0     755       001010000D    757
     100       0      -9       1       0                     ARC     157D    758
     124     733       1       1       0       0       0       001000000D    759
     124       0       0       4       0                   XFORM     158D    760
     100     737       1       1       0       0     759       001010000D    761
     100       0      -9       1       0                     ARC     158D    762
     124     738       1       1       0       0       0       001000000D    763
     124       0       0       2       0                   XFORM     159D    764
     100     740       1       1       0       0     763       001010000D    765
     100       0      -9       1       0                     ARC     159D    766
     110     741       1       1       0       0       0       001010000D    767
     110       0      -9       2       0                    LINE      47D    768
     124     743       1       1       0       0       0       001000000D    769
     124       0       0       2       0                   XFORM     160D    770
     100     745       1       1       0       0     769       001010000D    771
     100       0      -9       1       0                     ARC     160D    772
     124     746       1       1       0       0       0       001000000D    773
     124       0       0       2       0                   XFORM     161D    774
     100     748       1       1       0       0     773       001010000D    775
     100       0      -9       1       0                     ARC     161D    776
     110     749       1       1       0       0       0       001010000D    777
     110       0      -9       2       0                    LINE      48D    778
     124     751       1       1       0       0       0       001000000D    779
     124       0       0       2       0                   XFORM     162D    780
     100     753       1       1       0       0     779       001010000D    781
     100       0      -9       1       0                     ARC     162D    782
     124     754       1       1       0       0       0       001000000D    783
     124       0       0       4       0                   XFORM     163D    784
     100     758       1       1       0       0     783       001010000D    785
     100       0      -9       1       0                     ARC     163D    786
     124     759       1       1       0       0       0       001000000D    787
     124       0       0       4       0                   XFORM     164D    788
     100     763       1       1       0       0     787       001010000D    789
     100       0      -9       1       0                     ARC     164D    790
     124     764       1       1       0       0       0       001000000D    791
     124       0       0       4       0                   XFORM     165D    792
     100     768       1       1       0       0     791       001010000D    793
     100       0      -9       1       0                     ARC     165D    794
     124     769       1       1       0       0       0       001000000D    795
     124       0       0       4       0                   XFORM     166D    796
     100     773       1       1       0       0     795       001010000D    797
     100       0      -9       1       0                     ARC     166D    798
     124     774       1       1       0       0       0       001000000D    799
     124       0       0       2       0                   XFORM     167D    800
     100     776       1       1       0       0     799       001010000D    801
     100       0      -9       1       0                     ARC     167D    802
     110     777       1       1       0       0       0       001010000D    803
     110       0      -9       2       0                    LINE      49D    804
     124     779       1       1       0       0       0       001000000D    805
     124       0       0       2       0                   XFORM     168D    806
     100     781       1       1       0       0     805       001010000D    807
     100       0      -9       1       0                     ARC     168D    808
     124     782       1       1       0       0       0       001000000D    809
     124       0       0       2       0                   XFORM     169D    810
     100     784       1       1       0       0     809       001010000D    811
     100       0      -9       1       0                     ARC     169D    812
     110     785       1       1       0       0       0       001010000D    813
     110       0      -9       2       0                    LINE      50D    814
     124     787       1       1       0       0       0       001000000D    815
     124       0       0       2       0                   XFORM     170D    816
     100     789       1       1       0       0     815       001010000D    817
     100       0      -9       1       0                     ARC     170D    818
     124     790       1       1       0       0       0       001000000D    819
     124       0       0       4       0                   XFORM     171D    820
     100     794       1       1       0       0     819       001010000D    821
     100       0      -9       1       0                     ARC     171D    822
     124     795       1       1       0       0       0       001000000D    823
     124       0       0       4       0                   XFORM     172D    824
     100     799       1       1       0       0     823       001010000D    825
     100       0      -9       1       0                     ARC     172D    826
     502     800       1       1       0       0       0       001010000D    827
     502       0      -9      74       1                  VERTEX       1D    828
     504     874       1       1       0       0       0       000010001D    829
     504       0      -9      67       1                    EDGE       1D    830
     110     941       1       1       0       0       0       001010000D    831
     110       0      -9       1       0                    LINE      51D    832
     110     942       1       1       0       0       0       001010000D    833
     110       0      -9       1       0                    LINE      52D    834
     120     943       1       1       0       0       0       001010000D    835
     120       0      -9       1       0                    SREV       1D    836
     508     944       1       1       0       0       0       001010000D    837
     508       0       0       1       1                EDGELOOP       1D    838
     510     945       1       1       0       0       0       000010000D    839
     510       0      -9       1       1                    FACE       1D    840
     110     946       1       1       0       0       0       001010000D    841
     110       0      -9       1       0                    LINE      53D    842
     124     947       1       1       0       0       0       001000000D    843
     124       0       0       4       0                   XFORM     173D    844
     100     951       1       1       0       0     843       001010000D    845
     100       0      -9       1       0                     ARC     173D    846
     120     952       1       1       0       0       0       001010000D    847
     120       0      -9       1       0                    SREV       2D    848
     508     953       1       1       0       0       0       001010000D    849
     508       0       0       1       1                EDGELOOP       2D    850
     510     954       1       1       0       0       0       000010000D    851
     510       0      -9       1       1                    FACE       2D    852
     110     955       1       1       0       0       0       001010000D    853
     110       0      -9       1       0                    LINE      54D    854
     124     956       1       1       0       0       0       001000000D    855
     124       0       0       4       0                   XFORM     174D    856
     100     960       1       1       0       0     855       001010000D    857
     100       0      -9       1       0                     ARC     174D    858
     120     961       1       1       0       0       0       001010000D    859
     120       0      -9       1       0                    SREV       3D    860
     508     962       1       1       0       0       0       001010000D    861
     508       0       0       1       1                EDGELOOP       3D    862
     510     963       1       1       0       0       0       000010000D    863
     510       0      -9       1       1                    FACE       3D    864
     110     964       1       1       0       0       0       001010000D    865
     110       0      -9       1       0                    LINE      55D    866
     110     965       1       1       0       0       0       001010000D    867
     110       0      -9       1       0                    LINE      56D    868
     120     966       1       1       0       0       0       001010000D    869
     120       0      -9       1       0                    SREV       4D    870
     508     967       1       1       0       0       0       001010000D    871
     508       0       0       1       1                EDGELOOP       4D    872
     510     968       1       1       0       0       0       000010000D    873
     510       0      -9       1       1                    FACE       4D    874
     110     969       1       1       0       0       0       001010000D    875
     110       0      -9       1       0                    LINE      57D    876
     124     970       1       1       0       0       0       001000000D    877
     124       0       0       2       0                   XFORM     175D    878
     100     972       1       1       0       0     877       001010000D    879
     100       0      -9       1       0                     ARC     175D    880
     120     973       1       1       0       0       0       001010000D    881
     120       0      -9       1       0                    SREV       5D    882
     508     974       1       1       0       0       0       001010000D    883
     508       0       0       1       1                EDGELOOP       5D    884
     510     975       1       1       0       0       0       000010000D    885
     510       0      -9       1       1                    FACE       5D    886
     110     976       1       1       0       0       0       001010000D    887
     110       0      -9       1       0                    LINE      58D    888
     124     977       1       1       0       0       0       001000000D    889
     124       0       0       2       0                   XFORM     176D    890
     100     979       1       1       0       0     889       001010000D    891
     100       0      -9       1       0                     ARC     176D    892
     120     980       1       1       0       0       0       001010000D    893
     120       0      -9       1       0                    SREV       6D    894
     508     981       1       1       0       0       0       001010000D    895
     508       0       0       1       1                EDGELOOP       6D    896
     510     982       1       1       0       0       0       000010000D    897
     510       0      -9       1       1                    FACE       6D    898
     110     983       1       1       0       0       0       001010000D    899
     110       0      -9       1       0                    LINE      59D    900
     110     984       1       1       0       0       0       001010000D    901
     110       0      -9       2       0                    LINE      60D    902
     120     986       1       1       0       0       0       001010000D    903
     120       0      -9       1       0                    SREV       7D    904
     508     987       1       1       0       0       0       001010000D    905
     508       0       0       2       1                EDGELOOP       7D    906
     510     989       1       1       0       0       0       000010000D    907
     510       0      -9       1       1                    FACE       7D    908
     128     990       1       1       0       0       0       001010000D    909
     128       0      -9      93       0                  SPLSRF       1D    910
     508    1083       1       1       0       0       0       001010000D    911
     508       0       0       1       1                EDGELOOP       8D    912
     510    1084       1       1       0       0       0       000010000D    913
     510       0      -9       1       1                    FACE       8D    914
     128    1085       1       1       0       0       0       001010000D    915
     128       0      -9      93       0                  SPLSRF       2D    916
     508    1178       1       1       0       0       0       001010000D    917
     508       0       0       1       1                EDGELOOP       9D    918
     510    1179       1       1       0       0       0       000010000D    919
     510       0      -9       1       1                    FACE       9D    920
     110    1180       1       1       0       0       0       001010000D    921
     110       0      -9       1       0                    LINE      61D    922
     110    1181       1       1       0       0       0       001010000D    923
     110       0      -9       2       0                    LINE      62D    924
     120    1183       1       1       0       0       0       001010000D    925
     120       0      -9       1       0                    SREV       8D    926
     508    1184       1       1       0       0       0       001010000D    927
     508       0       0       2       1                EDGELOOP      10D    928
     510    1186       1       1       0       0       0       000010000D    929
     510       0      -9       1       1                    FACE      10D    930
     110    1187       1       1       0       0       0       001010000D    931
     110       0      -9       1       0                    LINE      63D    932
     124    1188       1       1       0       0       0       001000000D    933
     124       0       0       3       0                   XFORM     177D    934
     100    1191       1       1       0       0     933       001010000D    935
     100       0      -9       1       0                     ARC     177D    936
     120    1192       1       1       0       0       0       001010000D    937
     120       0      -9       1       0                    SREV       9D    938
     508    1193       1       1       0       0       0       001010000D    939
     508       0       0       1       1                EDGELOOP      11D    940
     510    1194       1       1       0       0       0       000010000D    941
     510       0      -9       1       1                    FACE      11D    942
     110    1195       1       1       0       0       0       001010000D    943
     110       0      -9       1       0                    LINE      64D    944
     124    1196       1       1       0       0       0       001000000D    945
     124       0       0       3       0                   XFORM     178D    946
     100    1199       1       1       0       0     945       001010000D    947
     100       0      -9       1       0                     ARC     178D    948
     120    1200       1       1       0       0       0       001010000D    949
     120       0      -9       1       0                    SREV      10D    950
     508    1201       1       1       0       0       0       001010000D    951
     508       0       0       1       1                EDGELOOP      12D    952
     510    1202       1       1       0       0       0       000010000D    953
     510       0      -9       1       1                    FACE      12D    954
     110    1203       1       1       0       0       0       001010000D    955
     110       0      -9       1       0                    LINE      65D    956
     110    1204       1       1       0       0       0       001010000D    957
     110       0      -9       1       0                    LINE      66D    958
     120    1205       1       1       0       0       0       001010000D    959
     120       0      -9       1       0                    SREV      11D    960
     508    1206       1       1       0       0       0       001010000D    961
     508       0       0       1       1                EDGELOOP      13D    962
     510    1207       1       1       0       0       0       000010000D    963
     510       0      -9       1       1                    FACE      13D    964
     110    1208       1       1       0       0       0       001010000D    965
     110       0      -9       1       0                    LINE      67D    966
     110    1209       1       1       0       0       0       001010000D    967
     110       0      -9       1       0                    LINE      68D    968
     120    1210       1       1       0       0       0       001010000D    969
     120       0      -9       1       0                    SREV      12D    970
     508    1211       1       1       0       0       0       001010000D    971
     508       0       0       1       1                EDGELOOP      14D    972
     510    1212       1       1       0       0       0       000010000D    973
     510       0      -9       1       1                    FACE      14D    974
     110    1213       1       1       0       0       0       001010000D    975
     110       0      -9       1       0                    LINE      69D    976
     110    1214       1       1       0       0       0       001010000D    977
     110       0      -9       1       0                    LINE      70D    978
     120    1215       1       1       0       0       0       001010000D    979
     120       0      -9       1       0                    SREV      13D    980
     508    1216       1       1       0       0       0       001010000D    981
     508       0       0       1       1                EDGELOOP      15D    982
     510    1217       1       1       0       0       0       000010000D    983
     510       0      -9       1       1                    FACE      15D    984
     110    1218       1       1       0       0       0       001010000D    985
     110       0      -9       1       0                    LINE      71D    986
     110    1219       1       1       0       0       0       001010000D    987
     110       0      -9       1       0                    LINE      72D    988
     120    1220       1       1       0       0       0       001010000D    989
     120       0      -9       1       0                    SREV      14D    990
     508    1221       1       1       0       0       0       001010000D    991
     508       0       0       1       1                EDGELOOP      16D    992
     510    1222       1       1       0       0       0       000010000D    993
     510       0      -9       1       1                    FACE      16D    994
     110    1223       1       1       0       0       0       001010000D    995
     110       0      -9       1       0                    LINE      73D    996
     110    1224       1       1       0       0       0       001010000D    997
     110       0      -9       1       0                    LINE      74D    998
     120    1225       1       1       0       0       0       001010000D    999
     120       0      -9       1       0                    SREV      15D   1000
     508    1226       1       1       0       0       0       001010000D   1001
     508       0       0       1       1                EDGELOOP      17D   1002
     510    1227       1       1       0       0       0       000010000D   1003
     510       0      -9       1       1                    FACE      17D   1004
     110    1228       1       1       0       0       0       001010000D   1005
     110       0      -9       1       0                    LINE      75D   1006
     110    1229       1       1       0       0       0       001010000D   1007
     110       0      -9       1       0                    LINE      76D   1008
     120    1230       1       1       0       0       0       001010000D   1009
     120       0      -9       1       0                    SREV      16D   1010
     508    1231       1       1       0       0       0       001010000D   1011
     508       0       0       1       1                EDGELOOP      18D   1012
     510    1232       1       1       0       0       0       000010000D   1013
     510       0      -9       1       1                    FACE      18D   1014
     110    1233       1       1       0       0       0       001010000D   1015
     110       0      -9       1       0                    LINE      77D   1016
     124    1234       1       1       0       0       0       001000000D   1017
     124       0       0       3       0                   XFORM     179D   1018
     100    1237       1       1       0       0    1017       001010000D   1019
     100       0      -9       1       0                     ARC     179D   1020
     120    1238       1       1       0       0       0       001010000D   1021
     120       0      -9       1       0                    SREV      17D   1022
     508    1239       1       1       0       0       0       001010000D   1023
     508       0       0       1       1                EDGELOOP      19D   1024
     510    1240       1       1       0       0       0       000010000D   1025
     510       0      -9       1       1                    FACE      19D   1026
     110    1241       1       1       0       0       0       001010000D   1027
     110       0      -9       1       0                    LINE      78D   1028
     124    1242       1       1       0       0       0       001000000D   1029
     124       0       0       3       0                   XFORM     180D   1030
     100    1245       1       1       0       0    1029       001010000D   1031
     100       0      -9       1       0                     ARC     180D   1032
     120    1246       1       1       0       0       0       001010000D   1033
     120       0      -9       1       0                    SREV      18D   1034
     508    1247       1       1       0       0       0       001010000D   1035
     508       0       0       1       1                EDGELOOP      20D   1036
     510    1248       1       1       0       0       0       000010000D   1037
     510       0      -9       1       1                    FACE      20D   1038
     110    1249       1       1       0       0       0       001010000D   1039
     110       0      -9       1       0                    LINE      79D   1040
     110    1250       1       1       0       0       0       001010000D   1041
     110       0      -9       2       0                    LINE      80D   1042
     120    1252       1       1       0       0       0       001010000D   1043
     120       0      -9       1       0                    SREV      19D   1044
     508    1253       1       1       0       0       0       001010000D   1045
     508       0       0       1       1                EDGELOOP      21D   1046
     510    1254       1       1       0       0       0       000010000D   1047
     510       0      -9       1       1                    FACE      21D   1048
     110    1255       1       1       0       0       0       001010000D   1049
     110       0      -9       1       0                    LINE      81D   1050
     110    1256       1       1       0       0       0       001010000D   1051
     110       0      -9       2       0                    LINE      82D   1052
     120    1258       1       1       0       0       0       001010000D   1053
     120       0      -9       1       0                    SREV      20D   1054
     508    1259       1       1       0       0       0       001010000D   1055
     508       0       0       1       1                EDGELOOP      22D   1056
     510    1260       1       1       0       0       0       000010000D   1057
     510       0      -9       1       1                    FACE      22D   1058
     110    1261       1       1       0       0       0       001010000D   1059
     110       0      -9       1       0                    LINE      83D   1060
     124    1262       1       1       0       0       0       001000000D   1061
     124       0       0       2       0                   XFORM     181D   1062
     100    1264       1       1       0       0    1061       001010000D   1063
     100       0      -9       1       0                     ARC     181D   1064
     120    1265       1       1       0       0       0       001010000D   1065
     120       0      -9       1       0                    SREV      21D   1066
     508    1266       1       1       0       0       0       001010000D   1067
     508       0       0       1       1                EDGELOOP      23D   1068
     510    1267       1       1       0       0       0       000010000D   1069
     510       0      -9       1       1                    FACE      23D   1070
     110    1268       1       1       0       0       0       001010000D   1071
     110       0      -9       1       0                    LINE      84D   1072
     124    1269       1       1       0       0       0       001000000D   1073
     124       0       0       2       0                   XFORM     182D   1074
     100    1271       1       1       0       0    1073       001010000D   1075
     100       0      -9       1       0                     ARC     182D   1076
     120    1272       1       1       0       0       0       001010000D   1077
     120       0      -9       1       0                    SREV      22D   1078
     508    1273       1       1       0       0       0       001010000D   1079
     508       0       0       1       1                EDGELOOP      24D   1080
     510    1274       1       1       0       0       0       000010000D   1081
     510       0      -9       1       1                    FACE      24D   1082
     110    1275       1       1       0       0       0       001010000D   1083
     110       0      -9       1       0                    LINE      85D   1084
     110    1276       1       1       0       0       0       001010000D   1085
     110       0      -9       1       0                    LINE      86D   1086
     120    1277       1       1       0       0       0       001010000D   1087
     120       0      -9       1       0                    SREV      23D   1088
     508    1278       1       1       0       0       0       001010000D   1089
     508       0       0       1       1                EDGELOOP      25D   1090
     510    1279       1       1       0       0       0       000010000D   1091
     510       0      -9       1       1                    FACE      25D   1092
     110    1280       1       1       0       0       0       001010000D   1093
     110       0      -9       1       0                    LINE      87D   1094
     124    1281       1       1       0       0       0       001000000D   1095
     124       0       0       4       0                   XFORM     183D   1096
     100    1285       1       1       0       0    1095       001010000D   1097
     100       0      -9       1       0                     ARC     183D   1098
     120    1286       1       1       0       0       0       001010000D   1099
     120       0      -9       1       0                    SREV      24D   1100
     508    1287       1       1       0       0       0       001010000D   1101
     508       0       0       1       1                EDGELOOP      26D   1102
     510    1288       1       1       0       0       0       000010000D   1103
     510       0      -9       1       1                    FACE      26D   1104
     110    1289       1       1       0       0       0       001010000D   1105
     110       0      -9       1       0                    LINE      88D   1106
     124    1290       1       1       0       0       0       001000000D   1107
     124       0       0       4       0                   XFORM     184D   1108
     100    1294       1       1       0       0    1107       001010000D   1109
     100       0      -9       1       0                     ARC     184D   1110
     120    1295       1       1       0       0       0       001010000D   1111
     120       0      -9       1       0                    SREV      25D   1112
     508    1296       1       1       0       0       0       001010000D   1113
     508       0       0       1       1                EDGELOOP      27D   1114
     510    1297       1       1       0       0       0       000010000D   1115
     510       0      -9       1       1                    FACE      27D   1116
     110    1298       1       1       0       0       0       001010000D   1117
     110       0      -9       1       0                    LINE      89D   1118
     110    1299       1       1       0       0       0       001010000D   1119
     110       0      -9       1       0                    LINE      90D   1120
     120    1300       1       1       0       0       0       001010000D   1121
     120       0      -9       1       0                    SREV      26D   1122
     508    1301       1       1       0       0       0       001010000D   1123
     508       0       0       1       1                EDGELOOP      28D   1124
     510    1302       1       1       0       0       0       000010000D   1125
     510       0      -9       1       1                    FACE      28D   1126
     110    1303       1       1       0       0       0       001010000D   1127
     110       0      -9       1       0                    LINE      91D   1128
     110    1304       1       1       0       0       0       001010000D   1129
     110       0      -9       2       0                    LINE      92D   1130
     120    1306       1       1       0       0       0       001010000D   1131
     120       0      -9       1       0                    SREV      27D   1132
     508    1307       1       1       0       0       0       001010000D   1133
     508       0       0       1       1                EDGELOOP      29D   1134
     510    1308       1       1       0       0       0       000010000D   1135
     510       0      -9       1       1                    FACE      29D   1136
     110    1309       1       1       0       0       0       001010000D   1137
     110       0      -9       1       0                    LINE      93D   1138
     110    1310       1       1       0       0       0       001010000D   1139
     110       0      -9       2       0                    LINE      94D   1140
     120    1312       1       1       0       0       0       001010000D   1141
     120       0      -9       1       0                    SREV      28D   1142
     508    1313       1       1       0       0       0       001010000D   1143
     508       0       0       1       1                EDGELOOP      30D   1144
     510    1314       1       1       0       0       0       000010000D   1145
     510       0      -9       1       1                    FACE      30D   1146
     110    1315       1       1       0       0       0       001010000D   1147
     110       0      -9       1       0                    LINE      95D   1148
     124    1316       1       1       0       0       0       001000000D   1149
     124       0       0       4       0                   XFORM     185D   1150
     100    1320       1       1       0       0    1149       001010000D   1151
     100       0      -9       1       0                     ARC     185D   1152
     120    1321       1       1       0       0       0       001010000D   1153
     120       0      -9       1       0                    SREV      29D   1154
     508    1322       1       1       0       0       0       001010000D   1155
     508       0       0       1       1                EDGELOOP      31D   1156
     510    1323       1       1       0       0       0       000010000D   1157
     510       0      -9       1       1                    FACE      31D   1158
     110    1324       1       1       0       0       0       001010000D   1159
     110       0      -9       1       0                    LINE      96D   1160
     124    1325       1       1       0       0       0       001000000D   1161
     124       0       0       4       0                   XFORM     186D   1162
     100    1329       1       1       0       0    1161       001010000D   1163
     100       0      -9       1       0                     ARC     186D   1164
     120    1330       1       1       0       0       0       001010000D   1165
     120       0      -9       1       0                    SREV      30D   1166
     508    1331       1       1       0       0       0       001010000D   1167
     508       0       0       1       1                EDGELOOP      32D   1168
     510    1332       1       1       0       0       0       000010000D   1169
     510       0      -9       1       1                    FACE      32D   1170
     110    1333       1       1       0       0       0       001010000D   1171
     110       0      -9       1       0                    LINE      97D   1172
     110    1334       1       1       0       0       0       001010000D   1173
     110       0      -9       1       0                    LINE      98D   1174
     120    1335       1       1       0       0       0       001010000D   1175
     120       0      -9       1       0                    SREV      31D   1176
     508    1336       1       1       0       0       0       001010000D   1177
     508       0       0       1       1                EDGELOOP      33D   1178
     510    1337       1       1       0       0       0       000010000D   1179
     510       0      -9       1       1                    FACE      33D   1180
     110    1338       1       1       0       0       0       001010000D   1181
     110       0      -9       1       0                    LINE      99D   1182
     110    1339       1       1       0       0       0       001010000D   1183
     110       0      -9       1       0                    LINE     100D   1184
     120    1340       1       1       0       0       0       001010000D   1185
     120       0      -9       1       0                    SREV      32D   1186
     508    1341       1       1       0       0       0       001010000D   1187
     508       0       0       1       1                EDGELOOP      34D   1188
     510    1342       1       1       0       0       0       000010000D   1189
     510       0      -9       1       1                    FACE      34D   1190
     110    1343       1       1       0       0       0       001010000D   1191
     110       0      -9       1       0                    LINE     101D   1192
     124    1344       1       1       0       0       0       001000000D   1193
     124       0       0       4       0                   XFORM     187D   1194
     100    1348       1       1       0       0    1193       001010000D   1195
     100       0      -9       1       0                     ARC     187D   1196
     120    1349       1       1       0       0       0       001010000D   1197
     120       0      -9       1       0                    SREV      33D   1198
     508    1350       1       1       0       0       0       001010000D   1199
     508       0       0       1       1                EDGELOOP      35D   1200
     510    1351       1       1       0       0       0       000010000D   1201
     510       0      -9       1       1                    FACE      35D   1202
     110    1352       1       1       0       0       0       001010000D   1203
     110       0      -9       1       0                    LINE     102D   1204
     124    1353       1       1       0       0       0       001000000D   1205
     124       0       0       4       0                   XFORM     188D   1206
     100    1357       1       1       0       0    1205       001010000D   1207
     100       0      -9       1       0                     ARC     188D   1208
     120    1358       1       1       0       0       0       001010000D   1209
     120       0      -9       1       0                    SREV      34D   1210
     508    1359       1       1       0       0       0       001010000D   1211
     508       0       0       1       1                EDGELOOP      36D   1212
     510    1360       1       1       0       0       0       000010000D   1213
     510       0      -9       1       1                    FACE      36D   1214
     110    1361       1       1       0       0       0       001010000D   1215
     110       0      -9       1       0                    LINE     103D   1216
     110    1362       1       1       0       0       0       001010000D   1217
     110       0      -9       2       0                    LINE     104D   1218
     120    1364       1       1       0       0       0       001010000D   1219
     120       0      -9       1       0                    SREV      35D   1220
     508    1365       1       1       0       0       0       001010000D   1221
     508       0       0       1       1                EDGELOOP      37D   1222
     510    1366       1       1       0       0       0       000010000D   1223
     510       0      -9       1       1                    FACE      37D   1224
     110    1367       1       1       0       0       0       001010000D   1225
     110       0      -9       1       0                    LINE     105D   1226
     110    1368       1       1       0       0       0       001010000D   1227
     110       0      -9       2       0                    LINE     106D   1228
     120    1370       1       1       0       0       0       001010000D   1229
     120       0      -9       1       0                    SREV      36D   1230
     508    1371       1       1       0       0       0       001010000D   1231
     508       0       0       1       1                EDGELOOP      38D   1232
     510    1372       1       1       0       0       0       000010000D   1233
     510       0      -9       1       1                    FACE      38D   1234
     110    1373       1       1       0       0       0       001010000D   1235
     110       0      -9       1       0                    LINE     107D   1236
     124    1374       1       1       0       0       0       001000000D   1237
     124       0       0       4       0                   XFORM     189D   1238
     100    1378       1       1       0       0    1237       001010000D   1239
     100       0      -9       1       0                     ARC     189D   1240
     120    1379       1       1       0       0       0       001010000D   1241
     120       0      -9       1       0                    SREV      37D   1242
     508    1380       1       1       0       0       0       001010000D   1243
     508       0       0       1       1                EDGELOOP      39D   1244
     510    1381       1       1       0       0       0       000010000D   1245
     510       0      -9       1       1                    FACE      39D   1246
     110    1382       1       1       0       0       0       001010000D   1247
     110       0      -9       1       0                    LINE     108D   1248
     124    1383       1       1       0       0       0       001000000D   1249
     124       0       0       4       0                   XFORM     190D   1250
     100    1387       1       1       0       0    1249       001010000D   1251
     100       0      -9       1       0                     ARC     190D   1252
     120    1388       1       1       0       0       0       001010000D   1253
     120       0      -9       1       0                    SREV      38D   1254
     508    1389       1       1       0       0       0       001010000D   1255
     508       0       0       1       1                EDGELOOP      40D   1256
     510    1390       1       1       0       0       0       000010000D   1257
     510       0      -9       1       1                    FACE      40D   1258
     110    1391       1       1       0       0       0       001010000D   1259
     110       0      -9       1       0                    LINE     109D   1260
     110    1392       1       1       0       0       0       001010000D   1261
     110       0      -9       1       0                    LINE     110D   1262
     120    1393       1       1       0       0       0       001010000D   1263
     120       0      -9       1       0                    SREV      39D   1264
     508    1394       1       1       0       0       0       001010000D   1265
     508       0       0       1       1                EDGELOOP      41D   1266
     510    1395       1       1       0       0       0       000010000D   1267
     510       0      -9       1       1                    FACE      41D   1268
     110    1396       1       1       0       0       0       001010000D   1269
     110       0      -9       1       0                    LINE     111D   1270
     110    1397       1       1       0       0       0       001010000D   1271
     110       0      -9       1       0                    LINE     112D   1272
     120    1398       1       1       0       0       0       001010000D   1273
     120       0      -9       1       0                    SREV      40D   1274
     508    1399       1       1       0       0       0       001010000D   1275
     508       0       0       1       1                EDGELOOP      42D   1276
     510    1400       1       1       0       0       0       000010000D   1277
     510       0      -9       1       1                    FACE      42D   1278
     110    1401       1       1       0       0       0       001010000D   1279
     110       0      -9       1       0                    LINE     113D   1280
     124    1402       1       1       0       0       0       001000000D   1281
     124       0       0       2       0                   XFORM     191D   1282
     100    1404       1       1       0       0    1281       001010000D   1283
     100       0      -9       1       0                     ARC     191D   1284
     120    1405       1       1       0       0       0       001010000D   1285
     120       0      -9       1       0                    SREV      41D   1286
     508    1406       1       1       0       0       0       001010000D   1287
     508       0       0       1       1                EDGELOOP      43D   1288
     510    1407       1       1       0       0       0       000010000D   1289
     510       0      -9       1       1                    FACE      43D   1290
     110    1408       1       1       0       0       0       001010000D   1291
     110       0      -9       1       0                    LINE     114D   1292
     124    1409       1       1       0       0       0       001000000D   1293
     124       0       0       2       0                   XFORM     192D   1294
     100    1411       1       1       0       0    1293       001010000D   1295
     100       0      -9       1       0                     ARC     192D   1296
     120    1412       1       1       0       0       0       001010000D   1297
     120       0      -9       1       0                    SREV      42D   1298
     508    1413       1       1       0       0       0       001010000D   1299
     508       0       0       1       1                EDGELOOP      44D   1300
     510    1414       1       1       0       0       0       000010000D   1301
     510       0      -9       1       1                    FACE      44D   1302
     110    1415       1       1       0       0       0       001010000D   1303
     110       0      -9       1       0                    LINE     115D   1304
     110    1416       1       1       0       0       0       001010000D   1305
     110       0      -9       2       0                    LINE     116D   1306
     120    1418       1       1       0       0       0       001010000D   1307
     120       0      -9       1       0                    SREV      43D   1308
     508    1419       1       1       0       0       0       001010000D   1309
     508       0       0       1       1                EDGELOOP      45D   1310
     510    1420       1       1       0       0       0       000010000D   1311
     510       0      -9       1       1                    FACE      45D   1312
     110    1421       1       1       0       0       0       001010000D   1313
     110       0      -9       1       0                    LINE     117D   1314
     110    1422       1       1       0       0       0       001010000D   1315
     110       0      -9       2       0                    LINE     118D   1316
     120    1424       1       1       0       0       0       001010000D   1317
     120       0      -9       1       0                    SREV      44D   1318
     508    1425       1       1       0       0       0       001010000D   1319
     508       0       0       1       1                EDGELOOP      46D   1320
     510    1426       1       1       0       0       0       000010000D   1321
     510       0      -9       1       1                    FACE      46D   1322
     110    1427       1       1       0       0       0       001010000D   1323
     110       0      -9       1       0                    LINE     119D   1324
     124    1428       1       1       0       0       0       001000000D   1325
     124       0       0       3       0                   XFORM     193D   1326
     100    1431       1       1       0       0    1325       001010000D   1327
     100       0      -9       1       0                     ARC     193D   1328
     120    1432       1       1       0       0       0       001010000D   1329
     120       0      -9       1       0                    SREV      45D   1330
     508    1433       1       1       0       0       0       001010000D   1331
     508       0       0       1       1                EDGELOOP      47D   1332
     510    1434       1       1       0       0       0       000010000D   1333
     510       0      -9       1       1                    FACE      47D   1334
     110    1435       1       1       0       0       0       001010000D   1335
     110       0      -9       1       0                    LINE     120D   1336
     124    1436       1       1       0       0       0       001000000D   1337
     124       0       0       3       0                   XFORM     194D   1338
     100    1439       1       1       0       0    1337       001010000D   1339
     100       0      -9       1       0                     ARC     194D   1340
     120    1440       1       1       0       0       0       001010000D   1341
     120       0      -9       1       0                    SREV      46D   1342
     508    1441       1       1       0       0       0       001010000D   1343
     508       0       0       1       1                EDGELOOP      48D   1344
     510    1442       1       1       0       0       0       000010000D   1345
     510       0      -9       1       1                    FACE      48D   1346
     110    1443       1       1       0       0       0       001010000D   1347
     110       0      -9       1       0                    LINE     121D   1348
     110    1444       1       1       0       0       0       001010000D   1349
     110       0      -9       1       0                    LINE     122D   1350
     120    1445       1       1       0       0       0       001010000D   1351
     120       0      -9       1       0                    SREV      47D   1352
     508    1446       1       1       0       0       0       001010000D   1353
     508       0       0       1       1                EDGELOOP      49D   1354
     510    1447       1       1       0       0       0       000010000D   1355
     510       0      -9       1       1                    FACE      49D   1356
     110    1448       1       1       0       0       0       001010000D   1357
     110       0      -9       1       0                    LINE     123D   1358
     124    1449       1       1       0       0       0       001000000D   1359
     124       0       0       4       0                   XFORM     195D   1360
     100    1453       1       1       0       0    1359       001010000D   1361
     100       0      -9       1       0                     ARC     195D   1362
     120    1454       1       1       0       0       0       001010000D   1363
     120       0      -9       1       0                    SREV      48D   1364
     508    1455       1       1       0       0       0       001010000D   1365
     508       0       0       1       1                EDGELOOP      50D   1366
     510    1456       1       1       0       0       0       000010000D   1367
     510       0      -9       1       1                    FACE      50D   1368
     110    1457       1       1       0       0       0       001010000D   1369
     110       0      -9       1       0                    LINE     124D   1370
     124    1458       1       1       0       0       0       001000000D   1371
     124       0       0       4       0                   XFORM     196D   1372
     100    1462       1       1       0       0    1371       001010000D   1373
     100       0      -9       1       0                     ARC     196D   1374
     120    1463       1       1       0       0       0       001010000D   1375
     120       0      -9       1       0                    SREV      49D   1376
     508    1464       1       1       0       0       0       001010000D   1377
     508       0       0       1       1                EDGELOOP      51D   1378
     510    1465       1       1       0       0       0       000010000D   1379
     510       0      -9       1       1                    FACE      51D   1380
     110    1466       1       1       0       0       0       001010000D   1381
     110       0      -9       1       0                    LINE     125D   1382
     110    1467       1       1       0       0       0       001010000D   1383
     110       0      -9       1       0                    LINE     126D   1384
     120    1468       1       1       0       0       0       001010000D   1385
     120       0      -9       1       0                    SREV      50D   1386
     508    1469       1       1       0       0       0       001010000D   1387
     508       0       0       1       1                EDGELOOP      52D   1388
     510    1470       1       1       0       0       0       000010000D   1389
     510       0      -9       1       1                    FACE      52D   1390
     128    1471       1       1       0       0       0       001010000D   1391
     128       0      -9       6       0                  SPLSRF       3D   1392
     508    1477       1       1       0       0       0       001010000D   1393
     508       0       0       1       1                EDGELOOP      53D   1394
     508    1478       1       1       0       0       0       001010000D   1395
     508       0       0       1       1                EDGELOOP      54D   1396
     508    1479       1       1       0       0       0       001010000D   1397
     508       0       0       1       1                EDGELOOP      55D   1398
     508    1480       1       1       0       0       0       001010000D   1399
     508       0       0       1       1                EDGELOOP      56D   1400
     508    1481       1       1       0       0       0       001010000D   1401
     508       0       0       1       1                EDGELOOP      57D   1402
     510    1482       1       1       0       0       0       000010000D   1403
     510       0      -9       1       1                    FACE      53D   1404
     110    1483       1       1       0       0       0       001010000D   1405
     110       0      -9       1       0                    LINE     127D   1406
     124    1484       1       1       0       0       0       001000000D   1407
     124       0       0       4       0                   XFORM     197D   1408
     100    1488       1       1       0       0    1407       001010000D   1409
     100       0      -9       1       0                     ARC     197D   1410
     120    1489       1       1       0       0       0       001010000D   1411
     120       0      -9       1       0                    SREV      51D   1412
     508    1490       1       1       0       0       0       001010000D   1413
     508       0       0       1       1                EDGELOOP      58D   1414
     510    1491       1       1       0       0       0       000010000D   1415
     510       0      -9       1       1                    FACE      54D   1416
     110    1492       1       1       0       0       0       001010000D   1417
     110       0      -9       1       0                    LINE     128D   1418
     124    1493       1       1       0       0       0       001000000D   1419
     124       0       0       4       0                   XFORM     198D   1420
     100    1497       1       1       0       0    1419       001010000D   1421
     100       0      -9       1       0                     ARC     198D   1422
     120    1498       1       1       0       0       0       001010000D   1423
     120       0      -9       1       0                    SREV      52D   1424
     508    1499       1       1       0       0       0       001010000D   1425
     508       0       0       1       1                EDGELOOP      59D   1426
     510    1500       1       1       0       0       0       000010000D   1427
     510       0      -9       1       1                    FACE      55D   1428
     110    1501       1       1       0       0       0       001010000D   1429
     110       0      -9       1       0                    LINE     129D   1430
     110    1502       1       1       0       0       0       001010000D   1431
     110       0      -9       2       0                    LINE     130D   1432
     120    1504       1       1       0       0       0       001010000D   1433
     120       0      -9       1       0                    SREV      53D   1434
     508    1505       1       1       0       0       0       001010000D   1435
     508       0       0       1       1                EDGELOOP      60D   1436
     510    1506       1       1       0       0       0       000010000D   1437
     510       0      -9       1       1                    FACE      56D   1438
     110    1507       1       1       0       0       0       001010000D   1439
     110       0      -9       1       0                    LINE     131D   1440
     124    1508       1       1       0       0       0       001000000D   1441
     124       0       0       4       0                   XFORM     199D   1442
     100    1512       1       1       0       0    1441       001010000D   1443
     100       0      -9       1       0                     ARC     199D   1444
     120    1513       1       1       0       0       0       001010000D   1445
     120       0      -9       1       0                    SREV      54D   1446
     508    1514       1       1       0       0       0       001010000D   1447
     508       0       0       1       1                EDGELOOP      61D   1448
     510    1515       1       1       0       0       0       000010000D   1449
     510       0      -9       1       1                    FACE      57D   1450
     128    1516       1       1       0       0       0       001010000D   1451
     128       0      -9       6       0                  SPLSRF       4D   1452
     508    1522       1       1       0       0       0       001010000D   1453
     508       0       0       1       1                EDGELOOP      62D   1454
     508    1523       1       1       0       0       0       001010000D   1455
     508       0       0       1       1                EDGELOOP      63D   1456
     508    1524       1       1       0       0       0       001010000D   1457
     508       0       0       1       1                EDGELOOP      64D   1458
     508    1525       1       1       0       0       0       001010000D   1459
     508       0       0       1       1                EDGELOOP      65D   1460
     508    1526       1       1       0       0       0       001010000D   1461
     508       0       0       1       1                EDGELOOP      66D   1462
     510    1527       1       1       0       0       0       000010000D   1463
     510       0      -9       1       1                    FACE      58D   1464
     110    1528       1       1       0       0       0       001010000D   1465
     110       0      -9       1       0                    LINE     132D   1466
     124    1529       1       1       0       0       0       001000000D   1467
     124       0       0       4       0                   XFORM     200D   1468
     100    1533       1       1       0       0    1467       001010000D   1469
     100       0      -9       1       0                     ARC     200D   1470
     120    1534       1       1       0       0       0       001010000D   1471
     120       0      -9       1       0                    SREV      55D   1472
     508    1535       1       1       0       0       0       001010000D   1473
     508       0       0       1       1                EDGELOOP      67D   1474
     510    1536       1       1       0       0       0       000010000D   1475
     510       0      -9       1       1                    FACE      59D   1476
     110    1537       1       1       0       0       0       001010000D   1477
     110       0      -9       1       0                    LINE     133D   1478
     110    1538       1       1       0       0       0       001010000D   1479
     110       0      -9       1       0                    LINE     134D   1480
     120    1539       1       1       0       0       0       001010000D   1481
     120       0      -9       1       0                    SREV      56D   1482
     508    1540       1       1       0       0       0       001010000D   1483
     508       0       0       1       1                EDGELOOP      68D   1484
     510    1541       1       1       0       0       0       000010000D   1485
     510       0      -9       1       1                    FACE      60D   1486
     110    1542       1       1       0       0       0       001010000D   1487
     110       0      -9       1       0                    LINE     135D   1488
     110    1543       1       1       0       0       0       001010000D   1489
     110       0      -9       1       0                    LINE     136D   1490
     120    1544       1       1       0       0       0       001010000D   1491
     120       0      -9       1       0                    SREV      57D   1492
     508    1545       1       1       0       0       0       001010000D   1493
     508       0       0       1       1                EDGELOOP      69D   1494
     510    1546       1       1       0       0       0       000010000D   1495
     510       0      -9       1       1                    FACE      61D   1496
     110    1547       1       1       0       0       0       001010000D   1497
     110       0      -9       1       0                    LINE     137D   1498
     124    1548       1       1       0       0       0       001000000D   1499
     124       0       0       4       0                   XFORM     201D   1500
     100    1552       1       1       0       0    1499       001010000D   1501
     100       0      -9       1       0                     ARC     201D   1502
     120    1553       1       1       0       0       0       001010000D   1503
     120       0      -9       1       0                    SREV      58D   1504
     508    1554       1       1       0       0       0       001010000D   1505
     508       0       0       1       1                EDGELOOP      70D   1506
     510    1555       1       1       0       0       0       000010000D   1507
     510       0      -9       1       1                    FACE      62D   1508
     110    1556       1       1       0       0       0       001010000D   1509
     110       0      -9       1       0                    LINE     138D   1510
     124    1557       1       1       0       0       0       001000000D   1511
     124       0       0       3       0                   XFORM     202D   1512
     100    1560       1       1       0       0    1511       001010000D   1513
     100       0      -9       1       0                     ARC     202D   1514
     120    1561       1       1       0       0       0       001010000D   1515
     120       0      -9       1       0                    SREV      59D   1516
     508    1562       1       1       0       0       0       001010000D   1517
     508       0       0       1       1                EDGELOOP      71D   1518
     510    1563       1       1       0       0       0       000010000D   1519
     510       0      -9       1       1                    FACE      63D   1520
     110    1564       1       1       0       0       0       001010000D   1521
     110       0      -9       1       0                    LINE     139D   1522
     124    1565       1       1       0       0       0       001000000D   1523
     124       0       0       3       0                   XFORM     203D   1524
     100    1568       1       1       0       0    1523       001010000D   1525
     100       0      -9       1       0                     ARC     203D   1526
     120    1569       1       1       0       0       0       001010000D   1527
     120       0      -9       1       0                    SREV      60D   1528
     508    1570       1       1       0       0       0       001010000D   1529
     508       0       0       1       1                EDGELOOP      72D   1530
     510    1571       1       1       0       0       0       000010000D   1531
     510       0      -9       1       1                    FACE      64D   1532
     110    1572       1       1       0       0       0       001010000D   1533
     110       0      -9       1       0                    LINE     140D   1534
     124    1573       1       1       0       0       0       001000000D   1535
     124       0       0       3       0                   XFORM     204D   1536
     100    1576       1       1       0       0    1535       001010000D   1537
     100       0      -9       1       0                     ARC     204D   1538
     120    1577       1       1       0       0       0       001010000D   1539
     120       0      -9       1       0                    SREV      61D   1540
     508    1578       1       1       0       0       0       001010000D   1541
     508       0       0       1       1                EDGELOOP      73D   1542
     510    1579       1       1       0       0       0       000010000D   1543
     510       0      -9       1       1                    FACE      65D   1544
     110    1580       1       1       0       0       0       001010000D   1545
     110       0      -9       1       0                    LINE     141D   1546
     124    1581       1       1       0       0       0       001000000D   1547
     124       0       0       3       0                   XFORM     205D   1548
     100    1584       1       1       0       0    1547       001010000D   1549
     100       0      -9       1       0                     ARC     205D   1550
     120    1585       1       1       0       0       0       001010000D   1551
     120       0      -9       1       0                    SREV      62D   1552
     508    1586       1       1       0       0       0       001010000D   1553
     508       0       0       1       1                EDGELOOP      74D   1554
     510    1587       1       1       0       0       0       000010000D   1555
     510       0      -9       1       1                    FACE      66D   1556
     110    1588       1       1       0       0       0       001010000D   1557
     110       0      -9       1       0                    LINE     142D   1558
     124    1589       1       1       0       0       0       001000000D   1559
     124       0       0       3       0                   XFORM     206D   1560
     100    1592       1       1       0       0    1559       001010000D   1561
     100       0      -9       1       0                     ARC     206D   1562
     120    1593       1       1       0       0       0       001010000D   1563
     120       0      -9       1       0                    SREV      63D   1564
     508    1594       1       1       0       0       0       001010000D   1565
     508       0       0       1       1                EDGELOOP      75D   1566
     510    1595       1       1       0       0       0       000010000D   1567
     510       0      -9       1       1                    FACE      67D   1568
     110    1596       1       1       0       0       0       001010000D   1569
     110       0      -9       1       0                    LINE     143D   1570
     110    1597       1       1       0       0       0       001010000D   1571
     110       0      -9       2       0                    LINE     144D   1572
     120    1599       1       1       0       0       0       001010000D   1573
     120       0      -9       1       0                    SREV      64D   1574
     508    1600       1       1       0       0       0       001010000D   1575
     508       0       0       2       1                EDGELOOP      76D   1576
     510    1602       1       1       0       0       0       000010000D   1577
     510       0      -9       1       1                    FACE      68D   1578
     128    1603       1       1       0       0       0       001010000D   1579
     128       0      -9      93       0                  SPLSRF       5D   1580
     508    1696       1       1       0       0       0       001010000D   1581
     508       0       0       1       1                EDGELOOP      77D   1582
     510    1697       1       1       0       0       0       000010000D   1583
     510       0      -9       1       1                    FACE      69D   1584
     128    1698       1       1       0       0       0       001010000D   1585
     128       0      -9      93       0                  SPLSRF       6D   1586
     508    1791       1       1       0       0       0       001010000D   1587
     508       0       0       1       1                EDGELOOP      78D   1588
     510    1792       1       1       0       0       0       000010000D   1589
     510       0      -9       1       1                    FACE      70D   1590
     110    1793       1       1       0       0       0       001010000D   1591
     110       0      -9       1       0                    LINE     145D   1592
     110    1794       1       1       0       0       0       001010000D   1593
     110       0      -9       2       0                    LINE     146D   1594
     120    1796       1       1       0       0       0       001010000D   1595
     120       0      -9       1       0                    SREV      65D   1596
     508    1797       1       1       0       0       0       001010000D   1597
     508       0       0       2       1                EDGELOOP      79D   1598
     510    1799       1       1       0       0       0       000010000D   1599
     510       0      -9       1       1                    FACE      71D   1600
     110    1800       1       1       0       0       0       001010000D   1601
     110       0      -9       1       0                    LINE     147D   1602
     124    1801       1       1       0       0       0       001000000D   1603
     124       0       0       2       0                   XFORM     207D   1604
     100    1803       1       1       0       0    1603       001010000D   1605
     100       0      -9       1       0                     ARC     207D   1606
     120    1804       1       1       0       0       0       001010000D   1607
     120       0      -9       1       0                    SREV      66D   1608
     508    1805       1       1       0       0       0       001010000D   1609
     508       0       0       1       1                EDGELOOP      80D   1610
     510    1806       1       1       0       0       0       000010000D   1611
     510       0      -9       1       1                    FACE      72D   1612
     110    1807       1       1       0       0       0       001010000D   1613
     110       0      -9       1       0                    LINE     148D   1614
     124    1808       1       1       0       0       0       001000000D   1615
     124       0       0       2       0                   XFORM     208D   1616
     100    1810       1       1       0       0    1615       001010000D   1617
     100       0      -9       1       0                     ARC     208D   1618
     120    1811       1       1       0       0       0       001010000D   1619
     120       0      -9       1       0                    SREV      67D   1620
     508    1812       1       1       0       0       0       001010000D   1621
     508       0       0       1       1                EDGELOOP      81D   1622
     510    1813       1       1       0       0       0       000010000D   1623
     510       0      -9       1       1                    FACE      73D   1624
     110    1814       1       1       0       0       0       001010000D   1625
     110       0      -9       1       0                    LINE     149D   1626
     110    1815       1       1       0       0       0       001010000D   1627
     110       0      -9       2       0                    LINE     150D   1628
     120    1817       1       1       0       0       0       001010000D   1629
     120       0      -9       1       0                    SREV      68D   1630
     508    1818       1       1       0       0       0       001010000D   1631
     508       0       0       1       1                EDGELOOP      82D   1632
     510    1819       1       1       0       0       0       000010000D   1633
     510       0      -9       1       1                    FACE      74D   1634
     110    1820       1       1       0       0       0       001010000D   1635
     110       0      -9       1       0                    LINE     151D   1636
     124    1821       1       1       0       0       0       001000000D   1637
     124       0       0       4       0                   XFORM     209D   1638
     100    1825       1       1       0       0    1637       001010000D   1639
     100       0      -9       1       0                     ARC     209D   1640
     120    1826       1       1       0       0       0       001010000D   1641
     120       0      -9       1       0                    SREV      69D   1642
     508    1827       1       1       0       0       0       001010000D   1643
     508       0       0       1       1                EDGELOOP      83D   1644
     510    1828       1       1       0       0       0       000010000D   1645
     510       0      -9       1       1                    FACE      75D   1646
     110    1829       1       1       0       0       0       001010000D   1647
     110       0      -9       1       0                    LINE     152D   1648
     110    1830       1       1       0       0       0       001010000D   1649
     110       0      -9       2       0                    LINE     153D   1650
     120    1832       1       1       0       0       0       001010000D   1651
     120       0      -9       1       0                    SREV      70D   1652
     508    1833       1       1       0       0       0       001010000D   1653
     508       0       0       1       1                EDGELOOP      84D   1654
     510    1834       1       1       0       0       0       000010000D   1655
     510       0      -9       1       1                    FACE      76D   1656
     110    1835       1       1       0       0       0       001010000D   1657
     110       0      -9       1       0                    LINE     154D   1658
     110    1836       1       1       0       0       0       001010000D   1659
     110       0      -9       2       0                    LINE     155D   1660
     120    1838       1       1       0       0       0       001010000D   1661
     120       0      -9       1       0                    SREV      71D   1662
     508    1839       1       1       0       0       0       001010000D   1663
     508       0       0       1       1                EDGELOOP      85D   1664
     510    1840       1       1       0       0       0       000010000D   1665
     510       0      -9       1       1                    FACE      77D   1666
     110    1841       1       1       0       0       0       001010000D   1667
     110       0      -9       1       0                    LINE     156D   1668
     124    1842       1       1       0       0       0       001000000D   1669
     124       0       0       4       0                   XFORM     210D   1670
     100    1846       1       1       0       0    1669       001010000D   1671
     100       0      -9       1       0                     ARC     210D   1672
     120    1847       1       1       0       0       0       001010000D   1673
     120       0      -9       1       0                    SREV      72D   1674
     508    1848       1       1       0       0       0       001010000D   1675
     508       0       0       1       1                EDGELOOP      86D   1676
     510    1849       1       1       0       0       0       000010000D   1677
     510       0      -9       1       1                    FACE      78D   1678
     110    1850       1       1       0       0       0       001010000D   1679
     110       0      -9       1       0                    LINE     157D   1680
     110    1851       1       1       0       0       0       001010000D   1681
     110       0      -9       2       0                    LINE     158D   1682
     120    1853       1       1       0       0       0       001010000D   1683
     120       0      -9       1       0                    SREV      73D   1684
     508    1854       1       1       0       0       0       001010000D   1685
     508       0       0       1       1                EDGELOOP      87D   1686
     510    1855       1       1       0       0       0       000010000D   1687
     510       0      -9       1       1                    FACE      79D   1688
     110    1856       1       1       0       0       0       001010000D   1689
     110       0      -9       1       0                    LINE     159D   1690
     124    1857       1       1       0       0       0       001000000D   1691
     124       0       0       4       0                   XFORM     211D   1692
     100    1861       1       1       0       0    1691       001010000D   1693
     100       0      -9       1       0                     ARC     211D   1694
     120    1862       1       1       0       0       0       001010000D   1695
     120       0      -9       1       0                    SREV      74D   1696
     508    1863       1       1       0       0       0       001010000D   1697
     508       0       0       1       1                EDGELOOP      88D   1698
     510    1864       1       1       0       0       0       000010000D   1699
     510       0      -9       1       1                    FACE      80D   1700
     110    1865       1       1       0       0       0       001010000D   1701
     110       0      -9       1       0                    LINE     160D   1702
     110    1866       1       1       0       0       0       001010000D   1703
     110       0      -9       1       0                    LINE     161D   1704
     120    1867       1       1       0       0       0       001010000D   1705
     120       0      -9       1       0                    SREV      75D   1706
     508    1868       1       1       0       0       0       001010000D   1707
     508       0       0       1       1                EDGELOOP      89D   1708
     510    1869       1       1       0       0       0       000010000D   1709
     510       0      -9       1       1                    FACE      81D   1710
     110    1870       1       1       0       0       0       001010000D   1711
     110       0      -9       1       0                    LINE     162D   1712
     110    1871       1       1       0       0       0       001010000D   1713
     110       0      -9       1       0                    LINE     163D   1714
     120    1872       1       1       0       0       0       001010000D   1715
     120       0      -9       1       0                    SREV      76D   1716
     508    1873       1       1       0       0       0       001010000D   1717
     508       0       0       1       1                EDGELOOP      90D   1718
     510    1874       1       1       0       0       0       000010000D   1719
     510       0      -9       1       1                    FACE      82D   1720
     110    1875       1       1       0       0       0       001010000D   1721
     110       0      -9       1       0                    LINE     164D   1722
     124    1876       1       1       0       0       0       001000000D   1723
     124       0       0       4       0                   XFORM     212D   1724
     100    1880       1       1       0       0    1723       001010000D   1725
     100       0      -9       1       0                     ARC     212D   1726
     120    1881       1       1       0       0       0       001010000D   1727
     120       0      -9       1       0                    SREV      77D   1728
     508    1882       1       1       0       0       0       001010000D   1729
     508       0       0       1       1                EDGELOOP      91D   1730
     510    1883       1       1       0       0       0       000010000D   1731
     510       0      -9       1       1                    FACE      83D   1732
     110    1884       1       1       0       0       0       001010000D   1733
     110       0      -9       1       0                    LINE     165D   1734
     124    1885       1       1       0       0       0       001000000D   1735
     124       0       0       4       0                   XFORM     213D   1736
     100    1889       1       1       0       0    1735       001010000D   1737
     100       0      -9       1       0                     ARC     213D   1738
     120    1890       1       1       0       0       0       001010000D   1739
     120       0      -9       1       0                    SREV      78D   1740
     508    1891       1       1       0       0       0       001010000D   1741
     508       0       0       1       1                EDGELOOP      92D   1742
     510    1892       1       1       0       0       0       000010000D   1743
     510       0      -9       1       1                    FACE      84D   1744
     110    1893       1       1       0       0       0       001010000D   1745
     110       0      -9       1       0                    LINE     166D   1746
     110    1894       1       1       0       0       0       001010000D   1747
     110       0      -9       2       0                    LINE     167D   1748
     120    1896       1       1       0       0       0       001010000D   1749
     120       0      -9       1       0                    SREV      79D   1750
     508    1897       1       1       0       0       0       001010000D   1751
     508       0       0       1       1                EDGELOOP      93D   1752
     510    1898       1       1       0       0       0       000010000D   1753
     510       0      -9       1       1                    FACE      85D   1754
     110    1899       1       1       0       0       0       001010000D   1755
     110       0      -9       1       0                    LINE     168D   1756
     110    1900       1       1       0       0       0       001010000D   1757
     110       0      -9       2       0                    LINE     169D   1758
     120    1902       1       1       0       0       0       001010000D   1759
     120       0      -9       1       0                    SREV      80D   1760
     508    1903       1       1       0       0       0       001010000D   1761
     508       0       0       1       1                EDGELOOP      94D   1762
     510    1904       1       1       0       0       0       000010000D   1763
     510       0      -9       1       1                    FACE      86D   1764
     110    1905       1       1       0       0       0       001010000D   1765
     110       0      -9       1       0                    LINE     170D   1766
     124    1906       1       1       0       0       0       001000000D   1767
     124       0       0       4       0                   XFORM     214D   1768
     100    1910       1       1       0       0    1767       001010000D   1769
     100       0      -9       1       0                     ARC     214D   1770
     120    1911       1       1       0       0       0       001010000D   1771
     120       0      -9       1       0                    SREV      81D   1772
     508    1912       1       1       0       0       0       001010000D   1773
     508       0       0       1       1                EDGELOOP      95D   1774
     510    1913       1       1       0       0       0       000010000D   1775
     510       0      -9       1       1                    FACE      87D   1776
     110    1914       1       1       0       0       0       001010000D   1777
     110       0      -9       1       0                    LINE     171D   1778
     124    1915       1       1       0       0       0       001000000D   1779
     124       0       0       3       0                   XFORM     215D   1780
     100    1918       1       1       0       0    1779       001010000D   1781
     100       0      -9       1       0                     ARC     215D   1782
     120    1919       1       1       0       0       0       001010000D   1783
     120       0      -9       1       0                    SREV      82D   1784
     508    1920       1       1       0       0       0       001010000D   1785
     508       0       0       1       1                EDGELOOP      96D   1786
     510    1921       1       1       0       0       0       000010000D   1787
     510       0      -9       1       1                    FACE      88D   1788
     110    1922       1       1       0       0       0       001010000D   1789
     110       0      -9       2       0                    LINE     172D   1790
     110    1924       1       1       0       0       0       001010000D   1791
     110       0      -9       2       0                    LINE     173D   1792
     120    1926       1       1       0       0       0       001010000D   1793
     120       0      -9       1       0                    SREV      83D   1794
     508    1927       1       1       0       0       0       001010000D   1795
     508       0       0       1       1                EDGELOOP      97D   1796
     510    1928       1       1       0       0       0       000010000D   1797
     510       0      -9       1       1                    FACE      89D   1798
     110    1929       1       1       0       0       0       001010000D   1799
     110       0      -9       2       0                    LINE     174D   1800
     110    1931       1       1       0       0       0       001010000D   1801
     110       0      -9       2       0                    LINE     175D   1802
     120    1933       1       1       0       0       0       001010000D   1803
     120       0      -9       1       0                    SREV      84D   1804
     508    1934       1       1       0       0       0       001010000D   1805
     508       0       0       1       1                EDGELOOP      98D   1806
     510    1935       1       1       0       0       0       000010000D   1807
     510       0      -9       1       1                    FACE      90D   1808
     110    1936       1       1       0       0       0       001010000D   1809
     110       0      -9       1       0                    LINE     176D   1810
     124    1937       1       1       0       0       0       001000000D   1811
     124       0       0       4       0                   XFORM     216D   1812
     100    1941       1       1       0       0    1811       001010000D   1813
     100       0      -9       1       0                     ARC     216D   1814
     120    1942       1       1       0       0       0       001010000D   1815
     120       0      -9       1       0                    SREV      85D   1816
     508    1943       1       1       0       0       0       001010000D   1817
     508       0       0       1       1                EDGELOOP      99D   1818
     510    1944       1       1       0       0       0       000010000D   1819
     510       0      -9       1       1                    FACE      91D   1820
     110    1945       1       1       0       0       0       001010000D   1821
     110       0      -9       1       0                    LINE     177D   1822
     110    1946       1       1       0       0       0       001010000D   1823
     110       0      -9       2       0                    LINE     178D   1824
     120    1948       1       1       0       0       0       001010000D   1825
     120       0      -9       1       0                    SREV      86D   1826
     508    1949       1       1       0       0       0       001010000D   1827
     508       0       0       1       1                EDGELOOP     100D   1828
     510    1950       1       1       0       0       0       000010000D   1829
     510       0      -9       1       1                    FACE      92D   1830
     110    1951       1       1       0       0       0       001010000D   1831
     110       0      -9       1       0                    LINE     179D   1832
     124    1952       1       1       0       0       0       001000000D   1833
     124       0       0       4       0                   XFORM     217D   1834
     100    1956       1       1       0       0    1833       001010000D   1835
     100       0      -9       1       0                     ARC     217D   1836
     120    1957       1       1       0       0       0       001010000D   1837
     120       0      -9       1       0                    SREV      87D   1838
     508    1958       1       1       0       0       0       001010000D   1839
     508       0       0       1       1                EDGELOOP     101D   1840
     510    1959       1       1       0       0       0       000010000D   1841
     510       0      -9       1       1                    FACE      93D   1842
     110    1960       1       1       0       0       0       001010000D   1843
     110       0      -9       1       0                    LINE     180D   1844
     124    1961       1       1       0       0       0       001000000D   1845
     124       0       0       4       0                   XFORM     218D   1846
     100    1965       1       1       0       0    1845       001010000D   1847
     100       0      -9       1       0                     ARC     218D   1848
     120    1966       1       1       0       0       0       001010000D   1849
     120       0      -9       1       0                    SREV      88D   1850
     508    1967       1       1       0       0       0       001010000D   1851
     508       0       0       1       1                EDGELOOP     102D   1852
     510    1968       1       1       0       0       0       000010000D   1853
     510       0      -9       1       1                    FACE      94D   1854
     110    1969       1       1       0       0       0       001010000D   1855
     110       0      -9       1       0                    LINE     181D   1856
     110    1970       1       1       0       0       0       001010000D   1857
     110       0      -9       2       0                    LINE     182D   1858
     120    1972       1       1       0       0       0       001010000D   1859
     120       0      -9       1       0                    SREV      89D   1860
     508    1973       1       1       0       0       0       001010000D   1861
     508       0       0       1       1                EDGELOOP     103D   1862
     510    1974       1       1       0       0       0       000010000D   1863
     510       0      -9       1       1                    FACE      95D   1864
     110    1975       1       1       0       0       0       001010000D   1865
     110       0      -9       1       0                    LINE     183D   1866
     110    1976       1       1       0       0       0       001010000D   1867
     110       0      -9       2       0                    LINE     184D   1868
     120    1978       1       1       0       0       0       001010000D   1869
     120       0      -9       1       0                    SREV      90D   1870
     508    1979       1       1       0       0       0       001010000D   1871
     508       0       0       1       1                EDGELOOP     104D   1872
     510    1980       1       1       0       0       0       000010000D   1873
     510       0      -9       1       1                    FACE      96D   1874
     110    1981       1       1       0       0       0       001010000D   1875
     110       0      -9       1       0                    LINE     185D   1876
     124    1982       1       1       0       0       0       001000000D   1877
     124       0       0       4       0                   XFORM     219D   1878
     100    1986       1       1       0       0    1877       001010000D   1879
     100       0      -9       1       0                     ARC     219D   1880
     120    1987       1       1       0       0       0       001010000D   1881
     120       0      -9       1       0                    SREV      91D   1882
     508    1988       1       1       0       0       0       001010000D   1883
     508       0       0       1       1                EDGELOOP     105D   1884
     510    1989       1       1       0       0       0       000010000D   1885
     510       0      -9       1       1                    FACE      97D   1886
     110    1990       1       1       0       0       0       001010000D   1887
     110       0      -9       1       0                    LINE     186D   1888
     124    1991       1       1       0       0       0       001000000D   1889
     124       0       0       4       0                   XFORM     220D   1890
     100    1995       1       1       0       0    1889       001010000D   1891
     100       0      -9       1       0                     ARC     220D   1892
     120    1996       1       1       0       0       0       001010000D   1893
     120       0      -9       1       0                    SREV      92D   1894
     508    1997       1       1       0       0       0       001010000D   1895
     508       0       0       1       1                EDGELOOP     106D   1896
     510    1998       1       1       0       0       0       000010000D   1897
     510       0      -9       1       1                    FACE      98D   1898
     110    1999       1       1       0       0       0       001010000D   1899
     110       0      -9       2       0                    LINE     187D   1900
     124    2001       1       1       0       0       0       001000000D   1901
     124       0       0       4       0                   XFORM     221D   1902
     100    2005       1       1       0       0    1901       001010000D   1903
     100       0      -9       1       0                     ARC     221D   1904
     120    2006       1       1       0       0       0       001010000D   1905
     120       0      -9       1       0                    SREV      93D   1906
     508    2007       1       1       0       0       0       001010000D   1907
     508       0       0       1       1                EDGELOOP     107D   1908
     510    2008       1       1       0       0       0       000010000D   1909
     510       0      -9       1       1                    FACE      99D   1910
     110    2009       1       1       0       0       0       001010000D   1911
     110       0      -9       2       0                    LINE     188D   1912
     124    2011       1       1       0       0       0       001000000D   1913
     124       0       0       4       0                   XFORM     222D   1914
     100    2015       1       1       0       0    1913       001010000D   1915
     100       0      -9       1       0                     ARC     222D   1916
     120    2016       1       1       0       0       0       001010000D   1917
     120       0      -9       1       0                    SREV      94D   1918
     508    2017       1       1       0       0       0       001010000D   1919
     508       0       0       1       1                EDGELOOP     108D   1920
     510    2018       1       1       0       0       0       000010000D   1921
     510       0      -9       1       1                    FACE     100D   1922
     110    2019       1       1       0       0       0       001010000D   1923
     110       0      -9       1       0                    LINE     189D   1924
     110    2020       1       1       0       0       0       001010000D   1925
     110       0      -9       2       0                    LINE     190D   1926
     120    2022       1       1       0       0       0       001010000D   1927
     120       0      -9       1       0                    SREV      95D   1928
     508    2023       1       1       0       0       0       001010000D   1929
     508       0       0       1       1                EDGELOOP     109D   1930
     510    2024       1       1       0       0       0       000010000D   1931
     510       0      -9       1       1                    FACE     101D   1932
     110    2025       1       1       0       0       0       001010000D   1933
     110       0      -9       1       0                    LINE     191D   1934
     110    2026       1       1       0       0       0       001010000D   1935
     110       0      -9       2       0                    LINE     192D   1936
     120    2028       1       1       0       0       0       001010000D   1937
     120       0      -9       1       0                    SREV      96D   1938
     508    2029       1       1       0       0       0       001010000D   1939
     508       0       0       1       1                EDGELOOP     110D   1940
     510    2030       1       1       0       0       0       000010000D   1941
     510       0      -9       1       1                    FACE     102D   1942
     110    2031       1       1       0       0       0       001010000D   1943
     110       0      -9       2       0                    LINE     193D   1944
     124    2033       1       1       0       0       0       001000000D   1945
     124       0       0       4       0                   XFORM     223D   1946
     100    2037       1       1       0       0    1945       001010000D   1947
     100       0      -9       1       0                     ARC     223D   1948
     120    2038       1       1       0       0       0       001010000D   1949
     120       0      -9       1       0                    SREV      97D   1950
     508    2039       1       1       0       0       0       001010000D   1951
     508       0       0       1       1                EDGELOOP     111D   1952
     510    2040       1       1       0       0       0       000010000D   1953
     510       0      -9       1       1                    FACE     103D   1954
     110    2041       1       1       0       0       0       001010000D   1955
     110       0      -9       2       0                    LINE     194D   1956
     124    2043       1       1       0       0       0       001000000D   1957
     124       0       0       4       0                   XFORM     224D   1958
     100    2047       1       1       0       0    1957       001010000D   1959
     100       0      -9       1       0                     ARC     224D   1960
     120    2048       1       1       0       0       0       001010000D   1961
     120       0      -9       1       0                    SREV      98D   1962
     508    2049       1       1       0       0       0       001010000D   1963
     508       0       0       1       1                EDGELOOP     112D   1964
     510    2050       1       1       0       0       0       000010000D   1965
     510       0      -9       1       1                    FACE     104D   1966
     110    2051       1       1       0       0       0       001010000D   1967
     110       0      -9       2       0                    LINE     195D   1968
     124    2053       1       1       0       0       0       001000000D   1969
     124       0       0       4       0                   XFORM     225D   1970
     100    2057       1       1       0       0    1969       001010000D   1971
     100       0      -9       1       0                     ARC     225D   1972
     120    2058       1       1       0       0       0       001010000D   1973
     120       0      -9       1       0                    SREV      99D   1974
     508    2059       1       1       0       0       0       001010000D   1975
     508       0       0       1       1                EDGELOOP     113D   1976
     510    2060       1       1       0       0       0       000010000D   1977
     510       0      -9       1       1                    FACE     105D   1978
     110    2061       1       1       0       0       0       001010000D   1979
     110       0      -9       2       0                    LINE     196D   1980
     124    2063       1       1       0       0       0       001000000D   1981
     124       0       0       4       0                   XFORM     226D   1982
     100    2067       1       1       0       0    1981       001010000D   1983
     100       0      -9       1       0                     ARC     226D   1984
     120    2068       1       1       0       0       0       001010000D   1985
     120       0      -9       1       0                    SREV     100D   1986
     508    2069       1       1       0       0       0       001010000D   1987
     508       0       0       1       1                EDGELOOP     114D   1988
     510    2070       1       1       0       0       0       000010000D   1989
     510       0      -9       1       1                    FACE     106D   1990
     110    2071       1       1       0       0       0       001010000D   1991
     110       0      -9       1       0                    LINE     197D   1992
     110    2072       1       1       0       0       0       001010000D   1993
     110       0      -9       2       0                    LINE     198D   1994
     120    2074       1       1       0       0       0       001010000D   1995
     120       0      -9       1       0                    SREV     101D   1996
     508    2075       1       1       0       0       0       001010000D   1997
     508       0       0       1       1                EDGELOOP     115D   1998
     510    2076       1       1       0       0       0       000010000D   1999
     510       0      -9       1       1                    FACE     107D   2000
     110    2077       1       1       0       0       0       001010000D   2001
     110       0      -9       1       0                    LINE     199D   2002
     110    2078       1       1       0       0       0       001010000D   2003
     110       0      -9       2       0                    LINE     200D   2004
     120    2080       1       1       0       0       0       001010000D   2005
     120       0      -9       1       0                    SREV     102D   2006
     508    2081       1       1       0       0       0       001010000D   2007
     508       0       0       1       1                EDGELOOP     116D   2008
     510    2082       1       1       0       0       0       000010000D   2009
     510       0      -9       1       1                    FACE     108D   2010
     110    2083       1       1       0       0       0       001010000D   2011
     110       0      -9       2       0                    LINE     201D   2012
     124    2085       1       1       0       0       0       001000000D   2013
     124       0       0       4       0                   XFORM     227D   2014
     100    2089       1       1       0       0    2013       001010000D   2015
     100       0      -9       1       0                     ARC     227D   2016
     120    2090       1       1       0       0       0       001010000D   2017
     120       0      -9       1       0                    SREV     103D   2018
     508    2091       1       1       0       0       0       001010000D   2019
     508       0       0       1       1                EDGELOOP     117D   2020
     510    2092       1       1       0       0       0       000010000D   2021
     510       0      -9       1       1                    FACE     109D   2022
     110    2093       1       1       0       0       0       001010000D   2023
     110       0      -9       2       0                    LINE     202D   2024
     124    2095       1       1       0       0       0       001000000D   2025
     124       0       0       4       0                   XFORM     228D   2026
     100    2099       1       1       0       0    2025       001010000D   2027
     100       0      -9       1       0                     ARC     228D   2028
     120    2100       1       1       0       0       0       001010000D   2029
     120       0      -9       1       0                    SREV     104D   2030
     508    2101       1       1       0       0       0       001010000D   2031
     508       0       0       1       1                EDGELOOP     118D   2032
     510    2102       1       1       0       0       0       000010000D   2033
     510       0      -9       1       1                    FACE     110D   2034
     514    2103       1       1       0       0       0       000010000D   2035
     514       0      -9      13       1                   SHELL       1D   2036
     186    2116       1       1       0       0       0       000000000D   2037
     186       0      -9       1       0                    MSBR       1D   2038
     124    2117       1       1       0       0       0       001000000D   2039
     124       0       0       2       0                   XFORM     229D   2040
     100    2119       1       1       0       0    2039       001010000D   2041
     100       0      -3       1       0                     ARC     229D   2042
     124    2120       1       1       0       0       0       001000000D   2043
     124       0       0       2       0                   XFORM     230D   2044
     100    2122       1       1       0       0    2043       001010000D   2045
     100       0      -3       1       0                     ARC     230D   2046
     124    2123       1       1       0       0       0       001000000D   2047
     124       0       0       2       0                   XFORM     231D   2048
     100    2125       1       1       0       0    2047       001010000D   2049
     100       0      -3       1       0                     ARC     231D   2050
     124    2126       1       1       0       0       0       001000000D   2051
     124       0       0       2       0                   XFORM     232D   2052
     100    2128       1       1       0       0    2051       001010000D   2053
     100       0      -3       1       0                     ARC     232D   2054
     110    2129       1       1       0       0       0       001010000D   2055
     110       0      -3       2       0                    LINE     203D   2056
     124    2131       1       1       0       0       0       001000000D   2057
     124       0       0       2       0                   XFORM     233D   2058
     100    2133       1       1       0       0    2057       001010000D   2059
     100       0      -3       1       0                     ARC     233D   2060
     110    2134       1       1       0       0       0       001010000D   2061
     110       0      -3       2       0                    LINE     204D   2062
     124    2136       1       1       0       0       0       001000000D   2063
     124       0       0       2       0                   XFORM     234D   2064
     100    2138       1       1       0       0    2063       001010000D   2065
     100       0      -3       1       0                     ARC     234D   2066
     124    2139       1       1       0       0       0       001000000D   2067
     124       0       0       2       0                   XFORM     235D   2068
     100    2141       1       1       0       0    2067       001010000D   2069
     100       0      -3       1       0                     ARC     235D   2070
     124    2142       1       1       0       0       0       001000000D   2071
     124       0       0       2       0                   XFORM     236D   2072
     100    2144       1       1       0       0    2071       001010000D   2073
     100       0      -3       1       0                     ARC     236D   2074
     124    2145       1       1       0       0       0       001000000D   2075
     124       0       0       2       0                   XFORM     237D   2076
     100    2147       1       1       0       0    2075       001010000D   2077
     100       0      -3       1       0                     ARC     237D   2078
     110    2148       1       1       0       0       0       001010000D   2079
     110       0      -3       2       0                    LINE     205D   2080
     124    2150       1       1       0       0       0       001000000D   2081
     124       0       0       2       0                   XFORM     238D   2082
     100    2152       1       1       0       0    2081       001010000D   2083
     100       0      -3       1       0                     ARC     238D   2084
     110    2153       1       1       0       0       0       001010000D   2085
     110       0      -3       2       0                    LINE     206D   2086
     124    2155       1       1       0       0       0       001000000D   2087
     124       0       0       3       0                   XFORM     239D   2088
     100    2158       1       1       0       0    2087       001010000D   2089
     100       0      -3       1       0                     ARC     239D   2090
     124    2159       1       1       0       0       0       001000000D   2091
     124       0       0       2       0                   XFORM     240D   2092
     100    2161       1       1       0       0    2091       001010000D   2093
     100       0      -3       2       0                     ARC     240D   2094
     124    2163       1       1       0       0       0       001000000D   2095
     124       0       0       3       0                   XFORM     241D   2096
     100    2166       1       1       0       0    2095       001010000D   2097
     100       0      -3       1       0                     ARC     241D   2098
     124    2167       1       1       0       0       0       001000000D   2099
     124       0       0       2       0                   XFORM     242D   2100
     100    2169       1       1       0       0    2099       001010000D   2101
     100       0      -3       2       0                     ARC     242D   2102
     124    2171       1       1       0       0       0       001000000D   2103
     124       0       0       2       0                   XFORM     243D   2104
     100    2173       1       1       0       0    2103       001010000D   2105
     100       0      -3       2       0                     ARC     243D   2106
     124    2175       1       1       0       0       0       001000000D   2107
     124       0       0       2       0                   XFORM     244D   2108
     100    2177       1       1       0       0    2107       001010000D   2109
     100       0      -3       2       0                     ARC     244D   2110
     124    2179       1       1       0       0       0       001000000D   2111
     124       0       0       2       0                   XFORM     245D   2112
     100    2181       1       1       0       0    2111       001010000D   2113
     100       0      -3       2       0                     ARC     245D   2114
     124    2183       1       1       0       0       0       001000000D   2115
     124       0       0       2       0                   XFORM     246D   2116
     100    2185       1       1       0       0    2115       001010000D   2117
     100       0      -3       2       0                     ARC     246D   2118
     110    2187       1       1       0       0       0       001010000D   2119
     110       0      -3       2       0                    LINE     207D   2120
     124    2189       1       1       0       0       0       001000000D   2121
     124       0       0       2       0                   XFORM     247D   2122
     100    2191       1       1       0       0    2121       001010000D   2123
     100       0      -3       2       0                     ARC     247D   2124
     110    2193       1       1       0       0       0       001010000D   2125
     110       0      -3       2       0                    LINE     208D   2126
     124    2195       1       1       0       0       0       001000000D   2127
     124       0       0       2       0                   XFORM     248D   2128
     100    2197       1       1       0       0    2127       001010000D   2129
     100       0      -3       2       0                     ARC     248D   2130
     124    2199       1       1       0       0       0       001000000D   2131
     124       0       0       2       0                   XFORM     249D   2132
     100    2201       1       1       0       0    2131       001010000D   2133
     100       0      -3       2       0                     ARC     249D   2134
     110    2203       1       1       0       0       0       001010000D   2135
     110       0      -3       2       0                    LINE     209D   2136
     124    2205       1       1       0       0       0       001000000D   2137
     124       0       0       2       0                   XFORM     250D   2138
     100    2207       1       1       0       0    2137       001010000D   2139
     100       0      -3       2       0                     ARC     250D   2140
     110    2209       1       1       0       0       0       001010000D   2141
     110       0      -3       2       0                    LINE     210D   2142
     110    2211       1       1       0       0       0       001010000D   2143
     110       0      -3       2       0                    LINE     211D   2144
     124    2213       1       1       0       0       0       001000000D   2145
     124       0       0       2       0                   XFORM     251D   2146
     100    2215       1       1       0       0    2145       001010000D   2147
     100       0      -3       2       0                     ARC     251D   2148
     110    2217       1       1       0       0       0       001010000D   2149
     110       0      -3       2       0                    LINE     212D   2150
     124    2219       1       1       0       0       0       001000000D   2151
     124       0       0       2       0                   XFORM     252D   2152
     100    2221       1       1       0       0    2151       001010000D   2153
     100       0      -3       2       0                     ARC     252D   2154
     124    2223       1       1       0       0       0       001000000D   2155
     124       0       0       2       0                   XFORM     253D   2156
     100    2225       1       1       0       0    2155       001010000D   2157
     100       0      -3       2       0                     ARC     253D   2158
     124    2227       1       1       0       0       0       001000000D   2159
     124       0       0       3       0                   XFORM     254D   2160
     100    2230       1       1       0       0    2159       001010000D   2161
     100       0      -3       2       0                     ARC     254D   2162
     124    2232       1       1       0       0       0       001000000D   2163
     124       0       0       2       0                   XFORM     255D   2164
     100    2234       1       1       0       0    2163       001010000D   2165
     100       0      -3       2       0                     ARC     255D   2166
     124    2236       1       1       0       0       0       001000000D   2167
     124       0       0       3       0                   XFORM     256D   2168
     100    2239       1       1       0       0    2167       001010000D   2169
     100       0      -3       2       0                     ARC     256D   2170
     124    2241       1       1       0       0       0       001000000D   2171
     124       0       0       3       0                   XFORM     257D   2172
     100    2244       1       1       0       0    2171       001010000D   2173
     100       0      -3       1       0                     ARC     257D   2174
     124    2245       1       1       0       0       0       001000000D   2175
     124       0       0       2       0                   XFORM     258D   2176
     100    2247       1       1       0       0    2175       001010000D   2177
     100       0      -3       1       0                     ARC     258D   2178
     124    2248       1       1       0       0       0       001000000D   2179
     124       0       0       3       0                   XFORM     259D   2180
     100    2251       1       1       0       0    2179       001010000D   2181
     100       0      -3       1       0                     ARC     259D   2182
     124    2252       1       1       0       0       0       001000000D   2183
     124       0       0       2       0                   XFORM     260D   2184
     100    2254       1       1       0       0    2183       001010000D   2185
     100       0      -3       1       0                     ARC     260D   2186
     124    2255       1       1       0       0       0       001000000D   2187
     124       0       0       2       0                   XFORM     261D   2188
     100    2257       1       1       0       0    2187       001010000D   2189
     100       0      -3       1       0                     ARC     261D   2190
     110    2258       1       1       0       0       0       001010000D   2191
     110       0      -3       2       0                    LINE     213D   2192
     124    2260       1       1       0       0       0       001000000D   2193
     124       0       0       2       0                   XFORM     262D   2194
     100    2262       1       1       0       0    2193       001010000D   2195
     100       0      -3       1       0                     ARC     262D   2196
     110    2263       1       1       0       0       0       001010000D   2197
     110       0      -3       2       0                    LINE     214D   2198
     124    2265       1       1       0       0       0       001000000D   2199
     124       0       0       2       0                   XFORM     263D   2200
     100    2267       1       1       0       0    2199       001010000D   2201
     100       0      -3       1       0                     ARC     263D   2202
     124    2268       1       1       0       0       0       001000000D   2203
     124       0       0       2       0                   XFORM     264D   2204
     100    2270       1       1       0       0    2203       001010000D   2205
     100       0      -3       1       0                     ARC     264D   2206
     124    2271       1       1       0       0       0       001000000D   2207
     124       0       0       2       0                   XFORM     265D   2208
     100    2273       1       1       0       0    2207       001010000D   2209
     100       0      -3       1       0                     ARC     265D   2210
     110    2274       1       1       0       0       0       001010000D   2211
     110       0      -3       2       0                    LINE     215D   2212
     124    2276       1       1       0       0       0       001000000D   2213
     124       0       0       2       0                   XFORM     266D   2214
     100    2278       1       1       0       0    2213       001010000D   2215
     100       0      -3       1       0                     ARC     266D   2216
     110    2279       1       1       0       0       0       001010000D   2217
     110       0      -3       2       0                    LINE     216D   2218
     124    2281       1       1       0       0       0       001000000D   2219
     124       0       0       2       0                   XFORM     267D   2220
     100    2283       1       1       0       0    2219       001010000D   2221
     100       0      -3       1       0                     ARC     267D   2222
     124    2284       1       1       0       0       0       001000000D   2223
     124       0       0       2       0                   XFORM     268D   2224
     100    2286       1       1       0       0    2223       001010000D   2225
     100       0      -3       1       0                     ARC     268D   2226
     124    2287       1       1       0       0       0       001000000D   2227
     124       0       0       2       0                   XFORM     269D   2228
     100    2289       1       1       0       0    2227       001010000D   2229
     100       0      -3       1       0                     ARC     269D   2230
     124    2290       1       1       0       0       0       001000000D   2231
     124       0       0       2       0                   XFORM     270D   2232
     100    2292       1       1       0       0    2231       001010000D   2233
     100       0      -3       1       0                     ARC     270D   2234
     126    2293       1       1       0       0       0       001010000D   2235
     126       0      -3      30       0                B_SPLINE       9D   2236
     126    2323       1       1       0       0       0       001010000D   2237
     126       0      -3      30       0                B_SPLINE      10D   2238
     124    2353       1       1       0       0       0       001000000D   2239
     124       0       0       2       0                   XFORM     271D   2240
     100    2355       1       1       0       0    2239       001010000D   2241
     100       0      -3       1       0                     ARC     271D   2242
     124    2356       1       1       0       0       0       001000000D   2243
     124       0       0       2       0                   XFORM     272D   2244
     100    2358       1       1       0       0    2243       001010000D   2245
     100       0      -3       1       0                     ARC     272D   2246
     124    2359       1       1       0       0       0       001000000D   2247
     124       0       0       2       0                   XFORM     273D   2248
     100    2361       1       1       0       0    2247       001010000D   2249
     100       0      -3       1       0                     ARC     273D   2250
     110    2362       1       1       0       0       0       001010000D   2251
     110       0      -3       2       0                    LINE     217D   2252
     124    2364       1       1       0       0       0       001000000D   2253
     124       0       0       2       0                   XFORM     274D   2254
     100    2366       1       1       0       0    2253       001010000D   2255
     100       0      -3       1       0                     ARC     274D   2256
     110    2367       1       1       0       0       0       001010000D   2257
     110       0      -3       2       0                    LINE     218D   2258
     124    2369       1       1       0       0       0       001000000D   2259
     124       0       0       2       0                   XFORM     275D   2260
     100    2371       1       1       0       0    2259       001010000D   2261
     100       0      -3       2       0                     ARC     275D   2262
     124    2373       1       1       0       0       0       001000000D   2263
     124       0       0       3       0                   XFORM     276D   2264
     100    2376       1       1       0       0    2263       001010000D   2265
     100       0      -3       1       0                     ARC     276D   2266
     124    2377       1       1       0       0       0       001000000D   2267
     124       0       0       3       0                   XFORM     277D   2268
     100    2380       1       1       0       0    2267       001010000D   2269
     100       0      -3       1       0                     ARC     277D   2270
     124    2381       1       1       0       0       0       001000000D   2271
     124       0       0       2       0                   XFORM     278D   2272
     100    2383       1       1       0       0    2271       001010000D   2273
     100       0      -3       2       0                     ARC     278D   2274
     124    2385       1       1       0       0       0       001000000D   2275
     124       0       0       2       0                   XFORM     279D   2276
     100    2387       1       1       0       0    2275       001010000D   2277
     100       0      -3       2       0                     ARC     279D   2278
     124    2389       1       1       0       0       0       001000000D   2279
     124       0       0       4       0                   XFORM     280D   2280
     100    2393       1       1       0       0    2279       001010000D   2281
     100       0      -3       1       0                     ARC     280D   2282
     124    2394       1       1       0       0       0       001000000D   2283
     124       0       0       2       0                   XFORM     281D   2284
     100    2396       1       1       0       0    2283       001010000D   2285
     100       0      -3       2       0                     ARC     281D   2286
     124    2398       1       1       0       0       0       001000000D   2287
     124       0       0       3       0                   XFORM     282D   2288
     100    2401       1       1       0       0    2287       001010000D   2289
     100       0      -3       1       0                     ARC     282D   2290
     124    2402       1       1       0       0       0       001000000D   2291
     124       0       0       2       0                   XFORM     283D   2292
     100    2404       1       1       0       0    2291       001010000D   2293
     100       0      -3       2       0                     ARC     283D   2294
     124    2406       1       1       0       0       0       001000000D   2295
     124       0       0       2       0                   XFORM     284D   2296
     100    2408       1       1       0       0    2295       001010000D   2297
     100       0      -3       2       0                     ARC     284D   2298
     124    2410       1       1       0       0       0       001000000D   2299
     124       0       0       4       0                   XFORM     285D   2300
     100    2414       1       1       0       0    2299       001010000D   2301
     100       0      -3       1       0                     ARC     285D   2302
     124    2415       1       1       0       0       0       001000000D   2303
     124       0       0       2       0                   XFORM     286D   2304
     100    2417       1       1       0       0    2303       001010000D   2305
     100       0      -3       2       0                     ARC     286D   2306
     124    2419       1       1       0       0       0       001000000D   2307
     124       0       0       4       0                   XFORM     287D   2308
     100    2423       1       1       0       0    2307       001010000D   2309
     100       0      -3       1       0                     ARC     287D   2310
     124    2424       1       1       0       0       0       001000000D   2311
     124       0       0       3       0                   XFORM     288D   2312
     100    2427       1       1       0       0    2311       001010000D   2313
     100       0      -3       1       0                     ARC     288D   2314
     124    2428       1       1       0       0       0       001000000D   2315
     124       0       0       3       0                   XFORM     289D   2316
     100    2431       1       1       0       0    2315       001010000D   2317
     100       0      -3       1       0                     ARC     289D   2318
     124    2432       1       1       0       0       0       001000000D   2319
     124       0       0       2       0                   XFORM     290D   2320
     100    2434       1       1       0       0    2319       001010000D   2321
     100       0      -3       2       0                     ARC     290D   2322
     124    2436       1       1       0       0       0       001000000D   2323
     124       0       0       2       0                   XFORM     291D   2324
     100    2438       1       1       0       0    2323       001010000D   2325
     100       0      -3       2       0                     ARC     291D   2326
     124    2440       1       1       0       0       0       001000000D   2327
     124       0       0       4       0                   XFORM     292D   2328
     100    2444       1       1       0       0    2327       001010000D   2329
     100       0      -3       1       0                     ARC     292D   2330
     124    2445       1       1       0       0       0       001000000D   2331
     124       0       0       2       0                   XFORM     293D   2332
     100    2447       1       1       0       0    2331       001010000D   2333
     100       0      -3       2       0                     ARC     293D   2334
     124    2449       1       1       0       0       0       001000000D   2335
     124       0       0       3       0                   XFORM     294D   2336
     100    2452       1       1       0       0    2335       001010000D   2337
     100       0      -3       1       0                     ARC     294D   2338
     124    2453       1       1       0       0       0       001000000D   2339
     124       0       0       2       0                   XFORM     295D   2340
     100    2455       1       1       0       0    2339       001010000D   2341
     100       0      -3       2       0                     ARC     295D   2342
     124    2457       1       1       0       0       0       001000000D   2343
     124       0       0       2       0                   XFORM     296D   2344
     100    2459       1       1       0       0    2343       001010000D   2345
     100       0      -3       2       0                     ARC     296D   2346
     124    2461       1       1       0       0       0       001000000D   2347
     124       0       0       4       0                   XFORM     297D   2348
     100    2465       1       1       0       0    2347       001010000D   2349
     100       0      -3       1       0                     ARC     297D   2350
     124    2466       1       1       0       0       0       001000000D   2351
     124       0       0       2       0                   XFORM     298D   2352
     100    2468       1       1       0       0    2351       001010000D   2353
     100       0      -3       2       0                     ARC     298D   2354
     124    2470       1       1       0       0       0       001000000D   2355
     124       0       0       4       0                   XFORM     299D   2356
     100    2474       1       1       0       0    2355       001010000D   2357
     100       0      -3       1       0                     ARC     299D   2358
     124    2475       1       1       0       0       0       001000000D   2359
     124       0       0       3       0                   XFORM     300D   2360
     100    2478       1       1       0       0    2359       001010000D   2361
     100       0      -3       1       0                     ARC     300D   2362
     124    2479       1       1       0       0       0       001000000D   2363
     124       0       0       3       0                   XFORM     301D   2364
     100    2482       1       1       0       0    2363       001010000D   2365
     100       0      -3       1       0                     ARC     301D   2366
     124    2483       1       1       0       0       0       001000000D   2367
     124       0       0       2       0                   XFORM     302D   2368
     100    2485       1       1       0       0    2367       001010000D   2369
     100       0      -3       2       0                     ARC     302D   2370
     124    2487       1       1       0       0       0       001000000D   2371
     124       0       0       3       0                   XFORM     303D   2372
     100    2490       1       1       0       0    2371       001010000D   2373
     100       0      -3       1       0                     ARC     303D   2374
     124    2491       1       1       0       0       0       001000000D   2375
     124       0       0       3       0                   XFORM     304D   2376
     100    2494       1       1       0       0    2375       001010000D   2377
     100       0      -3       1       0                     ARC     304D   2378
     124    2495       1       1       0       0       0       001000000D   2379
     124       0       0       2       0                   XFORM     305D   2380
     100    2497       1       1       0       0    2379       001010000D   2381
     100       0      -3       2       0                     ARC     305D   2382
     124    2499       1       1       0       0       0       001000000D   2383
     124       0       0       2       0                   XFORM     306D   2384
     100    2501       1       1       0       0    2383       001010000D   2385
     100       0      -3       1       0                     ARC     306D   2386
     124    2502       1       1       0       0       0       001000000D   2387
     124       0       0       2       0                   XFORM     307D   2388
     100    2504       1       1       0       0    2387       001010000D   2389
     100       0      -3       2       0                     ARC     307D   2390
     124    2506       1       1       0       0       0       001000000D   2391
     124       0       0       2       0                   XFORM     308D   2392
     100    2508       1       1       0       0    2391       001010000D   2393
     100       0      -3       2       0                     ARC     308D   2394
     124    2510       1       1       0       0       0       001000000D   2395
     124       0       0       2       0                   XFORM     309D   2396
     100    2512       1       1       0       0    2395       001010000D   2397
     100       0      -3       1       0                     ARC     309D   2398
     124    2513       1       1       0       0       0       001000000D   2399
     124       0       0       2       0                   XFORM     310D   2400
     100    2515       1       1       0       0    2399       001010000D   2401
     100       0      -3       2       0                     ARC     310D   2402
     110    2517       1       1       0       0       0       001010000D   2403
     110       0      -3       1       0                    LINE     219D   2404
     124    2518       1       1       0       0       0       001000000D   2405
     124       0       0       2       0                   XFORM     311D   2406
     100    2520       1       1       0       0    2405       001010000D   2407
     100       0      -3       1       0                     ARC     311D   2408
     110    2521       1       1       0       0       0       001010000D   2409
     110       0      -3       2       0                    LINE     220D   2410
     124    2523       1       1       0       0       0       001000000D   2411
     124       0       0       2       0                   XFORM     312D   2412
     100    2525       1       1       0       0    2411       001010000D   2413
     100       0      -3       1       0                     ARC     312D   2414
     124    2526       1       1       0       0       0       001000000D   2415
     124       0       0       2       0                   XFORM     313D   2416
     100    2528       1       1       0       0    2415       001010000D   2417
     100       0      -3       1       0                     ARC     313D   2418
     110    2529       1       1       0       0       0       001010000D   2419
     110       0      -3       1       0                    LINE     221D   2420
     124    2530       1       1       0       0       0       001000000D   2421
     124       0       0       2       0                   XFORM     314D   2422
     100    2532       1       1       0       0    2421       001010000D   2423
     100       0      -3       1       0                     ARC     314D   2424
     110    2533       1       1       0       0       0       001010000D   2425
     110       0      -3       2       0                    LINE     222D   2426
     110    2535       1       1       0       0       0       001010000D   2427
     110       0      -3       1       0                    LINE     223D   2428
     124    2536       1       1       0       0       0       001000000D   2429
     124       0       0       2       0                   XFORM     315D   2430
     100    2538       1       1       0       0    2429       001010000D   2431
     100       0      -3       1       0                     ARC     315D   2432
     110    2539       1       1       0       0       0       001010000D   2433
     110       0      -3       2       0                    LINE     224D   2434
     124    2541       1       1       0       0       0       001000000D   2435
     124       0       0       2       0                   XFORM     316D   2436
     100    2543       1       1       0       0    2435       001010000D   2437
     100       0      -3       1       0                     ARC     316D   2438
     124    2544       1       1       0       0       0       001000000D   2439
     124       0       0       2       0                   XFORM     317D   2440
     100    2546       1       1       0       0    2439       001010000D   2441
     100       0      -3       2       0                     ARC     317D   2442
     124    2548       1       1       0       0       0       001000000D   2443
     124       0       0       2       0                   XFORM     318D   2444
     100    2550       1       1       0       0    2443       001010000D   2445
     100       0      -3       2       0                     ARC     318D   2446
     124    2552       1       1       0       0       0       001000000D   2447
     124       0       0       4       0                   XFORM     319D   2448
     100    2556       1       1       0       0    2447       001010000D   2449
     100       0      -3       1       0                     ARC     319D   2450
     124    2557       1       1       0       0       0       001000000D   2451
     124       0       0       2       0                   XFORM     320D   2452
     100    2559       1       1       0       0    2451       001010000D   2453
     100       0      -3       2       0                     ARC     320D   2454
     124    2561       1       1       0       0       0       001000000D   2455
     124       0       0       2       0                   XFORM     321D   2456
     100    2563       1       1       0       0    2455       001010000D   2457
     100       0      -3       2       0                     ARC     321D   2458
     124    2565       1       1       0       0       0       001000000D   2459
     124       0       0       4       0                   XFORM     322D   2460
     100    2569       1       1       0       0    2459       001010000D   2461
     100       0      -3       1       0                     ARC     322D   2462
     124    2570       1       1       0       0       0       001000000D   2463
     124       0       0       2       0                   XFORM     323D   2464
     100    2572       1       1       0       0    2463       001010000D   2465
     100       0      -3       2       0                     ARC     323D   2466
     124    2574       1       1       0       0       0       001000000D   2467
     124       0       0       4       0                   XFORM     324D   2468
     100    2578       1       1       0       0    2467       001010000D   2469
     100       0      -3       1       0                     ARC     324D   2470
     124    2579       1       1       0       0       0       001000000D   2471
     124       0       0       2       0                   XFORM     325D   2472
     100    2581       1       1       0       0    2471       001010000D   2473
     100       0      -3       2       0                     ARC     325D   2474
     124    2583       1       1       0       0       0       001000000D   2475
     124       0       0       2       0                   XFORM     326D   2476
     100    2585       1       1       0       0    2475       001010000D   2477
     100       0      -3       2       0                     ARC     326D   2478
     124    2587       1       1       0       0       0       001000000D   2479
     124       0       0       4       0                   XFORM     327D   2480
     100    2591       1       1       0       0    2479       001010000D   2481
     100       0      -3       1       0                     ARC     327D   2482
     124    2592       1       1       0       0       0       001000000D   2483
     124       0       0       3       0                   XFORM     328D   2484
     100    2595       1       1       0       0    2483       001010000D   2485
     100       0      -3       1       0                     ARC     328D   2486
     124    2596       1       1       0       0       0       001000000D   2487
     124       0       0       3       0                   XFORM     329D   2488
     100    2599       1       1       0       0    2487       001010000D   2489
     100       0      -3       1       0                     ARC     329D   2490
     124    2600       1       1       0       0       0       001000000D   2491
     124       0       0       2       0                   XFORM     330D   2492
     100    2602       1       1       0       0    2491       001010000D   2493
     100       0      -3       2       0                     ARC     330D   2494
     124    2604       1       1       0       0       0       001000000D   2495
     124       0       0       4       0                   XFORM     331D   2496
     100    2608       1       1       0       0    2495       001010000D   2497
     100       0      -3       1       0                     ARC     331D   2498
     124    2609       1       1       0       0       0       001000000D   2499
     124       0       0       2       0                   XFORM     332D   2500
     100    2611       1       1       0       0    2499       001010000D   2501
     100       0      -3       2       0                     ARC     332D   2502
     124    2613       1       1       0       0       0       001000000D   2503
     124       0       0       2       0                   XFORM     333D   2504
     100    2615       1       1       0       0    2503       001010000D   2505
     100       0      -3       2       0                     ARC     333D   2506
     124    2617       1       1       0       0       0       001000000D   2507
     124       0       0       4       0                   XFORM     334D   2508
     100    2621       1       1       0       0    2507       001010000D   2509
     100       0      -3       1       0                     ARC     334D   2510
     124    2622       1       1       0       0       0       001000000D   2511
     124       0       0       2       0                   XFORM     335D   2512
     100    2624       1       1       0       0    2511       001010000D   2513
     100       0      -3       2       0                     ARC     335D   2514
     124    2626       1       1       0       0       0       001000000D   2515
     124       0       0       4       0                   XFORM     336D   2516
     100    2630       1       1       0       0    2515       001010000D   2517
     100       0      -3       1       0                     ARC     336D   2518
     124    2631       1       1       0       0       0       001000000D   2519
     124       0       0       2       0                   XFORM     337D   2520
     100    2633       1       1       0       0    2519       001010000D   2521
     100       0      -3       2       0                     ARC     337D   2522
     124    2635       1       1       0       0       0       001000000D   2523
     124       0       0       2       0                   XFORM     338D   2524
     100    2637       1       1       0       0    2523       001010000D   2525
     100       0      -3       2       0                     ARC     338D   2526
     124    2639       1       1       0       0       0       001000000D   2527
     124       0       0       4       0                   XFORM     339D   2528
     100    2643       1       1       0       0    2527       001010000D   2529
     100       0      -3       1       0                     ARC     339D   2530
     124    2644       1       1       0       0       0       001000000D   2531
     124       0       0       3       0                   XFORM     340D   2532
     100    2647       1       1       0       0    2531       001010000D   2533
     100       0      -3       1       0                     ARC     340D   2534
     124    2648       1       1       0       0       0       001000000D   2535
     124       0       0       3       0                   XFORM     341D   2536
     100    2651       1       1       0       0    2535       001010000D   2537
     100       0      -3       1       0                     ARC     341D   2538
     124    2652       1       1       0       0       0       001000000D   2539
     124       0       0       2       0                   XFORM     342D   2540
     100    2654       1       1       0       0    2539       001010000D   2541
     100       0      -3       2       0                     ARC     342D   2542
     124    2656       1       1       0       0       0       001000000D   2543
     124       0       0       3       0                   XFORM     343D   2544
     100    2659       1       1       0       0    2543       001010000D   2545
     100       0      -3       1       0                     ARC     343D   2546
     124    2660       1       1       0       0       0       001000000D   2547
     124       0       0       2       0                   XFORM     344D   2548
     100    2662       1       1       0       0    2547       001010000D   2549
     100       0      -3       1       0                     ARC     344D   2550
     124    2663       1       1       0       0       0       001000000D   2551
     124       0       0       3       0                   XFORM     345D   2552
     100    2666       1       1       0       0    2551       001010000D   2553
     100       0      -3       1       0                     ARC     345D   2554
     124    2667       1       1       0       0       0       001000000D   2555
     124       0       0       2       0                   XFORM     346D   2556
     100    2669       1       1       0       0    2555       001010000D   2557
     100       0      -3       2       0                     ARC     346D   2558
     124    2671       1       1       0       0       0       001000000D   2559
     124       0       0       2       0                   XFORM     347D   2560
     100    2673       1       1       0       0    2559       001010000D   2561
     100       0      -3       1       0                     ARC     347D   2562
     124    2674       1       1       0       0       0       001000000D   2563
     124       0       0       2       0                   XFORM     348D   2564
     100    2676       1       1       0       0    2563       001010000D   2565
     100       0      -3       1       0                     ARC     348D   2566
     110    2677       1       1       0       0       0       001010000D   2567
     110       0      -3       2       0                    LINE     225D   2568
     124    2679       1       1       0       0       0       001000000D   2569
     124       0       0       2       0                   XFORM     349D   2570
     100    2681       1       1       0       0    2569       001010000D   2571
     100       0      -3       1       0                     ARC     349D   2572
     110    2682       1       1       0       0       0       001010000D   2573
     110       0      -3       2       0                    LINE     226D   2574
     126    2684       1       1       0       0       0       001010000D   2575
     126       0      -3      30       0                B_SPLINE      11D   2576
     126    2714       1       1       0       0       0       001010000D   2577
     126       0      -3      30       0                B_SPLINE      12D   2578
     124    2744       1       1       0       0       0       001000000D   2579
     124       0       0       2       0                   XFORM     350D   2580
     100    2746       1       1       0       0    2579       001010000D   2581
     100       0      -3       1       0                     ARC     350D   2582
     124    2747       1       1       0       0       0       001000000D   2583
     124       0       0       2       0                   XFORM     351D   2584
     100    2749       1       1       0       0    2583       001010000D   2585
     100       0      -3       1       0                     ARC     351D   2586
     124    2750       1       1       0       0       0       001000000D   2587
     124       0       0       3       0                   XFORM     352D   2588
     100    2753       1       1       0       0    2587       001010000D   2589
     100       0      -3       1       0                     ARC     352D   2590
     124    2754       1       1       0       0       0       001000000D   2591
     124       0       0       3       0                   XFORM     353D   2592
     100    2757       1       1       0       0    2591       001010000D   2593
     100       0      -3       1       0                     ARC     353D   2594
     124    2758       1       1       0       0       0       001000000D   2595
     124       0       0       2       0                   XFORM     354D   2596
     100    2760       1       1       0       0    2595       001010000D   2597
     100       0      -3       2       0                     ARC     354D   2598
     124    2762       1       1       0       0       0       001000000D   2599
     124       0       0       3       0                   XFORM     355D   2600
     100    2765       1       1       0       0    2599       001010000D   2601
     100       0      -3       2       0                     ARC     355D   2602
     124    2767       1       1       0       0       0       001000000D   2603
     124       0       0       3       0                   XFORM     356D   2604
     100    2770       1       1       0       0    2603       001010000D   2605
     100       0      -3       2       0                     ARC     356D   2606
     502    2772       1       1       0       0       0       001010000D   2607
     502       0      -3      71       1                  VERTEX       2D   2608
     504    2843       1       1       0       0       0       000010001D   2609
     504       0      -3      52       1                    EDGE       2D   2610
     110    2895       1       1       0       0       0       001010000D   2611
     110       0      -3       1       0                    LINE     227D   2612
     124    2896       1       1       0       0       0       001000000D   2613
     124       0       0       3       0                   XFORM     357D   2614
     100    2899       1       1       0       0    2613       001010000D   2615
     100       0      -3       2       0                     ARC     357D   2616
     120    2901       1       1       0       0       0       001010000D   2617
     120       0      -3       1       0                    SREV     105D   2618
     508    2902       1       1       0       0       0       001010000D   2619
     508       0       0       1       1                EDGELOOP     119D   2620
     510    2903       1       1       0       0       0       000010000D   2621
     510       0      -3       1       1                    FACE     111D   2622
     110    2904       1       1       0       0       0       001010000D   2623
     110       0      -3       1       0                    LINE     228D   2624
     124    2905       1       1       0       0       0       001000000D   2625
     124       0       0       3       0                   XFORM     358D   2626
     100    2908       1       1       0       0    2625       001010000D   2627
     100       0      -3       2       0                     ARC     358D   2628
     120    2910       1       1       0       0       0       001010000D   2629
     120       0      -3       1       0                    SREV     106D   2630
     508    2911       1       1       0       0       0       001010000D   2631
     508       0       0       1       1                EDGELOOP     120D   2632
     510    2912       1       1       0       0       0       000010000D   2633
     510       0      -3       1       1                    FACE     112D   2634
     110    2913       1       1       0       0       0       001010000D   2635
     110       0      -3       1       0                    LINE     229D   2636
     110    2914       1       1       0       0       0       001010000D   2637
     110       0      -3       2       0                    LINE     230D   2638
     120    2916       1       1       0       0       0       001010000D   2639
     120       0      -3       1       0                    SREV     107D   2640
     508    2917       1       1       0       0       0       001010000D   2641
     508       0       0       1       1                EDGELOOP     121D   2642
     510    2918       1       1       0       0       0       000010000D   2643
     510       0      -3       1       1                    FACE     113D   2644
     110    2919       1       1       0       0       0       001010000D   2645
     110       0      -3       1       0                    LINE     231D   2646
     110    2920       1       1       0       0       0       001010000D   2647
     110       0      -3       2       0                    LINE     232D   2648
     120    2922       1       1       0       0       0       001010000D   2649
     120       0      -3       1       0                    SREV     108D   2650
     508    2923       1       1       0       0       0       001010000D   2651
     508       0       0       1       1                EDGELOOP     122D   2652
     510    2924       1       1       0       0       0       000010000D   2653
     510       0      -3       1       1                    FACE     114D   2654
     128    2925       1       1       0       0       0       001010000D   2655
     128       0      -3       9       0                  SPLSRF       7D   2656
     508    2934       1       1       0       0       0       001010000D   2657
     508       0       0       1       1                EDGELOOP     123D   2658
     508    2935       1       1       0       0       0       001010000D   2659
     508       0       0       1       1                EDGELOOP     124D   2660
     510    2936       1       1       0       0       0       000010000D   2661
     510       0      -3       1       1                    FACE     115D   2662
     110    2937       1       1       0       0       0       001010000D   2663
     110       0      -3       1       0                    LINE     233D   2664
     110    2938       1       1       0       0       0       001010000D   2665
     110       0      -3       2       0                    LINE     234D   2666
     120    2940       1       1       0       0       0       001010000D   2667
     120       0      -3       1       0                    SREV     109D   2668
     508    2941       1       1       0       0       0       001010000D   2669
     508       0       0       1       1                EDGELOOP     125D   2670
     510    2942       1       1       0       0       0       000010000D   2671
     510       0      -3       1       1                    FACE     116D   2672
     110    2943       1       1       0       0       0       001010000D   2673
     110       0      -3       1       0                    LINE     235D   2674
     110    2944       1       1       0       0       0       001010000D   2675
     110       0      -3       2       0                    LINE     236D   2676
     120    2946       1       1       0       0       0       001010000D   2677
     120       0      -3       1       0                    SREV     110D   2678
     508    2947       1       1       0       0       0       001010000D   2679
     508       0       0       1       1                EDGELOOP     126D   2680
     510    2948       1       1       0       0       0       000010000D   2681
     510       0      -3       1       1                    FACE     117D   2682
     110    2949       1       1       0       0       0       001010000D   2683
     110       0      -3       1       0                    LINE     237D   2684
     124    2950       1       1       0       0       0       001000000D   2685
     124       0       0       3       0                   XFORM     359D   2686
     100    2953       1       1       0       0    2685       001010000D   2687
     100       0      -3       1       0                     ARC     359D   2688
     120    2954       1       1       0       0       0       001010000D   2689
     120       0      -3       1       0                    SREV     111D   2690
     508    2955       1       1       0       0       0       001010000D   2691
     508       0       0       1       1                EDGELOOP     127D   2692
     510    2956       1       1       0       0       0       000010000D   2693
     510       0      -3       1       1                    FACE     118D   2694
     110    2957       1       1       0       0       0       001010000D   2695
     110       0      -3       1       0                    LINE     238D   2696
     124    2958       1       1       0       0       0       001000000D   2697
     124       0       0       3       0                   XFORM     360D   2698
     100    2961       1       1       0       0    2697       001010000D   2699
     100       0      -3       1       0                     ARC     360D   2700
     120    2962       1       1       0       0       0       001010000D   2701
     120       0      -3       1       0                    SREV     112D   2702
     508    2963       1       1       0       0       0       001010000D   2703
     508       0       0       1       1                EDGELOOP     128D   2704
     510    2964       1       1       0       0       0       000010000D   2705
     510       0      -3       1       1                    FACE     119D   2706
     110    2965       1       1       0       0       0       001010000D   2707
     110       0      -3       1       0                    LINE     239D   2708
     124    2966       1       1       0       0       0       001000000D   2709
     124       0       0       3       0                   XFORM     361D   2710
     100    2969       1       1       0       0    2709       001010000D   2711
     100       0      -3       2       0                     ARC     361D   2712
     120    2971       1       1       0       0       0       001010000D   2713
     120       0      -3       1       0                    SREV     113D   2714
     508    2972       1       1       0       0       0       001010000D   2715
     508       0       0       1       1                EDGELOOP     129D   2716
     510    2973       1       1       0       0       0       000010000D   2717
     510       0      -3       1       1                    FACE     120D   2718
     110    2974       1       1       0       0       0       001010000D   2719
     110       0      -3       1       0                    LINE     240D   2720
     124    2975       1       1       0       0       0       001000000D   2721
     124       0       0       3       0                   XFORM     362D   2722
     100    2978       1       1       0       0    2721       001010000D   2723
     100       0      -3       2       0                     ARC     362D   2724
     120    2980       1       1       0       0       0       001010000D   2725
     120       0      -3       1       0                    SREV     114D   2726
     508    2981       1       1       0       0       0       001010000D   2727
     508       0       0       1       1                EDGELOOP     130D   2728
     510    2982       1       1       0       0       0       000010000D   2729
     510       0      -3       1       1                    FACE     121D   2730
     110    2983       1       1       0       0       0       001010000D   2731
     110       0      -3       1       0                    LINE     241D   2732
     110    2984       1       1       0       0       0       001010000D   2733
     110       0      -3       2       0                    LINE     242D   2734
     120    2986       1       1       0       0       0       001010000D   2735
     120       0      -3       1       0                    SREV     115D   2736
     508    2987       1       1       0       0       0       001010000D   2737
     508       0       0       1       1                EDGELOOP     131D   2738
     510    2988       1       1       0       0       0       000010000D   2739
     510       0      -3       1       1                    FACE     122D   2740
     110    2989       1       1       0       0       0       001010000D   2741
     110       0      -3       1       0                    LINE     243D   2742
     110    2990       1       1       0       0       0       001010000D   2743
     110       0      -3       2       0                    LINE     244D   2744
     120    2992       1       1       0       0       0       001010000D   2745
     120       0      -3       1       0                    SREV     116D   2746
     508    2993       1       1       0       0       0       001010000D   2747
     508       0       0       1       1                EDGELOOP     132D   2748
     510    2994       1       1       0       0       0       000010000D   2749
     510       0      -3       1       1                    FACE     123D   2750
     110    2995       1       1       0       0       0       001010000D   2751
     110       0      -3       1       0                    LINE     245D   2752
     110    2996       1       1       0       0       0       001010000D   2753
     110       0      -3       2       0                    LINE     246D   2754
     120    2998       1       1       0       0       0       001010000D   2755
     120       0      -3       1       0                    SREV     117D   2756
     508    2999       1       1       0       0       0       001010000D   2757
     508       0       0       1       1                EDGELOOP     133D   2758
     510    3000       1       1       0       0       0       000010000D   2759
     510       0      -3       1       1                    FACE     124D   2760
     110    3001       1       1       0       0       0       001010000D   2761
     110       0      -3       1       0                    LINE     247D   2762
     110    3002       1       1       0       0       0       001010000D   2763
     110       0      -3       2       0                    LINE     248D   2764
     120    3004       1       1       0       0       0       001010000D   2765
     120       0      -3       1       0                    SREV     118D   2766
     508    3005       1       1       0       0       0       001010000D   2767
     508       0       0       1       1                EDGELOOP     134D   2768
     510    3006       1       1       0       0       0       000010000D   2769
     510       0      -3       1       1                    FACE     125D   2770
     110    3007       1       1       0       0       0       001010000D   2771
     110       0      -3       1       0                    LINE     249D   2772
     110    3008       1       1       0       0       0       001010000D   2773
     110       0      -3       2       0                    LINE     250D   2774
     120    3010       1       1       0       0       0       001010000D   2775
     120       0      -3       1       0                    SREV     119D   2776
     508    3011       1       1       0       0       0       001010000D   2777
     508       0       0       1       1                EDGELOOP     135D   2778
     510    3012       1       1       0       0       0       000010000D   2779
     510       0      -3       1       1                    FACE     126D   2780
     110    3013       1       1       0       0       0       001010000D   2781
     110       0      -3       1       0                    LINE     251D   2782
     110    3014       1       1       0       0       0       001010000D   2783
     110       0      -3       2       0                    LINE     252D   2784
     120    3016       1       1       0       0       0       001010000D   2785
     120       0      -3       1       0                    SREV     120D   2786
     508    3017       1       1       0       0       0       001010000D   2787
     508       0       0       1       1                EDGELOOP     136D   2788
     510    3018       1       1       0       0       0       000010000D   2789
     510       0      -3       1       1                    FACE     127D   2790
     110    3019       1       1       0       0       0       001010000D   2791
     110       0      -3       1       0                    LINE     253D   2792
     124    3020       1       1       0       0       0       001000000D   2793
     124       0       0       3       0                   XFORM     363D   2794
     100    3023       1       1       0       0    2793       001010000D   2795
     100       0      -3       2       0                     ARC     363D   2796
     120    3025       1       1       0       0       0       001010000D   2797
     120       0      -3       1       0                    SREV     121D   2798
     508    3026       1       1       0       0       0       001010000D   2799
     508       0       0       1       1                EDGELOOP     137D   2800
     510    3027       1       1       0       0       0       000010000D   2801
     510       0      -3       1       1                    FACE     128D   2802
     110    3028       1       1       0       0       0       001010000D   2803
     110       0      -3       1       0                    LINE     254D   2804
     124    3029       1       1       0       0       0       001000000D   2805
     124       0       0       3       0                   XFORM     364D   2806
     100    3032       1       1       0       0    2805       001010000D   2807
     100       0      -3       2       0                     ARC     364D   2808
     120    3034       1       1       0       0       0       001010000D   2809
     120       0      -3       1       0                    SREV     122D   2810
     508    3035       1       1       0       0       0       001010000D   2811
     508       0       0       1       1                EDGELOOP     138D   2812
     510    3036       1       1       0       0       0       000010000D   2813
     510       0      -3       1       1                    FACE     129D   2814
     110    3037       1       1       0       0       0       001010000D   2815
     110       0      -3       1       0                    LINE     255D   2816
     124    3038       1       1       0       0       0       001000000D   2817
     124       0       0       3       0                   XFORM     365D   2818
     100    3041       1       1       0       0    2817       001010000D   2819
     100       0      -3       1       0                     ARC     365D   2820
     120    3042       1       1       0       0       0       001010000D   2821
     120       0      -3       1       0                    SREV     123D   2822
     508    3043       1       1       0       0       0       001010000D   2823
     508       0       0       1       1                EDGELOOP     139D   2824
     510    3044       1       1       0       0       0       000010000D   2825
     510       0      -3       1       1                    FACE     130D   2826
     110    3045       1       1       0       0       0       001010000D   2827
     110       0      -3       1       0                    LINE     256D   2828
     124    3046       1       1       0       0       0       001000000D   2829
     124       0       0       3       0                   XFORM     366D   2830
     100    3049       1       1       0       0    2829       001010000D   2831
     100       0      -3       1       0                     ARC     366D   2832
     120    3050       1       1       0       0       0       001010000D   2833
     120       0      -3       1       0                    SREV     124D   2834
     508    3051       1       1       0       0       0       001010000D   2835
     508       0       0       1       1                EDGELOOP     140D   2836
     510    3052       1       1       0       0       0       000010000D   2837
     510       0      -3       1       1                    FACE     131D   2838
     110    3053       1       1       0       0       0       001010000D   2839
     110       0      -3       1       0                    LINE     257D   2840
     110    3054       1       1       0       0       0       001010000D   2841
     110       0      -3       2       0                    LINE     258D   2842
     120    3056       1       1       0       0       0       001010000D   2843
     120       0      -3       1       0                    SREV     125D   2844
     508    3057       1       1       0       0       0       001010000D   2845
     508       0       0       1       1                EDGELOOP     141D   2846
     510    3058       1       1       0       0       0       000010000D   2847
     510       0      -3       1       1                    FACE     132D   2848
     110    3059       1       1       0       0       0       001010000D   2849
     110       0      -3       1       0                    LINE     259D   2850
     110    3060       1       1       0       0       0       001010000D   2851
     110       0      -3       2       0                    LINE     260D   2852
     120    3062       1       1       0       0       0       001010000D   2853
     120       0      -3       1       0                    SREV     126D   2854
     508    3063       1       1       0       0       0       001010000D   2855
     508       0       0       1       1                EDGELOOP     142D   2856
     510    3064       1       1       0       0       0       000010000D   2857
     510       0      -3       1       1                    FACE     133D   2858
     128    3065       1       1       0       0       0       001010000D   2859
     128       0      -3       9       0                  SPLSRF       8D   2860
     508    3074       1       1       0       0       0       001010000D   2861
     508       0       0       1       1                EDGELOOP     143D   2862
     508    3075       1       1       0       0       0       001010000D   2863
     508       0       0       1       1                EDGELOOP     144D   2864
     510    3076       1       1       0       0       0       000010000D   2865
     510       0      -3       1       1                    FACE     134D   2866
     110    3077       1       1       0       0       0       001010000D   2867
     110       0      -3       1       0                    LINE     261D   2868
     110    3078       1       1       0       0       0       001010000D   2869
     110       0      -3       2       0                    LINE     262D   2870
     120    3080       1       1       0       0       0       001010000D   2871
     120       0      -3       1       0                    SREV     127D   2872
     508    3081       1       1       0       0       0       001010000D   2873
     508       0       0       1       1                EDGELOOP     145D   2874
     510    3082       1       1       0       0       0       000010000D   2875
     510       0      -3       1       1                    FACE     135D   2876
     110    3083       1       1       0       0       0       001010000D   2877
     110       0      -3       1       0                    LINE     263D   2878
     110    3084       1       1       0       0       0       001010000D   2879
     110       0      -3       2       0                    LINE     264D   2880
     120    3086       1       1       0       0       0       001010000D   2881
     120       0      -3       1       0                    SREV     128D   2882
     508    3087       1       1       0       0       0       001010000D   2883
     508       0       0       1       1                EDGELOOP     146D   2884
     510    3088       1       1       0       0       0       000010000D   2885
     510       0      -3       1       1                    FACE     136D   2886
     110    3089       1       1       0       0       0       001010000D   2887
     110       0      -3       1       0                    LINE     265D   2888
     124    3090       1       1       0       0       0       001000000D   2889
     124       0       0       3       0                   XFORM     367D   2890
     100    3093       1       1       0       0    2889       001010000D   2891
     100       0      -3       2       0                     ARC     367D   2892
     120    3095       1       1       0       0       0       001010000D   2893
     120       0      -3       1       0                    SREV     129D   2894
     508    3096       1       1       0       0       0       001010000D   2895
     508       0       0       1       1                EDGELOOP     147D   2896
     510    3097       1       1       0       0       0       000010000D   2897
     510       0      -3       1       1                    FACE     137D   2898
     110    3098       1       1       0       0       0       001010000D   2899
     110       0      -3       1       0                    LINE     266D   2900
     124    3099       1       1       0       0       0       001000000D   2901
     124       0       0       3       0                   XFORM     368D   2902
     100    3102       1       1       0       0    2901       001010000D   2903
     100       0      -3       2       0                     ARC     368D   2904
     120    3104       1       1       0       0       0       001010000D   2905
     120       0      -3       1       0                    SREV     130D   2906
     508    3105       1       1       0       0       0       001010000D   2907
     508       0       0       1       1                EDGELOOP     148D   2908
     510    3106       1       1       0       0       0       000010000D   2909
     510       0      -3       1       1                    FACE     138D   2910
     128    3107       1       1       0       0       0       001010000D   2911
     128       0      -3       9       0                  SPLSRF       9D   2912
     508    3116       1       1       0       0       0       001010000D   2913
     508       0       0       1       1                EDGELOOP     149D   2914
     508    3117       1       1       0       0       0       001010000D   2915
     508       0       0       1       1                EDGELOOP     150D   2916
     510    3118       1       1       0       0       0       000010000D   2917
     510       0      -3       1       1                    FACE     139D   2918
     128    3119       1       1       0       0       0       001010000D   2919
     128       0      -3       9       0                  SPLSRF      10D   2920
     508    3128       1       1       0       0       0       001010000D   2921
     508       0       0       1       1                EDGELOOP     151D   2922
     508    3129       1       1       0       0       0       001010000D   2923
     508       0       0       1       1                EDGELOOP     152D   2924
     510    3130       1       1       0       0       0       000010000D   2925
     510       0      -3       1       1                    FACE     140D   2926
     110    3131       1       1       0       0       0       001010000D   2927
     110       0      -3       1       0                    LINE     267D   2928
     110    3132       1       1       0       0       0       001010000D   2929
     110       0      -3       2       0                    LINE     268D   2930
     120    3134       1       1       0       0       0       001010000D   2931
     120       0      -3       1       0                    SREV     131D   2932
     508    3135       1       1       0       0       0       001010000D   2933
     508       0       0       1       1                EDGELOOP     153D   2934
     510    3136       1       1       0       0       0       000010000D   2935
     510       0      -3       1       1                    FACE     141D   2936
     110    3137       1       1       0       0       0       001010000D   2937
     110       0      -3       1       0                    LINE     269D   2938
     110    3138       1       1       0       0       0       001010000D   2939
     110       0      -3       2       0                    LINE     270D   2940
     120    3140       1       1       0       0       0       001010000D   2941
     120       0      -3       1       0                    SREV     132D   2942
     508    3141       1       1       0       0       0       001010000D   2943
     508       0       0       1       1                EDGELOOP     154D   2944
     510    3142       1       1       0       0       0       000010000D   2945
     510       0      -3       1       1                    FACE     142D   2946
     110    3143       1       1       0       0       0       001010000D   2947
     110       0      -3       1       0                    LINE     271D   2948
     124    3144       1       1       0       0       0       001000000D   2949
     124       0       0       3       0                   XFORM     369D   2950
     100    3147       1       1       0       0    2949       001010000D   2951
     100       0      -3       1       0                     ARC     369D   2952
     120    3148       1       1       0       0       0       001010000D   2953
     120       0      -3       1       0                    SREV     133D   2954
     508    3149       1       1       0       0       0       001010000D   2955
     508       0       0       2       1                EDGELOOP     155D   2956
     510    3151       1       1       0       0       0       000010000D   2957
     510       0      -3       1       1                    FACE     143D   2958
     110    3152       1       1       0       0       0       001010000D   2959
     110       0      -3       1       0                    LINE     272D   2960
     124    3153       1       1       0       0       0       001000000D   2961
     124       0       0       4       0                   XFORM     370D   2962
     100    3157       1       1       0       0    2961       001010000D   2963
     100       0      -3       1       0                     ARC     370D   2964
     120    3158       1       1       0       0       0       001010000D   2965
     120       0      -3       1       0                    SREV     134D   2966
     508    3159       1       1       0       0       0       001010000D   2967
     508       0       0       2       1                EDGELOOP     156D   2968
     510    3161       1       1       0       0       0       000010000D   2969
     510       0      -3       1       1                    FACE     144D   2970
     110    3162       1       1       0       0       0       001010000D   2971
     110       0      -3       1       0                    LINE     273D   2972
     124    3163       1       1       0       0       0       001000000D   2973
     124       0       0       4       0                   XFORM     371D   2974
     100    3167       1       1       0       0    2973       001010000D   2975
     100       0      -3       1       0                     ARC     371D   2976
     120    3168       1       1       0       0       0       001010000D   2977
     120       0      -3       1       0                    SREV     135D   2978
     508    3169       1       1       0       0       0       001010000D   2979
     508       0       0       2       1                EDGELOOP     157D   2980
     510    3171       1       1       0       0       0       000010000D   2981
     510       0      -3       1       1                    FACE     145D   2982
     110    3172       1       1       0       0       0       001010000D   2983
     110       0      -3       1       0                    LINE     274D   2984
     124    3173       1       1       0       0       0       001000000D   2985
     124       0       0       4       0                   XFORM     372D   2986
     100    3177       1       1       0       0    2985       001010000D   2987
     100       0      -3       1       0                     ARC     372D   2988
     120    3178       1       1       0       0       0       001010000D   2989
     120       0      -3       1       0                    SREV     136D   2990
     508    3179       1       1       0       0       0       001010000D   2991
     508       0       0       2       1                EDGELOOP     158D   2992
     510    3181       1       1       0       0       0       000010000D   2993
     510       0      -3       1       1                    FACE     146D   2994
     110    3182       1       1       0       0       0       001010000D   2995
     110       0      -3       1       0                    LINE     275D   2996
     124    3183       1       1       0       0       0       001000000D   2997
     124       0       0       4       0                   XFORM     373D   2998
     100    3187       1       1       0       0    2997       001010000D   2999
     100       0      -3       1       0                     ARC     373D   3000
     120    3188       1       1       0       0       0       001010000D   3001
     120       0      -3       1       0                    SREV     137D   3002
     508    3189       1       1       0       0       0       001010000D   3003
     508       0       0       2       1                EDGELOOP     159D   3004
     510    3191       1       1       0       0       0       000010000D   3005
     510       0      -3       1       1                    FACE     147D   3006
     110    3192       1       1       0       0       0       001010000D   3007
     110       0      -3       1       0                    LINE     276D   3008
     124    3193       1       1       0       0       0       001000000D   3009
     124       0       0       3       0                   XFORM     374D   3010
     100    3196       1       1       0       0    3009       001010000D   3011
     100       0      -3       1       0                     ARC     374D   3012
     120    3197       1       1       0       0       0       001010000D   3013
     120       0      -3       1       0                    SREV     138D   3014
     508    3198       1       1       0       0       0       001010000D   3015
     508       0       0       2       1                EDGELOOP     160D   3016
     510    3200       1       1       0       0       0       000010000D   3017
     510       0      -3       1       1                    FACE     148D   3018
     110    3201       1       1       0       0       0       001010000D   3019
     110       0      -3       1       0                    LINE     277D   3020
     124    3202       1       1       0       0       0       001000000D   3021
     124       0       0       3       0                   XFORM     375D   3022
     100    3205       1       1       0       0    3021       001010000D   3023
     100       0      -3       1       0                     ARC     375D   3024
     120    3206       1       1       0       0       0       001010000D   3025
     120       0      -3       1       0                    SREV     139D   3026
     508    3207       1       1       0       0       0       001010000D   3027
     508       0       0       2       1                EDGELOOP     161D   3028
     510    3209       1       1       0       0       0       000010000D   3029
     510       0      -3       1       1                    FACE     149D   3030
     110    3210       1       1       0       0       0       001010000D   3031
     110       0      -3       1       0                    LINE     278D   3032
     124    3211       1       1       0       0       0       001000000D   3033
     124       0       0       4       0                   XFORM     376D   3034
     100    3215       1       1       0       0    3033       001010000D   3035
     100       0      -3       1       0                     ARC     376D   3036
     120    3216       1       1       0       0       0       001010000D   3037
     120       0      -3       1       0                    SREV     140D   3038
     508    3217       1       1       0       0       0       001010000D   3039
     508       0       0       2       1                EDGELOOP     162D   3040
     510    3219       1       1       0       0       0       000010000D   3041
     510       0      -3       1       1                    FACE     150D   3042
     110    3220       1       1       0       0       0       001010000D   3043
     110       0      -3       1       0                    LINE     279D   3044
     124    3221       1       1       0       0       0       001000000D   3045
     124       0       0       4       0                   XFORM     377D   3046
     100    3225       1       1       0       0    3045       001010000D   3047
     100       0      -3       1       0                     ARC     377D   3048
     120    3226       1       1       0       0       0       001010000D   3049
     120       0      -3       1       0                    SREV     141D   3050
     508    3227       1       1       0       0       0       001010000D   3051
     508       0       0       2       1                EDGELOOP     163D   3052
     510    3229       1       1       0       0       0       000010000D   3053
     510       0      -3       1       1                    FACE     151D   3054
     110    3230       1       1       0       0       0       001010000D   3055
     110       0      -3       1       0                    LINE     280D   3056
     124    3231       1       1       0       0       0       001000000D   3057
     124       0       0       4       0                   XFORM     378D   3058
     100    3235       1       1       0       0    3057       001010000D   3059
     100       0      -3       1       0                     ARC     378D   3060
     120    3236       1       1       0       0       0       001010000D   3061
     120       0      -3       1       0                    SREV     142D   3062
     508    3237       1       1       0       0       0       001010000D   3063
     508       0       0       2       1                EDGELOOP     164D   3064
     510    3239       1       1       0       0       0       000010000D   3065
     510       0      -3       1       1                    FACE     152D   3066
     110    3240       1       1       0       0       0       001010000D   3067
     110       0      -3       1       0                    LINE     281D   3068
     124    3241       1       1       0       0       0       001000000D   3069
     124       0       0       4       0                   XFORM     379D   3070
     100    3245       1       1       0       0    3069       001010000D   3071
     100       0      -3       1       0                     ARC     379D   3072
     120    3246       1       1       0       0       0       001010000D   3073
     120       0      -3       1       0                    SREV     143D   3074
     508    3247       1       1       0       0       0       001010000D   3075
     508       0       0       2       1                EDGELOOP     165D   3076
     510    3249       1       1       0       0       0       000010000D   3077
     510       0      -3       1       1                    FACE     153D   3078
     110    3250       1       1       0       0       0       001010000D   3079
     110       0      -3       1       0                    LINE     282D   3080
     124    3251       1       1       0       0       0       001000000D   3081
     124       0       0       3       0                   XFORM     380D   3082
     100    3254       1       1       0       0    3081       001010000D   3083
     100       0      -3       1       0                     ARC     380D   3084
     120    3255       1       1       0       0       0       001010000D   3085
     120       0      -3       1       0                    SREV     144D   3086
     508    3256       1       1       0       0       0       001010000D   3087
     508       0       0       2       1                EDGELOOP     166D   3088
     510    3258       1       1       0       0       0       000010000D   3089
     510       0      -3       1       1                    FACE     154D   3090
     110    3259       1       1       0       0       0       001010000D   3091
     110       0      -3       1       0                    LINE     283D   3092
     124    3260       1       1       0       0       0       001000000D   3093
     124       0       0       3       0                   XFORM     381D   3094
     100    3263       1       1       0       0    3093       001010000D   3095
     100       0      -3       1       0                     ARC     381D   3096
     120    3264       1       1       0       0       0       001010000D   3097
     120       0      -3       1       0                    SREV     145D   3098
     508    3265       1       1       0       0       0       001010000D   3099
     508       0       0       2       1                EDGELOOP     167D   3100
     510    3267       1       1       0       0       0       000010000D   3101
     510       0      -3       1       1                    FACE     155D   3102
     110    3268       1       1       0       0       0       001010000D   3103
     110       0      -3       1       0                    LINE     284D   3104
     124    3269       1       1       0       0       0       001000000D   3105
     124       0       0       3       0                   XFORM     382D   3106
     100    3272       1       1       0       0    3105       001010000D   3107
     100       0      -3       1       0                     ARC     382D   3108
     120    3273       1       1       0       0       0       001010000D   3109
     120       0      -3       1       0                    SREV     146D   3110
     508    3274       1       1       0       0       0       001010000D   3111
     508       0       0       2       1                EDGELOOP     168D   3112
     510    3276       1       1       0       0       0       000010000D   3113
     510       0      -3       1       1                    FACE     156D   3114
     110    3277       1       1       0       0       0       001010000D   3115
     110       0      -3       1       0                    LINE     285D   3116
     124    3278       1       1       0       0       0       001000000D   3117
     124       0       0       3       0                   XFORM     383D   3118
     100    3281       1       1       0       0    3117       001010000D   3119
     100       0      -3       1       0                     ARC     383D   3120
     120    3282       1       1       0       0       0       001010000D   3121
     120       0      -3       1       0                    SREV     147D   3122
     508    3283       1       1       0       0       0       001010000D   3123
     508       0       0       2       1                EDGELOOP     169D   3124
     510    3285       1       1       0       0       0       000010000D   3125
     510       0      -3       1       1                    FACE     157D   3126
     110    3286       1       1       0       0       0       001010000D   3127
     110       0      -3       1       0                    LINE     286D   3128
     124    3287       1       1       0       0       0       001000000D   3129
     124       0       0       3       0                   XFORM     384D   3130
     100    3290       1       1       0       0    3129       001010000D   3131
     100       0      -3       1       0                     ARC     384D   3132
     120    3291       1       1       0       0       0       001010000D   3133
     120       0      -3       1       0                    SREV     148D   3134
     508    3292       1       1       0       0       0       001010000D   3135
     508       0       0       2       1                EDGELOOP     170D   3136
     510    3294       1       1       0       0       0       000010000D   3137
     510       0      -3       1       1                    FACE     158D   3138
     110    3295       1       1       0       0       0       001010000D   3139
     110       0      -3       1       0                    LINE     287D   3140
     124    3296       1       1       0       0       0       001000000D   3141
     124       0       0       3       0                   XFORM     385D   3142
     100    3299       1       1       0       0    3141       001010000D   3143
     100       0      -3       2       0                     ARC     385D   3144
     120    3301       1       1       0       0       0       001010000D   3145
     120       0      -3       1       0                    SREV     149D   3146
     508    3302       1       1       0       0       0       001010000D   3147
     508       0       0       2       1                EDGELOOP     171D   3148
     510    3304       1       1       0       0       0       000010000D   3149
     510       0      -3       1       1                    FACE     159D   3150
     110    3305       1       1       0       0       0       001010000D   3151
     110       0      -3       1       0                    LINE     288D   3152
     124    3306       1       1       0       0       0       001000000D   3153
     124       0       0       3       0                   XFORM     386D   3154
     100    3309       1       1       0       0    3153       001010000D   3155
     100       0      -3       2       0                     ARC     386D   3156
     120    3311       1       1       0       0       0       001010000D   3157
     120       0      -3       1       0                    SREV     150D   3158
     508    3312       1       1       0       0       0       001010000D   3159
     508       0       0       2       1                EDGELOOP     172D   3160
     510    3314       1       1       0       0       0       000010000D   3161
     510       0      -3       1       1                    FACE     160D   3162
     110    3315       1       1       0       0       0       001010000D   3163
     110       0      -3       1       0                    LINE     289D   3164
     110    3316       1       1       0       0       0       001010000D   3165
     110       0      -3       1       0                    LINE     290D   3166
     120    3317       1       1       0       0       0       001010000D   3167
     120       0      -3       1       0                    SREV     151D   3168
     508    3318       1       1       0       0       0       001010000D   3169
     508       0       0       1       1                EDGELOOP     173D   3170
     510    3319       1       1       0       0       0       000010000D   3171
     510       0      -3       1       1                    FACE     161D   3172
     110    3320       1       1       0       0       0       001010000D   3173
     110       0      -3       1       0                    LINE     291D   3174
     110    3321       1       1       0       0       0       001010000D   3175
     110       0      -3       1       0                    LINE     292D   3176
     120    3322       1       1       0       0       0       001010000D   3177
     120       0      -3       1       0                    SREV     152D   3178
     508    3323       1       1       0       0       0       001010000D   3179
     508       0       0       1       1                EDGELOOP     174D   3180
     510    3324       1       1       0       0       0       000010000D   3181
     510       0      -3       1       1                    FACE     162D   3182
     110    3325       1       1       0       0       0       001010000D   3183
     110       0      -3       1       0                    LINE     293D   3184
     110    3326       1       1       0       0       0       001010000D   3185
     110       0      -3       1       0                    LINE     294D   3186
     120    3327       1       1       0       0       0       001010000D   3187
     120       0      -3       1       0                    SREV     153D   3188
     508    3328       1       1       0       0       0       001010000D   3189
     508       0       0       1       1                EDGELOOP     175D   3190
     510    3329       1       1       0       0       0       000010000D   3191
     510       0      -3       1       1                    FACE     163D   3192
     110    3330       1       1       0       0       0       001010000D   3193
     110       0      -3       1       0                    LINE     295D   3194
     110    3331       1       1       0       0       0       001010000D   3195
     110       0      -3       1       0                    LINE     296D   3196
     120    3332       1       1       0       0       0       001010000D   3197
     120       0      -3       1       0                    SREV     154D   3198
     508    3333       1       1       0       0       0       001010000D   3199
     508       0       0       1       1                EDGELOOP     176D   3200
     510    3334       1       1       0       0       0       000010000D   3201
     510       0      -3       1       1                    FACE     164D   3202
     110    3335       1       1       0       0       0       001010000D   3203
     110       0      -3       1       0                    LINE     297D   3204
     110    3336       1       1       0       0       0       001010000D   3205
     110       0      -3       1       0                    LINE     298D   3206
     120    3337       1       1       0       0       0       001010000D   3207
     120       0      -3       1       0                    SREV     155D   3208
     508    3338       1       1       0       0       0       001010000D   3209
     508       0       0       1       1                EDGELOOP     177D   3210
     510    3339       1       1       0       0       0       000010000D   3211
     510       0      -3       1       1                    FACE     165D   3212
     110    3340       1       1       0       0       0       001010000D   3213
     110       0      -3       1       0                    LINE     299D   3214
     110    3341       1       1       0       0       0       001010000D   3215
     110       0      -3       1       0                    LINE     300D   3216
     120    3342       1       1       0       0       0       001010000D   3217
     120       0      -3       1       0                    SREV     156D   3218
     508    3343       1       1       0       0       0       001010000D   3219
     508       0       0       1       1                EDGELOOP     178D   3220
     510    3344       1       1       0       0       0       000010000D   3221
     510       0      -3       1       1                    FACE     166D   3222
     110    3345       1       1       0       0       0       001010000D   3223
     110       0      -3       1       0                    LINE     301D   3224
     124    3346       1       1       0       0       0       001000000D   3225
     124       0       0       3       0                   XFORM     387D   3226
     100    3349       1       1       0       0    3225       001010000D   3227
     100       0      -3       2       0                     ARC     387D   3228
     120    3351       1       1       0       0       0       001010000D   3229
     120       0      -3       1       0                    SREV     157D   3230
     508    3352       1       1       0       0       0       001010000D   3231
     508       0       0       1       1                EDGELOOP     179D   3232
     510    3353       1       1       0       0       0       000010000D   3233
     510       0      -3       1       1                    FACE     167D   3234
     110    3354       1       1       0       0       0       001010000D   3235
     110       0      -3       1       0                    LINE     302D   3236
     124    3355       1       1       0       0       0       001000000D   3237
     124       0       0       4       0                   XFORM     388D   3238
     100    3359       1       1       0       0    3237       001010000D   3239
     100       0      -3       1       0                     ARC     388D   3240
     120    3360       1       1       0       0       0       001010000D   3241
     120       0      -3       1       0                    SREV     158D   3242
     508    3361       1       1       0       0       0       001010000D   3243
     508       0       0       1       1                EDGELOOP     180D   3244
     510    3362       1       1       0       0       0       000010000D   3245
     510       0      -3       1       1                    FACE     168D   3246
     110    3363       1       1       0       0       0       001010000D   3247
     110       0      -3       1       0                    LINE     303D   3248
     124    3364       1       1       0       0       0       001000000D   3249
     124       0       0       4       0                   XFORM     389D   3250
     100    3368       1       1       0       0    3249       001010000D   3251
     100       0      -3       1       0                     ARC     389D   3252
     120    3369       1       1       0       0       0       001010000D   3253
     120       0      -3       1       0                    SREV     159D   3254
     508    3370       1       1       0       0       0       001010000D   3255
     508       0       0       1       1                EDGELOOP     181D   3256
     510    3371       1       1       0       0       0       000010000D   3257
     510       0      -3       1       1                    FACE     169D   3258
     110    3372       1       1       0       0       0       001010000D   3259
     110       0      -3       1       0                    LINE     304D   3260
     124    3373       1       1       0       0       0       001000000D   3261
     124       0       0       4       0                   XFORM     390D   3262
     100    3377       1       1       0       0    3261       001010000D   3263
     100       0      -3       1       0                     ARC     390D   3264
     120    3378       1       1       0       0       0       001010000D   3265
     120       0      -3       1       0                    SREV     160D   3266
     508    3379       1       1       0       0       0       001010000D   3267
     508       0       0       1       1                EDGELOOP     182D   3268
     510    3380       1       1       0       0       0       000010000D   3269
     510       0      -3       1       1                    FACE     170D   3270
     110    3381       1       1       0       0       0       001010000D   3271
     110       0      -3       1       0                    LINE     305D   3272
     124    3382       1       1       0       0       0       001000000D   3273
     124       0       0       4       0                   XFORM     391D   3274
     100    3386       1       1       0       0    3273       001010000D   3275
     100       0      -3       1       0                     ARC     391D   3276
     120    3387       1       1       0       0       0       001010000D   3277
     120       0      -3       1       0                    SREV     161D   3278
     508    3388       1       1       0       0       0       001010000D   3279
     508       0       0       1       1                EDGELOOP     183D   3280
     510    3389       1       1       0       0       0       000010000D   3281
     510       0      -3       1       1                    FACE     171D   3282
     110    3390       1       1       0       0       0       001010000D   3283
     110       0      -3       1       0                    LINE     306D   3284
     124    3391       1       1       0       0       0       001000000D   3285
     124       0       0       3       0                   XFORM     392D   3286
     100    3394       1       1       0       0    3285       001010000D   3287
     100       0      -3       1       0                     ARC     392D   3288
     120    3395       1       1       0       0       0       001010000D   3289
     120       0      -3       1       0                    SREV     162D   3290
     508    3396       1       1       0       0       0       001010000D   3291
     508       0       0       1       1                EDGELOOP     184D   3292
     510    3397       1       1       0       0       0       000010000D   3293
     510       0      -3       1       1                    FACE     172D   3294
     110    3398       1       1       0       0       0       001010000D   3295
     110       0      -3       1       0                    LINE     307D   3296
     124    3399       1       1       0       0       0       001000000D   3297
     124       0       0       3       0                   XFORM     393D   3298
     100    3402       1       1       0       0    3297       001010000D   3299
     100       0      -3       1       0                     ARC     393D   3300
     120    3403       1       1       0       0       0       001010000D   3301
     120       0      -3       1       0                    SREV     163D   3302
     508    3404       1       1       0       0       0       001010000D   3303
     508       0       0       1       1                EDGELOOP     185D   3304
     510    3405       1       1       0       0       0       000010000D   3305
     510       0      -3       1       1                    FACE     173D   3306
     110    3406       1       1       0       0       0       001010000D   3307
     110       0      -3       1       0                    LINE     308D   3308
     124    3407       1       1       0       0       0       001000000D   3309
     124       0       0       4       0                   XFORM     394D   3310
     100    3411       1       1       0       0    3309       001010000D   3311
     100       0      -3       1       0                     ARC     394D   3312
     120    3412       1       1       0       0       0       001010000D   3313
     120       0      -3       1       0                    SREV     164D   3314
     508    3413       1       1       0       0       0       001010000D   3315
     508       0       0       1       1                EDGELOOP     186D   3316
     510    3414       1       1       0       0       0       000010000D   3317
     510       0      -3       1       1                    FACE     174D   3318
     110    3415       1       1       0       0       0       001010000D   3319
     110       0      -3       1       0                    LINE     309D   3320
     124    3416       1       1       0       0       0       001000000D   3321
     124       0       0       4       0                   XFORM     395D   3322
     100    3420       1       1       0       0    3321       001010000D   3323
     100       0      -3       1       0                     ARC     395D   3324
     120    3421       1       1       0       0       0       001010000D   3325
     120       0      -3       1       0                    SREV     165D   3326
     508    3422       1       1       0       0       0       001010000D   3327
     508       0       0       1       1                EDGELOOP     187D   3328
     510    3423       1       1       0       0       0       000010000D   3329
     510       0      -3       1       1                    FACE     175D   3330
     110    3424       1       1       0       0       0       001010000D   3331
     110       0      -3       1       0                    LINE     310D   3332
     124    3425       1       1       0       0       0       001000000D   3333
     124       0       0       4       0                   XFORM     396D   3334
     100    3429       1       1       0       0    3333       001010000D   3335
     100       0      -3       1       0                     ARC     396D   3336
     120    3430       1       1       0       0       0       001010000D   3337
     120       0      -3       1       0                    SREV     166D   3338
     508    3431       1       1       0       0       0       001010000D   3339
     508       0       0       1       1                EDGELOOP     188D   3340
     510    3432       1       1       0       0       0       000010000D   3341
     510       0      -3       1       1                    FACE     176D   3342
     110    3433       1       1       0       0       0       001010000D   3343
     110       0      -3       1       0                    LINE     311D   3344
     124    3434       1       1       0       0       0       001000000D   3345
     124       0       0       4       0                   XFORM     397D   3346
     100    3438       1       1       0       0    3345       001010000D   3347
     100       0      -3       1       0                     ARC     397D   3348
     120    3439       1       1       0       0       0       001010000D   3349
     120       0      -3       1       0                    SREV     167D   3350
     508    3440       1       1       0       0       0       001010000D   3351
     508       0       0       1       1                EDGELOOP     189D   3352
     510    3441       1       1       0       0       0       000010000D   3353
     510       0      -3       1       1                    FACE     177D   3354
     110    3442       1       1       0       0       0       001010000D   3355
     110       0      -3       1       0                    LINE     312D   3356
     124    3443       1       1       0       0       0       001000000D   3357
     124       0       0       3       0                   XFORM     398D   3358
     100    3446       1       1       0       0    3357       001010000D   3359
     100       0      -3       1       0                     ARC     398D   3360
     120    3447       1       1       0       0       0       001010000D   3361
     120       0      -3       1       0                    SREV     168D   3362
     508    3448       1       1       0       0       0       001010000D   3363
     508       0       0       1       1                EDGELOOP     190D   3364
     510    3449       1       1       0       0       0       000010000D   3365
     510       0      -3       1       1                    FACE     178D   3366
     110    3450       1       1       0       0       0       001010000D   3367
     110       0      -3       1       0                    LINE     313D   3368
     124    3451       1       1       0       0       0       001000000D   3369
     124       0       0       3       0                   XFORM     399D   3370
     100    3454       1       1       0       0    3369       001010000D   3371
     100       0      -3       1       0                     ARC     399D   3372
     120    3455       1       1       0       0       0       001010000D   3373
     120       0      -3       1       0                    SREV     169D   3374
     508    3456       1       1       0       0       0       001010000D   3375
     508       0       0       1       1                EDGELOOP     191D   3376
     510    3457       1       1       0       0       0       000010000D   3377
     510       0      -3       1       1                    FACE     179D   3378
     110    3458       1       1       0       0       0       001010000D   3379
     110       0      -3       1       0                    LINE     314D   3380
     124    3459       1       1       0       0       0       001000000D   3381
     124       0       0       3       0                   XFORM     400D   3382
     100    3462       1       1       0       0    3381       001010000D   3383
     100       0      -3       1       0                     ARC     400D   3384
     120    3463       1       1       0       0       0       001010000D   3385
     120       0      -3       1       0                    SREV     170D   3386
     508    3464       1       1       0       0       0       001010000D   3387
     508       0       0       1       1                EDGELOOP     192D   3388
     510    3465       1       1       0       0       0       000010000D   3389
     510       0      -3       1       1                    FACE     180D   3390
     110    3466       1       1       0       0       0       001010000D   3391
     110       0      -3       1       0                    LINE     315D   3392
     124    3467       1       1       0       0       0       001000000D   3393
     124       0       0       3       0                   XFORM     401D   3394
     100    3470       1       1       0       0    3393       001010000D   3395
     100       0      -3       1       0                     ARC     401D   3396
     120    3471       1       1       0       0       0       001010000D   3397
     120       0      -3       1       0                    SREV     171D   3398
     508    3472       1       1       0       0       0       001010000D   3399
     508       0       0       1       1                EDGELOOP     193D   3400
     510    3473       1       1       0       0       0       000010000D   3401
     510       0      -3       1       1                    FACE     181D   3402
     110    3474       1       1       0       0       0       001010000D   3403
     110       0      -3       1       0                    LINE     316D   3404
     110    3475       1       1       0       0       0       001010000D   3405
     110       0      -3       2       0                    LINE     317D   3406
     120    3477       1       1       0       0       0       001010000D   3407
     120       0      -3       1       0                    SREV     172D   3408
     508    3478       1       1       0       0       0       001010000D   3409
     508       0       0       1       1                EDGELOOP     194D   3410
     510    3479       1       1       0       0       0       000010000D   3411
     510       0      -3       1       1                    FACE     182D   3412
     110    3480       1       1       0       0       0       001010000D   3413
     110       0      -3       1       0                    LINE     318D   3414
     110    3481       1       1       0       0       0       001010000D   3415
     110       0      -3       2       0                    LINE     319D   3416
     120    3483       1       1       0       0       0       001010000D   3417
     120       0      -3       1       0                    SREV     173D   3418
     508    3484       1       1       0       0       0       001010000D   3419
     508       0       0       1       1                EDGELOOP     195D   3420
     510    3485       1       1       0       0       0       000010000D   3421
     510       0      -3       1       1                    FACE     183D   3422
     128    3486       1       1       0       0       0       001010000D   3423
     128       0      -3       9       0                  SPLSRF      11D   3424
     508    3495       1       1       0       0       0       001010000D   3425
     508       0       0       1       1                EDGELOOP     196D   3426
     508    3496       1       1       0       0       0       001010000D   3427
     508       0       0       1       1                EDGELOOP     197D   3428
     510    3497       1       1       0       0       0       000010000D   3429
     510       0      -3       1       1                    FACE     184D   3430
     128    3498       1       1       0       0       0       001010000D   3431
     128       0      -3       9       0                  SPLSRF      12D   3432
     508    3507       1       1       0       0       0       001010000D   3433
     508       0       0       1       1                EDGELOOP     198D   3434
     508    3508       1       1       0       0       0       001010000D   3435
     508       0       0       1       1                EDGELOOP     199D   3436
     510    3509       1       1       0       0       0       000010000D   3437
     510       0      -3       1       1                    FACE     185D   3438
     110    3510       1       1       0       0       0       001010000D   3439
     110       0      -3       1       0                    LINE     320D   3440
     124    3511       1       1       0       0       0       001000000D   3441
     124       0       0       3       0                   XFORM     402D   3442
     100    3514       1       1       0       0    3441       001010000D   3443
     100       0      -3       1       0                     ARC     402D   3444
     120    3515       1       1       0       0       0       001010000D   3445
     120       0      -3       1       0                    SREV     174D   3446
     508    3516       1       1       0       0       0       001010000D   3447
     508       0       0       1       1                EDGELOOP     200D   3448
     510    3517       1       1       0       0       0       000010000D   3449
     510       0      -3       1       1                    FACE     186D   3450
     110    3518       1       1       0       0       0       001010000D   3451
     110       0      -3       1       0                    LINE     321D   3452
     124    3519       1       1       0       0       0       001000000D   3453
     124       0       0       3       0                   XFORM     403D   3454
     100    3522       1       1       0       0    3453       001010000D   3455
     100       0      -3       1       0                     ARC     403D   3456
     120    3523       1       1       0       0       0       001010000D   3457
     120       0      -3       1       0                    SREV     175D   3458
     508    3524       1       1       0       0       0       001010000D   3459
     508       0       0       1       1                EDGELOOP     201D   3460
     510    3525       1       1       0       0       0       000010000D   3461
     510       0      -3       1       1                    FACE     187D   3462
     110    3526       1       1       0       0       0       001010000D   3463
     110       0      -3       1       0                    LINE     322D   3464
     124    3527       1       1       0       0       0       001000000D   3465
     124       0       0       3       0                   XFORM     404D   3466
     100    3530       1       1       0       0    3465       001010000D   3467
     100       0      -3       2       0                     ARC     404D   3468
     120    3532       1       1       0       0       0       001010000D   3469
     120       0      -3       1       0                    SREV     176D   3470
     508    3533       1       1       0       0       0       001010000D   3471
     508       0       0       1       1                EDGELOOP     202D   3472
     510    3534       1       1       0       0       0       000010000D   3473
     510       0      -3       1       1                    FACE     188D   3474
     514    3535       1       1       0       0       0       000010000D   3475
     514       0      -3       9       1                   SHELL       2D   3476
     186    3544       1       1       0       0       0       000000000D   3477
     186       0      -3       1       0                    MSBR       2D   3478
     406    3545       1       1       0       0       0       001000000D   3479
     406       0       0       1      15                    PROP       1D   3480
     402    3546       1       1       0       0       0       000000300D   3481
     402       0       0      59       7                   LAYER       1D   3482
     406    3605       1       1       0       0       0       001000000D   3483
     406       0       0       1      15                    PROP       2D   3484
     402    3606       1       1       0       0       0       000000300D   3485
     402       0       0      46       7                   LAYER       2D   3486
314,1.1D0,1.2D0,1D2;                                                   1P      1
314,9.8039D0,9.8039D0,9.8039D0;                                        3P      2
314,3.92D1,1.2D0,1.2D0;                                                5P      3
314,4.1D1,0D0,2.2D1;                                                   7P      4
314,6.66667D1,7.05882D1,7.64706D1;                                     9P      5
314,6.952D1,7.426D1,7.9D1;                                            11P      6
314,7.84314D1,7.84314D1,7.84314D1;                                    13P      7
314,8.784D1,9.49D1,1D2;                                               15P      8
314,9.6D1,9.6D1,9.6D1;                                                17P      9
314,9.8D1,6.27D1,0D0;                                                 19P     10
314,1D2,1D2,9.49D1;                                                   21P     11
124,0D0,-1D0,0D0,0D0,0D0,0D0,-1D0,-8.833733765197D1,1D0,0D0,0D0,      23P     12
0D0;                                                                  23P     13
100,0D0,0D0,0D0,7.62D1,0D0,-7.62D1,0D0;                               25P     14
124,-5.942390676750D-13,0D0,-1D0,4.646955042986D-11,0D0,-1D0,         27P     15
0D0,-8.833733765197D1,-1D0,0D0,5.942390676750D-13,7.82D1;             27P     16
100,0D0,0D0,0D0,2D0,0D0,1.743114854948D-1,1.992389396184D0;           29P     17
124,5.943648351270D-13,0D0,1D0,-4.647937590363D-11,0D0,-1D0,0D0,      31P     18
-8.833733765197D1,1D0,0D0,-5.943648351270D-13,-7.82D1;                31P     19
100,0D0,0D0,0D0,2D0,0D0,1.743114854949D-1,1.992389396184D0;           33P     20
124,0D0,1D0,0D0,0D0,0D0,0D0,-1D0,-8.833733765197D1,-1D0,0D0,0D0,      35P     21
0D0;                                                                  35P     22
100,0D0,0D0,0D0,7.62D1,0D0,-7.62D1,0D0;                               37P     23
110,-4.786587792793D-13,-8.833733765197D1,7.62D1,                     39P     24
-1.691979889529D-14,-8.017D1,7.62D1;                                  39P     25
110,4.535261055594D-13,-8.833733765197D1,-7.62D1,0D0,-8.017D1,        41P     26
-7.62D1;                                                              41P     27
124,0D0,0D0,1D0,0D0,0D0,1D0,0D0,-8.017D1,-1D0,0D0,0D0,-6.12D1;        43P     28
100,0D0,0D0,0D0,1.5D1,0D0,1.015874234615D1,1.103630164251D1;          45P     29
124,0D0,1D0,0D0,0D0,0D0,0D0,-1D0,-8.017D1,-1D0,0D0,0D0,0D0;           47P     30
100,0D0,0D0,0D0,7.62D1,0D0,-7.62D1,0D0;                               49P     31
124,0D0,0D0,-1D0,-1.968342123204D-14,0D0,1D0,0D0,-8.017D1,1D0,        51P     32
0D0,0D0,6.12D1;                                                       51P     33
100,0D0,0D0,0D0,1.5D1,0D0,1.015874234615D1,1.103630164251D1;          53P     34
124,0D0,-1D0,0D0,0D0,0D0,0D0,1D0,-8.017D1,-1D0,0D0,0D0,0D0;           55P     35
100,0D0,0D0,0D0,7.62D1,0D0,-7.62D1,0D0;                               57P     36
126,13,3,0,0,1,0,0D0,0D0,0D0,0D0,9.090909090909D-2,                   59P     37
1.818181818182D-1,2.727272727273D-1,3.636363636364D-1,                59P     38
4.545454545455D-1,5.454545454545D-1,6.363636363636D-1,                59P     39
7.272727272727D-1,8.181818181818D-1,9.090909090909D-1,1D0,1D0,        59P     40
1D0,1D0,1D0,1D0,1D0,1D0,1D0,1D0,1D0,1D0,1D0,1D0,1D0,1D0,1D0,1D0,      59P     41
1.186479799326D-9,-5.672825153077D1,-5.788165546623D1,                59P     42
-3.111861757825D-1,-5.672828873467D1,-5.788169080454D1,               59P     43
-8.990198040988D-1,-5.679236231422D1,-5.794641871931D1,               59P     44
-1.716927736854D0,-5.706428132023D1,-5.822298481182D1,                59P     45
-2.382681359787D0,-5.748855147092D1,-5.866009431045D1,                59P     46
-2.843447199365D0,-5.802721156344D1,-5.922485057236D1,                59P     47
-3.053632212882D0,-5.863460879374D1,-5.987484156597D1,                59P     48
-2.987742882283D0,-5.925617547500D1,-6.055442143877D1,                59P     49
-2.640151669447D0,-5.983296643207D1,-6.119830460228D1,                59P     50
-2.090868585056D0,-6.027395217892D1,-6.169921508122D1,                59P     51
-1.491933377363D0,-6.055483034627D1,-6.202186895879D1,                59P     52
-8.360714420706D-1,-6.073617919632D1,-6.223161621092D1,               59P     53
-2.922331489541D-1,-6.079173068491D1,-6.229615500486D1,               59P     54
-1.706152887747D-9,-6.079174843119D1,-6.229617608191D1,0D0,1D0,       59P     55
0D0,0D0,1D0;                                                          59P     56
124,0D0,-1D0,0D0,0D0,0D0,0D0,1D0,-6.913369835749D1,-1D0,0D0,0D0,      61P     57
0D0;                                                                  61P     58
100,0D0,0D0,0D0,7.135874234615D1,0D0,-7.135874234615D1,0D0;           63P     59
124,-1.632225559184D-9,4.623671697940D-8,-1D0,                        65P     60
-1.387068353564D-7,7.357534428627D-1,-6.772494897124D-1,              65P     61
-3.251470855497D-8,-5.709612825220D1,-6.772494897124D-1,              65P     62
-7.357534428627D-1,-3.291339977721D-8,-5.754303072138D1;              65P     63
100,0D0,0D0,0D0,4.999999999961D-1,0D0,-2.053731898240D-11,            67P     64
4.999999999961D-1;                                                    67P     65
124,9.692205289700D-10,-2.956035974783D-8,1D0,8.867871506619D-8,      69P     66
7.357535147420D-1,6.772494116238D-1,1.930662883585D-8,                69P     67
-6.115962519064D1,-6.772494116238D-1,7.357535147420D-1,               69P     68
2.240554261448D-8,-6.195755137835D1;                                  69P     69
100,0D0,0D0,0D0,4.999999999974D-1,0D0,1.031660829288D-7,              71P     70
4.999999999973D-1;                                                    71P     71
126,13,3,0,0,1,0,0D0,0D0,0D0,0D0,9.090909090909D-2,                   73P     72
1.818181818182D-1,2.727272727273D-1,3.636363636364D-1,                73P     73
4.545454545455D-1,5.454545454545D-1,6.363636363636D-1,                73P     74
7.272727272727D-1,8.181818181818D-1,9.090909090909D-1,1D0,1D0,        73P     75
1D0,1D0,1D0,1D0,1D0,1D0,1D0,1D0,1D0,1D0,1D0,1D0,1D0,1D0,1D0,1D0,      73P     76
-1.706152887747D-9,-6.079174843119D1,-6.229617608191D1,               73P     77
3.177396683246D-1,-6.079171334566D1,-6.229613244652D1,                73P     78
9.216383695357D-1,-6.072907550596D1,-6.222332067972D1,                73P     79
1.750977616226D0,-6.046435410696D1,-6.191735113635D1,                 73P     80
2.419712388389D0,-6.004765893773D1,-6.144109214843D1,                 73P     81
2.867464230637D0,-5.951774936846D1,-6.084490472813D1,                 73P     82
3.056778508342D0,-5.891979594508D1,-6.018492791099D1,                 73P     83
2.975277285955D0,-5.830994085110D1,-5.952572529122D1,                 73P     84
2.634006363464D0,-5.773909588636D1,-5.892149995656D1,                 73P     85
2.090866621482D0,-5.728074960903D1,-5.844542877236D1,                 73P     86
1.490933957844D0,-5.698189391594D1,-5.813914328597D1,                 73P     87
8.359590173467D-1,-5.678822005170D1,-5.794227743652D1,                73P     88
2.932832175204D-1,-5.672827095291D1,-5.788167485498D1,                73P     89
1.186479799326D-9,-5.672825153077D1,-5.788165546623D1,0D0,1D0,        73P     90
0D0,0D0,1D0;                                                          73P     91
110,0D0,-6.913369835749D1,-7.135874234615D1,-1.706152887747D-9,       75P     92
-6.079174843119D1,-6.229617608191D1;                                  75P     93
124,0D0,1D0,0D0,0D0,0D0,0D0,-1D0,-6.913369835749D1,-1D0,0D0,0D0,      77P     94
0D0;                                                                  77P     95
100,0D0,0D0,0D0,7.135874234615D1,0D0,-7.135874234615D1,0D0;           79P     96
110,-1.584482375220D-14,-6.913369835749D1,7.135874234615D1,           81P     97
-1.235484107328D-14,-5.466600052802D1,5.564125765385D1;               81P     98
110,1.186479799326D-9,-5.672825153077D1,-5.788165546623D1,0D0,        83P     99
-5.466600052802D1,-5.564125765385D1;                                  83P    100
124,0D0,0D0,-1D0,0D0,-7.357534428341D-1,6.772494897434D-1,0D0,        85P    101
-4.362969888551D1,6.772494897434D-1,7.357534428341D-1,0D0,            85P    102
-6.58D1;                                                              85P    103
100,0D0,0D0,0D0,1.5D1,0D0,1.015874234615D1,1.103630164251D1;          87P    104
124,0D0,1D0,0D0,0D0,0D0,0D0,-1D0,-5.466600052802D1,-1D0,0D0,0D0,      89P    105
0D0;                                                                  89P    106
100,0D0,0D0,0D0,5.564125765385D1,0D0,-5.564125765385D1,0D0;           91P    107
124,0D0,0D0,1D0,-2.116289406974D-14,-7.357534428341D-1,               93P    108
6.772494897434D-1,0D0,-4.362969888551D1,-6.772494897434D-1,           93P    109
-7.357534428341D-1,0D0,6.58D1;                                        93P    110
100,0D0,0D0,0D0,1.5D1,0D0,1.015874234615D1,1.103630164251D1;          95P    111
124,0D0,-1D0,0D0,0D0,0D0,0D0,1D0,-5.466600052802D1,-1D0,0D0,0D0,      97P    112
0D0;                                                                  97P    113
100,0D0,0D0,0D0,5.564125765385D1,0D0,-5.564125765385D1,0D0;           99P    114
124,0D0,-1D0,0D0,0D0,0D0,0D0,1D0,-4.362969888551D1,-1D0,0D0,0D0,     101P    115
0D0;                                                                 101P    116
100,0D0,0D0,0D0,5.08D1,0D0,-5.08D1,0D0;                              103P    117
110,0D0,-4.362969888551D1,-5.08D1,0D0,-2.667D1,-5.08D1;              105P    118
124,0D0,1D0,0D0,0D0,0D0,0D0,-1D0,-4.362969888551D1,-1D0,0D0,0D0,     107P    119
0D0;                                                                 107P    120
100,0D0,0D0,0D0,5.08D1,0D0,-5.08D1,0D0;                              109P    121
110,-1.127986593019D-14,-4.362969888551D1,5.08D1,                    111P    122
-1.127986593019D-14,-2.667D1,5.08D1;                                 111P    123
110,0D0,-2.667D1,-5.08D1,0D0,2.667D1,-5.08D1;                        113P    124
124,0D0,1D0,0D0,0D0,0D0,0D0,-1D0,-2.667D1,-1D0,0D0,0D0,0D0;          115P    125
100,0D0,0D0,0D0,5.08D1,0D0,-5.08D1,0D0;                              117P    126
110,-1.127986593019D-14,-2.667D1,5.08D1,-1.127986593019D-14,         119P    127
2.667D1,5.08D1;                                                      119P    128
124,0D0,-1D0,0D0,0D0,0D0,0D0,1D0,-2.667D1,-1D0,0D0,0D0,0D0;          121P    129
100,0D0,0D0,0D0,5.08D1,0D0,-5.08D1,0D0;                              123P    130
124,0D0,-1D0,0D0,0D0,0D0,0D0,1D0,2.667D1,-1D0,0D0,0D0,0D0;           125P    131
100,0D0,0D0,0D0,5.08D1,0D0,-5.08D1,0D0;                              127P    132
110,0D0,2.667D1,-5.08D1,0D0,4.362969888551D1,-5.08D1;                129P    133
124,0D0,1D0,0D0,0D0,0D0,0D0,-1D0,2.667D1,-1D0,0D0,0D0,0D0;           131P    134
100,0D0,0D0,0D0,5.08D1,0D0,-5.08D1,0D0;                              133P    135
110,-1.127986593019D-14,2.667D1,5.08D1,-1.127986593019D-14,          135P    136
4.362969888551D1,5.08D1;                                             135P    137
124,0D0,0D0,-1D0,0D0,0D0,1D0,0D0,4.362969888551D1,1D0,0D0,0D0,       137P    138
-6.58D1;                                                             137P    139
100,0D0,0D0,0D0,1.5D1,0D0,1.015874234615D1,1.103630164251D1;         139P    140
124,0D0,1D0,0D0,0D0,0D0,0D0,-1D0,4.362969888551D1,-1D0,0D0,0D0,      141P    141
0D0;                                                                 141P    142
100,0D0,0D0,0D0,5.08D1,0D0,-5.08D1,0D0;                              143P    143
124,0D0,0D0,1D0,-2.116289406974D-14,0D0,1D0,0D0,                     145P    144
4.362969888551D1,-1D0,0D0,0D0,6.58D1;                                145P    145
100,0D0,0D0,0D0,1.5D1,0D0,1.015874234615D1,1.103630164251D1;         147P    146
124,0D0,-1D0,0D0,0D0,0D0,0D0,1D0,4.362969888551D1,-1D0,0D0,0D0,      149P    147
0D0;                                                                 149P    148
100,0D0,0D0,0D0,5.08D1,0D0,-5.08D1,0D0;                              151P    149
124,0D0,-1D0,0D0,0D0,0D0,0D0,1D0,5.466600052802D1,-1D0,0D0,0D0,      153P    150
0D0;                                                                 153P    151
100,0D0,0D0,0D0,5.564125765385D1,0D0,-5.564125765385D1,0D0;          155P    152
110,0D0,5.466600052802D1,-5.564125765385D1,0D0,6.913369835749D1,     157P    153
-7.135874234615D1;                                                   157P    154
124,0D0,1D0,0D0,0D0,0D0,0D0,-1D0,5.466600052802D1,-1D0,0D0,0D0,      159P    155
0D0;                                                                 159P    156
100,0D0,0D0,0D0,5.564125765385D1,0D0,-5.564125765385D1,0D0;          161P    157
110,-1.235484107328D-14,5.466600052802D1,5.564125765385D1,           163P    158
-1.584482375220D-14,6.913369835749D1,7.135874234615D1;               163P    159
124,0D0,0D0,1D0,0D0,-7.357534428341D-1,6.772494897434D-1,0D0,        165P    160
8.017D1,-6.772494897434D-1,-7.357534428341D-1,0D0,-6.12D1;           165P    161
100,0D0,0D0,0D0,1.5D1,0D0,1.015874234615D1,1.103630164251D1;         167P    162
124,0D0,1D0,0D0,0D0,0D0,0D0,-1D0,6.913369835749D1,-1D0,0D0,0D0,      169P    163
0D0;                                                                 169P    164
100,0D0,0D0,0D0,7.135874234615D1,0D0,-7.135874234615D1,0D0;          171P    165
124,0D0,0D0,-1D0,-1.968342123204D-14,-7.357534428341D-1,             173P    166
6.772494897434D-1,0D0,8.017D1,6.772494897434D-1,                     173P    167
7.357534428341D-1,0D0,6.12D1;                                        173P    168
100,0D0,0D0,0D0,1.5D1,0D0,1.015874234615D1,1.103630164251D1;         175P    169
124,0D0,-1D0,0D0,0D0,0D0,0D0,1D0,6.913369835749D1,-1D0,0D0,0D0,      177P    170
0D0;                                                                 177P    171
100,0D0,0D0,0D0,7.135874234615D1,0D0,-7.135874234615D1,0D0;          179P    172
124,0D0,-1D0,0D0,0D0,0D0,0D0,1D0,8.833733765197D1,-1D0,0D0,0D0,      181P    173
0D0;                                                                 181P    174
100,0D0,0D0,0D0,7.62D1,0D0,-7.62D1,0D0;                              183P    175
124,0D0,-1D0,0D0,0D0,0D0,0D0,1D0,8.017D1,-1D0,0D0,0D0,0D0;           185P    176
100,0D0,0D0,0D0,7.62D1,0D0,-7.62D1,0D0;                              187P    177
124,-5.887373921709D-13,0D0,-1D0,4.603922798552D-11,0D0,1D0,0D0,     189P    178
8.833733765197D1,1D0,0D0,-5.887373921709D-13,-7.82D1;                189P    179
100,0D0,0D0,0D0,2D0,0D0,1.743114854949D-1,1.992389396184D0;          191P    180
124,5.895145482882D-13,0D0,1D0,-4.610001269612D-11,0D0,1D0,0D0,      193P    181
8.833733765197D1,-1D0,0D0,5.895145482882D-13,7.82D1;                 193P    182
100,0D0,0D0,0D0,2D0,0D0,1.743114854949D-1,1.992389396184D0;          195P    183
124,0D0,1D0,0D0,0D0,0D0,0D0,1D0,8.833733765197D1,1D0,0D0,0D0,        197P    184
0D0;                                                                 197P    185
100,0D0,0D0,0D0,7.62D1,0D0,-7.62D1,0D0;                              199P    186
110,0D0,8.017D1,-7.62D1,-6.791789353144D-13,8.833733765197D1,        201P    187
-7.62D1;                                                             201P    188
124,0D0,1D0,0D0,0D0,0D0,0D0,-1D0,8.017D1,-1D0,0D0,0D0,0D0;           203P    189
100,0D0,0D0,0D0,7.62D1,0D0,-7.62D1,0D0;                              205P    190
110,-1.691979889529D-14,8.017D1,7.62D1,6.701028620881D-13,           207P    191
8.833733765197D1,7.62D1;                                             207P    192
124,0D0,1D0,0D0,0D0,0D0,0D0,1D0,9.032972704815D1,1D0,0D0,0D0,        209P    193
0D0;                                                                 209P    194
100,0D0,0D0,0D0,7.802568851450D1,0D0,-7.802568851450D1,0D0;          211P    195
110,0D0,9.058747743661D1,8.097178893569D1,0D0,9.032972704815D1,      213P    196
7.802568851450D1;                                                    213P    197
124,0D0,1D0,0D0,0D0,0D0,0D0,-1D0,9.058747743661D1,-1D0,0D0,0D0,      215P    198
0D0;                                                                 215P    199
100,0D0,0D0,0D0,8.097178893569D1,0D0,-8.097178893569D1,0D0;          217P    200
110,0D0,9.058747743661D1,-8.097178893569D1,0D0,9.032972704815D1,     219P    201
-7.802568851450D1;                                                   219P    202
124,0D0,-1D0,0D0,0D0,0D0,0D0,1D0,9.032972704815D1,-1D0,0D0,0D0,      221P    203
0D0;                                                                 221P    204
100,0D0,0D0,0D0,7.802568851450D1,0D0,-7.802568851450D1,0D0;          223P    205
124,0D0,-1D0,0D0,0D0,0D0,0D0,-1D0,9.058747743661D1,1D0,0D0,0D0,      225P    206
0D0;                                                                 225P    207
100,0D0,0D0,0D0,8.097178893569D1,0D0,-8.097178893569D1,0D0;          227P    208
124,0D0,0D0,-1D0,0D0,-9.961946980918D-1,8.715574274754D-2,0D0,       229P    209
9.083652611113D1,8.715574274754D-2,9.961946980918D-1,0D0,            229P    210
8.095D1;                                                             229P    211
100,0D0,0D0,0D0,2.5D-1,0D0,2.178893568689D-2,2.490486745229D-1;      231P    212
124,0D0,0D0,1D0,0D0,-9.961946980918D-1,8.715574274754D-2,0D0,        233P    213
9.083652611113D1,-8.715574274754D-2,-9.961946980918D-1,0D0,          233P    214
-8.095D1;                                                            233P    215
100,0D0,0D0,0D0,2.5D-1,0D0,2.178893568689D-2,2.490486745229D-1;      235P    216
124,0D0,1D0,0D0,0D0,0D0,0D0,-1D0,9.083652611113D1,-1D0,0D0,0D0,      237P    217
0D0;                                                                 237P    218
100,0D0,0D0,0D0,8.12D1,0D0,-8.12D1,0D0;                              239P    219
110,-2.270572618812D-12,9.133461619236D1,8.12D1,                     241P    220
1.304512053935D-13,9.083652611113D1,8.12D1;                          241P    221
124,0D0,1D0,0D0,0D0,0D0,0D0,-1D0,9.133461619236D1,-1D0,0D0,0D0,      243P    222
0D0;                                                                 243P    223
100,0D0,0D0,0D0,8.12D1,0D0,-8.12D1,0D0;                              245P    224
110,2.270572618812D-12,9.133461619236D1,-8.12D1,                     247P    225
-1.288136264321D-13,9.083652611113D1,-8.12D1;                        247P    226
124,0D0,-1D0,0D0,0D0,0D0,0D0,-1D0,9.083652611113D1,1D0,0D0,0D0,      249P    227
0D0;                                                                 249P    228
100,0D0,0D0,0D0,8.12D1,0D0,-8.12D1,0D0;                              251P    229
124,0D0,-1D0,0D0,0D0,0D0,0D0,-1D0,9.133461619236D1,1D0,0D0,0D0,      253P    230
0D0;                                                                 253P    231
100,0D0,0D0,0D0,8.12D1,0D0,-8.12D1,0D0;                              255P    232
124,0D0,0D0,-1D0,2.416955524609D-13,5.684341886081D-14,1D0,0D0,      257P    233
9.133461619236D1,1D0,-5.684341886081D-14,0D0,8.095D1;                257P    234
100,0D0,0D0,0D0,2.5D-1,0D0,-2.178893568687D-2,2.490486745229D-1;     259P    235
124,0D0,0D0,1D0,-2.565725409909D-13,0D0,1D0,0D0,                     261P    236
9.133461619236D1,-1D0,0D0,0D0,-8.095D1;                              261P    237
100,0D0,0D0,0D0,2.5D-1,0D0,-2.178893568687D-2,2.490486745229D-1;     263P    238
124,0D0,1D0,0D0,0D0,0D0,0D0,-1D0,9.158366486689D1,-1D0,0D0,0D0,      265P    239
0D0;                                                                 265P    240
100,0D0,0D0,0D0,8.092821106431D1,0D0,-8.092821106431D1,0D0;          267P    241
110,-3.231998002562D-13,9.118712052660D1,7.639568851451D1,           269P    242
-2.521594044680D-14,9.158366486689D1,8.092821106431D1;               269P    243
124,0D0,1D0,0D0,0D0,0D0,0D0,-1D0,9.118712052660D1,-1D0,0D0,0D0,      271P    244
0D0;                                                                 271P    245
100,0D0,0D0,0D0,7.639568851450D1,0D0,-7.639568851450D1,0D0;          273P    246
110,2.892547312783D-13,9.118712052660D1,-7.639568851451D1,           275P    247
2.656208586416D-14,9.158366486689D1,-8.092821106431D1;               275P    248
124,0D0,-1D0,0D0,0D0,0D0,0D0,-1D0,9.158366486689D1,1D0,0D0,0D0,      277P    249
0D0;                                                                 277P    250
100,0D0,0D0,0D0,8.092821106431D1,0D0,-8.092821106431D1,0D0;          279P    251
124,0D0,-1D0,0D0,0D0,0D0,0D0,-1D0,9.118712052660D1,1D0,0D0,0D0,      281P    252
0D0;                                                                 281P    253
100,0D0,0D0,0D0,7.639568851450D1,0D0,-7.639568851450D1,0D0;          283P    254
124,0D0,0D0,-1D0,1.266764471097D-13,9.961946980918D-1,               285P    255
-8.715574274743D-2,0D0,8.919473113042D1,-8.715574274743D-2,          285P    256
-9.961946980918D-1,0D0,7.657D1;                                      285P    257
100,0D0,0D0,0D0,2D0,0D0,1.743114854949D-1,1.992389396184D0;          287P    258
124,0D0,0D0,1D0,-1.325606291402D-13,9.961946980918D-1,               289P    259
-8.715574274743D-2,0D0,8.919473113042D1,8.715574274743D-2,           289P    260
9.961946980918D-1,0D0,-7.657D1;                                      289P    261
100,0D0,0D0,0D0,2D0,0D0,1.743114854949D-1,1.992389396184D0;          291P    262
124,0D0,1D0,0D0,0D0,0D0,0D0,-1D0,8.919473113042D1,-1D0,0D0,0D0,      293P    263
0D0;                                                                 293P    264
100,0D0,0D0,0D0,7.457D1,0D0,-7.457D1,0D0;                            295P    265
110,-4.686113996843D-11,8.919473113042D1,7.457D1,                    297P    266
-1.655786618926D-14,8.017D1,7.457D1;                                 297P    267
110,0D0,8.017D1,-7.457D1,4.686859234049D-11,8.919473113042D1,        299P    268
-7.457D1;                                                            299P    269
124,0D0,-1D0,0D0,0D0,0D0,0D0,-1D0,8.919473113042D1,1D0,0D0,0D0,      301P    270
0D0;                                                                 301P    271
100,0D0,0D0,0D0,7.457D1,0D0,-7.457D1,0D0;                            303P    272
124,0D0,-1D0,0D0,0D0,0D0,0D0,1D0,8.017D1,-1D0,0D0,0D0,0D0;           305P    273
100,0D0,0D0,0D0,7.457D1,0D0,-7.457D1,0D0;                            307P    274
124,0D0,0D0,-1D0,0D0,0D0,-1D0,0D0,8.017D1,-1D0,0D0,0D0,-6.12D1;      309P    275
100,0D0,0D0,0D0,1.337D1,0D0,9.054825677870D0,9.837023530692D0;       311P    276
124,0D0,1D0,0D0,0D0,0D0,0D0,-1D0,8.017D1,-1D0,0D0,0D0,0D0;           313P    277
100,0D0,0D0,0D0,7.457D1,0D0,-7.457D1,0D0;                            315P    278
124,0D0,0D0,1D0,-1.968342123204D-14,0D0,-1D0,0D0,8.017D1,1D0,        317P    279
0D0,0D0,6.12D1;                                                      317P    280
100,0D0,0D0,0D0,1.337D1,0D0,9.054825677870D0,9.837023530692D0;       319P    281
110,0D0,7.033297646931D1,-7.025482567787D1,0D0,5.586527863984D1,     321P    282
-5.453734098557D1;                                                   321P    283
124,0D0,1D0,0D0,0D0,0D0,0D0,-1D0,7.033297646931D1,-1D0,0D0,0D0,      323P    284
0D0;                                                                 323P    285
100,0D0,0D0,0D0,7.025482567787D1,0D0,-7.025482567787D1,0D0;          325P    286
110,-1.559970501172D-14,7.033297646931D1,7.025482567787D1,           327P    287
-1.210972233280D-14,5.586527863984D1,5.453734098557D1;               327P    288
124,0D0,-1D0,0D0,0D0,0D0,0D0,1D0,7.033297646931D1,-1D0,0D0,0D0,      329P    289
0D0;                                                                 329P    290
100,0D0,0D0,0D0,7.025482567787D1,0D0,-7.025482567787D1,0D0;          331P    291
124,0D0,-1D0,0D0,0D0,0D0,0D0,1D0,5.586527863984D1,-1D0,0D0,0D0,      333P    292
0D0;                                                                 333P    293
100,0D0,0D0,0D0,5.453734098557D1,0D0,-5.453734098557D1,0D0;          335P    294
124,0D0,0D0,1D0,0D0,7.357534428341D-1,-6.772494897434D-1,0D0,        337P    295
4.362969888551D1,6.772494897434D-1,7.357534428341D-1,0D0,            337P    296
-6.58D1;                                                             337P    297
100,0D0,0D0,0D0,1.663D1,0D0,1.126265901443D1,1.223557975433D1;       339P    298
124,0D0,1D0,0D0,0D0,0D0,0D0,-1D0,5.586527863984D1,-1D0,0D0,0D0,      341P    299
0D0;                                                                 341P    300
100,0D0,0D0,0D0,5.453734098557D1,0D0,-5.453734098557D1,0D0;          343P    301
124,0D0,0D0,-1D0,-2.116289406974D-14,7.357534428341D-1,              345P    302
-6.772494897434D-1,0D0,4.362969888551D1,-6.772494897434D-1,          345P    303
-7.357534428341D-1,0D0,6.58D1;                                       345P    304
100,0D0,0D0,0D0,1.663D1,0D0,1.126265901443D1,1.223557975433D1;       347P    305
124,0D0,1D0,0D0,0D0,0D0,0D0,1D0,2D0,1D0,0D0,0D0,0D0;                 349P    306
100,0D0,0D0,0D0,4.917D1,0D0,-4.917D1,0D0;                            351P    307
110,2.196853809977D-13,2D0,-4.917D1,0D0,4.362969888551D1,            353P    308
-4.917D1;                                                            353P    309
124,0D0,1D0,0D0,0D0,0D0,0D0,-1D0,4.362969888551D1,-1D0,0D0,0D0,      355P    310
0D0;                                                                 355P    311
100,0D0,0D0,0D0,4.917D1,0D0,-4.917D1,0D0;                            357P    312
110,-1.091793322416D-14,4.362969888551D1,4.917D1,                    359P    313
-2.171457458289D-13,2D0,4.917D1;                                     359P    314
124,-3.130707498800D-13,0D0,1D0,-1.476752053975D-11,0D0,-1D0,        361P    315
0D0,2D0,1D0,0D0,3.130707498800D-13,4.717D1;                          361P    316
100,0D0,0D0,0D0,2D0,0D0,0D0,2D0;                                     363P    317
124,3.131921805233D-13,0D0,-1D0,1.477323818833D-11,0D0,-1D0,0D0,     365P    318
2D0,-1D0,0D0,-3.131921805233D-13,-4.717D1;                           365P    319
100,0D0,0D0,0D0,2D0,0D0,0D0,2D0;                                     367P    320
124,0D0,-1D0,0D0,0D0,0D0,0D0,1D0,2D0,-1D0,0D0,0D0,0D0;               369P    321
100,0D0,0D0,0D0,4.917D1,0D0,-4.917D1,0D0;                            371P    322
124,0D0,-1D0,0D0,0D0,0D0,0D0,1D0,4.362969888551D1,-1D0,0D0,0D0,      373P    323
0D0;                                                                 373P    324
100,0D0,0D0,0D0,4.917D1,0D0,-4.917D1,0D0;                            375P    325
124,0D0,-1D0,0D0,0D0,0D0,0D0,1D0,0D0,-1D0,0D0,0D0,0D0;               377P    326
100,0D0,0D0,0D0,4.717D1,0D0,-4.717D1,0D0;                            379P    327
124,0D0,1D0,0D0,0D0,0D0,0D0,1D0,0D0,1D0,0D0,0D0,0D0;                 381P    328
100,0D0,0D0,0D0,4.717D1,0D0,-4.717D1,0D0;                            383P    329
124,-1D0,0D0,0D0,0D0,0D0,0D0,-1D0,0D0,0D0,-1D0,0D0,-2.54D1;          385P    330
100,0D0,0D0,0D0,3.675D0,0D0,-3.675D0,0D0;                            387P    331
124,1D0,0D0,0D0,0D0,0D0,0D0,-1D0,0D0,0D0,1D0,0D0,-2.54D1;            389P    332
100,0D0,0D0,0D0,3.675D0,0D0,-3.675D0,0D0;                            391P    333
124,0D0,-1D0,0D0,0D0,0D0,0D0,1D0,0D0,-1D0,0D0,0D0,0D0;               393P    334
100,0D0,0D0,0D0,1.32D1,0D0,-1.32D1,0D0;                              395P    335
124,0D0,1D0,0D0,0D0,0D0,0D0,1D0,0D0,1D0,0D0,0D0,0D0;                 397P    336
100,0D0,0D0,0D0,1.32D1,0D0,-1.32D1,0D0;                              399P    337
124,5D-1,8.660254037844D-1,0D0,2.199704525612D1,0D0,0D0,-1D0,        401P    338
0D0,-8.660254037844D-1,5D-1,0D0,1.27D1;                              401P    339
100,0D0,0D0,0D0,3.675D0,0D0,-3.675D0,0D0;                            403P    340
124,-5D-1,-8.660254037844D-1,0D0,2.199704525612D1,0D0,0D0,-1D0,      405P    341
0D0,8.660254037844D-1,-5D-1,0D0,1.27D1;                              405P    342
100,0D0,0D0,0D0,3.675D0,0D0,-3.675D0,0D0;                            407P    343
124,-5D-1,8.660254037844D-1,0D0,-2.199704525612D1,0D0,0D0,-1D0,      409P    344
0D0,-8.660254037844D-1,-5D-1,0D0,1.27D1;                             409P    345
100,0D0,0D0,0D0,3.675D0,0D0,-3.675D0,0D0;                            411P    346
124,5D-1,-8.660254037844D-1,0D0,-2.199704525612D1,0D0,0D0,-1D0,      413P    347
0D0,8.660254037844D-1,5D-1,0D0,1.27D1;                               413P    348
100,0D0,0D0,0D0,3.675D0,0D0,-3.675D0,0D0;                            415P    349
124,4.300984635108D-8,1D0,-5.822605453343D-10,-3.675D0,1D0,          417P    350
-4.300984635108D-8,0D0,-5D-1,0D0,-5.822605453343D-10,-1D0,           417P    351
-2.539999999786D1;                                                   417P    352
100,0D0,0D0,0D0,5D-1,0D0,2.150492320616D-8,5D-1;                     419P    353
124,-4.300984812744D-8,-1D0,5.822614057571D-10,3.675D0,1D0,          421P    354
-4.300984812744D-8,0D0,-5D-1,0D0,5.822614057571D-10,1D0,             421P    355
-2.540000000214D1;                                                   421P    356
100,0D0,0D0,0D0,5D-1,0D0,2.150492409434D-8,5D-1;                     423P    357
124,-1D0,0D0,0D0,0D0,0D0,0D0,1D0,-4.5D0,0D0,1D0,0D0,-2.54D1;         425P    358
100,0D0,0D0,0D0,3.175D0,0D0,-3.175D0,0D0;                            427P    359
110,3.175D0,-4.5D0,-2.540000002699D1,3.175D0,-5D-1,                  429P    360
-2.540000001167D1;                                                   429P    361
124,1D0,0D0,0D0,0D0,0D0,0D0,-1D0,-5D-1,0D0,1D0,0D0,-2.54D1;          431P    362
100,0D0,0D0,0D0,3.175D0,0D0,-3.175D0,0D0;                            433P    363
124,3.583954288899D-8,1D0,9.576635318087D-10,-3.675D0,-1D0,          435P    364
3.583954288899D-8,0D0,-4.5D0,0D0,-9.576635318087D-10,1D0,            435P    365
-2.539999999648D1;                                                   435P    366
100,0D0,0D0,0D0,5D-1,0D0,1.791977147511D-8,5D-1;                     437P    367
124,0D0,-1D0,0D0,0D0,0D0,0D0,-1D0,-5D0,1D0,0D0,0D0,0D0;              439P    368
100,0D0,0D0,0D0,3.61D1,0D0,-3.61D1,0D0;                              441P    369
124,0D0,1D0,0D0,0D0,0D0,0D0,-1D0,-5D0,-1D0,0D0,0D0,0D0;              443P    370
100,0D0,0D0,0D0,3.61D1,0D0,-3.61D1,0D0;                              445P    371
124,1D0,0D0,0D0,0D0,0D0,0D0,1D0,-5D0,0D0,-1D0,0D0,-2.54D1;           447P    372
100,0D0,0D0,0D0,3.675D0,0D0,-3.675D0,0D0;                            449P    373
124,-1D0,0D0,0D0,0D0,0D0,0D0,1D0,-5D0,0D0,1D0,0D0,-2.54D1;           451P    374
100,0D0,0D0,0D0,3.675D0,0D0,-3.675D0,0D0;                            453P    375
124,0D0,1D0,0D0,0D0,0D0,0D0,1D0,-5D0,1D0,0D0,0D0,0D0;                455P    376
100,0D0,0D0,0D0,1.32D1,0D0,-1.32D1,0D0;                              457P    377
124,0D0,-1D0,0D0,0D0,0D0,0D0,1D0,-5D0,-1D0,0D0,0D0,0D0;              459P    378
100,0D0,0D0,0D0,1.32D1,0D0,-1.32D1,0D0;                              461P    379
124,-5D-1,8.660254037844D-1,0D0,2.199704525612D1,0D0,0D0,1D0,        463P    380
-5D0,8.660254037844D-1,5D-1,0D0,1.27D1;                              463P    381
100,0D0,0D0,0D0,3.675D0,0D0,-3.675D0,0D0;                            465P    382
124,5D-1,-8.660254037844D-1,0D0,2.199704525612D1,0D0,0D0,1D0,        467P    383
-5D0,-8.660254037844D-1,-5D-1,0D0,1.27D1;                            467P    384
100,0D0,0D0,0D0,3.675D0,0D0,-3.675D0,0D0;                            469P    385
124,5D-1,8.660254037844D-1,0D0,-2.199704525612D1,0D0,0D0,1D0,        471P    386
-5D0,8.660254037844D-1,-5D-1,0D0,1.27D1;                             471P    387
100,0D0,0D0,0D0,3.675D0,0D0,-3.675D0,0D0;                            473P    388
124,-5D-1,-8.660254037844D-1,0D0,-2.199704525612D1,0D0,0D0,1D0,      475P    389
-5D0,-8.660254037844D-1,5D-1,0D0,1.27D1;                             475P    390
100,0D0,0D0,0D0,3.675D0,0D0,-3.675D0,0D0;                            477P    391
124,1.558163320592D-13,0D0,-1D0,5.624889443112D-12,0D0,1D0,0D0,      479P    392
-7D0,1D0,0D0,1.558163320592D-13,3.61D1;                              479P    393
100,0D0,0D0,0D0,2D0,0D0,0D0,2D0;                                     481P    394
124,0D0,-1D0,0D0,0D0,0D0,0D0,-1D0,-7D0,1D0,0D0,0D0,0D0;              483P    395
100,0D0,0D0,0D0,3.81D1,0D0,-3.81D1,0D0;                              485P    396
124,0D0,1D0,0D0,0D0,0D0,0D0,-1D0,-7D0,-1D0,0D0,0D0,0D0;              487P    397
100,0D0,0D0,0D0,3.81D1,0D0,-3.81D1,0D0;                              489P    398
110,-1.639660629493D-13,-7D0,3.81D1,0D0,-3.347647085433D1,           491P    399
3.81D1;                                                              491P    400
110,1.643407632201D-13,-7D0,-3.81D1,0D0,-3.347647085433D1,           493P    401
-3.81D1;                                                             493P    402
124,-1.559394974260D-13,0D0,1D0,-5.629330335211D-12,0D0,1D0,0D0,     495P    403
-7D0,-1D0,0D0,-1.559394974260D-13,-3.61D1;                           495P    404
100,0D0,0D0,0D0,2D0,0D0,0D0,2D0;                                     497P    405
124,0D0,0D0,1D0,0D0,0D0,-1D0,0D0,-3.347647085433D1,1D0,0D0,0D0,      499P    406
-4.06D1;                                                             499P    407
100,0D0,0D0,0D0,2.5D0,0D0,0D0,2.5D0;                                 501P    408
124,0D0,1D0,0D0,0D0,0D0,0D0,-1D0,-3.347647085433D1,-1D0,0D0,0D0,     503P    409
0D0;                                                                 503P    410
100,0D0,0D0,0D0,3.81D1,0D0,-3.81D1,0D0;                              505P    411
124,0D0,0D0,-1D0,-1.305795591537D-14,0D0,-1D0,0D0,                   507P    412
-3.347647085433D1,-1D0,0D0,0D0,4.06D1;                               507P    413
100,0D0,0D0,0D0,2.5D0,0D0,0D0,2.5D0;                                 509P    414
124,0D0,-1D0,0D0,0D0,0D0,0D0,1D0,-3.347647085433D1,-1D0,0D0,0D0,     511P    415
0D0;                                                                 511P    416
100,0D0,0D0,0D0,3.81D1,0D0,-3.81D1,0D0;                              513P    417
124,0D0,-1D0,0D0,0D0,0D0,0D0,1D0,-3.597647085433D1,-1D0,0D0,0D0,     515P    418
0D0;                                                                 515P    419
100,0D0,0D0,0D0,4.06D1,0D0,-4.06D1,0D0;                              517P    420
124,0D0,0D0,-1D0,0D0,1D0,0D0,0D0,-4.097647085433D1,0D0,-1D0,0D0,     519P    421
-4.06D1;                                                             519P    422
100,0D0,0D0,0D0,5D0,0D0,1.026256499930D0,4.893546525410D0;           521P    423
124,0D0,1D0,0D0,0D0,0D0,0D0,-1D0,-3.597647085433D1,-1D0,0D0,0D0,     523P    424
0D0;                                                                 523P    425
100,0D0,0D0,0D0,4.06D1,0D0,-4.06D1,0D0;                              525P    426
124,0D0,0D0,1D0,-1.305795591537D-14,1D0,0D0,0D0,                     527P    427
-4.097647085433D1,0D0,1D0,0D0,4.06D1;                                527P    428
100,0D0,0D0,0D0,5D0,0D0,1.026256499930D0,4.893546525410D0;           529P    429
124,0D0,0D0,1D0,0D0,-2.052512999860D-1,-9.787093050820D-1,0D0,       531P    430
-3.379267535482D1,9.787093050820D-1,-2.052512999860D-1,0D0,          531P    431
-7.485482567787D1;                                                   531P    432
100,0D0,0D0,0D0,3D1,0D0,2.441534184254D1,1.743247207690D1;           533P    433
124,0D0,1D0,0D0,0D0,0D0,0D0,-1D0,-3.995021435440D1,-1D0,0D0,0D0,     535P    434
0D0;                                                                 535P    435
100,0D0,0D0,0D0,4.549354652541D1,0D0,-4.549354652541D1,0D0;          537P    436
124,0D0,0D0,-1D0,-2.407514812204D-14,-2.052512999860D-1,             539P    437
-9.787093050820D-1,0D0,-3.379267535482D1,-9.787093050820D-1,         539P    438
2.052512999860D-1,0D0,7.485482567787D1;                              539P    439
100,0D0,0D0,0D0,3D1,0D0,2.441534184254D1,1.743247207690D1;           541P    440
126,13,3,0,0,1,0,0D0,0D0,0D0,0D0,9.090909090909D-2,                  543P    441
1.818181818182D-1,2.727272727273D-1,3.636363636364D-1,               543P    442
4.545454545455D-1,5.454545454545D-1,6.363636363636D-1,               543P    443
7.272727272727D-1,8.181818181818D-1,9.090909090909D-1,1D0,1D0,       543P    444
1D0,1D0,1D0,1D0,1D0,1D0,1D0,1D0,1D0,1D0,1D0,1D0,1D0,1D0,1D0,1D0,     543P    445
-6.226138647350D-10,-5.792752964259D1,-5.677773879795D1,             543P    446
3.045407166179D-1,-5.792756172015D1,-5.677777652614D1,               543P    447
8.805024755394D-1,-5.799056514263D1,-5.684143797449D1,               543P    448
1.682064018683D0,-5.825727120952D1,-5.711276158766D1,                543P    449
2.340793762528D0,-5.867607254913D1,-5.754419558649D1,                543P    450
2.801899173109D0,-5.921145753052D1,-5.810531700631D1,                543P    451
3.017125698674D0,-5.981857496457D1,-5.875469505692D1,                543P    452
2.959243149754D0,-6.043913707929D1,-5.943280120250D1,                543P    453
2.625684880567D0,-6.101542525700D1,-6.007566463798D1,                543P    454
2.085746690101D0,-6.146278328912D1,-6.058347392724D1,                543P    455
1.489994180111D0,-6.174920051149D1,-6.091235317341D1,                543P    456
8.362554418373D-1,-6.193414903401D1,-6.112619358998D1,               543P    457
2.924757295077D-1,-6.199100653527D1,-6.119223871707D1,               543P    458
2.844055209749D-10,-6.199102658105D1,-6.119225945495D1,0D0,1D0,      543P    459
0D0,0D0,1D0;                                                         543P    460
110,0D0,-5.586527863984D1,-5.453734098557D1,-6.226138647350D-10,     545P    461
-5.792752964259D1,-5.677773879795D1;                                 545P    462
124,0D0,1D0,0D0,0D0,0D0,0D0,1D0,-5.586527863984D1,1D0,0D0,0D0,       547P    463
0D0;                                                                 547P    464
100,0D0,0D0,0D0,5.453734098557D1,0D0,-5.453734098557D1,0D0;          549P    465
110,-1.210972233280D-14,-5.586527863984D1,5.453734098557D1,          551P    466
-1.559970501172D-14,-7.033297646931D1,7.025482567787D1;              551P    467
110,2.844055209749D-10,-6.199102658105D1,-6.119225945495D1,0D0,      553P    468
-7.033297646931D1,-7.025482567787D1;                                 553P    469
124,1.248649751626D-9,3.510854250809D-8,1D0,-1.053231394582D-7,      555P    470
-7.357534428547D-1,-6.772494897210D-1,2.469594085214D-8,             555P    471
-5.755965292116D1,6.772494897210D-1,-7.357534428547D-1,              555P    472
2.498558361681D-8,-5.711636354281D1;                                 555P    473
100,0D0,0D0,0D0,5.000000000029D-1,0D0,1.566305704767D-11,            557P    474
5.000000000029D-1;                                                   557P    475
124,-1.324625824751D-9,-4.012185816759D-8,-1D0,                      559P    476
1.203623557490D-7,-7.357534428049D-1,6.772494897752D-1,              559P    477
-2.619790996184D-8,-6.162314985965D1,6.772494897752D-1,              559P    478
7.357534428049D-1,-3.041689744249D-8,-6.153088419984D1;              559P    479
100,0D0,0D0,0D0,5.000000000036D-1,0D0,2.233793991640D-11,            561P    480
5.000000000036D-1;                                                   561P    481
126,13,3,0,0,1,0,0D0,0D0,0D0,0D0,9.090909090909D-2,                  563P    482
1.818181818182D-1,2.727272727273D-1,3.636363636364D-1,               563P    483
4.545454545455D-1,5.454545454545D-1,6.363636363636D-1,               563P    484
7.272727272727D-1,8.181818181818D-1,9.090909090909D-1,1D0,1D0,       563P    485
1D0,1D0,1D0,1D0,1D0,1D0,1D0,1D0,1D0,1D0,1D0,1D0,1D0,1D0,1D0,1D0,     563P    486
2.844055209749D-10,-6.199102658105D1,-6.119225945495D1,              563P    487
-3.142068090783D-1,-6.199098629965D1,-6.119221908008D1,              563P    488
-9.123783116972D-1,-6.192855004652D1,-6.111964296127D1,              563P    489
-1.739143791244D0,-6.166100109626D1,-6.081048673913D1,               563P    490
-2.404318631840D0,-6.123857056236D1,-6.032782819724D1,               563P    491
-2.847345691375D0,-6.069838914229D1,-5.972042433160D1,               563P    492
-3.025771151682D0,-6.009014074756D1,-5.904967444487D1,               563P    493
-2.928919881457D0,-5.947146903703D1,-5.838170913777D1,               563P    494
-2.568305871829D0,-5.889832112380D1,-5.777590206013D1,               563P    495
-2.026042309580D0,-5.845562706405D1,-5.731657987026D1,               563P    496
-1.443019207863D0,-5.817034799789D1,-5.702428277340D1,               563P    497
-8.075976025664D-1,-5.798476829465D1,-5.683562198545D1,              563P    498
-2.831140096871D-1,-5.792754625301D1,-5.677775776856D1,              563P    499
-6.226138647350D-10,-5.792752964259D1,-5.677773879795D1,0D0,1D0,     563P    500
0D0,0D0,1D0;                                                         563P    501
124,0D0,-1D0,0D0,0D0,0D0,0D0,1D0,-5.586527863984D1,-1D0,0D0,0D0,     565P    502
0D0;                                                                 565P    503
100,0D0,0D0,0D0,5.453734098557D1,0D0,-5.453734098557D1,0D0;          567P    504
124,0D0,-1D0,0D0,0D0,0D0,0D0,1D0,-7.033297646931D1,-1D0,0D0,0D0,     569P    505
0D0;                                                                 569P    506
100,0D0,0D0,0D0,7.025482567787D1,0D0,-7.025482567787D1,0D0;          571P    507
124,0D0,0D0,-1D0,0D0,7.357534428341D-1,-6.772494897434D-1,0D0,       573P    508
-8.017D1,-6.772494897434D-1,-7.357534428341D-1,0D0,-6.12D1;          573P    509
100,0D0,0D0,0D0,1.337D1,0D0,9.054825677870D0,9.837023530692D0;       575P    510
124,0D0,1D0,0D0,0D0,0D0,0D0,-1D0,-7.033297646931D1,-1D0,0D0,0D0,     577P    511
0D0;                                                                 577P    512
100,0D0,0D0,0D0,7.025482567787D1,0D0,-7.025482567787D1,0D0;          579P    513
124,0D0,0D0,1D0,-1.968342123204D-14,7.357534428341D-1,               581P    514
-6.772494897434D-1,0D0,-8.017D1,6.772494897434D-1,                   581P    515
7.357534428341D-1,0D0,6.12D1;                                        581P    516
100,0D0,0D0,0D0,1.337D1,0D0,9.054825677870D0,9.837023530692D0;       583P    517
124,0D0,1D0,0D0,0D0,0D0,0D0,1D0,-8.919473113042D1,1D0,0D0,0D0,       585P    518
0D0;                                                                 585P    519
100,0D0,0D0,0D0,7.457D1,0D0,-7.457D1,0D0;                            587P    520
110,2.397298470846D-10,-8.919473113042D1,-7.457D1,0D0,-8.017D1,      589P    521
-7.457D1;                                                            589P    522
124,0D0,1D0,0D0,0D0,0D0,0D0,-1D0,-8.017D1,-1D0,0D0,0D0,0D0;          591P    523
100,0D0,0D0,0D0,7.457D1,0D0,-7.457D1,0D0;                            593P    524
110,-1.655786618926D-14,-8.017D1,7.457D1,-2.397256698705D-10,        595P    525
-8.919473113042D1,7.457D1;                                           595P    526
124,0D0,1.845721053941D-14,1D0,-1.418754003168D-12,                  597P    527
-9.961946980920D-1,8.715574274525D-2,0D0,-8.919473113042D1,          597P    528
-8.715574274525D-2,-9.961946980920D-1,1.852771408517D-14,            597P    529
7.657D1;                                                             597P    530
100,0D0,0D0,0D0,2D0,0D0,1.743114854905D-1,1.992389396184D0;          599P    531
124,0D0,1D0,0D0,0D0,0D0,0D0,1D0,-9.118712052660D1,1D0,0D0,0D0,       601P    532
0D0;                                                                 601P    533
100,0D0,0D0,0D0,7.639568851450D1,0D0,-7.639568851450D1,0D0;          603P    534
110,-3.182037966454D-13,-9.118712052660D1,7.639568851451D1,          605P    535
-5.444256157006D-14,-9.158366486689D1,8.092821106431D1;              605P    536
124,0D0,1D0,0D0,0D0,0D0,0D0,1D0,-9.158366486689D1,1D0,0D0,0D0,       607P    537
0D0;                                                                 607P    538
100,0D0,0D0,0D0,8.092821106431D1,0D0,-8.092821106431D1,0D0;          609P    539
110,3.182037966454D-13,-9.118712052660D1,-7.639568851451D1,          611P    540
4.392319841173D-14,-9.158366486689D1,-8.092821106431D1;              611P    541
124,0D0,-1D0,0D0,0D0,0D0,0D0,1D0,-9.118712052660D1,-1D0,0D0,0D0,     613P    542
0D0;                                                                 613P    543
100,0D0,0D0,0D0,7.639568851450D1,0D0,-7.639568851450D1,0D0;          615P    544
124,0D0,-1D0,0D0,0D0,0D0,0D0,1D0,-9.158366486689D1,-1D0,0D0,0D0,     617P    545
0D0;                                                                 617P    546
100,0D0,0D0,0D0,8.092821106431D1,0D0,-8.092821106431D1,0D0;          619P    547
124,0D0,-1.836734817828D-14,-1D0,1.411815109265D-12,                 621P    548
-9.961946980920D-1,8.715574274525D-2,0D0,-8.919473113042D1,          621P    549
8.715574274525D-2,9.961946980920D-1,-1.843750846442D-14,             621P    550
-7.657D1;                                                            621P    551
100,0D0,0D0,0D0,2D0,0D0,1.743114854905D-1,1.992389396184D0;          623P    552
124,0D0,-1D0,0D0,0D0,0D0,0D0,1D0,-8.919473113042D1,-1D0,0D0,0D0,     625P    553
0D0;                                                                 625P    554
100,0D0,0D0,0D0,7.457D1,0D0,-7.457D1,0D0;                            627P    555
124,0D0,-1D0,0D0,0D0,0D0,0D0,1D0,-8.017D1,-1D0,0D0,0D0,0D0;          629P    556
100,0D0,0D0,0D0,7.457D1,0D0,-7.457D1,0D0;                            631P    557
124,1.093361512439D-13,0D0,-1D0,8.850697952312D-12,0D0,-1D0,0D0,     633P    558
-9.133461619236D1,-1D0,0D0,-1.093361512439D-13,-8.095D1;             633P    559
100,0D0,0D0,0D0,2.5D-1,0D0,-2.178893568579D-2,2.490486745230D-1;     635P    560
124,0D0,-1D0,0D0,0D0,0D0,0D0,1D0,-9.133461619236D1,-1D0,0D0,0D0,     637P    561
0D0;                                                                 637P    562
100,0D0,0D0,0D0,8.12D1,0D0,-8.12D1,0D0;                              639P    563
124,0D0,-1D0,0D0,0D0,0D0,0D0,1D0,-9.083652611113D1,-1D0,0D0,0D0,     641P    564
0D0;                                                                 641P    565
100,0D0,0D0,0D0,8.12D1,0D0,-8.12D1,0D0;                              643P    566
124,0D0,1D0,0D0,0D0,0D0,0D0,1D0,-9.133461619236D1,1D0,0D0,0D0,       645P    567
0D0;                                                                 645P    568
100,0D0,0D0,0D0,8.12D1,0D0,-8.12D1,0D0;                              647P    569
110,-2.183461744742D-12,-9.133461619236D1,8.12D1,                    649P    570
-1.055128207028D-13,-9.083652611113D1,8.12D1;                        649P    571
124,0D0,1D0,0D0,0D0,0D0,0D0,1D0,-9.083652611113D1,1D0,0D0,0D0,       651P    572
0D0;                                                                 651P    573
100,0D0,0D0,0D0,8.12D1,0D0,-8.12D1,0D0;                              653P    574
110,2.165420620592D-12,-9.133461619236D1,-8.12D1,                    655P    575
9.357792318809D-14,-9.083652611113D1,-8.12D1;                        655P    576
124,-1.095694715514D-13,0D0,1D0,-8.869571743730D-12,                 657P    577
-5.684341886081D-14,-1D0,0D0,-9.133461619236D1,1D0,                  657P    578
-5.684341886081D-14,1.095694715514D-13,8.095D1;                      657P    579
100,0D0,0D0,0D0,2.5D-1,0D0,-2.178893568575D-2,2.490486745230D-1;     659P    580
124,0D0,0D0,1D0,-6.200595592531D-14,9.961946980918D-1,               661P    581
-8.715574274760D-2,0D0,-9.083652611113D1,8.715574274760D-2,          661P    582
9.961946980918D-1,0D0,8.095D1;                                       661P    583
100,0D0,0D0,0D0,2.5D-1,0D0,2.178893568690D-2,2.490486745229D-1;      663P    584
124,0D0,1D0,0D0,0D0,0D0,0D0,-1D0,-9.032972704815D1,-1D0,0D0,0D0,     665P    585
0D0;                                                                 665P    586
100,0D0,0D0,0D0,7.802568851450D1,0D0,-7.802568851450D1,0D0;          667P    587
110,0D0,-9.058747743661D1,-8.097178893569D1,0D0,                     669P    588
-9.032972704815D1,-7.802568851450D1;                                 669P    589
124,0D0,1D0,0D0,0D0,0D0,0D0,1D0,-9.058747743661D1,1D0,0D0,0D0,       671P    590
0D0;                                                                 671P    591
100,0D0,0D0,0D0,8.097178893569D1,0D0,-8.097178893569D1,0D0;          673P    592
110,-2.065014825803D-14,-9.058747743661D1,8.097178893569D1,          675P    593
1.747213485004D-14,-9.032972704815D1,7.802568851450D1;               675P    594
124,0D0,-1D0,0D0,0D0,0D0,0D0,-1D0,-9.032972704815D1,1D0,0D0,0D0,     677P    595
0D0;                                                                 677P    596
100,0D0,0D0,0D0,7.802568851450D1,0D0,-7.802568851450D1,0D0;          679P    597
124,0D0,-1D0,0D0,0D0,0D0,0D0,1D0,-9.058747743661D1,-1D0,0D0,0D0,     681P    598
0D0;                                                                 681P    599
100,0D0,0D0,0D0,8.097178893569D1,0D0,-8.097178893569D1,0D0;          683P    600
124,0D0,0D0,-1D0,-2.536859611268D-14,9.961946980918D-1,              685P    601
-8.715574274760D-2,0D0,-9.083652611113D1,-8.715574274760D-2,         685P    602
-9.961946980918D-1,0D0,-8.095D1;                                     685P    603
100,0D0,0D0,0D0,2.5D-1,0D0,2.178893568690D-2,2.490486745229D-1;      687P    604
124,0D0,-1D0,0D0,0D0,0D0,0D0,1D0,-3.995021435440D1,-1D0,0D0,0D0,     689P    605
0D0;                                                                 689P    606
100,0D0,0D0,0D0,4.549354652541D1,0D0,-4.549354652541D1,0D0;          691P    607
126,13,3,0,0,1,0,0D0,0D0,0D0,0D0,9.090909090909D-2,                  693P    608
1.818181818182D-1,2.727272727273D-1,3.636363636364D-1,               693P    609
4.545454545455D-1,5.454545454545D-1,6.363636363636D-1,               693P    610
7.272727272727D-1,8.181818181818D-1,9.090909090909D-1,1D0,1D0,       693P    611
1D0,1D0,1D0,1D0,1D0,1D0,1D0,1D0,1D0,1D0,1D0,1D0,1D0,1D0,1D0,1D0,     693P    612
-3.613657551644D-10,-6.128452511476D1,-6.116300747841D1,             693P    613
-2.563963907912D-1,-6.128451057575D1,-6.116298924562D1,              693P    614
-7.677212471314D-1,-6.123284877521D1,-6.110209990278D1,              693P    615
-1.456489381690D0,-6.101144661400D1,-6.084297191961D1,               693P    616
-2.015057768248D0,-6.066140094047D1,-6.043881713115D1,               693P    617
-2.386160311783D0,-6.021296765363D1,-5.993096816183D1,               693P    618
-2.535929119724D0,-5.970692594284D1,-5.937119241190D1,               693P    619
-2.454914486785D0,-5.919102008071D1,-5.881488892476D1,               693P    620
-2.152759815344D0,-5.871198925935D1,-5.831142333093D1,               693P    621
-1.698475451618D0,-5.834127259590D1,-5.793042103547D1,               693P    622
-1.209166293170D0,-5.810206638367D1,-5.768828077657D1,               693P    623
-6.788495985693D-1,-5.794633882763D1,-5.753212771490D1,              693P    624
-2.333731335406D-1,-5.789828504993D1,-5.748424756040D1,              693P    625
-8.039863735724D-9,-5.789827766604D1,-5.748424026424D1,0D0,1D0,      693P    626
0D0,0D0,1D0;                                                         693P    627
110,3.671533356117D-9,-5.743475299706D1,-5.791090744278D1,           695P    628
-8.039863735724D-9,-5.789827766604D1,-5.748424026424D1;              695P    629
126,13,3,0,0,1,0,0D0,0D0,0D0,0D0,9.090909090909D-2,                  697P    630
1.818181818182D-1,2.727272727273D-1,3.636363636364D-1,               697P    631
4.545454545455D-1,5.454545454545D-1,6.363636363636D-1,               697P    632
7.272727272727D-1,8.181818181818D-1,9.090909090909D-1,1D0,1D0,       697P    633
1D0,1D0,1D0,1D0,1D0,1D0,1D0,1D0,1D0,1D0,1D0,1D0,1D0,1D0,1D0,1D0,     697P    634
3.671533356117D-9,-5.743475299706D1,-5.791090744278D1,               697P    635
-2.500887603040D-1,-5.743476824107D1,-5.791092183709D1,              697P    636
-7.483815539505D-1,-5.748858975604D1,-5.796453573472D1,              697P    637
-1.421487579763D0,-5.771673467616D1,-5.819365896646D1,               697P    638
-1.974363977287D0,-5.807226217948D1,-5.855622249989D1,               697P    639
-2.355933125731D0,-5.852283243163D1,-5.902539378508D1,               697P    640
-2.530336059808D0,-5.902981296751D1,-5.956634468653D1,               697P    641
-2.475887204125D0,-5.954742887563D1,-6.013296467352D1,               697P    642
-2.187941080631D0,-6.002666233033D1,-6.067076333895D1,               697P    643
-1.732954691463D0,-6.039234748211D1,-6.108974605876D1,               697P    644
-1.236061707573D0,-6.062496698773D1,-6.135987683455D1,               697P    645
-6.945566805289D-1,-6.077503610464D1,-6.153557113980D1,              697P    646
-2.387165316843D-1,-6.082099314239D1,-6.158966591759D1,              697P    647
-6.944832963527D-9,-6.082100041356D1,-6.158967468660D1,0D0,1D0,      697P    648
0D0,0D0,1D0;                                                         697P    649
126,13,3,0,0,1,0,0D0,0D0,0D0,0D0,9.090909090909D-2,                  699P    650
1.818181818182D-1,2.727272727273D-1,3.636363636364D-1,               699P    651
4.545454545455D-1,5.454545454545D-1,6.363636363636D-1,               699P    652
7.272727272727D-1,8.181818181818D-1,9.090909090909D-1,1D0,1D0,       699P    653
1D0,1D0,1D0,1D0,1D0,1D0,1D0,1D0,1D0,1D0,1D0,1D0,1D0,1D0,1D0,1D0,     699P    654
-8.039863735724D-9,-5.789827766604D1,-5.748424026424D1,              699P    655
2.477815189342D-1,-5.789829234583D1,-5.748425412293D1,               699P    656
7.416160094585D-1,-5.795121259963D1,-5.753693938024D1,               699P    657
1.409101033503D0,-5.817499891385D1,-5.776152478410D1,                699P    658
1.962389555803D0,-5.852596924532D1,-5.811913058697D1,                699P    659
2.348446720740D0,-5.897383586197D1,-5.858505706117D1,                699P    660
2.528759559181D0,-5.948061761271D1,-5.912537791462D1,                699P    661
2.480068667937D0,-5.999742337967D1,-5.969079248918D1,                699P    662
2.200354526622D0,-6.047626075155D1,-6.022788608016D1,                699P    663
1.747944968363D0,-6.084723754887D1,-6.065284003217D1,                699P    664
1.248112085917D0,-6.108443980406D1,-6.092835255395D1,                699P    665
7.024040542982D-1,-6.123748039072D1,-6.110760051351D1,               699P    666
2.414864381561D-1,-6.128451751648D1,-6.116299832658D1,               699P    667
-3.613657551644D-10,-6.128452511476D1,-6.116300747841D1,0D0,1D0,     699P    668
0D0,0D0,1D0;                                                         699P    669
110,-6.944832963527D-9,-6.082100041356D1,-6.158967468660D1,          701P    670
-3.613657551644D-10,-6.128452511476D1,-6.116300747841D1;             701P    671
126,13,3,0,0,1,0,0D0,0D0,0D0,0D0,9.090909090909D-2,                  703P    672
1.818181818182D-1,2.727272727273D-1,3.636363636364D-1,               703P    673
4.545454545455D-1,5.454545454545D-1,6.363636363636D-1,               703P    674
7.272727272727D-1,8.181818181818D-1,9.090909090909D-1,1D0,1D0,       703P    675
1D0,1D0,1D0,1D0,1D0,1D0,1D0,1D0,1D0,1D0,1D0,1D0,1D0,1D0,1D0,1D0,     703P    676
-6.944832963527D-9,-6.082100041356D1,-6.158967468660D1,              703P    677
2.565962197364D-1,-6.082098608247D1,-6.158965674870D1,               703P    678
7.669884853903D-1,-6.076916064381D1,-6.152861185002D1,               703P    679
1.450339043991D0,-6.055008517596D1,-6.127233505657D1,                703P    680
2.005554576567D0,-6.020478395034D1,-6.087376643947D1,                703P    681
2.376215540208D0,-5.976488593065D1,-6.037548324699D1,                703P    682
2.533016638965D0,-5.926744730470D1,-5.982476648550D1,                703P    683
2.465313325448D0,-5.875895900152D1,-5.927567339756D1,                703P    684
2.182359495107D0,-5.828193880190D1,-5.877329113839D1,                703P    685
1.732434133015D0,-5.789817808853D1,-5.837812443309D1,                703P    686
1.234680190100D0,-5.764761205659D1,-5.812419482632D1,                703P    687
6.945221229163D-1,-5.748510417960D1,-5.796110676798D1,               703P    688
2.387415755959D-1,-5.743476103046D1,-5.791091540493D1,               703P    689
3.671533356117D-9,-5.743475299706D1,-5.791090744278D1,0D0,1D0,       703P    690
0D0,0D0,1D0;                                                         703P    691
124,-3.583954377717D-8,-1D0,-9.576644199871D-10,3.675D0,-1D0,        705P    692
3.583954377717D-8,0D0,-4.5D0,0D0,9.576644199871D-10,-1D0,            705P    693
-2.540000000352D1;                                                   705P    694
100,0D0,0D0,0D0,5D-1,0D0,1.791977191920D-8,5D-1;                     707P    695
124,1D0,0D0,0D0,0D0,0D0,0D0,1D0,-4.5D0,0D0,-1D0,0D0,-2.54D1;         709P    696
100,0D0,0D0,0D0,3.175D0,0D0,-3.175D0,0D0;                            711P    697
110,-3.175D0,-4.5D0,-2.539999997301D1,-3.175D0,-5D-1,                713P    698
-2.539999998833D1;                                                   713P    699
124,-1D0,0D0,0D0,0D0,0D0,0D0,-1D0,-5D-1,0D0,-1D0,0D0,-2.54D1;        715P    700
100,0D0,0D0,0D0,3.175D0,0D0,-3.175D0,0D0;                            717P    701
124,0D0,2.840720714214D-12,1D0,-3.749744958981D-11,-1D0,             719P    702
8.251674898929D-10,0D0,-4.5D0,-8.251674898929D-10,-1D0,              719P    703
2.840720714214D-12,1.32D1;                                           719P    704
100,0D0,0D0,0D0,5D-1,0D0,4.125837755626D-10,5D-1;                    721P    705
124,0D0,-2.841102353379D-12,-1D0,3.750250110457D-11,-1D0,            723P    706
8.251674898929D-10,0D0,-4.5D0,8.251674898929D-10,1D0,                723P    707
-2.841102353379D-12,-1.32D1;                                         723P    708
100,0D0,0D0,0D0,5D-1,0D0,4.125837755626D-10,5D-1;                    725P    709
124,0D0,-1D0,0D0,0D0,0D0,0D0,1D0,-4.5D0,-1D0,0D0,0D0,0D0;            727P    710
100,0D0,0D0,0D0,1.27D1,0D0,-1.27D1,0D0;                              729P    711
124,0D0,-1D0,0D0,0D0,0D0,0D0,1D0,-5D-1,-1D0,0D0,0D0,0D0;             731P    712
100,0D0,0D0,0D0,1.27D1,0D0,-1.27D1,0D0;                              733P    713
124,0D0,1D0,0D0,0D0,0D0,0D0,1D0,-4.5D0,1D0,0D0,0D0,0D0;              735P    714
100,0D0,0D0,0D0,1.27D1,0D0,-1.27D1,0D0;                              737P    715
110,2.664993087320D-10,-5D-1,-1.27D1,3.333049530818D-9,-4.5D0,       739P    716
-1.27D1;                                                             739P    717
124,0D0,1D0,0D0,0D0,0D0,0D0,1D0,-5D-1,1D0,0D0,0D0,0D0;               741P    718
100,0D0,0D0,0D0,1.27D1,0D0,-1.27D1,0D0;                              743P    719
110,-2.665035414573D-10,-5D-1,1.27D1,-3.333050502263D-9,-4.5D0,      745P    720
1.27D1;                                                              745P    721
124,1.137568136911D-9,0D0,1D0,-1.501589941277D-8,0D0,1D0,0D0,        747P    722
-5D-1,-1D0,0D0,1.137568136911D-9,1.32D1;                             747P    723
100,0D0,0D0,0D0,5D-1,0D0,6.619665122460D-10,5D-1;                    749P    724
124,-1.137567311182D-9,0D0,-1D0,1.501588847708D-8,0D0,1D0,0D0,       751P    725
-5D-1,1D0,0D0,-1.137567311182D-9,-1.32D1;                            751P    726
100,0D0,0D0,0D0,5D-1,0D0,6.619647358892D-10,5D-1;                    753P    727
124,1.797136661708D-8,4.999999991697D-1,8.660254042638D-1,           755P    728
2.015954525918D1,-1D0,3.594273418924D-8,0D0,-4.5D0,                  755P    729
-3.112732116506D-8,-8.660254042638D-1,4.999999991697D-1,             755P    730
1.588264336067D1;                                                    755P    731
100,0D0,0D0,0D0,5D-1,0D0,1.797136709178D-8,5D-1;                     757P    732
124,-1.797136661708D-8,-4.999999991697D-1,-8.660254042638D-1,        759P    733
2.383454525307D1,-1D0,3.594273111250D-8,0D0,-4.5D0,                  759P    734
3.112731761234D-8,8.660254042638D-1,-4.999999991697D-1,              759P    735
9.517356639331D0;                                                    759P    736
100,0D0,0D0,0D0,5D-1,0D0,1.797136553747D-8,5D-1;                     761P    737
124,5D-1,-8.660254037844D-1,0D0,2.199704525612D1,0D0,0D0,1D0,        763P    738
-4.5D0,-8.660254037844D-1,-5D-1,0D0,1.27D1;                          763P    739
100,0D0,0D0,0D0,3.175D0,0D0,-3.175D0,0D0;                            765P    740
110,2.040954527952D1,-4.5D0,1.544963067052D1,2.040954526629D1,       767P    741
-5D-1,1.544963066289D1;                                              767P    742
124,-5D-1,-8.660254037844D-1,0D0,2.199704525612D1,0D0,0D0,-1D0,      769P    743
-5D-1,8.660254037844D-1,-5D-1,0D0,1.27D1;                            769P    744
100,0D0,0D0,0D0,3.175D0,0D0,-3.175D0,0D0;                            771P    745
124,-5D-1,8.660254037844D-1,0D0,2.199704525612D1,0D0,0D0,1D0,        773P    746
-4.5D0,8.660254037844D-1,5D-1,0D0,1.27D1;                            773P    747
100,0D0,0D0,0D0,3.175D0,0D0,-3.175D0,0D0;                            775P    748
110,2.358454523273D1,-4.5D0,9.950369329477D0,2.358454524596D1,       777P    749
-5D-1,9.950369337114D0;                                              777P    750
124,5D-1,8.660254037844D-1,0D0,2.199704525612D1,0D0,0D0,-1D0,        779P    751
-5D-1,-8.660254037844D-1,5D-1,0D0,1.27D1;                            779P    752
100,0D0,0D0,0D0,3.175D0,0D0,-3.175D0,0D0;                            781P    753
124,-2.154641265406D-8,-4.999999994940D-1,8.660254040766D-1,         783P    754
2.383454525427D1,1D0,-4.309282786636D-8,0D0,-5D-1,                   783P    755
3.731948439167D-8,8.660254040766D-1,4.999999994940D-1,               783P    756
9.517356640019D0;                                                    783P    757
100,0D0,0D0,0D0,5D-1,0D0,2.154641401694D-8,5D-1;                     785P    758
124,2.154641975949D-8,4.999999994940D-1,-8.660254040766D-1,          787P    759
2.015954525798D1,1D0,-4.309283449581D-8,0D0,-5D-1,                   787P    760
-3.731948794439D-8,-8.660254040766D-1,-4.999999994940D-1,            787P    761
1.588264335998D1;                                                    787P    762
100,0D0,0D0,0D0,5D-1,0D0,2.154641734761D-8,5D-1;                     789P    763
124,-1.797136661708D-8,-5.000000008303D-1,8.660254033051D-1,         791P    764
-2.015954525307D1,-1D0,3.594273418924D-8,0D0,-4.5D0,                 791P    765
-3.112732116506D-8,-8.660254033051D-1,-5.000000008303D-1,            791P    766
1.588264335715D1;                                                    791P    767
100,0D0,0D0,0D0,5D-1,0D0,1.797136709178D-8,5D-1;                     793P    768
124,1.797136661708D-8,5.000000008303D-1,-8.660254033051D-1,          795P    769
-2.383454525918D1,-1D0,3.594273111250D-8,0D0,-4.5D0,                 795P    770
3.112731761234D-8,8.660254033051D-1,5.000000008303D-1,               795P    771
9.517356642854D0;                                                    795P    772
100,0D0,0D0,0D0,5D-1,0D0,1.797136553747D-8,5D-1;                     797P    773
124,-5D-1,-8.660254037844D-1,0D0,-2.199704525612D1,0D0,0D0,1D0,      799P    774
-4.5D0,-8.660254037844D-1,5D-1,0D0,1.27D1;                           799P    775
100,0D0,0D0,0D0,3.175D0,0D0,-3.175D0,0D0;                            801P    776
110,-2.040954523273D1,-4.5D0,1.544963064351D1,-2.040954524596D1,     803P    777
-5D-1,1.544963065115D1;                                              803P    778
124,5D-1,-8.660254037844D-1,0D0,-2.199704525612D1,0D0,0D0,-1D0,      805P    779
-5D-1,8.660254037844D-1,5D-1,0D0,1.27D1;                             805P    780
100,0D0,0D0,0D0,3.175D0,0D0,-3.175D0,0D0;                            807P    781
124,5D-1,8.660254037844D-1,0D0,-2.199704525612D1,0D0,0D0,1D0,        809P    782
-4.5D0,8.660254037844D-1,-5D-1,0D0,1.27D1;                           809P    783
100,0D0,0D0,0D0,3.175D0,0D0,-3.175D0,0D0;                            811P    784
110,-2.358454527952D1,-4.5D0,9.950369356492D0,-2.358454526629D1,     813P    785
-5D-1,9.950369348855D0;                                              813P    786
124,-5D-1,8.660254037844D-1,0D0,-2.199704525612D1,0D0,0D0,-1D0,      815P    787
-5D-1,-8.660254037844D-1,-5D-1,0D0,1.27D1;                           815P    788
100,0D0,0D0,0D0,3.175D0,0D0,-3.175D0,0D0;                            817P    789
124,2.154641975949D-8,5.000000005060D-1,8.660254034923D-1,           819P    790
-2.383454525798D1,1D0,-4.309283757255D-8,0D0,-5D-1,                  819P    791
3.731949149710D-8,8.660254034923D-1,-5.000000005060D-1,              819P    792
9.517356642166D0;                                                    819P    793
100,0D0,0D0,0D0,5D-1,0D0,2.154641879090D-8,5D-1;                     821P    794
124,-2.154642686492D-8,-5.000000005060D-1,-8.660254034923D-1,        823P    795
-2.015954525427D1,1D0,-4.309284727875D-8,0D0,-5D-1,                  823P    796
-3.731949860253D-8,-8.660254034923D-1,5.000000005060D-1,             823P    797
1.588264335783D1;                                                    823P    798
100,0D0,0D0,0D0,5D-1,0D0,2.154642345384D-8,5D-1;                     825P    799
502,120,0D0,-8.017D1,-7.62D1,0D0,-6.913369835749D1,                  827P    800
-7.135874234615D1,0D0,-5.466600052802D1,-5.564125765385D1,0D0,       827P    801
-4.362969888551D1,-5.08D1,0D0,-2.667D1,-5.08D1,0D0,                  827P    802
-7.033297646931D1,-7.025482567787D1,0D0,-8.017D1,-7.457D1,           827P    803
-2.450778918107D-14,-8.017D1,7.62D1,-2.295072196386D-14,             827P    804
-6.913369835749D1,7.135874234615D1,-1.235484107328D-14,              827P    805
-5.466600052802D1,5.564125765385D1,-1.633852612071D-14,              827P    806
-4.362969888551D1,5.08D1,-1.127986593019D-14,-2.667D1,5.08D1,        827P    807
-2.259567528433D-14,-7.033297646931D1,7.025482567787D1,              827P    808
-2.398354119728D-14,-8.017D1,7.457D1,0D0,-3.347647085433D1,          827P    809
-3.81D1,0D0,-3.597647085433D1,-4.06D1,-1.225389459054D-14,           827P    810
-3.347647085433D1,3.81D1,-1.305795591537D-14,-3.597647085433D1,      827P    811
4.06D1,0D0,-5.586527863984D1,-5.453734098557D1,0D0,                  827P    812
-5.586527863984D1,5.453734098557D1,0D0,-3.995021435440D1,            827P    813
-4.549354652541D1,-1.463184051633D-14,-3.995021435440D1,             827P    814
4.549354652541D1,0D0,-9.118712052660D1,7.639568851450D1,0D0,         827P    815
-9.118712052660D1,-7.639568851450D1,0D0,-8.919473113042D1,           827P    816
7.457D1,0D0,-8.919473113042D1,-7.457D1,0D0,-9.133461619236D1,        827P    817
-8.12D1,0D0,-9.133461619236D1,8.12D1,0D0,-9.158366486689D1,          827P    818
-8.092821106431D1,0D0,-9.158366486689D1,8.092821106431D1,0D0,        827P    819
-9.058747743661D1,8.097178893569D1,0D0,-9.058747743661D1,            827P    820
-8.097178893569D1,0D0,-9.083652611113D1,8.12D1,0D0,                  827P    821
-9.083652611113D1,-8.12D1,0D0,9.058747743661D1,                      827P    822
-8.097178893569D1,0D0,9.058747743661D1,8.097178893569D1,0D0,         827P    823
9.083652611113D1,-8.12D1,0D0,9.083652611113D1,8.12D1,0D0,            827P    824
9.133461619236D1,-8.12D1,0D0,9.133461619236D1,8.12D1,0D0,            827P    825
9.158366486689D1,-8.092821106431D1,0D0,9.158366486689D1,             827P    826
8.092821106431D1,2.892547312783D-13,9.118712052660D1,                827P    827
-7.639568851451D1,-3.231998002562D-13,9.118712052660D1,              827P    828
7.639568851451D1,0D0,2.667D1,-5.08D1,0D0,4.362969888551D1,           827P    829
-5.08D1,0D0,5.466600052802D1,-5.564125765385D1,0D0,                  827P    830
6.913369835749D1,-7.135874234615D1,0D0,8.017D1,-7.62D1,0D0,          827P    831
8.017D1,-7.457D1,0D0,7.033297646931D1,-7.025482567787D1,0D0,         827P    832
5.586527863984D1,-5.453734098557D1,0D0,4.362969888551D1,             827P    833
-4.917D1,-1.127986593019D-14,2.667D1,5.08D1,-1.127986593019D-14,     827P    834
4.362969888551D1,5.08D1,-1.789559333793D-14,5.466600052802D1,        827P    835
5.564125765385D1,-1.584482375220D-14,6.913369835749D1,               827P    836
7.135874234615D1,-2.450778918107D-14,8.017D1,7.62D1,                 827P    837
-2.398354119728D-14,8.017D1,7.457D1,-2.259567528433D-14,             827P    838
7.033297646931D1,7.025482567787D1,-1.210972233280D-14,               827P    839
5.586527863984D1,5.453734098557D1,-1.581427813692D-14,               827P    840
4.362969888551D1,4.917D1,0D0,8.919473113042D1,7.457D1,0D0,           827P    841
8.919473113042D1,-7.457D1,0D0,-7D0,3.81D1,0D0,-7D0,-3.81D1,          827P    842
-1.161064553067D-14,-5D0,3.61D1,0D0,-5D0,-3.61D1,0D0,2D0,            827P    843
-4.917D1,0D0,2D0,4.917D1,0D0,0D0,-4.717D1,0D0,0D0,4.717D1,0D0,       827P    844
-8.833733765197D1,-7.62D1,0D0,-8.833733765197D1,7.62D1,0D0,          827P    845
-9.032972704815D1,-7.802568851450D1,0D0,-9.032972704815D1,           827P    846
7.802568851450D1,0D0,8.833733765197D1,7.62D1,0D0,                    827P    847
8.833733765197D1,-7.62D1,0D0,9.032972704815D1,7.802568851450D1,      827P    848
0D0,9.032972704815D1,-7.802568851450D1,-6.226138647350D-10,          827P    849
-5.792752964259D1,-5.677773879795D1,2.844054436402D-10,              827P    850
-6.199102658105D1,-6.119225945495D1,-8.039863735724D-9,              827P    851
-5.789827766604D1,-5.748424026424D1,-3.613657983959D-10,             827P    852
-6.128452511476D1,-6.116300747841D1,1.186479799326D-9,               827P    853
-5.672825153077D1,-5.788165546623D1,-1.706152885639D-9,              827P    854
-6.079174843119D1,-6.229617608191D1,3.671533356117D-9,               827P    855
-5.743475299706D1,-5.791090744278D1,-6.944832903200D-9,              827P    856
-6.082100041356D1,-6.158967468660D1,3.675D0,-5D0,-2.54D1,            827P    857
-3.675D0,-5D0,-2.54D1,3.175D0,-4.5D0,-2.54D1,-3.175D0,-4.5D0,        827P    858
-2.54D1,-3.675D0,0D0,-2.54D1,3.675D0,0D0,-2.54D1,-3.175D0,-5D-1,     827P    859
-2.54D1,3.175D0,-5D-1,-2.54D1,0D0,-5D0,1.32D1,0D0,-5D0,-1.32D1,      827P    860
0D0,-4.5D0,1.27D1,0D0,-4.5D0,-1.27D1,0D0,-5D-1,-1.27D1,0D0,          827P    861
-5D-1,1.27D1,0D0,0D0,-1.32D1,0D0,0D0,1.32D1,2.015954525612D1,        827P    862
-5D0,1.588264335891D1,2.383454525612D1,-5D0,9.517356641092D0,        827P    863
2.040954525612D1,-4.5D0,1.544963065702D1,2.358454525612D1,           827P    864
-4.5D0,9.950369342984D0,2.383454525612D1,0D0,9.517356641092D0,       827P    865
2.015954525612D1,0D0,1.588264335891D1,2.358454525612D1,-5D-1,        827P    866
9.950369342984D0,2.040954525612D1,-5D-1,1.544963065702D1,            827P    867
-2.015954525612D1,-5D0,1.588264335891D1,-2.383454525612D1,-5D0,      827P    868
9.517356641092D0,-2.040954525612D1,-4.5D0,1.544963065702D1,          827P    869
-2.358454525612D1,-4.5D0,9.950369342984D0,-2.383454525612D1,0D0,     827P    870
9.517356641092D0,-2.015954525612D1,0D0,1.588264335891D1,             827P    871
-2.358454525612D1,-5D-1,9.950369342984D0,-2.040954525612D1,          827P    872
-5D-1,1.544963065702D1;                                              827P    873
504,230,45,827,1,827,2,87,827,3,827,4,105,827,4,827,5,575,827,6,     829P    874
827,7,53,827,8,827,9,81,827,9,827,10,95,827,10,827,11,111,827,       829P    875
11,827,12,583,827,13,827,14,57,827,1,827,8,63,827,2,827,9,99,        829P    876
827,3,827,10,103,827,4,827,11,571,827,6,827,13,631,827,7,827,14,     829P    877
49,827,1,827,8,79,827,2,827,9,91,827,3,827,10,109,827,4,827,11,      829P    878
579,827,6,827,13,593,827,7,827,14,501,827,15,827,16,509,827,17,      829P    879
827,18,513,827,15,827,17,505,827,15,827,17,567,827,19,827,20,        829P    880
549,827,20,827,19,551,827,20,827,13,533,827,21,827,19,541,827,       829P    881
22,827,20,521,827,16,827,21,529,827,18,827,22,691,827,21,827,22,     829P    882
517,827,16,827,18,537,827,21,827,22,525,827,16,827,18,603,827,       829P    883
23,827,24,587,827,25,827,26,615,827,24,827,23,627,827,26,827,25,     829P    884
639,827,27,827,28,619,827,29,827,30,647,827,28,827,27,609,827,       829P    885
30,827,29,673,827,31,827,32,653,827,33,827,34,683,827,32,827,31,     829P    886
643,827,34,827,33,217,827,35,827,36,239,827,37,827,38,227,827,       829P    887
36,827,35,251,827,38,827,37,245,827,39,827,40,267,827,41,827,42,     829P    888
255,827,40,827,39,279,827,42,827,41,655,827,27,827,34,649,827,       829P    889
28,827,33,611,827,24,827,29,605,827,23,827,30,595,827,14,827,25,     829P    890
589,827,26,827,7,247,827,39,827,37,241,827,40,827,38,275,827,43,     829P    891
827,41,269,827,44,827,42,623,827,24,827,26,599,827,23,827,25,        829P    892
659,827,28,827,30,635,827,27,827,29,687,827,32,827,34,663,827,       829P    893
31,827,33,231,827,36,827,38,235,827,35,827,37,259,827,40,827,42,     829P    894
263,827,39,827,41,113,827,5,827,45,129,827,45,827,46,139,827,46,     829P    895
827,47,157,827,47,827,48,167,827,48,827,49,311,827,50,827,51,        829P    896
321,827,51,827,52,339,827,52,827,53,119,827,12,827,54,135,827,       829P    897
54,827,55,147,827,55,827,56,163,827,56,827,57,175,827,57,827,58,     829P    898
319,827,59,827,60,327,827,60,827,61,347,827,61,827,62,123,827,5,     829P    899
827,12,127,827,45,827,54,151,827,46,827,55,155,827,47,827,56,        829P    900
179,827,48,827,57,187,827,49,827,58,307,827,50,827,59,331,827,       829P    901
51,827,60,335,827,52,827,61,375,827,53,827,62,117,827,5,827,12,      829P    902
133,827,45,827,54,143,827,46,827,55,161,827,47,827,56,171,827,       829P    903
48,827,57,205,827,49,827,58,315,827,50,827,59,325,827,51,827,60,     829P    904
343,827,52,827,61,357,827,53,827,62,283,827,44,827,43,303,827,       829P    905
63,827,64,273,827,43,827,44,295,827,64,827,63,299,827,50,827,64,     829P    906
297,827,63,827,59,291,827,43,827,64,287,827,44,827,63,485,827,       829P    907
65,827,66,441,827,67,827,68,489,827,66,827,65,445,827,68,827,67,     829P    908
371,827,69,827,70,379,827,71,827,72,351,827,70,827,69,383,827,       829P    909
72,827,71,37,827,73,827,74,667,827,75,827,76,25,827,74,827,73,       829P    910
679,827,76,827,75,199,827,77,827,78,211,827,79,827,80,183,827,       829P    911
78,827,77,223,827,80,827,79,493,827,66,827,15,491,827,65,827,17,     829P    912
41,827,73,827,1,39,827,74,827,8,669,827,32,827,75,675,827,31,        829P    913
827,76,219,827,35,827,80,213,827,36,827,79,201,827,49,827,78,        829P    914
207,827,58,827,77,359,827,62,827,70,353,827,69,827,53,497,827,       829P    915
66,827,68,481,827,65,827,67,363,827,70,827,72,367,827,69,827,71,     829P    916
29,827,74,827,76,33,827,73,827,75,191,827,78,827,80,195,827,77,      829P    917
827,79,543,827,81,827,82,699,827,83,827,84,563,827,82,827,81,        829P    918
693,827,84,827,83,59,827,85,827,86,697,827,87,827,88,73,827,86,      829P    919
827,85,703,827,88,827,87,449,827,89,827,90,711,827,91,827,92,        829P    920
453,827,90,827,89,427,827,92,827,91,387,827,93,827,94,717,827,       829P    921
95,827,96,391,827,94,827,93,433,827,96,827,95,457,827,97,827,98,     829P    922
737,827,99,827,100,461,827,98,827,97,729,827,100,827,99,733,827,     829P    923
101,827,102,395,827,103,827,104,743,827,102,827,101,399,827,104,     829P    924
827,103,465,827,105,827,106,775,827,107,827,108,469,827,106,827,     829P    925
105,765,827,108,827,107,403,827,109,827,110,781,827,111,827,112,     829P    926
407,827,110,827,109,771,827,112,827,111,473,827,113,827,114,811,     829P    927
827,115,827,116,477,827,114,827,113,801,827,116,827,115,411,827,     829P    928
117,827,118,817,827,119,827,120,415,827,118,827,117,807,827,120,     829P    929
827,119,739,827,101,827,100,745,827,102,827,99,713,827,92,827,       829P    930
95,429,827,91,827,96,803,827,115,827,120,813,827,116,827,119,        829P    931
777,827,108,827,111,767,827,107,827,112,701,827,88,827,84,695,       829P    932
827,87,827,83,75,827,2,827,86,83,827,85,827,3,545,827,19,827,81,     829P    933
553,827,82,827,6,825,827,118,827,120,821,827,117,827,119,797,        829P    934
827,114,827,116,793,827,113,827,115,789,827,110,827,112,785,827,     829P    935
109,827,111,761,827,106,827,108,757,827,105,827,107,749,827,102,     829P    936
827,104,753,827,101,827,103,725,827,98,827,100,721,827,97,827,       829P    937
99,423,827,94,827,96,419,827,93,827,95,437,827,90,827,92,707,        829P    938
827,89,827,91,71,827,86,827,88,67,827,85,827,87,561,827,82,827,      829P    939
84,557,827,81,827,83;                                                829P    940
110,0D0,0D0,0D0,0D0,1D0,0D0;                                         831P    941
110,0D0,-8.868989106515D1,-7.62D1,0D0,-7.981744658682D1,-7.62D1;     833P    942
120,831,833,-6.283185307180D-2,3.204424506662D0;                     835P    943
508,4,0,829,131,1,0,0,829,139,1,0,0,829,10,1,0,0,829,140,0,0;        837P    944
510,835,1,0,837;                                                     839P    945
110,0D0,-8.833733765197D1,0D0,0D0,-8.733733765197D1,0D0;             841P    946
124,-5.611945292782D-3,-9.996307475508D-4,-9.999837532722D-1,        843P    947
4.457618927228D-1,1.753652022181D-1,-9.845034514165D-1,0D0,          843P    948
-8.833733765197D1,-9.844874564569D-1,-1.753623531074D-1,             843P    949
5.700279958093D-3,7.819872950589D1;                                  843P    950
100,0D0,0D0,0D0,2D0,0D0,-5.243723824358D-1,1.930034612264D0;         845P    951
120,841,845,-3.210124817491D0,5.713154224382D-2;                     847P    952
508,4,0,829,131,0,0,0,829,153,1,0,0,829,132,1,0,0,829,154,0,0;       849P    953
510,847,1,0,849;                                                     851P    954
110,0D0,-8.833733765197D1,0D0,0D0,-8.733733765197D1,0D0;             853P    955
124,5.611945292783D-3,9.996307475509D-4,9.999837532722D-1,           855P    956
-4.457618927229D-1,1.753652022181D-1,-9.845034514165D-1,0D0,         855P    957
-8.833733765197D1,9.844874564569D-1,1.753623531074D-1,               855P    958
-5.700279958093D-3,-7.819872950589D1;                                855P    959
100,0D0,0D0,0D0,2D0,0D0,-5.243723824358D-1,1.930034612264D0;         857P    960
120,853,857,-3.210124817491D0,5.713154224382D-2;                     859P    961
508,4,0,829,129,0,0,0,829,154,1,0,0,829,130,1,0,0,829,153,0,0;       861P    962
510,859,1,0,861;                                                     863P    963
110,0D0,0D0,0D0,0D0,1D0,0D0;                                         865P    964
110,0D0,-8.868989106515D1,-7.62D1,0D0,-7.981744658682D1,-7.62D1;     867P    965
120,865,867,-3.204424506662D0,6.283185307180D-2;                     869P    966
508,4,0,829,129,1,0,0,829,140,1,0,0,829,16,0,0,0,829,139,0,0;        871P    967
510,869,1,0,871;                                                     873P    968
110,0D0,-8.017D1,0D0,0D0,-7.917D1,0D0;                               875P    969
124,0D0,0D0,1D0,0D0,-2.350139697599D-2,9.997238040280D-1,0D0,        877P    970
-8.017D1,-9.997238040280D-1,-2.350139697599D-2,0D0,-6.12D1;          877P    971
100,0D0,0D0,0D0,1.5D1,0D0,9.628926942166D0,1.150146799076D1;         879P    972
120,875,879,-3.204424506662D0,6.283185307180D-2;                     881P    973
508,4,0,829,1,0,0,0,829,16,1,0,0,829,5,1,0,0,829,17,0,0;             883P    974
510,881,1,0,883;                                                     885P    975
110,0D0,-8.017D1,0D0,0D0,-7.917D1,0D0;                               887P    976
124,0D0,0D0,1D0,0D0,-2.350139697599D-2,9.997238040280D-1,0D0,        889P    977
-8.017D1,-9.997238040280D-1,-2.350139697599D-2,0D0,-6.12D1;          889P    978
100,0D0,0D0,0D0,1.5D1,0D0,9.628926942166D0,1.150146799076D1;         891P    979
120,887,891,-6.283185307180D-2,3.204424506662D0;                     893P    980
508,4,0,829,1,1,0,0,829,11,1,0,0,829,5,0,0,0,829,10,0,0;             895P    981
510,893,1,0,895;                                                     897P    982
110,0D0,-3.449096656534D0,0D0,0D0,-2.449096656534D0,0D0;             899P    983
110,0D0,-6.942305231408D1,-7.167309204D1,0D0,-5.437664657143D1,      901P    984
-5.532690796D1;                                                      901P    985
120,899,901,-6.283185307180D-2,3.204424506662D0;                     903P    986
508,6,0,829,161,0,0,0,829,208,1,0,0,829,12,1,0,0,829,6,0,0,0,        905P    987
829,11,0,0,0,829,207,1,0;                                            905P    988
510,903,1,0,905;                                                     907P    989
128,3,15,3,3,0,0,0,0,0,0D0,0D0,0D0,0D0,1D0,1D0,1D0,1D0,              909P    990
-2.263425118133D-2,-2.263425118133D-2,-2.263425118133D-2,            909P    991
-2.263425118133D-2,0D0,9.518988644417D-2,1.895406498298D-1,          909P    992
2.840425645450D-1,3.789918507032D-1,4.747472282492D-1,               909P    993
5.713904318662D-1,6.675842311751D-1,7.570999546524D-1,               909P    994
8.362262560911D-1,9.134167675603D-1,1D0,1.022585946864D0,            909P    995
1.022585946864D0,1.022585946864D0,1.022585946864D0,                  909P    996
1.881043431840D0,7.063188560535D-1,7.063188560535D-1,                909P    997
1.881043431840D0,1.881043431840D0,7.063188560535D-1,                 909P    998
7.063188560535D-1,1.881043431840D0,1.881043431840D0,                 909P    999
7.063188560535D-1,7.063188560535D-1,1.881043431840D0,                909P   1000
1.881043431840D0,7.063188560535D-1,7.063188560535D-1,                909P   1001
1.881043431840D0,1.881043431840D0,7.063188560535D-1,                 909P   1002
7.063188560535D-1,1.881043431840D0,1.881043431840D0,                 909P   1003
7.063188560535D-1,7.063188560535D-1,1.881043431840D0,                909P   1004
1.881043431840D0,7.063188560535D-1,7.063188560535D-1,                909P   1005
1.881043431840D0,1.881043431840D0,7.063188560535D-1,                 909P   1006
7.063188560535D-1,1.881043431840D0,1.881043431840D0,                 909P   1007
7.063188560535D-1,7.063188560535D-1,1.881043431840D0,                909P   1008
1.881043431840D0,7.063188560535D-1,7.063188560535D-1,                909P   1009
1.881043431840D0,1.881043431840D0,7.063188560535D-1,                 909P   1010
7.063188560535D-1,1.881043431840D0,1.881043431840D0,                 909P   1011
7.063188560535D-1,7.063188560535D-1,1.881043431840D0,                909P   1012
1.881043431840D0,7.063188560535D-1,7.063188560535D-1,                909P   1013
1.881043431840D0,1.881043431840D0,7.063188560535D-1,                 909P   1014
7.063188560535D-1,1.881043431840D0,1.881043431840D0,                 909P   1015
7.063188560535D-1,7.063188560535D-1,1.881043431840D0,                909P   1016
1.881043431840D0,7.063188560535D-1,7.063188560535D-1,                909P   1017
1.881043431840D0,2.368618440958D-1,-5.660213579510D1,                909P   1018
-5.755153643734D1,1.920465437940D-1,-5.660545714720D1,               909P   1019
-5.843629027740D1,1.454737292742D-1,-5.748868417320D1,               909P   1020
-5.848676051380D1,1.843985306210D-1,-5.759707279456D1,               909P   1021
-5.760839011604D1,1.581498126537D-1,-5.659811461938D1,               909P   1022
-5.754748505517D1,1.282326974692D-1,-5.660210845028D1,               909P   1023
-5.843303496312D1,9.713208893076D-2,-5.748614975386D1,               909P   1024
-5.848432224643D1,1.231156195985D-1,-5.759396888571D1,               909P   1025
-5.760525912034D1,-2.532498140341D-1,-5.658776398930D1,              909P   1026
-5.753697172395D1,-2.053443077842D-1,-5.659355013885D1,              909P   1027
-5.842451385587D1,-1.555406909470D-1,-5.747963893855D1,              909P   1028
-5.847797900329D1,-1.971470684892D-1,-5.758592471771D1,              909P   1029
-5.759719910806D1,-9.984040797343D-1,-5.666654235148D1,              909P   1030
-5.761715637598D1,-8.095105988291D-1,-5.665857760063D1,              909P   1031
-5.848968148040D1,-6.131927186448D-1,-5.752917154283D1,              909P   1032
-5.852639399190D1,-7.772560431592D-1,-5.764724844301D1,              909P   1033
-5.765851226178D1,-1.903832902416D0,-5.697131180688D1,               909P   1034
-5.792937575331D1,-1.540078654685D0,-5.690870237132D1,               909P   1035
-5.874245687787D1,-1.168622615792D0,-5.772020279402D1,               909P   1036
-5.871505242814D1,-1.485395347987D0,-5.788545026941D1,               909P   1037
-5.789850520680D1,-2.640811918373D0,-5.744393118271D1,               909P   1038
-5.841910444870D1,-2.130049065853D0,-5.729305231967D1,               909P   1039
-5.913627796563D1,-1.619849944514D0,-5.801482939129D1,               909P   1040
-5.901141291652D1,-2.066083147664D0,-5.825699814371D1,               909P   1041
-5.827844655029D1,-3.147627590715D0,-5.804287554593D1,               909P   1042
-5.904950321352D1,-2.532498881234D0,-5.777526367118D1,               909P   1043
-5.963994495326D1,-1.929549669098D0,-5.838560562043D1,               909P   1044
-5.939393062752D1,-2.468417758715D0,-5.873041314357D1,               909P   1045
-5.877237315764D1,-3.377484097229D0,-5.871602364910D1,               909P   1046
-5.977107147443D1,-2.714108502729D0,-5.831296386391D1,               909P   1047
-6.021443402592D1,-2.069838531871D0,-5.879924194327D1,               909P   1048
-5.983356708024D1,-2.651727284116D0,-5.926380586016D1,               909P   1049
-5.934203272792D1,-3.303665985924D0,-5.940130993457D1,               909P   1050
-6.051989809315D1,-2.656044712207D0,-5.885847264946D1,               909P   1051
-6.081137496358D1,-2.024833159155D0,-5.921748570635D1,               909P   1052
-6.029228386722D1,-2.592619210714D0,-5.980573072681D1,               909P   1053
-5.993515269627D1,-2.938769084526D0,-6.002111267841D1,               909P   1054
-6.120961387149D1,-2.367147226975D0,-5.935261844813D1,               909P   1055
-6.136449174681D1,-1.802014879513D0,-5.959372425531D1,               909P   1056
-6.071739800800D1,-2.302159169377D0,-6.029271338955D1,               909P   1057
-6.048067614212D1,-2.361488296518D0,-6.050784129762D1,               909P   1058
-6.175938588775D1,-1.906651635696D0,-5.974256988091D1,               909P   1059
-6.180909524088D1,-1.448868159995D0,-5.988811671261D1,               909P   1060
-6.105821996285D1,-1.845804667840D0,-6.067179679689D1,               909P   1061
-6.091354039831D1,-1.666967828641D0,-6.084839976476D1,               909P   1062
-6.214806549877D1,-1.348674731250D0,-6.001685764888D1,               909P   1063
-6.212582531107D1,-1.023266589553D0,-6.009367391635D1,               909P   1064
-6.130023482028D1,-1.300402279165D0,-6.093493170322D1,               909P   1065
-6.121805486560D1,-8.772928137739D-1,-6.106423470516D1,              909P   1066
-6.239606726340D1,-7.108814663295D-1,-6.019144419973D1,              909P   1067
-6.232907242777D1,-5.387294109127D-1,-6.022380017747D1,              909P   1068
-6.145512218789D1,-6.833670795919D-1,-6.110068304569D1,              909P   1069
-6.141158037187D1,-2.232601618772D-1,-6.112294210972D1,              909P   1070
-6.246382777667D1,-1.809156331907D-1,-6.023904230138D1,              909P   1071
-6.238482886140D1,-1.371009125183D-1,-6.025916743601D1,              909P   1072
-6.149752426957D1,-1.739037841459D-1,-6.114561265814D1,              909P   1073
-6.146429748354D1,1.577416058894D-1,-6.111401493460D1,               909P   1074
-6.245349922532D1,1.278228231238D-1,-6.023182857675D1,               909P   1075
-6.237631486320D1,9.686674438171D-2,-6.025379420814D1,               909P   1076
-6.149105815779D1,1.228702226642D-1,-6.113875876461D1,               909P   1077
-6.145627583394D1,2.362413150334D-1,-6.111031463876D1,               909P   1078
-6.244918535284D1,1.914263538415D-1,-6.022886668774D1,               909P   1079
-6.237273788740D1,1.450709030652D-1,-6.025157299905D1,               909P   1080
-6.148835321061D1,1.840228573253D-1,-6.113589282939D1,               909P   1081
-6.145294428368D1,0D0,1D0,-2.263425118133D-2,1.022585946864D0;       909P   1082
508,4,0,829,161,1,0,0,829,227,1,0,0,829,162,0,0,0,829,228,0,0;       911P   1083
510,909,1,0,911;                                                     913P   1084
128,3,15,3,3,0,0,0,0,0,0D0,0D0,0D0,0D0,1D0,1D0,1D0,1D0,              915P   1085
-2.263418268484D-2,-2.263418268484D-2,-2.263418268484D-2,            915P   1086
-2.263418268484D-2,0D0,9.746591907593D-2,1.937418823158D-1,          915P   1087
2.899251759530D-1,3.856816091159D-1,4.809624415486D-1,               915P   1088
5.755304014500D-1,6.689647408984D-1,7.573434278335D-1,               915P   1089
8.363537999601D-1,9.134359724378D-1,1D0,1.022593233647D0,            915P   1090
1.022593233647D0,1.022593233647D0,1.022593233647D0,                  915P   1091
1.881068220228D0,7.063105932574D-1,7.063105932574D-1,                915P   1092
1.881068220228D0,1.881068220228D0,7.063105932574D-1,                 915P   1093
7.063105932574D-1,1.881068220228D0,1.881068220228D0,                 915P   1094
7.063105932574D-1,7.063105932574D-1,1.881068220228D0,                915P   1095
1.881068220228D0,7.063105932574D-1,7.063105932574D-1,                915P   1096
1.881068220228D0,1.881068220228D0,7.063105932574D-1,                 915P   1097
7.063105932574D-1,1.881068220228D0,1.881068220228D0,                 915P   1098
7.063105932574D-1,7.063105932574D-1,1.881068220228D0,                915P   1099
1.881068220228D0,7.063105932574D-1,7.063105932574D-1,                915P   1100
1.881068220228D0,1.881068220228D0,7.063105932574D-1,                 915P   1101
7.063105932574D-1,1.881068220228D0,1.881068220228D0,                 915P   1102
7.063105932574D-1,7.063105932574D-1,1.881068220228D0,                915P   1103
1.881068220228D0,7.063105932574D-1,7.063105932574D-1,                915P   1104
1.881068220228D0,1.881068220228D0,7.063105932574D-1,                 915P   1105
7.063105932574D-1,1.881068220228D0,1.881068220228D0,                 915P   1106
7.063105932574D-1,7.063105932574D-1,1.881068220228D0,                915P   1107
1.881068220228D0,7.063105932574D-1,7.063105932574D-1,                915P   1108
1.881068220228D0,1.881068220228D0,7.063105932574D-1,                 915P   1109
7.063105932574D-1,1.881068220228D0,1.881068220228D0,                 915P   1110
7.063105932574D-1,7.063105932574D-1,1.881068220228D0,                915P   1111
1.881068220228D0,7.063105932574D-1,7.063105932574D-1,                915P   1112
1.881068220228D0,-2.368354860754D-1,-6.111031017927D1,               915P   1113
-6.244916247668D1,-1.919078363761D-1,-6.022884170809D1,              915P   1114
-6.237274105421D1,-1.454342945516D-1,-6.025153962395D1,              915P   1115
-6.148833857529D1,-1.844853035400D-1,-6.113587827656D1,              915P   1116
-6.145292613685D1,-1.581345809927D-1,-6.111402670339D1,              915P   1117
-6.245349813491D1,-1.281413071912D-1,-6.023181518312D1,              915P   1118
-6.237633737899D1,-9.710708370562D-2,-6.025377003916D1,              915P   1119
-6.149105760009D1,-1.231760389807D-1,-6.113875777996D1,              915P   1120
-6.145627355936D1,2.611661122654D-1,-6.112386134489D1,               915P   1121
-6.246487646298D1,2.116323332213D-1,-6.023976545697D1,               915P   1122
-6.238571599535D1,1.603768182518D-1,-6.025968957434D1,               915P   1123
-6.149818111657D1,2.034292697684D-1,-6.114630489320D1,               915P   1124
-6.146511162719D1,1.021204337722D0,-6.104697993766D1,                915P   1125
-6.237612359857D1,8.274901913236D-1,-6.017741600910D1,               915P   1126
-6.231267333368D1,6.270955943338D-1,-6.021337474762D1,               915P   1127
-6.144263775391D1,7.954695794126D-1,-6.108748570613D1,               915P   1128
-6.139607087124D1,1.941296998501D0,-6.074810196649D1,                915P   1129
-6.203300281190D1,1.569753414344D0,-5.993580902369D1,                915P   1130
-6.203169939801D1,1.191489723142D0,-6.003316052919D1,                915P   1131
-6.122843370576D1,1.515201364221D0,-6.085776369837D1,                915P   1132
-6.112816311252D1,2.679097540954D0,-6.028344313328D1,                915P   1133
-6.150481268192D1,2.160544740974D0,-5.956242878062D1,                915P   1134
-6.160265430273D1,1.643245506935D0,-5.975249337864D1,                915P   1135
-6.090012990263D1,2.096385135912D0,-6.049754165061D1,                915P   1136
-6.071345314405D1,3.172109118610D0,-5.969355693572D1,                915P   1137
-6.084361613010D1,2.552116734799D0,-5.909121905809D1,                915P   1138
-6.107046250930D1,1.944522170882D0,-5.939508242670D1,                915P   1139
-6.049148846863D1,2.487683420033D0,-6.003584422840D1,                915P   1140
-6.019143005772D1,3.380364426240D0,-5.903143103648D1,                915P   1141
-6.011399976520D1,2.716459004651D0,-5.856407488940D1,                915P   1142
-6.048755900657D1,2.071588547386D0,-5.899203481737D1,                915P   1143
-6.004332853975D1,2.653949248396D0,-5.951350706227D1,                915P   1144
-5.961359576944D1,3.291499691797D0,-5.835637483271D1,                915P   1145
-5.938390002380D1,2.646217070758D0,-5.802604435154D1,                915P   1146
-5.990629701394D1,2.017346584570D0,-5.857859032589D1,                915P   1147
-5.959744052938D1,2.583107702492D0,-5.897879097491D1,                915P   1148
-5.903598822907D1,2.926731128951D0,-5.773688074959D1,                915P   1149
-5.872622612828D1,2.357419115139D0,-5.752939388515D1,                915P   1150
-5.938198913007D1,1.794608767433D0,-5.819647400901D1,                915P   1151
-5.919765302048D1,2.292752669842D0,-5.848831403568D1,                915P   1152
-5.851858047431D1,2.356656344378D0,-5.723806283244D1,                915P   1153
-5.820522125719D1,1.903019473878D0,-5.712593361581D1,                915P   1154
-5.896453555074D1,1.445938549775D0,-5.788664122763D1,                915P   1155
-5.888196008298D1,1.841776934054D0,-5.809496292595D1,                915P   1156
-5.811220401252D1,1.665803763164D0,-5.688074753180D1,                915P   1157
-5.783649147983D1,1.348250281220D0,-5.683441926910D1,                915P   1158
-5.866733368062D1,1.022637527608D0,-5.766346093099D1,                915P   1159
-5.865895116122D1,1.299016847034D0,-5.781462260621D1,                915P   1160
-5.782704897978D1,8.768819132107D-1,-5.665132618553D1,               915P   1161
-5.760166359417D1,7.109842494456D-1,-5.664598541901D1,               915P   1162
-5.847709857487D1,5.385524390037D-1,-5.751959767010D1,               915P   1163
-5.851707022244D1,6.826458727205D-1,-5.763540785898D1,               915P   1164
-5.764668970934D1,2.231939950187D-1,-5.658853020887D1,               915P   1165
-5.753773685019D1,1.809743793544D-1,-5.659415768385D1,               915P   1166
-5.842515718315D1,1.370797303416D-1,-5.748011830663D1,               915P   1167
-5.847847208697D1,1.737488096952D-1,-5.758652172190D1,               915P   1168
-5.759779349398D1,-1.578111778558D-1,-5.659811419595D1,              915P   1169
-5.754746991103D1,-1.279584183589D-1,-5.660208425987D1,              915P   1170
-5.843304192471D1,-9.692317729737D-2,-5.748614685553D1,              915P   1171
-5.848434408403D1,-1.228514895941D-1,-5.759396767383D1,              915P   1172
-5.760525929611D1,-2.363447819793D-1,-5.660212122581D1,              915P   1173
-5.755150803071D1,-1.916278252638D-1,-5.660542123316D1,              915P   1174
-5.843628646331D1,-1.451547848843D-1,-5.748867213440D1,              915P   1175
-5.848677452818D1,-1.839951642973D-1,-5.759706036945D1,              915P   1176
-5.760838037804D1,0D0,1D0,-2.263418268484D-2,1.022593233647D0;       915P   1177
508,4,0,829,163,1,0,0,829,228,1,0,0,829,164,0,0,0,829,227,0,0;       917P   1178
510,915,1,0,917;                                                     919P   1179
110,0D0,-3.449096656534D0,0D0,0D0,-2.449096656534D0,0D0;             921P   1180
110,0D0,-6.942305231408D1,-7.167309204D1,0D0,-5.437664657143D1,      923P   1181
-5.532690796D1;                                                      923P   1182
120,921,923,-3.204424506662D0,6.283185307180D-2;                     925P   1183
508,6,0,829,163,0,0,0,829,207,0,0,0,829,17,1,0,0,829,6,1,0,0,        927P   1184
829,18,0,0,0,829,208,0,0;                                            927P   1185
510,925,1,0,927;                                                     929P   1186
110,0D0,-4.362969888551D1,0D0,0D0,-4.262969888551D1,0D0;             931P   1187
124,0D0,0D0,1D0,0D0,2.350139697599D-2,-9.997238040280D-1,0D0,        933P   1188
-4.362969888551D1,9.997238040280D-1,2.350139697599D-2,0D0,           933P   1189
-6.58D1;                                                             933P   1190
100,0D0,0D0,0D0,1.5D1,0D0,9.628926942166D0,1.150146799076D1;         935P   1191
120,931,935,-3.204424506662D0,6.283185307180D-2;                     937P   1192
508,4,0,829,2,0,0,0,829,18,1,0,0,829,7,1,0,0,829,19,0,0;             939P   1193
510,937,1,0,939;                                                     941P   1194
110,0D0,-4.362969888551D1,0D0,0D0,-4.262969888551D1,0D0;             943P   1195
124,0D0,0D0,1D0,0D0,2.350139697599D-2,-9.997238040280D-1,0D0,        945P   1196
-4.362969888551D1,9.997238040280D-1,2.350139697599D-2,0D0,           945P   1197
-6.58D1;                                                             945P   1198
100,0D0,0D0,0D0,1.5D1,0D0,9.628926942166D0,1.150146799076D1;         947P   1199
120,943,947,-6.283185307180D-2,3.204424506662D0;                     949P   1200
508,4,0,829,2,1,0,0,829,13,1,0,0,829,7,0,0,0,829,12,0,0;             951P   1201
510,949,1,0,951;                                                     953P   1202
110,0D0,0D0,0D0,0D0,1D0,0D0;                                         955P   1203
110,0D0,-4.398225229869D1,-5.08D1,0D0,-2.631744658682D1,-5.08D1;     957P   1204
120,955,957,-6.283185307180D-2,3.204424506662D0;                     959P   1205
508,4,0,829,3,1,0,0,829,93,1,0,0,829,8,0,0,0,829,13,0,0;             961P   1206
510,959,1,0,961;                                                     963P   1207
110,0D0,0D0,0D0,0D0,1D0,0D0;                                         965P   1208
110,0D0,-4.398225229869D1,-5.08D1,0D0,-2.631744658682D1,-5.08D1;     967P   1209
120,965,967,-3.204424506662D0,6.283185307180D-2;                     969P   1210
508,4,0,829,3,0,0,0,829,19,1,0,0,829,8,1,0,0,829,103,0,0;            971P   1211
510,969,1,0,971;                                                     973P   1212
110,0D0,0D0,0D0,0D0,1D0,0D0;                                         975P   1213
110,0D0,-2.77368D1,-5.08D1,0D0,2.77368D1,-5.08D1;                    977P   1214
120,975,977,-3.204424506662D0,6.283185307180D-2;                     979P   1215
508,4,0,829,77,0,0,0,829,103,1,0,0,829,85,1,0,0,829,104,0,0;         981P   1216
510,979,1,0,981;                                                     983P   1217
110,0D0,0D0,0D0,0D0,1D0,0D0;                                         985P   1218
110,0D0,-2.77368D1,-5.08D1,0D0,2.77368D1,-5.08D1;                    987P   1219
120,985,987,-6.283185307180D-2,3.204424506662D0;                     989P   1220
508,4,0,829,77,1,0,0,829,94,1,0,0,829,85,0,0,0,829,93,0,0;           991P   1221
510,989,1,0,991;                                                     993P   1222
110,0D0,0D0,0D0,0D0,1D0,0D0;                                         995P   1223
110,0D0,2.631744658682D1,-5.08D1,0D0,4.398225229869D1,-5.08D1;       997P   1224
120,995,997,-6.283185307180D-2,3.204424506662D0;                     999P   1225
508,4,0,829,78,1,0,0,829,95,1,0,0,829,86,0,0,0,829,94,0,0;          1001P   1226
510,999,1,0,1001;                                                   1003P   1227
110,0D0,0D0,0D0,0D0,1D0,0D0;                                        1005P   1228
110,0D0,2.631744658682D1,-5.08D1,0D0,4.398225229869D1,-5.08D1;      1007P   1229
120,1005,1007,-3.204424506662D0,6.283185307180D-2;                  1009P   1230
508,4,0,829,78,0,0,0,829,104,1,0,0,829,86,1,0,0,829,105,0,0;        1011P   1231
510,1009,1,0,1011;                                                  1013P   1232
110,0D0,4.362969888551D1,0D0,0D0,4.462969888551D1,0D0;              1015P   1233
124,0D0,0D0,1D0,0D0,7.514665398071D-1,-6.597712024258D-1,0D0,       1017P   1234
4.362969888551D1,6.597712024258D-1,7.514665398071D-1,0D0,           1017P   1235
-6.58D1;                                                            1017P   1236
100,0D0,0D0,0D0,1.5D1,0D0,9.628926942166D0,1.150146799076D1;        1019P   1237
120,1015,1019,-3.204424506662D0,6.283185307180D-2;                  1021P   1238
508,4,0,829,79,0,0,0,829,105,1,0,0,829,87,1,0,0,829,106,0,0;        1023P   1239
510,1021,1,0,1023;                                                  1025P   1240
110,0D0,4.362969888551D1,0D0,0D0,4.462969888551D1,0D0;              1027P   1241
124,0D0,0D0,1D0,0D0,7.514665398071D-1,-6.597712024258D-1,0D0,       1029P   1242
4.362969888551D1,6.597712024258D-1,7.514665398071D-1,0D0,           1029P   1243
-6.58D1;                                                            1029P   1244
100,0D0,0D0,0D0,1.5D1,0D0,9.628926942166D0,1.150146799076D1;        1031P   1245
120,1027,1031,-6.283185307180D-2,3.204424506662D0;                  1033P   1246
508,4,0,829,79,1,0,0,829,96,1,0,0,829,87,0,0,0,829,95,0,0;          1035P   1247
510,1033,1,0,1035;                                                  1037P   1248
110,0D0,3.449096656535D0,0D0,0D0,4.449096656535D0,0D0;              1039P   1249
110,0D0,5.437664657143D1,-5.532690796D1,0D0,6.942305231408D1,       1041P   1250
-7.167309204D1;                                                     1041P   1251
120,1039,1041,-6.283185307180D-2,3.204424506662D0;                  1043P   1252
508,4,0,829,80,1,0,0,829,97,1,0,0,829,88,0,0,0,829,96,0,0;          1045P   1253
510,1043,1,0,1045;                                                  1047P   1254
110,0D0,3.449096656535D0,0D0,0D0,4.449096656535D0,0D0;              1049P   1255
110,0D0,5.437664657143D1,-5.532690796D1,0D0,6.942305231408D1,       1051P   1256
-7.167309204D1;                                                     1051P   1257
120,1049,1051,-3.204424506662D0,6.283185307180D-2;                  1053P   1258
508,4,0,829,80,0,0,0,829,106,1,0,0,829,88,1,0,0,829,107,0,0;        1055P   1259
510,1053,1,0,1055;                                                  1057P   1260
110,0D0,8.017D1,0D0,0D0,8.117D1,0D0;                                1059P   1261
124,0D0,0D0,1D0,0D0,-7.514665398071D-1,6.597712024258D-1,0D0,       1061P   1262
8.017D1,-6.597712024258D-1,-7.514665398071D-1,0D0,-6.12D1;          1061P   1263
100,0D0,0D0,0D0,1.5D1,0D0,9.628926942166D0,1.150146799076D1;        1063P   1264
120,1059,1063,-3.204424506662D0,6.283185307180D-2;                  1065P   1265
508,4,0,829,81,0,0,0,829,107,1,0,0,829,89,1,0,0,829,108,0,0;        1067P   1266
510,1065,1,0,1067;                                                  1069P   1267
110,0D0,8.017D1,0D0,0D0,8.117D1,0D0;                                1071P   1268
124,0D0,0D0,1D0,0D0,-7.514665398071D-1,6.597712024258D-1,0D0,       1073P   1269
8.017D1,-6.597712024258D-1,-7.514665398071D-1,0D0,-6.12D1;          1073P   1270
100,0D0,0D0,0D0,1.5D1,0D0,9.628926942166D0,1.150146799076D1;        1075P   1271
120,1071,1075,-6.283185307180D-2,3.204424506662D0;                  1077P   1272
508,4,0,829,81,1,0,0,829,98,1,0,0,829,89,0,0,0,829,97,0,0;          1079P   1273
510,1077,1,0,1079;                                                  1081P   1274
110,0D0,0D0,0D0,0D0,1D0,0D0;                                        1083P   1275
110,0D0,7.981744658682D1,-7.62D1,0D0,8.868989106515D1,-7.62D1;      1085P   1276
120,1083,1085,-6.283185307180D-2,3.204424506662D0;                  1087P   1277
508,4,0,829,135,1,0,0,829,146,0,0,0,829,98,0,0,0,829,145,1,0;       1089P   1278
510,1087,1,0,1089;                                                  1091P   1279
110,0D0,8.833733765197D1,0D0,0D0,8.933733765197D1,0D0;              1093P   1280
124,5.109891109018D-4,-5.725620811042D-3,9.999834779417D-1,         1095P   1281
4.495231181927D-1,9.960412030055D-1,8.889275513387D-2,0D0,          1095P   1282
8.833733765197D1,-8.889128644259D-2,9.960247463547D-1,              1095P   1283
5.748377470495D-3,-7.819870797504D1;                                1095P   1284
100,0D0,0D0,0D0,2D0,0D0,-5.243723824357D-1,1.930034612264D0;        1097P   1285
120,1093,1097,-5.708344394336D-2,3.210172915791D0;                  1099P   1286
508,4,0,829,135,0,0,0,829,155,1,0,0,829,136,1,0,0,829,156,0,0;      1101P   1287
510,1099,1,0,1101;                                                  1103P   1288
110,0D0,8.833733765197D1,0D0,0D0,8.933733765197D1,0D0;              1105P   1289
124,-5.109891109019D-4,5.725620811043D-3,-9.999834779417D-1,        1107P   1290
-4.495231181928D-1,9.960412030055D-1,8.889275513388D-2,0D0,         1107P   1291
8.833733765197D1,8.889128644260D-2,-9.960247463547D-1,              1107P   1292
-5.748377470496D-3,7.819870797504D1;                                1107P   1293
100,0D0,0D0,0D0,2D0,0D0,-5.243723824358D-1,1.930034612264D0;        1109P   1294
120,1105,1109,-5.708344394336D-2,3.210172915791D0;                  1111P   1295
508,4,0,829,133,0,0,0,829,156,1,0,0,829,134,1,0,0,829,155,0,0;      1113P   1296
510,1111,1,0,1113;                                                  1115P   1297
110,0D0,0D0,0D0,0D0,1D0,0D0;                                        1117P   1298
110,0D0,7.981744658682D1,-7.62D1,0D0,8.868989106515D1,-7.62D1;      1119P   1299
120,1117,1119,-3.204424506662D0,6.283185307180D-2;                  1121P   1300
508,4,0,829,133,1,0,0,829,145,0,0,0,829,108,1,0,0,829,146,1,0;      1123P   1301
510,1121,1,0,1123;                                                  1125P   1302
110,0D0,8.350336383932D1,0D0,0D0,8.450336383932D1,0D0;              1127P   1303
110,0D0,9.029899999356D1,-7.767447667350D1,0D0,9.061820449120D1,    1129P   1304
-8.132300077669D1;                                                  1129P   1305
120,1127,1129,-3.204424506662D0,6.283185307180D-2;                  1131P   1306
508,4,0,829,134,0,0,0,829,144,0,0,0,829,49,0,0,0,829,143,1,0;       1133P   1307
510,1131,1,0,1133;                                                  1135P   1308
110,0D0,8.350336383932D1,0D0,0D0,8.450336383932D1,0D0;              1137P   1309
110,0D0,9.029899999356D1,-7.767447667350D1,0D0,9.061820449120D1,    1139P   1310
-8.132300077669D1;                                                  1139P   1311
120,1137,1139,-6.283185307180D-2,3.204424506662D0;                  1141P   1312
508,4,0,829,136,0,0,0,829,143,0,0,0,829,51,0,0,0,829,144,1,0;       1143P   1313
510,1141,1,0,1143;                                                  1145P   1314
110,0D0,9.083652611113D1,0D0,0D0,9.183652611113D1,0D0;              1147P   1315
124,3.177076993401D-4,5.510053734341D-3,-9.999847690688D-1,         1149P   1316
4.467796924581D-1,-9.983418166140D-1,5.756402695941D-2,0D0,         1149P   1317
9.083652611113D1,5.756315020568D-2,9.983266109386D-1,               1149P   1318
5.519205589353D-3,8.094876705612D1;                                 1149P   1319
100,0D0,0D0,0D0,2.5D-1,0D0,6.980409680859D-3,2.499025287601D-1;     1151P   1320
120,1147,1151,-3.209943740272D0,5.731261946140D-2;                  1153P   1321
508,4,0,829,51,1,0,0,829,74,1,0,0,829,52,0,0,0,829,73,0,0;          1155P   1322
510,1153,1,0,1155;                                                  1157P   1323
110,0D0,9.083652611113D1,0D0,0D0,9.183652611113D1,0D0;              1159P   1324
124,-3.177076993401D-4,-5.510053734341D-3,9.999847690688D-1,        1161P   1325
-4.467796924581D-1,-9.983418166140D-1,5.756402695941D-2,0D0,        1161P   1326
9.083652611113D1,-5.756315020568D-2,-9.983266109386D-1,             1161P   1327
-5.519205589353D-3,-8.094876705612D1;                               1161P   1328
100,0D0,0D0,0D0,2.5D-1,0D0,6.980409680859D-3,2.499025287601D-1;     1163P   1329
120,1159,1163,-3.209943740272D0,5.731261946140D-2;                  1165P   1330
508,4,0,829,49,1,0,0,829,73,1,0,0,829,50,0,0,0,829,74,0,0;          1167P   1331
510,1165,1,0,1167;                                                  1169P   1332
110,0D0,0D0,0D0,0D0,1D0,0D0;                                        1171P   1333
110,0D0,9.048397269795D1,-8.12D1,0D0,9.168716960554D1,-8.12D1;      1173P   1334
120,1171,1173,-3.204424506662D0,6.283185307180D-2;                  1175P   1335
508,4,0,829,50,1,0,0,829,64,0,0,0,829,53,0,0,0,829,63,1,0;          1177P   1336
510,1175,1,0,1177;                                                  1179P   1337
110,0D0,0D0,0D0,0D0,1D0,0D0;                                        1181P   1338
110,0D0,9.048397269795D1,-8.12D1,0D0,9.168716960554D1,-8.12D1;      1183P   1339
120,1181,1183,-6.283185307180D-2,3.204424506662D0;                  1185P   1340
508,4,0,829,52,1,0,0,829,63,0,0,0,829,55,0,0,0,829,64,1,0;          1187P   1341
510,1185,1,0,1187;                                                  1189P   1342
110,0D0,9.133461619236D1,0D0,0D0,9.233461619236D1,0D0;              1191P   1343
124,5.346340006065D-3,1.773563643286D-4,-9.999856924943D-1,         1193P   1344
4.330242933443D-1,-3.315517838854D-2,9.994502159418D-1,0D0,         1193P   1345
9.133461619236D1,9.994359163021D-1,3.315470402064D-2,               1193P   1346
5.349280955457D-3,8.094884180741D1;                                 1193P   1347
100,0D0,0D0,0D0,2.5D-1,0D0,-3.824645907101D-2,2.470570953616D-1;    1195P   1348
120,1191,1195,-3.209773813129D0,5.748254660458D-2;                  1197P   1349
508,4,0,829,55,1,0,0,829,76,1,0,0,829,56,0,0,0,829,75,0,0;          1199P   1350
510,1197,1,0,1199;                                                  1201P   1351
110,0D0,9.133461619236D1,0D0,0D0,9.233461619236D1,0D0;              1203P   1352
124,-5.346340006065D-3,-1.773563643286D-4,9.999856924943D-1,        1205P   1353
-4.330242933443D-1,-3.315517838854D-2,9.994502159418D-1,0D0,        1205P   1354
9.133461619236D1,-9.994359163021D-1,-3.315470402064D-2,             1205P   1355
-5.349280955458D-3,-8.094884180741D1;                               1205P   1356
100,0D0,0D0,0D0,2.5D-1,0D0,-3.824645907101D-2,2.470570953616D-1;    1207P   1357
120,1203,1207,-3.209773813129D0,5.748254660458D-2;                  1209P   1358
508,4,0,829,53,1,0,0,829,75,1,0,0,829,54,0,0,0,829,76,0,0;          1211P   1359
510,1209,1,0,1211;                                                  1213P   1360
110,0D0,8.450336383932D1,0D0,0D0,8.550336383932D1,0D0;              1215P   1361
110,0D0,9.115639347202D1,-7.604447667350D1,0D0,9.161439192147D1,    1217P   1362
-8.127942290532D1;                                                  1217P   1363
120,1215,1217,-3.204424506662D0,6.283185307180D-2;                  1219P   1364
508,4,0,829,54,1,0,0,829,66,0,0,0,829,115,0,0,0,829,65,1,0;         1221P   1365
510,1219,1,0,1221;                                                  1223P   1366
110,0D0,8.450336383932D1,0D0,0D0,8.550336383932D1,0D0;              1225P   1367
110,0D0,9.115639347202D1,-7.604447667350D1,0D0,9.161439192147D1,    1227P   1368
-8.127942290532D1;                                                  1227P   1369
120,1225,1227,-6.283185307180D-2,3.204424506662D0;                  1229P   1370
508,4,0,829,56,1,0,0,829,65,0,0,0,829,113,0,0,0,829,66,1,0;         1231P   1371
510,1229,1,0,1231;                                                  1233P   1372
110,0D0,8.919473113042D1,0D0,0D0,9.019473113042D1,0D0;              1235P   1373
124,4.957512299881D-4,-5.554880718379D-3,-9.999844486445D-1,        1237P   1374
4.270277327111D-1,9.960412030053D-1,8.889275513604D-2,0D0,          1237P   1375
8.919473113042D1,8.889137273321D-2,-9.960257132145D-1,              1237P   1376
5.576958765981D-3,7.656880923271D1;                                 1237P   1377
100,0D0,0D0,0D0,2D0,0D0,-5.243723824399D-1,1.930034612263D0;        1239P   1378
120,1235,1239,-3.210001494341D0,5.725486539662D-2;                  1241P   1379
508,4,0,829,113,1,0,0,829,119,1,0,0,829,114,0,0,0,829,120,0,0;      1243P   1380
510,1241,1,0,1243;                                                  1245P   1381
110,0D0,8.919473113042D1,0D0,0D0,9.019473113042D1,0D0;              1247P   1382
124,-4.957512299881D-4,5.554880718379D-3,9.999844486445D-1,         1249P   1383
-4.270277327111D-1,9.960412030053D-1,8.889275513603D-2,0D0,         1249P   1384
8.919473113042D1,-8.889137273320D-2,9.960257132145D-1,              1249P   1385
-5.576958765981D-3,-7.656880923271D1;                               1249P   1386
100,0D0,0D0,0D0,2D0,0D0,-5.243723824399D-1,1.930034612263D0;        1251P   1387
120,1247,1251,-3.210001494341D0,5.725486539662D-2;                  1253P   1388
508,4,0,829,115,1,0,0,829,120,1,0,0,829,116,0,0,0,829,119,0,0;      1255P   1389
510,1253,1,0,1255;                                                  1257P   1390
110,0D0,0D0,0D0,0D0,1D0,0D0;                                        1259P   1391
110,0D0,7.981744658682D1,-7.457D1,0D0,8.954728454360D1,-7.457D1;    1261P   1392
120,1259,1261,-3.204424506662D0,6.283185307180D-2;                  1263P   1393
508,4,0,829,116,1,0,0,829,118,1,0,0,829,109,0,0,0,829,117,1,0;      1265P   1394
510,1263,1,0,1265;                                                  1267P   1395
110,0D0,0D0,0D0,0D0,1D0,0D0;                                        1269P   1396
110,0D0,7.981744658682D1,-7.457D1,0D0,8.954728454360D1,-7.457D1;    1271P   1397
120,1269,1271,-6.283185307180D-2,3.204424506662D0;                  1273P   1398
508,4,0,829,114,1,0,0,829,117,0,0,0,829,99,1,0,0,829,118,0,0;       1275P   1399
510,1273,1,0,1275;                                                  1277P   1400
110,0D0,8.017D1,0D0,0D0,8.117D1,0D0;                                1279P   1401
124,0D0,0D0,1D0,0D0,-7.533539806420D-1,6.576152217299D-1,0D0,       1281P   1402
8.017D1,-6.576152217299D-1,-7.533539806420D-1,0D0,-6.12D1;          1281P   1403
100,0D0,0D0,0D0,1.337D1,0D0,8.523692200060D0,1.030065877887D1;      1283P   1404
120,1279,1283,-6.283185307180D-2,3.204424506662D0;                  1285P   1405
508,4,0,829,82,1,0,0,829,100,1,0,0,829,90,0,0,0,829,99,0,0;         1287P   1406
510,1285,1,0,1287;                                                  1289P   1407
110,0D0,8.017D1,0D0,0D0,8.117D1,0D0;                                1291P   1408
124,0D0,0D0,1D0,0D0,-7.533539806420D-1,6.576152217299D-1,0D0,       1293P   1409
8.017D1,-6.576152217299D-1,-7.533539806420D-1,0D0,-6.12D1;          1293P   1410
100,0D0,0D0,0D0,1.337D1,0D0,8.523692200060D0,1.030065877887D1;      1295P   1411
120,1291,1295,-3.204424506662D0,6.283185307180D-2;                  1297P   1412
508,4,0,829,82,0,0,0,829,109,1,0,0,829,90,1,0,0,829,110,0,0;        1299P   1413
510,1297,1,0,1299;                                                  1301P   1414
110,0D0,5.664512725430D0,0D0,0D0,6.664512725430D0,0D0;              1303P   1415
110,0D0,5.557592468325D1,-5.422299129172D1,0D0,7.062233042590D1,    1305P   1416
-7.056917537172D1;                                                  1305P   1417
120,1303,1305,-3.204424506662D0,6.283185307180D-2;                  1307P   1418
508,4,0,829,83,0,0,0,829,110,1,0,0,829,91,1,0,0,829,111,0,0;        1309P   1419
510,1307,1,0,1309;                                                  1311P   1420
110,0D0,5.664512725430D0,0D0,0D0,6.664512725430D0,0D0;              1313P   1421
110,0D0,5.557592468325D1,-5.422299129172D1,0D0,7.062233042590D1,    1315P   1422
-7.056917537172D1;                                                  1315P   1423
120,1313,1315,-6.283185307180D-2,3.204424506662D0;                  1317P   1424
508,4,0,829,83,1,0,0,829,101,1,0,0,829,91,0,0,0,829,100,0,0;        1319P   1425
510,1317,1,0,1319;                                                  1321P   1426
110,0D0,4.362969888551D1,0D0,0D0,4.462969888551D1,0D0;              1323P   1427
124,0D0,0D0,1D0,0D0,7.499446213356D-1,-6.615006159708D-1,0D0,       1325P   1428
4.362969888551D1,6.615006159708D-1,7.499446213356D-1,0D0,           1325P   1429
-6.58D1;                                                            1325P   1430
100,0D0,0D0,0D0,1.663D1,0D0,1.073390755104D1,1.270197341698D1;      1327P   1431
120,1323,1327,-6.283185307180D-2,3.204424506662D0;                  1329P   1432
508,4,0,829,84,1,0,0,829,102,1,0,0,829,92,0,0,0,829,101,0,0;        1331P   1433
510,1329,1,0,1331;                                                  1333P   1434
110,0D0,4.362969888551D1,0D0,0D0,4.462969888551D1,0D0;              1335P   1435
124,0D0,0D0,1D0,0D0,7.499446213356D-1,-6.615006159708D-1,0D0,       1337P   1436
4.362969888551D1,6.615006159708D-1,7.499446213356D-1,0D0,           1337P   1437
-6.58D1;                                                            1337P   1438
100,0D0,0D0,0D0,1.663D1,0D0,1.073390755104D1,1.270197341698D1;      1339P   1439
120,1335,1339,-3.204424506662D0,6.283185307180D-2;                  1341P   1440
508,4,0,829,84,0,0,0,829,111,1,0,0,829,92,1,0,0,829,112,0,0;        1343P   1441
510,1341,1,0,1343;                                                  1345P   1442
110,0D0,0D0,0D0,0D0,1D0,0D0;                                        1347P   1443
110,0D0,1.167406022290D0,-4.917D1,0D0,4.446229286322D1,-4.917D1;    1349P   1444
120,1347,1349,-3.204424506662D0,6.283185307180D-2;                  1351P   1445
508,4,0,829,127,1,0,0,829,148,1,0,0,829,112,1,0,0,829,147,1,0;      1353P   1446
510,1351,1,0,1353;                                                  1355P   1447
110,0D0,2D0,0D0,0D0,3D0,0D0;                                        1357P   1448
124,1.688825327227D-3,-9.481096263479D-3,-9.999536272661D-1,        1359P   1449
-4.542628165547D-1,-9.845034514165D-1,-1.753652022181D-1,0D0,       1359P   1450
2D0,-1.753570700543D-1,9.844577972999D-1,-9.630333189627D-3,        1359P   1451
4.716781259814D1;                                                   1359P   1452
100,0D0,0D0,0D0,2D0,0D0,-6.905905873684D-1,1.876988183404D0;        1361P   1453
120,1357,1361,-5.320137101818D-2,3.214054988720D0;                  1363P   1454
508,4,0,829,127,0,0,0,829,151,1,0,0,829,128,1,0,0,829,152,0,0;      1365P   1455
510,1363,1,0,1365;                                                  1367P   1456
110,0D0,2D0,0D0,0D0,3D0,0D0;                                        1369P   1457
124,-1.688825327227D-3,9.481096263479D-3,9.999536272661D-1,         1371P   1458
4.542628165547D-1,-9.845034514165D-1,-1.753652022181D-1,0D0,2D0,    1371P   1459
1.753570700543D-1,-9.844577972999D-1,9.630333189627D-3,             1371P   1460
-4.716781259814D1;                                                  1371P   1461
100,0D0,0D0,0D0,2D0,0D0,-6.905905873684D-1,1.876988183404D0;        1373P   1462
120,1369,1373,-5.320137101818D-2,3.214054988720D0;                  1375P   1463
508,4,0,829,125,0,0,0,829,152,1,0,0,829,126,1,0,0,829,151,0,0;      1377P   1464
510,1375,1,0,1377;                                                  1379P   1465
110,0D0,0D0,0D0,0D0,1D0,0D0;                                        1381P   1466
110,0D0,1.167406022290D0,-4.917D1,0D0,4.446229286322D1,-4.917D1;    1383P   1467
120,1381,1383,-6.283185307180D-2,3.204424506662D0;                  1385P   1468
508,4,0,829,125,1,0,0,829,147,0,0,0,829,102,0,0,0,829,148,0,0;      1387P   1469
510,1385,1,0,1387;                                                  1389P   1470
128,1,1,1,1,0,0,1,0,0,-4.90568D1,-4.90568D1,4.90568D1,4.90568D1,    1391P   1471
-4.910589751050D1,-4.910589751050D1,4.910589751050D1,               1391P   1472
4.910589751050D1,1D0,1D0,1D0,1D0,4.910589751050D1,0D0,4.90568D1,    1391P   1473
4.910589751050D1,0D0,-4.90568D1,-4.910589751050D1,0D0,4.90568D1,    1391P   1474
-4.910589751050D1,0D0,-4.90568D1,-4.90568D1,4.90568D1,              1391P   1475
-4.910589751050D1,4.910589751050D1;                                 1391P   1476
508,2,0,829,126,0,0,0,829,128,0,0;                                  1393P   1477
508,2,0,829,169,0,0,0,829,171,0,0;                                  1395P   1478
508,2,0,829,178,1,0,0,829,180,1,0;                                  1397P   1479
508,2,0,829,185,0,0,0,829,187,0,0;                                  1399P   1480
508,2,0,829,193,0,0,0,829,195,0,0;                                  1401P   1481
510,1391,5,0,1393,1395,1397,1399,1401;                              1403P   1482
110,0D0,-5D-1,-2.54D1,0D0,-1.5D0,-2.54D1;                           1405P   1483
124,7.538469707926D-1,6.415660123903D-1,1.418019618075D-1,          1407P   1484
-3.637864296894D0,-6.481151860302D-1,7.615423203191D-1,0D0,         1407P   1485
-5D-1,-1.079881950207D-1,-9.190400485629D-2,9.898950467739D-1,      1407P   1486
-2.487887779036D1;                                                  1407P   1487
100,0D0,0D0,0D0,5D-1,0D0,-4.935671429346D-1,7.994670359281D-2;      1409P   1488
120,1405,1409,3.124108175939D-2,3.394914632565D0;                   1411P   1489
508,4,0,829,169,1,0,0,829,223,1,0,0,829,170,0,0,0,829,224,0,0;      1413P   1490
510,1411,1,0,1413;                                                  1415P   1491
110,0D0,-5D-1,-2.54D1,0D0,-1.5D0,-2.54D1;                           1417P   1492
124,-7.538469707926D-1,-6.415660123903D-1,-1.418019618075D-1,       1419P   1493
3.637864296894D0,-6.481151860302D-1,7.615423203191D-1,0D0,-5D-1,    1419P   1494
1.079881950207D-1,9.190400485629D-2,-9.898950467739D-1,             1419P   1495
-2.592112220964D1;                                                  1419P   1496
100,0D0,0D0,0D0,5D-1,0D0,-4.935671429346D-1,7.994670359281D-2;      1421P   1497
120,1417,1421,3.124108175939D-2,3.394914632565D0;                   1423P   1498
508,4,0,829,171,1,0,0,829,224,1,0,0,829,172,0,0,0,829,223,0,0;      1425P   1499
510,1423,1,0,1425;                                                  1427P   1500
110,0D0,-5D0,-2.54D1,0D0,-6D0,-2.54D1;                              1429P   1501
110,-3.175D0,-1.474465868183D-1,-2.54D1,-3.175D0,                   1431P   1502
-4.852553413182D0,-2.54D1;                                          1431P   1503
120,1429,1431,3.030552208493D0,6.394225752276D0;                    1433P   1504
508,4,0,829,168,1,0,0,829,200,1,0,0,829,172,1,0,0,829,199,0,0;      1435P   1505
510,1433,1,0,1435;                                                  1437P   1506
110,0D0,-4.5D0,-2.54D1,0D0,-5.5D0,-2.54D1;                          1439P   1507
124,-6.349217872464D-1,7.460399281787D-1,-2.007454847387D-1,        1441P   1508
-3.600189606028D0,-7.615423175118D-1,-6.481151893288D-1,0D0,        1441P   1509
-4.5D0,-1.301061978484D-1,1.528761816780D-1,9.796434302117D-1,      1441P   1510
-2.613773965641D1;                                                  1441P   1511
100,0D0,0D0,0D0,5D-1,0D0,-4.935671429498D-1,7.994670349915D-2;      1443P   1512
120,1439,1443,-3.454751953337D0,-9.107839299352D-2;                 1445P   1513
508,4,0,829,167,1,0,0,829,226,1,0,0,829,168,0,0,0,829,225,0,0;      1447P   1514
510,1445,1,0,1447;                                                  1449P   1515
128,1,1,1,1,0,0,1,0,0,-3.7544D1,-3.7544D1,3.7544D1,3.7544D1,        1451P   1516
-3.754400000006D1,-3.754400000006D1,3.754400000006D1,               1451P   1517
3.754400000006D1,1D0,1D0,1D0,1D0,3.754400000006D1,-5D0,3.7544D1,    1451P   1518
3.754400000006D1,-5D0,-3.7544D1,-3.754400000006D1,-5D0,3.7544D1,    1451P   1519
-3.754400000006D1,-5D0,-3.7544D1,-3.7544D1,3.7544D1,                1451P   1520
-3.754400000006D1,3.754400000006D1;                                 1451P   1521
508,2,0,829,122,0,0,0,829,124,0,0;                                  1453P   1522
508,2,0,829,165,0,0,0,829,167,0,0;                                  1455P   1523
508,2,0,829,173,0,0,0,829,175,0,0;                                  1457P   1524
508,2,0,829,181,0,0,0,829,183,0,0;                                  1459P   1525
508,2,0,829,189,0,0,0,829,191,0,0;                                  1461P   1526
510,1451,5,0,1453,1455,1457,1459,1461;                              1463P   1527
110,0D0,-7D0,0D0,0D0,-6D0,0D0;                                      1465P   1528
124,1.122370823407D-2,1.999229013645D-3,-9.999350136168D-1,         1467P   1529
4.115535264676D-1,-1.753652022181D-1,9.845034514165D-1,0D0,-7D0,    1467P   1530
9.844394720979D-1,1.753538058679D-1,1.140037469439D-2,              1467P   1531
3.609765399157D1;                                                   1467P   1532
100,0D0,0D0,0D0,2D0,0D0,-6.905905873684D-1,1.876988183404D0;        1469P   1533
120,1465,1469,-3.215825128321D0,5.143123141482D-2;                  1471P   1534
508,4,0,829,121,0,0,0,829,150,1,0,0,829,122,1,0,0,829,149,0,0;      1473P   1535
510,1471,1,0,1473;                                                  1475P   1536
110,0D0,0D0,0D0,0D0,1D0,0D0;                                        1477P   1537
110,0D0,-3.400600027141D1,-3.81D1,0D0,-6.470470582913D0,-3.81D1;    1479P   1538
120,1477,1479,-6.283185307180D-2,3.204424506662D0;                  1481P   1539
508,4,0,829,121,1,0,0,829,137,1,0,0,829,24,1,0,0,829,138,0,0;       1483P   1540
510,1481,1,0,1483;                                                  1485P   1541
110,0D0,0D0,0D0,0D0,1D0,0D0;                                        1487P   1542
110,0D0,-3.400600027141D1,-3.81D1,0D0,-6.470470582913D0,-3.81D1;    1489P   1543
120,1487,1489,-3.204424506662D0,6.283185307180D-2;                  1491P   1544
508,4,0,829,123,1,0,0,829,138,1,0,0,829,25,0,0,0,829,137,0,0;       1493P   1545
510,1491,1,0,1493;                                                  1495P   1546
110,0D0,-7D0,0D0,0D0,-6D0,0D0;                                      1497P   1547
124,-1.122370823407D-2,-1.999229013645D-3,9.999350136168D-1,        1499P   1548
-4.115535264676D-1,-1.753652022181D-1,9.845034514165D-1,0D0,        1499P   1549
-7D0,-9.844394720979D-1,-1.753538058679D-1,-1.140037469439D-2,      1499P   1550
-3.609765399157D1;                                                  1499P   1551
100,0D0,0D0,0D0,2D0,0D0,-6.905905873684D-1,1.876988183404D0;        1501P   1552
120,1497,1501,-3.215825128321D0,5.143123141482D-2;                  1503P   1553
508,4,0,829,123,0,0,0,829,149,1,0,0,829,124,1,0,0,829,150,0,0;      1505P   1554
510,1503,1,0,1505;                                                  1507P   1555
110,0D0,-3.347647085433D1,0D0,0D0,-3.247647085433D1,0D0;            1509P   1556
124,0D0,0D0,1D0,0D0,1.405544139146D-1,-9.900729552559D-1,0D0,       1511P   1557
-3.347647085433D1,9.900729552559D-1,1.405544139146D-1,0D0,          1511P   1558
-4.06D1;                                                            1511P   1559
100,0D0,0D0,0D0,2.5D0,0D0,-6.957956197935D-1,2.401222283646D0;      1513P   1560
120,1509,1513,-3.204424506662D0,6.283185307180D-2;                  1515P   1561
508,4,0,829,22,0,0,0,829,25,1,0,0,829,23,1,0,0,829,36,0,0;          1517P   1562
510,1515,1,0,1517;                                                  1519P   1563
110,0D0,-3.347647085433D1,0D0,0D0,-3.247647085433D1,0D0;            1521P   1564
124,0D0,0D0,1D0,0D0,1.405544139146D-1,-9.900729552559D-1,0D0,       1523P   1565
-3.347647085433D1,9.900729552559D-1,1.405544139146D-1,0D0,          1523P   1566
-4.06D1;                                                            1523P   1567
100,0D0,0D0,0D0,2.5D0,0D0,-6.957956197935D-1,2.401222283646D0;      1525P   1568
120,1521,1525,-6.283185307180D-2,3.204424506662D0;                  1527P   1569
508,4,0,829,22,1,0,0,829,34,1,0,0,829,23,0,0,0,829,24,0,0;          1529P   1570
510,1527,1,0,1529;                                                  1531P   1571
110,0D0,-4.097647085433D1,0D0,0D0,-3.997647085433D1,0D0;            1533P   1572
124,0D0,0D0,1D0,0D0,1.357889892379D-1,9.907377808491D-1,0D0,        1535P   1573
-4.097647085433D1,-9.907377808491D-1,1.357889892379D-1,0D0,         1535P   1574
-4.06D1;                                                            1535P   1575
100,0D0,0D0,0D0,5D0,0D0,3.282592418932D-1,4.989212950968D0;         1537P   1576
120,1533,1537,-6.283185307180D-2,3.204424506662D0;                  1539P   1577
508,4,0,829,31,1,0,0,829,33,1,0,0,829,32,0,0,0,829,34,0,0;          1541P   1578
510,1539,1,0,1541;                                                  1543P   1579
110,0D0,-4.097647085433D1,0D0,0D0,-3.997647085433D1,0D0;            1545P   1580
124,0D0,0D0,1D0,0D0,1.357889892379D-1,9.907377808491D-1,0D0,        1547P   1581
-4.097647085433D1,-9.907377808491D-1,1.357889892379D-1,0D0,         1547P   1582
-4.06D1;                                                            1547P   1583
100,0D0,0D0,0D0,5D0,0D0,3.282592418932D-1,4.989212950968D0;         1549P   1584
120,1545,1549,-3.204424506662D0,6.283185307180D-2;                  1551P   1585
508,4,0,829,31,0,0,0,829,36,1,0,0,829,32,1,0,0,829,35,0,0;          1553P   1586
510,1551,1,0,1553;                                                  1555P   1587
110,0D0,-3.379267535482D1,0D0,0D0,-3.279267535482D1,0D0;            1557P   1588
124,0D0,0D0,1D0,0D0,-1.930986970025D-1,-9.811793379479D-1,0D0,      1559P   1589
-3.379267535482D1,9.811793379479D-1,-1.930986970025D-1,0D0,         1559P   1590
-7.485482567787D1;                                                  1559P   1591
100,0D0,0D0,0D0,3D1,0D0,2.397551115948D1,1.803260559768D1;          1561P   1592
120,1557,1561,-3.204424506662D0,6.283185307180D-2;                  1563P   1593
508,4,0,829,27,1,0,0,829,29,0,0,0,829,35,1,0,0,829,30,1,0;          1565P   1594
510,1563,1,0,1565;                                                  1567P   1595
110,0D0,-5.664512725430D0,0D0,0D0,-4.664512725430D0,0D0;            1569P   1596
110,0D0,-7.062233042590D1,-7.056917537172D1,0D0,                    1571P   1597
-5.557592468325D1,-5.422299129172D1;                                1571P   1598
120,1569,1571,-3.204424506662D0,6.283185307180D-2;                  1573P   1599
508,6,0,829,157,0,0,0,829,209,0,0,0,829,27,0,0,0,829,28,1,0,0,      1575P   1600
829,20,0,0,0,829,210,0,0;                                           1575P   1601
510,1573,1,0,1575;                                                  1577P   1602
128,3,15,3,3,0,0,0,0,0,0D0,0D0,0D0,0D0,1D0,1D0,1D0,1D0,             1579P   1603
-2.253800440301D-2,-2.253800440301D-2,-2.253800440301D-2,           1579P   1604
-2.253800440301D-2,0D0,9.411344527548D-2,1.874700106291D-1,         1579P   1605
2.814279356585D-1,3.763017117732D-1,4.722433086190D-1,              1579P   1606
5.688791037380D-1,6.649604788485D-1,7.549497632618D-1,              1579P   1607
8.347763360514D-1,9.126254231643D-1,1D0,1.022495947497D0,           1579P   1608
1.022495947497D0,1.022495947497D0,1.022495947497D0,                 1579P   1609
1.851500639432D0,7.161664535228D-1,7.161664535228D-1,               1579P   1610
1.851500639432D0,1.851500639432D0,7.161664535228D-1,                1579P   1611
7.161664535228D-1,1.851500639432D0,1.851500639432D0,                1579P   1612
7.161664535228D-1,7.161664535228D-1,1.851500639432D0,               1579P   1613
1.851500639432D0,7.161664535228D-1,7.161664535228D-1,               1579P   1614
1.851500639432D0,1.851500639432D0,7.161664535228D-1,                1579P   1615
7.161664535228D-1,1.851500639432D0,1.851500639432D0,                1579P   1616
7.161664535228D-1,7.161664535228D-1,1.851500639432D0,               1579P   1617
1.851500639432D0,7.161664535228D-1,7.161664535228D-1,               1579P   1618
1.851500639432D0,1.851500639432D0,7.161664535228D-1,                1579P   1619
7.161664535228D-1,1.851500639432D0,1.851500639432D0,                1579P   1620
7.161664535228D-1,7.161664535228D-1,1.851500639432D0,               1579P   1621
1.851500639432D0,7.161664535228D-1,7.161664535228D-1,               1579P   1622
1.851500639432D0,1.851500639432D0,7.161664535228D-1,                1579P   1623
7.161664535228D-1,1.851500639432D0,1.851500639432D0,                1579P   1624
7.161664535228D-1,7.161664535228D-1,1.851500639432D0,               1579P   1625
1.851500639432D0,7.161664535228D-1,7.161664535228D-1,               1579P   1626
1.851500639432D0,1.851500639432D0,7.161664535228D-1,                1579P   1627
7.161664535228D-1,1.851500639432D0,1.851500639432D0,                1579P   1628
7.161664535228D-1,7.161664535228D-1,1.851500639432D0,               1579P   1629
1.851500639432D0,7.161664535228D-1,7.161664535228D-1,               1579P   1630
1.851500639432D0,-2.336229534620D-1,-5.762615878954D1,              1579P   1631
-5.662602159051D1,-1.860695101953D-1,-5.847757367817D1,             1579P   1632
-5.672902505561D1,-1.447235650255D-1,-5.844111308252D1,             1579P   1633
-5.758619066768D1,-1.856447163134D-1,-5.758384955952D1,             1579P   1634
-5.762068490858D1,-1.559814688720D-1,-5.762226629527D1,             1579P   1635
-5.662202804816D1,-1.242265175065D-1,-5.847450507765D1,             1579P   1636
-5.672586473623D1,-9.662582915091D-2,-5.843865803604D1,             1579P   1637
-5.758376437546D1,-1.239533614977D-1,-5.758066903933D1,             1579P   1638
-5.761754313850D1,2.474536165015D-1,-5.761223763551D1,              1579P   1639
-5.661180557541D1,1.970751020561D-1,-5.846654162362D1,              1579P   1640
-5.671784302647D1,1.532898479342D-1,-5.843232658522D1,              1579P   1641
-5.757756239348D1,1.966447815058D-1,-5.757253417197D1,              1579P   1642
-5.760943229557D1,9.779849186071D-1,-5.768811649861D1,              1579P   1643
-5.668899189435D1,7.789092929826D-1,-5.852690112338D1,              1579P   1644
-5.677824283224D1,6.058358225499D-1,-5.848024524678D1,              1579P   1645
-5.762436649032D1,7.771487791877D-1,-5.763397656535D1,              1579P   1646
-5.767084202156D1,1.871258262480D0,-5.798324141473D1,               1579P   1647
-5.699097450113D1,1.493679780305D0,-5.876266159458D1,               1579P   1648
-5.701580680203D1,1.159689632691D0,-5.866643458291D1,               1579P   1649
-5.780799642222D1,1.483692844838D0,-5.787157865392D1,               1579P   1650
-5.791023904588D1,2.607960342857D0,-5.844601477599D1,               1579P   1651
-5.747001326792D1,2.087579174133D0,-5.913460975270D1,               1579P   1652
-5.739618896252D1,1.617120509995D0,-5.895775227328D1,               1579P   1653
-5.810076706204D1,2.062035530548D0,-5.824078763572D1,               1579P   1654
-5.828761255146D1,3.123225827759D0,-5.903999159324D1,               1579P   1655
-5.809464022882D1,2.506093647444D0,-5.961476419789D1,               1579P   1656
-5.789708184832D1,1.937522365089D0,-5.933035454046D1,               1579P   1657
-5.848490332084D1,2.463450178451D0,-5.870995985891D1,               1579P   1658
-5.877675398614D1,3.362925602959D0,-5.971323492767D1,               1579P   1659
-5.881583826968D1,2.701691372115D0,-6.016055804833D1,               1579P   1660
-5.847975343611D1,2.086706855963D0,-5.975060911612D1,               1579P   1661
-5.893126438507D1,2.649291585465D0,-5.923752619717D1,               1579P   1662
-5.933977596890D1,3.296391314509D0,-6.040055138814D1,               1579P   1663
-5.956655864556D1,2.647159931667D0,-6.071687579143D1,               1579P   1664
-5.908818791377D1,2.045261743135D0,-6.017700706329D1,               1579P   1665
-5.939852424756D1,2.597942798939D0,-5.977408246207D1,               1579P   1666
-5.992667594744D1,2.936403136894D0,-6.102277503221D1,               1579P   1667
-6.025883533461D1,2.353881496530D0,-6.121745509008D1,               1579P   1668
-5.964839451604D1,1.821282795089D0,-6.056036733325D1,               1579P   1669
-5.983129593033D1,2.318370420559D0,-6.026028400450D1,               1579P   1670
-6.047107591572D1,2.361581429602D0,-6.151190490024D1,               1579P   1671
-6.081141630504D1,1.888767145053D0,-6.160757860081D1,               1579P   1672
-6.009344860966D1,1.464111221129D0,-6.085975736368D1,               1579P   1673
-6.017774353309D1,1.868806562782D0,-6.064412585897D1,               1579P   1674
-6.090923295453D1,1.667121121367D0,-6.185432391521D1,               1579P   1675
-6.120243773869D1,1.330632833644D0,-6.187848117392D1,               1579P   1676
-6.040673307931D1,1.033163233538D0,-6.106828193961D1,               1579P   1677
-6.042330798232D1,1.321934502468D0,-6.091416083895D1,               1579P   1678
-6.122167141745D1,8.770810721842D-1,-6.207102429044D1,              1579P   1679
-6.145166989810D1,6.989676021586D-1,-6.204883738112D1,              1579P   1680
-6.060556343436D1,5.433913174567D-1,-6.119977301809D1,              1579P   1681
-6.057997500499D1,6.965488373672D-1,-6.108576174059D1,              1579P   1682
-6.142197683564D1,2.242429928209D-1,-6.212980501940D1,              1579P   1683
-6.151953893346D1,1.786995624310D-1,-6.209488053534D1,              1579P   1684
-6.065953094093D1,1.389278805529D-1,-6.123536377587D1,              1579P   1685
-6.062265660289D1,1.780915461166D-1,-6.113241340700D1,              1579P   1686
-6.147674959274D1,-1.556632986152D-1,-6.212096388568D1,             1579P   1687
-6.150935583164D1,-1.240490987813D-1,-6.208793100813D1,             1579P   1688
-6.065144892994D1,-9.644001937712D-2,-6.123000701160D1,             1579P   1689
-6.061625467243D1,-1.236254541865D-1,-6.112542053090D1,             1579P   1690
-6.146851607271D1,-2.331338378372D-1,-6.211730484088D1,             1579P   1691
-6.150516919555D1,-1.857926876231D-1,-6.208502776865D1,             1579P   1692
-6.064814630279D1,-1.444373177881D-1,-6.122778638900D1,             1579P   1693
-6.061362498969D1,-1.851446642155D-1,-6.112255360137D1,             1579P   1694
-6.146511032787D1,0D0,1D0,-2.253800440301D-2,1.022495947497D0;      1579P   1695
508,4,0,829,157,1,0,0,829,229,1,0,0,829,158,0,0,0,829,230,0,0;      1581P   1696
510,1579,1,0,1581;                                                  1583P   1697
128,3,15,3,3,0,0,0,0,0,0D0,0D0,0D0,0D0,1D0,1D0,1D0,1D0,             1585P   1698
-2.253973168905D-2,-2.253973168905D-2,-2.253973168905D-2,           1585P   1699
-2.253973168905D-2,0D0,9.747087351668D-2,1.943392442653D-1,         1585P   1700
2.914807387172D-1,3.886426299301D-1,4.854541059564D-1,              1585P   1701
5.815748265781D-1,6.759281727742D-1,7.632224446466D-1,              1585P   1702
8.403244228334D-1,9.155563150365D-1,1D0,1.022493120718D0,           1585P   1703
1.022493120718D0,1.022493120718D0,1.022493120718D0,                 1585P   1704
1.851500664379D0,7.161664452069D-1,7.161664452069D-1,               1585P   1705
1.851500664379D0,1.851500664379D0,7.161664452069D-1,                1585P   1706
7.161664452069D-1,1.851500664379D0,1.851500664379D0,                1585P   1707
7.161664452069D-1,7.161664452069D-1,1.851500664379D0,               1585P   1708
1.851500664379D0,7.161664452069D-1,7.161664452069D-1,               1585P   1709
1.851500664379D0,1.851500664379D0,7.161664452069D-1,                1585P   1710
7.161664452069D-1,1.851500664379D0,1.851500664379D0,                1585P   1711
7.161664452069D-1,7.161664452069D-1,1.851500664379D0,               1585P   1712
1.851500664379D0,7.161664452069D-1,7.161664452069D-1,               1585P   1713
1.851500664379D0,1.851500664379D0,7.161664452069D-1,                1585P   1714
7.161664452069D-1,1.851500664379D0,1.851500664379D0,                1585P   1715
7.161664452069D-1,7.161664452069D-1,1.851500664379D0,               1585P   1716
1.851500664379D0,7.161664452069D-1,7.161664452069D-1,               1585P   1717
1.851500664379D0,1.851500664379D0,7.161664452069D-1,                1585P   1718
7.161664452069D-1,1.851500664379D0,1.851500664379D0,                1585P   1719
7.161664452069D-1,7.161664452069D-1,1.851500664379D0,               1585P   1720
1.851500664379D0,7.161664452069D-1,7.161664452069D-1,               1585P   1721
1.851500664379D0,1.851500664379D0,7.161664452069D-1,                1585P   1722
7.161664452069D-1,1.851500664379D0,1.851500664379D0,                1585P   1723
7.161664452069D-1,7.161664452069D-1,1.851500664379D0,               1585P   1724
1.851500664379D0,7.161664452069D-1,7.161664452069D-1,               1585P   1725
1.851500664379D0,2.336723783349D-1,-6.211729062570D1,               1585P   1726
-6.150515089810D1,1.862220697507D-1,-6.208501708086D1,              1585P   1727
-6.064813154114D1,1.447709970198D-1,-6.122777811886D1,              1585P   1728
-6.061361319091D1,1.855721513479D-1,-6.112254221661D1,              1585P   1729
-6.146509546958D1,1.560174964085D-1,-6.212096394276D1,              1585P   1730
-6.150935441037D1,1.243314621529D-1,-6.208793205759D1,              1585P   1731
-6.065144704923D1,9.665947391793D-2,-6.123000725024D1,              1585P   1732
-6.061625360145D1,1.239066527658D-1,-6.112541967207D1,              1585P   1733
-6.146851559209D1,-2.590916773918D-1,-6.213062509536D1,             1585P   1734
-6.152048820847D1,-2.064706663641D-1,-6.209552176143D1,             1585P   1735
-6.066028552756D1,-1.605181118680D-1,-6.123585976725D1,             1585P   1736
-6.062325384588D1,-2.057678872877D-1,-6.113306497621D1,             1585P   1737
-6.147751628573D1,-1.013896574901D0,-6.205476256567D1,              1585P   1738
-6.143286977534D1,-8.080036452092D-1,-6.203611809018D1,             1585P   1739
-6.059062109299D1,-6.281553423718D-1,-6.118993277383D1,             1585P   1740
-6.056815024339D1,-8.051988592624D-1,-6.107284091424D1,             1585P   1741
-6.140679438344D1,-1.932889920127D0,-6.175754519120D1,              1585P   1742
-6.109132533589D1,-1.543574137403D0,-6.180226798578D1,              1585P   1743
-6.031798595602D1,-1.197988876319D0,-6.100950404618D1,              1585P   1744
-6.035347699983D1,-1.531869430032D0,-6.083761422369D1,              1585P   1745
-6.113250948749D1,-2.675089353081D0,-6.129002965578D1,              1585P   1746
-6.055960383040D1,-2.141925474360D0,-6.143116447522D1,              1585P   1747
-5.989102143770D1,-1.658836149524D0,-6.072423518822D1,              1585P   1748
-6.001974398858D1,-2.114507813240D0,-6.046970205198D1,              1585P   1749
-6.070897472741D1,-3.170597971875D0,-6.069101508737D1,              1585P   1750
-5.988815123771D1,-2.544466470752D0,-6.095106880599D1,              1585P   1751
-5.934868553575D1,-1.966963749490D0,-6.035631640853D1,              1585P   1752
-5.959935713527D1,-2.500458210750D0,-6.000085863462D1,              1585P   1753
-6.017903299401D1,-3.372114741133D0,-6.001554222414D1,              1585P   1754
-5.914423585787D1,-2.709136120132D0,-6.040551597341D1,              1585P   1755
-5.874584758820D1,-2.092417998839D0,-5.993850682839D1,              1585P   1756
-5.913536916782D1,-2.656469049315D0,-5.947362028098D1,              1585P   1757
-5.959624047830D1,-3.264492394136D0,-5.932996536863D1,              1585P   1758
-5.840358067819D1,-2.621318055151D0,-5.984978147714D1,              1585P   1759
-5.814628050784D1,-2.025436381838D0,-5.951164737211D1,              1585P   1760
-5.867577792477D1,-2.573025518723D0,-5.893759127231D1,              1585P   1761
-5.901801461839D1,-2.877039198537D0,-5.871220488073D1,              1585P   1762
-5.774875274536D1,-2.305813426758D0,-5.934953452394D1,              1585P   1763
-5.761920317706D1,-1.784391310076D0,-5.912490315492D1,              1585P   1764
-5.827191471921D1,-2.271975915102D0,-5.845154046058D1,              1585P   1765
-5.850616555198D1,-2.296559457667D0,-5.822753065458D1,              1585P   1766
-5.724331828898D1,-1.836126250158D0,-5.895880755474D1,              1585P   1767
-5.721586715227D1,-1.423704855007D0,-5.882028028625D1,              1585P   1768
-5.796208205391D1,-1.817981669107D0,-5.806678226813D1,              1585P   1769
-5.810923330119D1,-1.614327891817D0,-5.788785056681D1,              1585P   1770
-5.689326608669D1,-1.287868378623D0,-5.868641054886D1,              1585P   1771
-5.693886735477D1,-1.000352598727D0,-5.860626456117D1,              1585P   1772
-5.774855358994D1,-1.280691791128D0,-5.779484838507D1,              1585P   1773
-5.783283385016D1,-8.472982018938D-1,-5.767203770850D1,             1585P   1774
-5.667265396532D1,-6.748204272722D-1,-5.851411587546D1,             1585P   1775
-5.676547289299D1,-5.248782038513D-1,-5.847008952343D1,             1585P   1776
-5.761446421915D1,-6.733037909821D-1,-5.762094910243D1,             1585P   1777
-5.765783173776D1,-2.140844405285D-1,-5.761308288903D1,             1585P   1778
-5.661266344890D1,-1.704993281018D-1,-5.846721367678D1,             1585P   1779
-5.671851363085D1,-1.326186534235D-1,-5.843286068437D1,             1585P   1780
-5.757808216545D1,-1.701273380846D-1,-5.757321934333D1,             1585P   1781
-5.761011511664D1,1.556139178723D-1,-5.762226358087D1,              1585P   1782
-5.662202655539D1,1.239336564723D-1,-5.847450231133D1,              1585P   1783
-5.672586433179D1,9.639812106096D-2,-5.843865615541D1,              1585P   1784
-5.758376369739D1,1.236614154102D-1,-5.758066735374D1,              1585P   1785
-5.761754130323D1,2.330647379747D-1,-5.762613912297D1,              1585P   1786
-5.662600335836D1,1.856246629813D-1,-5.847755806968D1,              1585P   1787
-5.672901096275D1,1.443777250998D-1,-5.844110033683D1,              1585P   1788
-5.758617999188D1,1.852013910477D-1,-5.758383321603D1,              1585P   1789
-5.762067061667D1,0D0,1D0,-2.253973168905D-2,1.022493120718D0;      1585P   1790
508,4,0,829,159,1,0,0,829,230,1,0,0,829,160,0,0,0,829,229,0,0;      1587P   1791
510,1585,1,0,1587;                                                  1589P   1792
110,0D0,-5.664512725430D0,0D0,0D0,-4.664512725430D0,0D0;            1591P   1793
110,0D0,-7.062233042590D1,-7.056917537172D1,0D0,                    1593P   1794
-5.557592468325D1,-5.422299129172D1;                                1593P   1795
120,1591,1593,-6.283185307180D-2,3.204424506662D0;                  1595P   1796
508,6,0,829,159,0,0,0,829,210,1,0,0,829,14,1,0,0,829,28,0,0,0,      1597P   1797
829,26,0,0,0,829,209,1,0;                                           1597P   1798
510,1595,1,0,1597;                                                  1599P   1799
110,0D0,-8.017D1,0D0,0D0,-7.917D1,0D0;                              1601P   1800
124,0D0,0D0,1D0,0D0,-2.636593553813D-2,9.996523582942D-1,0D0,       1603P   1801
-8.017D1,-9.996523582942D-1,-2.636593553813D-2,0D0,-6.12D1;         1603P   1802
100,0D0,0D0,0D0,1.337D1,0D0,8.523692200060D0,1.030065877887D1;      1605P   1803
120,1601,1605,-6.283185307180D-2,3.204424506662D0;                  1607P   1804
508,4,0,829,4,1,0,0,829,15,1,0,0,829,9,0,0,0,829,14,0,0;            1609P   1805
510,1607,1,0,1609;                                                  1611P   1806
110,0D0,-8.017D1,0D0,0D0,-7.917D1,0D0;                              1613P   1807
124,0D0,0D0,1D0,0D0,-2.636593553813D-2,9.996523582942D-1,0D0,       1615P   1808
-8.017D1,-9.996523582942D-1,-2.636593553813D-2,0D0,-6.12D1;         1615P   1809
100,0D0,0D0,0D0,1.337D1,0D0,8.523692200060D0,1.030065877887D1;      1617P   1810
120,1613,1617,-3.204424506662D0,6.283185307180D-2;                  1619P   1811
508,4,0,829,4,0,0,0,829,20,1,0,0,829,9,1,0,0,829,21,0,0;            1621P   1812
510,1619,1,0,1621;                                                  1623P   1813
110,0D0,0D0,0D0,0D0,1D0,0D0;                                        1625P   1814
110,0D0,-8.954728454360D1,-7.457D1,0D0,-7.981744658682D1,           1627P   1815
-7.457D1;                                                           1627P   1816
120,1625,1627,-3.204424506662D0,6.283185307180D-2;                  1629P   1817
508,4,0,829,38,1,0,0,829,62,1,0,0,829,21,1,0,0,829,61,1,0;          1631P   1818
510,1629,1,0,1631;                                                  1633P   1819
110,0D0,-8.919473113042D1,0D0,0D0,-8.819473113042D1,0D0;            1635P   1820
124,5.964069760154D-3,1.062353106053D-3,-9.999816504705D-1,         1637P   1821
-4.638570041353D-1,1.753652022181D-1,-9.845034514165D-1,0D0,        1637P   1822
-8.919473113042D1,-9.844853862414D-1,-1.753619843492D-1,            1637P   1823
-6.057947030630D-3,7.656859497653D1;                                1637P   1824
100,0D0,0D0,0D0,2D0,0D0,-5.243723824399D-1,1.930034612263D0;        1639P   1825
120,1635,1639,-5.677386899325D-2,3.210482490746D0;                  1641P   1826
508,4,0,829,37,1,0,0,829,67,1,0,0,829,38,0,0,0,829,68,0,0;          1643P   1827
510,1641,1,0,1643;                                                  1645P   1828
110,0D0,-8.450336383932D1,0D0,0D0,-8.350336383932D1,0D0;            1647P   1829
110,0D0,-9.161439192147D1,-8.127942290532D1,0D0,                    1649P   1830
-9.115639347202D1,-7.604447667350D1;                                1649P   1831
120,1647,1649,-3.204424506662D0,6.283185307180D-2;                  1651P   1832
508,4,0,829,37,0,0,0,829,60,1,0,0,829,44,1,0,0,829,59,0,0;          1653P   1833
510,1651,1,0,1653;                                                  1655P   1834
110,0D0,-8.450336383932D1,0D0,0D0,-8.350336383932D1,0D0;            1657P   1835
110,0D0,-9.161439192147D1,-8.127942290532D1,0D0,                    1659P   1836
-9.115639347202D1,-7.604447667350D1;                                1659P   1837
120,1657,1659,-6.283185307180D-2,3.204424506662D0;                  1661P   1838
508,4,0,829,39,0,0,0,829,59,1,0,0,829,42,1,0,0,829,60,0,0;          1663P   1839
510,1661,1,0,1663;                                                  1665P   1840
110,0D0,-8.919473113042D1,0D0,0D0,-8.819473113042D1,0D0;            1667P   1841
124,-5.964069760153D-3,-1.062353106053D-3,9.999816504705D-1,        1669P   1842
4.638570041353D-1,1.753652022181D-1,-9.845034514165D-1,0D0,         1669P   1843
-8.919473113042D1,9.844853862414D-1,1.753619843492D-1,              1669P   1844
6.057947030630D-3,-7.656859497653D1;                                1669P   1845
100,0D0,0D0,0D0,2D0,0D0,-5.243723824399D-1,1.930034612263D0;        1671P   1846
120,1667,1671,-5.677386899325D-2,3.210482490746D0;                  1673P   1847
508,4,0,829,39,1,0,0,829,68,1,0,0,829,40,0,0,0,829,67,0,0;          1675P   1848
510,1673,1,0,1675;                                                  1677P   1849
110,0D0,0D0,0D0,0D0,1D0,0D0;                                        1679P   1850
110,0D0,-8.954728454360D1,-7.457D1,0D0,-7.981744658682D1,           1681P   1851
-7.457D1;                                                           1681P   1852
120,1679,1681,-6.283185307180D-2,3.204424506662D0;                  1683P   1853
508,4,0,829,40,1,0,0,829,61,0,0,0,829,15,0,0,0,829,62,0,0;          1685P   1854
510,1683,1,0,1685;                                                  1687P   1855
110,0D0,-9.133461619236D1,0D0,0D0,-9.033461619236D1,0D0;            1689P   1856
124,-6.968065300372D-4,5.758098892140D-3,9.999831792374D-1,         1691P   1857
4.695186684924D-1,-9.927573419294D-1,-1.201368388346D-1,0D0,        1691P   1858
-9.133461619236D1,1.201348180414D-1,-9.927406429939D-1,             1691P   1859
5.800107084526D-3,-8.094863835927D1;                                1691P   1860
100,0D0,0D0,0D0,2.5D-1,0D0,-3.824645907101D-2,2.470570953616D-1;    1693P   1861
120,1689,1693,-5.703171346642D-2,3.210224646267D0;                  1695P   1862
508,4,0,829,41,1,0,0,829,69,1,0,0,829,42,0,0,0,829,70,0,0;          1697P   1863
510,1695,1,0,1697;                                                  1699P   1864
110,0D0,0D0,0D0,0D0,1D0,0D0;                                        1701P   1865
110,0D0,-9.168716960554D1,-8.12D1,0D0,-9.048397269795D1,-8.12D1;    1703P   1866
120,1701,1703,-6.283185307180D-2,3.204424506662D0;                  1705P   1867
508,4,0,829,41,0,0,0,829,57,1,0,0,829,48,1,0,0,829,58,0,0;          1707P   1868
510,1705,1,0,1707;                                                  1709P   1869
110,0D0,0D0,0D0,0D0,1D0,0D0;                                        1711P   1870
110,0D0,-9.168716960554D1,-8.12D1,0D0,-9.048397269795D1,-8.12D1;    1713P   1871
120,1711,1713,-3.204424506662D0,6.283185307180D-2;                  1715P   1872
508,4,0,829,43,0,0,0,829,58,1,0,0,829,46,1,0,0,829,57,0,0;          1717P   1873
510,1715,1,0,1717;                                                  1719P   1874
110,0D0,-9.133461619236D1,0D0,0D0,-9.033461619236D1,0D0;            1721P   1875
124,6.968065300372D-4,-5.758098892140D-3,-9.999831792374D-1,        1723P   1876
-4.695186684924D-1,-9.927573419294D-1,-1.201368388346D-1,0D0,       1723P   1877
-9.133461619236D1,-1.201348180414D-1,9.927406429939D-1,             1723P   1878
-5.800107084526D-3,8.094863835927D1;                                1723P   1879
100,0D0,0D0,0D0,2.5D-1,0D0,-3.824645907101D-2,2.470570953616D-1;    1725P   1880
120,1721,1725,-5.703171346642D-2,3.210224646267D0;                  1727P   1881
508,4,0,829,43,1,0,0,829,70,1,0,0,829,44,0,0,0,829,69,0,0;          1729P   1882
510,1727,1,0,1729;                                                  1731P   1883
110,0D0,-9.083652611113D1,0D0,0D0,-8.983652611113D1,0D0;            1733P   1884
124,-5.560870854670D-3,-1.650427940160D-4,-9.999845246184D-1,       1735P   1885
-4.503507129946D-1,-2.966624408509D-2,9.995598601194D-1,0D0,        1735P   1886
-9.083652611113D1,9.995443915491D-1,2.966578498864D-2,              1735P   1887
-5.563319493448D-3,8.094874726786D1;                                1735P   1888
100,0D0,0D0,0D0,2.5D-1,0D0,6.980409680872D-3,2.499025287601D-1;     1737P   1889
120,1733,1737,-5.726850488001D-2,3.209987854853D0;                  1739P   1890
508,4,0,829,45,1,0,0,829,71,1,0,0,829,46,0,0,0,829,72,0,0;          1741P   1891
510,1739,1,0,1741;                                                  1743P   1892
110,0D0,-8.350336383932D1,0D0,0D0,-8.250336383932D1,0D0;            1745P   1893
110,0D0,-9.061820449120D1,-8.132300077669D1,0D0,                    1747P   1894
-9.029899999356D1,-7.767447667350D1;                                1747P   1895
120,1745,1747,-3.204424506662D0,6.283185307180D-2;                  1749P   1896
508,4,0,829,130,0,0,0,829,141,0,0,0,829,45,0,0,0,829,142,1,0;       1751P   1897
510,1749,1,0,1751;                                                  1753P   1898
110,0D0,-8.350336383932D1,0D0,0D0,-8.250336383932D1,0D0;            1755P   1899
110,0D0,-9.061820449120D1,-8.132300077669D1,0D0,                    1757P   1900
-9.029899999356D1,-7.767447667350D1;                                1757P   1901
120,1755,1757,-6.283185307180D-2,3.204424506662D0;                  1759P   1902
508,4,0,829,132,0,0,0,829,142,0,0,0,829,47,0,0,0,829,141,1,0;       1761P   1903
510,1759,1,0,1761;                                                  1763P   1904
110,0D0,-9.083652611113D1,0D0,0D0,-8.983652611113D1,0D0;            1765P   1905
124,5.560870854670D-3,1.650427940160D-4,9.999845246184D-1,          1767P   1906
4.503507129946D-1,-2.966624408509D-2,9.995598601194D-1,0D0,         1767P   1907
-9.083652611113D1,-9.995443915491D-1,-2.966578498864D-2,            1767P   1908
5.563319493448D-3,-8.094874726786D1;                                1767P   1909
100,0D0,0D0,0D0,2.5D-1,0D0,6.980409680874D-3,2.499025287601D-1;     1769P   1910
120,1765,1769,-5.726850488001D-2,3.209987854853D0;                  1771P   1911
508,4,0,829,47,1,0,0,829,72,1,0,0,829,48,0,0,0,829,71,0,0;          1773P   1912
510,1771,1,0,1773;                                                  1775P   1913
110,0D0,-3.379267535482D1,0D0,0D0,-3.279267535482D1,0D0;            1777P   1914
124,0D0,0D0,1D0,0D0,-1.930986970025D-1,-9.811793379479D-1,0D0,      1779P   1915
-3.379267535482D1,9.811793379479D-1,-1.930986970025D-1,0D0,         1779P   1916
-7.485482567787D1;                                                  1779P   1917
100,0D0,0D0,0D0,3D1,0D0,2.397551115948D1,1.803260559768D1;          1781P   1918
120,1777,1781,-6.283185307180D-2,3.204424506662D0;                  1783P   1919
508,4,0,829,26,1,0,0,829,30,0,0,0,829,33,0,0,0,829,29,1,0;          1785P   1920
510,1783,1,0,1785;                                                  1787P   1921
110,0D0,-5.876D1,-6.008891579473D1,0D0,-5.949575344283D1,           1789P   1922
-5.941166630499D1;                                                  1789P   1923
110,0D0,-6.056160803066D1,-6.182844130153D1,0D0,                    1791P   1924
-6.158173970780D1,-6.088942611302D1;                                1791P   1925
120,1789,1791,3.000571288317D0,6.424206672452D0;                    1793P   1926
508,4,0,829,160,1,0,0,829,206,0,0,0,829,162,1,0,0,829,205,1,0;      1795P   1927
510,1793,1,0,1795;                                                  1797P   1928
110,0D0,-5.876D1,-6.008891579473D1,0D0,-5.949575344283D1,           1799P   1929
-5.941166630499D1;                                                  1799P   1930
110,0D0,-6.056160802140D1,-6.182844131005D1,0D0,                    1801P   1931
-6.158174087874D1,-6.088942503519D1;                                1801P   1932
120,1799,1801,-1.410213652727D-1,3.282614018862D0;                  1803P   1933
508,4,0,829,158,1,0,0,829,205,0,0,0,829,164,1,0,0,829,206,1,0;      1805P   1934
510,1803,1,0,1805;                                                  1807P   1935
110,0D0,-4.5D0,-2.54D1,0D0,-5.5D0,-2.54D1;                          1809P   1936
124,6.349217872464D-1,-7.460399281787D-1,2.007454847387D-1,         1811P   1937
3.600189606028D0,-7.615423175118D-1,-6.481151893288D-1,0D0,         1811P   1938
-4.5D0,1.301061978484D-1,-1.528761816780D-1,-9.796434302117D-1,     1811P   1939
-2.466226034359D1;                                                  1811P   1940
100,0D0,0D0,0D0,5D-1,0D0,-4.935671429498D-1,7.994670349915D-2;      1813P   1941
120,1809,1813,-3.454751953337D0,-9.107839299352D-2;                 1815P   1942
508,4,0,829,165,1,0,0,829,225,1,0,0,829,166,0,0,0,829,226,0,0;      1817P   1943
510,1815,1,0,1817;                                                  1819P   1944
110,0D0,-5D0,-2.54D1,0D0,-6D0,-2.54D1;                              1821P   1945
110,-3.175D0,-1.474465868183D-1,-2.54D1,-3.175D0,                   1823P   1946
-4.852553413182D0,-2.54D1;                                          1823P   1947
120,1821,1823,-1.110404450966D-1,3.252633098686D0;                  1825P   1948
508,4,0,829,166,1,0,0,829,199,1,0,0,829,170,1,0,0,829,200,0,0;      1827P   1949
510,1825,1,0,1827;                                                  1829P   1950
110,0D0,-4.5D0,0D0,0D0,-3.5D0,0D0;                                  1831P   1951
124,2.708264064363D-2,2.304884470712D-2,-9.993674406010D-1,         1833P   1952
-4.694300591805D-1,6.481151860302D-1,-7.615423203191D-1,0D0,        1833P   1953
-4.5D0,-7.610605995667D-1,-6.477052146777D-1,-3.556288327125D-2,    1833P   1954
1.319165021593D1;                                                   1833P   1955
100,0D0,0D0,0D0,5D-1,0D0,-4.935671426203D-1,7.994670553324D-2;      1835P   1956
120,1831,1835,-2.726147011105D-2,3.239994890396D0;                  1837P   1957
508,4,0,829,173,1,0,0,829,221,1,0,0,829,174,0,0,0,829,222,0,0;      1839P   1958
510,1837,1,0,1839;                                                  1841P   1959
110,0D0,-4.5D0,0D0,0D0,-3.5D0,0D0;                                  1843P   1960
124,-2.708264064363D-2,-2.304884470712D-2,9.993674406010D-1,        1845P   1961
4.694300591805D-1,6.481151860302D-1,-7.615423203191D-1,0D0,         1845P   1962
-4.5D0,7.610605995667D-1,6.477052146777D-1,3.556288327125D-2,       1845P   1963
-1.319165021593D1;                                                  1845P   1964
100,0D0,0D0,0D0,5D-1,0D0,-4.935671426203D-1,7.994670553324D-2;      1847P   1965
120,1843,1847,-2.726147011105D-2,3.239994890396D0;                  1849P   1966
508,4,0,829,175,1,0,0,829,222,1,0,0,829,176,0,0,0,829,221,0,0;      1851P   1967
510,1849,1,0,1851;                                                  1853P   1968
110,0D0,0D0,0D0,0D0,1D0,0D0;                                        1855P   1969
110,0D0,-4.852553413182D0,-1.27D1,0D0,-1.474465868183D-1,           1857P   1970
-1.27D1;                                                            1857P   1971
120,1855,1857,-6.283185307180D-2,3.204424506662D0;                  1859P   1972
508,4,0,829,176,1,0,0,829,198,0,0,0,829,177,0,0,0,829,197,1,0;      1861P   1973
510,1859,1,0,1861;                                                  1863P   1974
110,0D0,0D0,0D0,0D0,1D0,0D0;                                        1865P   1975
110,0D0,-4.852553413182D0,-1.27D1,0D0,-1.474465868183D-1,           1867P   1976
-1.27D1;                                                            1867P   1977
120,1865,1867,-3.204424506662D0,6.283185307180D-2;                  1869P   1978
508,4,0,829,174,1,0,0,829,197,0,0,0,829,179,0,0,0,829,198,1,0;      1871P   1979
510,1869,1,0,1871;                                                  1873P   1980
110,0D0,-5D-1,0D0,0D0,5D-1,0D0;                                     1875P   1981
124,-2.415995259617D-2,2.838820436662D-2,-9.993049617326D-1,        1877P   1982
-4.920597157660D-1,7.615423202365D-1,6.481151861273D-1,0D0,         1877P   1983
-5D-1,6.476647212713D-1,-7.610130191817D-1,-3.727725119439D-2,      1877P   1984
1.319082549487D1;                                                   1877P   1985
100,0D0,0D0,0D0,5D-1,0D0,-4.935671426137D-1,7.994670557409D-2;      1879P   1986
120,1875,1879,-2.554596428501D-2,3.241710397727D0;                  1881P   1987
508,4,0,829,179,1,0,0,829,220,1,0,0,829,180,0,0,0,829,219,0,0;      1883P   1988
510,1881,1,0,1883;                                                  1885P   1989
110,0D0,-5D-1,0D0,0D0,5D-1,0D0;                                     1887P   1990
124,2.415995259617D-2,-2.838820436662D-2,9.993049617326D-1,         1889P   1991
4.920597157660D-1,7.615423202365D-1,6.481151861273D-1,0D0,-5D-1,    1889P   1992
-6.476647212713D-1,7.610130191817D-1,3.727725119439D-2,             1889P   1993
-1.319082549487D1;                                                  1889P   1994
100,0D0,0D0,0D0,5D-1,0D0,-4.935671426137D-1,7.994670557409D-2;      1891P   1995
120,1887,1891,-2.554596428501D-2,3.241710397727D0;                  1893P   1996
508,4,0,829,177,1,0,0,829,219,1,0,0,829,178,0,0,0,829,220,0,0;      1895P   1997
510,1893,1,0,1895;                                                  1897P   1998
110,2.199704525612D1,-4.5D0,1.27D1,2.199704525612D1,-5.5D0,         1899P   1999
1.27D1;                                                             1899P   2000
124,-4.301361661520D-1,5.054146210541D-1,7.480233548445D-1,         1901P   2001
1.955804916928D1,-7.615423175089D-1,-6.481151893323D-1,0D0,         1901P   2002
-4.5D0,4.848052982500D-1,-5.696514391990D-1,6.636724045846D-1,      1901P   2003
1.544898582905D1;                                                   1901P   2004
100,0D0,0D0,0D0,5D-1,0D0,-4.935671429502D-1,7.994670349689D-2;      1903P   2005
120,1899,1903,-3.454751953352D0,-9.107839299458D-2;                 1905P   2006
508,4,0,829,181,1,0,0,829,217,1,0,0,829,182,0,0,0,829,218,0,0;      1907P   2007
510,1905,1,0,1907;                                                  1909P   2008
110,2.199704525612D1,-4.5D0,1.27D1,2.199704525612D1,-5.5D0,         1911P   2009
1.27D1;                                                             1911P   2010
124,4.301361661520D-1,-5.054146210541D-1,-7.480233548445D-1,        1913P   2011
2.443604134297D1,-7.615423175089D-1,-6.481151893323D-1,0D0,         1913P   2012
-4.5D0,-4.848052982500D-1,5.696514391990D-1,-6.636724045846D-1,     1913P   2013
9.951014170946D0;                                                   1913P   2014
100,0D0,0D0,0D0,5D-1,0D0,-4.935671429502D-1,7.994670349689D-2;      1915P   2015
120,1911,1915,-3.454751953352D0,-9.107839299458D-2;                 1917P   2016
508,4,0,829,183,1,0,0,829,218,1,0,0,829,184,0,0,0,829,217,0,0;      1919P   2017
510,1917,1,0,1919;                                                  1921P   2018
110,2.199704525612D1,-5D0,1.27D1,2.199704525612D1,-6D0,1.27D1;      1923P   2019
110,2.358454525612D1,-1.474465868183D-1,9.950369342984D0,           1925P   2020
2.358454525612D1,-4.852553413182D0,9.950369342984D0;                1925P   2021
120,1923,1925,3.030552208493D0,6.394225752276D0;                    1927P   2022
508,4,0,829,184,1,0,0,829,204,1,0,0,829,188,1,0,0,829,203,0,0;      1929P   2023
510,1927,1,0,1929;                                                  1931P   2024
110,2.199704525612D1,-5D0,1.27D1,2.199704525612D1,-6D0,1.27D1;      1933P   2025
110,2.358454525612D1,-1.474465868183D-1,9.950369342984D0,           1935P   2026
2.358454525612D1,-4.852553413182D0,9.950369342984D0;                1935P   2027
120,1933,1935,-1.110404450966D-1,3.252633098686D0;                  1937P   2028
508,4,0,829,182,1,0,0,829,203,1,0,0,829,186,1,0,0,829,204,0,0;      1939P   2029
510,1937,1,0,1939;                                                  1941P   2030
110,2.199704525612D1,-5D-1,1.27D1,2.199704525612D1,-1.5D0,          1943P   2031
1.27D1;                                                             1943P   2032
124,-2.834029651996D-1,-2.411918032801D-1,-9.281752384903D-1,       1945P   2033
2.336467233255D1,-6.481151860302D-1,7.615423203191D-1,0D0,-5D-1,    1945P   2034
7.068447247827D-1,6.015644673628D-1,-3.721434221552D-1,             1945P   2035
9.288955998548D0;                                                   1945P   2036
100,0D0,0D0,0D0,5D-1,0D0,-4.935671429353D-1,7.994670358887D-2;      1947P   2037
120,1943,1947,3.124108172956D-2,3.394914632563D0;                   1949P   2038
508,4,0,829,185,1,0,0,829,215,1,0,0,829,186,0,0,0,829,216,0,0;      1951P   2039
510,1949,1,0,1951;                                                  1953P   2040
110,2.199704525612D1,-5D-1,1.27D1,2.199704525612D1,-1.5D0,          1955P   2041
1.27D1;                                                             1955P   2042
124,2.834029651996D-1,2.411918032801D-1,9.281752384903D-1,          1957P   2043
2.062941817970D1,-6.481151860302D-1,7.615423203191D-1,0D0,-5D-1,    1957P   2044
-7.068447247827D-1,-6.015644673628D-1,3.721434221552D-1,            1957P   2045
1.611104400145D1;                                                   1957P   2046
100,0D0,0D0,0D0,5D-1,0D0,-4.935671429353D-1,7.994670358887D-2;      1959P   2047
120,1955,1959,3.124108172956D-2,3.394914632563D0;                   1961P   2048
508,4,0,829,187,1,0,0,829,216,1,0,0,829,188,0,0,0,829,215,0,0;      1963P   2049
510,1961,1,0,1963;                                                  1965P   2050
110,-2.199704525612D1,-4.5D0,1.27D1,-2.199704525612D1,-5.5D0,       1967P   2051
1.27D1;                                                             1967P   2052
124,2.047856210978D-1,-2.406253071217D-1,9.487688395833D-1,         1969P   2053
-2.083585173695D1,-7.615423175089D-1,-6.481151893323D-1,0D0,        1969P   2054
-4.5D0,6.149114960991D-1,-7.225276208764D-1,-3.159710256271D-1,     1969P   2055
1.618672548547D1;                                                   1969P   2056
100,0D0,0D0,0D0,5D-1,0D0,-4.935671429502D-1,7.994670349689D-2;      1971P   2057
120,1967,1971,-3.454751953352D0,-9.107839299458D-2;                 1973P   2058
508,4,0,829,189,1,0,0,829,213,1,0,0,829,190,0,0,0,829,214,0,0;      1975P   2059
510,1973,1,0,1975;                                                  1977P   2060
110,-2.199704525612D1,-4.5D0,1.27D1,-2.199704525612D1,-5.5D0,       1979P   2061
1.27D1;                                                             1979P   2062
124,-2.047856210978D-1,2.406253071217D-1,-9.487688395833D-1,        1981P   2063
-2.315823877530D1,-7.615423175089D-1,-6.481151893323D-1,0D0,        1981P   2064
-4.5D0,-6.149114960991D-1,7.225276208764D-1,3.159710256271D-1,      1981P   2065
9.213274514532D0;                                                   1981P   2066
100,0D0,0D0,0D0,5D-1,0D0,-4.935671429502D-1,7.994670349689D-2;      1983P   2067
120,1979,1983,-3.454751953352D0,-9.107839299458D-2;                 1985P   2068
508,4,0,829,191,1,0,0,829,214,1,0,0,829,192,0,0,0,829,213,0,0;      1987P   2069
510,1985,1,0,1987;                                                  1989P   2070
110,-2.199704525612D1,-5D0,1.27D1,-2.199704525612D1,-6D0,1.27D1;    1991P   2071
110,-2.040954525612D1,-1.474465868183D-1,1.544963065702D1,          1993P   2072
-2.040954525612D1,-4.852553413182D0,1.544963065702D1;               1993P   2073
120,1991,1993,-1.110404450966D-1,3.252633098686D0;                  1995P   2074
508,4,0,829,192,1,0,0,829,201,1,0,0,829,196,1,0,0,829,202,0,0;      1997P   2075
510,1995,1,0,1997;                                                  1999P   2076
110,-2.199704525612D1,-5D0,1.27D1,-2.199704525612D1,-6D0,1.27D1;    2001P   2077
110,-2.040954525612D1,-1.474465868183D-1,1.544963065702D1,          2003P   2078
-2.040954525612D1,-4.852553413182D0,1.544963065702D1;               2003P   2079
120,2001,2003,3.030552208493D0,6.394225752276D0;                    2005P   2080
508,4,0,829,190,1,0,0,829,202,1,0,0,829,194,1,0,0,829,201,0,0;      2007P   2081
510,2005,1,0,2007;                                                  2009P   2082
110,-2.199704525612D1,-5D-1,1.27D1,-2.199704525612D1,-1.5D0,        2011P   2083
1.27D1;                                                             2011P   2084
124,4.704440055930D-1,4.003742091102D-1,-7.863732766829D-1,         2013P   2085
-2.426728247660D1,-6.481151860302D-1,7.615423203191D-1,0D0,         2013P   2086
-5D-1,5.988565297620D-1,5.096604625065D-1,6.177516246187D-1,        2013P   2087
9.810078208190D0;                                                   2013P   2088
100,0D0,0D0,0D0,5D-1,0D0,-4.935671429353D-1,7.994670358887D-2;      2015P   2089
120,2011,2015,3.124108172957D-2,3.394914632563D0;                   2017P   2090
508,4,0,829,193,1,0,0,829,211,1,0,0,829,194,0,0,0,829,212,0,0;      2019P   2091
510,2017,1,0,2019;                                                  2021P   2092
110,-2.199704525612D1,-5D-1,1.27D1,-2.199704525612D1,-1.5D0,        2023P   2093
1.27D1;                                                             2023P   2094
124,-4.704440055930D-1,-4.003742091102D-1,7.863732766829D-1,        2025P   2095
-1.972680803565D1,-6.481151860302D-1,7.615423203191D-1,0D0,         2025P   2096
-5D-1,-5.988565297620D-1,-5.096604625065D-1,-6.177516246187D-1,     2025P   2097
1.558992179181D1;                                                   2025P   2098
100,0D0,0D0,0D0,5D-1,0D0,-4.935671429353D-1,7.994670358887D-2;      2027P   2099
120,2023,2027,3.124108172956D-2,3.394914632563D0;                   2029P   2100
508,4,0,829,195,1,0,0,829,212,1,0,0,829,196,0,0,0,829,211,0,0;      2031P   2101
510,2029,1,0,2031;                                                  2033P   2102
514,110,839,1,851,0,863,0,873,1,885,1,897,1,907,1,913,1,919,1,      2035P   2103
929,1,941,0,953,0,963,1,973,1,983,1,993,1,1003,1,1013,1,1025,0,     2035P   2104
1037,0,1047,1,1057,1,1069,1,1081,1,1091,1,1103,0,1115,0,1125,1,     2035P   2105
1135,1,1145,1,1157,1,1169,1,1179,1,1189,1,1201,1,1213,1,1223,0,     2035P   2106
1233,0,1245,1,1257,1,1267,0,1277,0,1289,0,1301,0,1311,0,1321,0,     2035P   2107
1333,1,1345,1,1355,0,1367,0,1379,0,1389,0,1403,1,1415,1,1427,1,     2035P   2108
1437,0,1449,1,1463,0,1475,0,1485,0,1495,0,1507,0,1519,1,1531,1,     2035P   2109
1543,0,1555,0,1567,1,1577,0,1583,1,1589,1,1599,0,1611,0,1623,0,     2035P   2110
1633,0,1645,1,1655,0,1665,0,1677,1,1687,0,1699,1,1709,1,1719,1,     2035P   2111
1731,1,1743,1,1753,1,1763,1,1775,1,1787,1,1797,0,1807,0,1819,1,     2035P   2112
1829,0,1841,1,1853,1,1863,0,1873,0,1885,1,1897,1,1909,1,1921,1,     2035P   2113
1931,0,1941,0,1953,1,1965,1,1977,1,1989,1,1999,0,2009,0,2021,1,     2035P   2114
2033,1;                                                             2035P   2115
186,2035,1,0;                                                       2037P   2116
124,1D0,0D0,0D0,0D0,0D0,0D0,1D0,-8.839125063261D1,0D0,-1D0,0D0,     2039P   2117
0D0;                                                                2039P   2118
100,0D0,0D0,0D0,7.614275059106D1,0D0,-7.614275059106D1,0D0;         2041P   2119
124,-1D0,0D0,0D0,7.826829728451D1,0D0,-1D0,0D0,                     2043P   2120
-8.839125063261D1,0D0,0D0,1D0,0D0;                                  2043P   2121
100,0D0,0D0,0D0,2.125546693447D0,0D0,0D0,2.125546693447D0;          2045P   2122
124,1D0,0D0,0D0,0D0,0D0,0D0,-1D0,-8.839125063261D1,0D0,1D0,0D0,     2047P   2123
0D0;                                                                2047P   2124
100,0D0,0D0,0D0,7.614275059106D1,0D0,-7.614275059106D1,0D0;         2049P   2125
124,1D0,0D0,0D0,-7.826829728451D1,0D0,-1D0,0D0,                     2051P   2126
-8.839125063261D1,0D0,0D0,-1D0,-2.517300432297D-14;                 2051P   2127
100,0D0,0D0,0D0,2.125546693447D0,0D0,0D0,2.125546693447D0;          2053P   2128
110,7.614275059106D1,-8.339125063261D1,0D0,7.614275059106D1,        2055P   2129
-8.839125063261D1,0D0;                                              2055P   2130
124,1D0,0D0,0D0,0D0,0D0,0D0,-1D0,-8.339125063261D1,0D0,1D0,0D0,     2057P   2131
0D0;                                                                2057P   2132
100,0D0,0D0,0D0,7.614275059106D1,0D0,-7.614275059106D1,0D0;         2059P   2133
110,-7.614275059106D1,-8.339125063261D1,-1.127139131527D-14,        2061P   2134
-7.614275059106D1,-8.839125063261D1,-1.690708697290D-14;            2061P   2135
124,1D0,0D0,0D0,0D0,0D0,0D0,1D0,-8.339125063261D1,0D0,-1D0,0D0,     2063P   2136
0D0;                                                                2063P   2137
100,0D0,0D0,0D0,7.614275059106D1,0D0,-7.614275059106D1,0D0;         2065P   2138
124,1D0,0D0,0D0,0D0,0D0,0D0,1D0,-8.339125063261D1,0D0,-1D0,0D0,     2067P   2139
0D0;                                                                2067P   2140
100,0D0,0D0,0D0,7.736941514107D1,0D0,-7.736941514107D1,0D0;         2069P   2141
124,1D0,0D0,0D0,0D0,0D0,0D0,-1D0,-8.339125063261D1,0D0,1D0,0D0,     2071P   2142
0D0;                                                                2071P   2143
100,0D0,0D0,0D0,7.736941514107D1,0D0,-7.736941514107D1,0D0;         2073P   2144
124,1D0,0D0,0D0,0D0,0D0,0D0,1D0,-8.461791518261D1,0D0,-1D0,0D0,     2075P   2145
0D0;                                                                2075P   2146
100,0D0,0D0,0D0,7.736941514107D1,0D0,-7.736941514107D1,0D0;         2077P   2147
110,7.736941514107D1,-8.461791518261D1,0D0,7.736941514107D1,        2079P   2148
-8.339125063261D1,0D0;                                              2079P   2149
124,1D0,0D0,0D0,0D0,0D0,0D0,-1D0,-8.461791518261D1,0D0,1D0,0D0,     2081P   2150
0D0;                                                                2081P   2151
100,0D0,0D0,0D0,7.736941514107D1,0D0,-7.736941514107D1,0D0;         2083P   2152
110,-7.736941514107D1,-8.461791518261D1,-1.717946121828D-14,        2085P   2153
-7.736941514107D1,-8.339125063261D1,-1.145297414552D-14;            2085P   2154
124,3.965009030892D-1,-9.180343315200D-1,0D0,1.031419738419D2,      2087P   2155
-9.180343315200D-1,-3.965009030892D-1,0D0,-2.494568363380D1,0D0,    2087P   2156
0D0,-1D0,0D0;                                                       2087P   2157
100,0D0,0D0,0D0,6.5D1,0D0,4.456231440043D1,4.732018739689D1;        2089P   2158
124,1D0,0D0,0D0,0D0,0D0,0D0,-1D0,-8.461791518261D1,0D0,1D0,0D0,     2091P   2159
0D0;                                                                2091P   2160
100,0D0,0D0,0D0,1.289145325427D2,0D0,-1.289145325427D2,             2093P   2161
1.578747696419D-14;                                                 2093P   2162
124,-3.965009030892D-1,9.180343315200D-1,0D0,-1.031419738419D2,     2095P   2163
-9.180343315200D-1,-3.965009030892D-1,0D0,-2.494568363380D1,0D0,    2095P   2164
0D0,1D0,-3.317298885349D-14;                                        2095P   2165
100,0D0,0D0,0D0,6.5D1,0D0,4.456231440043D1,4.732018739689D1;        2097P   2166
124,1D0,0D0,0D0,0D0,0D0,0D0,1D0,-8.461791518261D1,0D0,-1D0,0D0,     2099P   2167
0D0;                                                                2099P   2168
100,0D0,0D0,0D0,1.289145325427D2,0D0,-1.289145325427D2,             2101P   2169
1.578747696419D-14;                                                 2101P   2170
124,1D0,0D0,0D0,0D0,0D0,0D0,1D0,-7.937364411376D1,0D0,-1D0,0D0,     2103P   2171
0D0;                                                                2103P   2172
100,0D0,0D0,0D0,1.323620211009D2,0D0,-1.323620211009D2,             2105P   2173
1.620967254699D-14;                                                 2105P   2174
124,1D0,0D0,0D0,1.266495211553D2,0D0,-1D0,0D0,-7.937364411376D1,    2107P   2175
0D0,0D0,-1D0,0D0;                                                   2107P   2176
100,0D0,0D0,0D0,5.712499945576D0,0D0,2.265011387318D0,              2109P   2177
5.244271068845D0;                                                   2109P   2178
124,1D0,0D0,0D0,0D0,0D0,0D0,-1D0,-7.937364411376D1,0D0,1D0,0D0,     2111P   2179
0D0;                                                                2111P   2180
100,0D0,0D0,0D0,1.323620211009D2,0D0,-1.323620211009D2,             2113P   2181
1.620967254699D-14;                                                 2113P   2182
124,-1D0,0D0,0D0,-1.266495211553D2,0D0,-1D0,0D0,                    2115P   2183
-7.937364411376D1,0D0,0D0,1D0,-4.073359270812D-14;                  2115P   2184
100,0D0,0D0,0D0,5.712499945576D0,0D0,2.265011387318D0,              2117P   2185
5.244271068845D0;                                                   2117P   2186
110,1.323620211009D2,-2.691364411376D1,0D0,1.323620211009D2,        2119P   2187
-7.937364411376D1,0D0;                                              2119P   2188
124,1D0,0D0,0D0,0D0,0D0,0D0,-1D0,-2.691364411376D1,0D0,1D0,0D0,     2121P   2189
0D0;                                                                2121P   2190
100,0D0,0D0,0D0,1.323620211009D2,0D0,-1.323620211009D2,             2123P   2191
1.620967254699D-14;                                                 2123P   2192
110,-1.323620211009D2,-2.691364411376D1,-2.939027268243D-14,        2125P   2193
-1.323620211009D2,-7.937364411376D1,-2.939027268243D-14;            2125P   2194
124,1D0,0D0,0D0,0D0,0D0,0D0,1D0,-2.691364411376D1,0D0,-1D0,0D0,     2127P   2195
0D0;                                                                2127P   2196
100,0D0,0D0,0D0,1.323620211009D2,0D0,-1.323620211009D2,             2129P   2197
1.620967254699D-14;                                                 2129P   2198
124,1D0,0D0,0D0,0D0,0D0,0D0,1D0,2.691364411376D1,0D0,-1D0,0D0,      2131P   2199
0D0;                                                                2131P   2200
100,0D0,0D0,0D0,1.323620211009D2,0D0,-1.323620211009D2,             2133P   2201
1.620967254699D-14;                                                 2133P   2202
110,1.323620211009D2,2.691364411376D1,0D0,1.323620211009D2,         2135P   2203
-2.691364411376D1,0D0;                                              2135P   2204
124,1D0,0D0,0D0,0D0,0D0,0D0,-1D0,2.691364411376D1,0D0,1D0,0D0,      2137P   2205
0D0;                                                                2137P   2206
100,0D0,0D0,0D0,1.323620211009D2,0D0,-1.323620211009D2,             2139P   2207
1.620967254699D-14;                                                 2139P   2208
110,-1.323620211009D2,2.691364411376D1,-2.939027268243D-14,         2141P   2209
-1.323620211009D2,-2.691364411376D1,-2.939027268243D-14;            2141P   2210
110,1.323620211009D2,7.937364411376D1,0D0,1.323620211009D2,         2143P   2211
2.691364411376D1,0D0;                                               2143P   2212
124,1D0,0D0,0D0,0D0,0D0,0D0,-1D0,7.937364411376D1,0D0,1D0,0D0,      2145P   2213
0D0;                                                                2145P   2214
100,0D0,0D0,0D0,1.323620211009D2,0D0,-1.323620211009D2,             2147P   2215
1.620967254699D-14;                                                 2147P   2216
110,-1.323620211009D2,7.937364411376D1,-2.939027268243D-14,         2149P   2217
-1.323620211009D2,2.691364411376D1,-2.939027268243D-14;             2149P   2218
124,1D0,0D0,0D0,0D0,0D0,0D0,1D0,7.937364411376D1,0D0,-1D0,0D0,      2151P   2219
0D0;                                                                2151P   2220
100,0D0,0D0,0D0,1.323620211009D2,0D0,-1.323620211009D2,             2153P   2221
1.620967254699D-14;                                                 2153P   2222
124,1D0,0D0,0D0,0D0,0D0,0D0,1D0,8.461791518261D1,0D0,-1D0,0D0,      2155P   2223
0D0;                                                                2155P   2224
100,0D0,0D0,0D0,1.289145325427D2,0D0,-1.289145325427D2,             2157P   2225
1.578747696419D-14;                                                 2157P   2226
124,3.965009030892D-1,9.180343315200D-1,0D0,1.266495211553D2,       2159P   2227
9.180343315200D-1,-3.965009030892D-1,0D0,7.937364411376D1,0D0,      2159P   2228
0D0,-1D0,0D0;                                                       2159P   2229
100,0D0,0D0,0D0,5.712499945576D0,0D0,2.265011387318D0,              2161P   2230
5.244271068845D0;                                                   2161P   2231
124,1D0,0D0,0D0,0D0,0D0,0D0,-1D0,8.461791518261D1,0D0,1D0,0D0,      2163P   2232
0D0;                                                                2163P   2233
100,0D0,0D0,0D0,1.289145325427D2,0D0,-1.289145325427D2,             2165P   2234
1.578747696419D-14;                                                 2165P   2235
124,-3.965009030892D-1,-9.180343315200D-1,0D0,-1.266495211553D2,    2167P   2236
9.180343315200D-1,-3.965009030892D-1,0D0,7.937364411376D1,0D0,      2167P   2237
0D0,1D0,-4.073359270812D-14;                                        2167P   2238
100,0D0,0D0,0D0,5.712499945576D0,0D0,2.265011387318D0,              2169P   2239
5.244271068845D0;                                                   2169P   2240
124,-3.965009030892D-1,9.180343315200D-1,0D0,1.031419738419D2,      2171P   2241
9.180343315200D-1,3.965009030892D-1,0D0,2.494568363380D1,0D0,       2171P   2242
0D0,-1D0,0D0;                                                       2171P   2243
100,0D0,0D0,0D0,6.5D1,0D0,4.456231440043D1,4.732018739689D1;        2173P   2244
124,1D0,0D0,0D0,0D0,0D0,0D0,-1D0,8.461791518261D1,0D0,1D0,0D0,      2175P   2245
0D0;                                                                2175P   2246
100,0D0,0D0,0D0,7.736941514107D1,0D0,-7.736941514107D1,0D0;         2177P   2247
124,3.965009030892D-1,-9.180343315200D-1,0D0,-1.031419738419D2,     2179P   2248
9.180343315200D-1,3.965009030892D-1,0D0,2.494568363380D1,0D0,       2179P   2249
0D0,1D0,-3.317298885349D-14;                                        2179P   2250
100,0D0,0D0,0D0,6.5D1,0D0,4.456231440043D1,4.732018739689D1;        2181P   2251
124,1D0,0D0,0D0,0D0,0D0,0D0,1D0,8.461791518261D1,0D0,-1D0,0D0,      2183P   2252
0D0;                                                                2183P   2253
100,0D0,0D0,0D0,7.736941514107D1,0D0,-7.736941514107D1,0D0;         2185P   2254
124,1D0,0D0,0D0,0D0,0D0,0D0,1D0,8.339125063261D1,0D0,-1D0,0D0,      2187P   2255
0D0;                                                                2187P   2256
100,0D0,0D0,0D0,7.736941514107D1,0D0,-7.736941514107D1,0D0;         2189P   2257
110,7.736941514107D1,8.339125063261D1,0D0,7.736941514107D1,         2191P   2258
8.461791518261D1,0D0;                                               2191P   2259
124,1D0,0D0,0D0,0D0,0D0,0D0,-1D0,8.339125063261D1,0D0,1D0,0D0,      2193P   2260
0D0;                                                                2193P   2261
100,0D0,0D0,0D0,7.736941514107D1,0D0,-7.736941514107D1,0D0;         2195P   2262
110,-7.736941514107D1,8.339125063261D1,-1.145297414552D-14,         2197P   2263
-7.736941514107D1,8.461791518261D1,-1.717946121828D-14;             2197P   2264
124,1D0,0D0,0D0,0D0,0D0,0D0,1D0,8.339125063261D1,0D0,-1D0,0D0,      2199P   2265
0D0;                                                                2199P   2266
100,0D0,0D0,0D0,7.614275059106D1,0D0,-7.614275059106D1,0D0;         2201P   2267
124,1D0,0D0,0D0,0D0,0D0,0D0,-1D0,8.339125063261D1,0D0,1D0,0D0,      2203P   2268
0D0;                                                                2203P   2269
100,0D0,0D0,0D0,7.614275059106D1,0D0,-7.614275059106D1,0D0;         2205P   2270
124,1D0,0D0,0D0,0D0,0D0,0D0,1D0,8.839125063261D1,0D0,-1D0,0D0,      2207P   2271
0D0;                                                                2207P   2272
100,0D0,0D0,0D0,7.614275059106D1,0D0,-7.614275059106D1,0D0;         2209P   2273
110,7.614275059106D1,8.839125063261D1,0D0,7.614275059106D1,         2211P   2274
8.339125063261D1,0D0;                                               2211P   2275
124,1D0,0D0,0D0,0D0,0D0,0D0,-1D0,8.839125063261D1,0D0,1D0,0D0,      2213P   2276
0D0;                                                                2213P   2277
100,0D0,0D0,0D0,7.614275059106D1,0D0,-7.614275059106D1,0D0;         2215P   2278
110,-7.614275059106D1,8.839125063261D1,-1.690708697290D-14,         2217P   2279
-7.614275059106D1,8.339125063261D1,-1.127139131527D-14;             2217P   2280
124,0D0,-1D0,0D0,7.826829728451D1,1D0,0D0,0D0,8.839125063261D1,     2219P   2281
0D0,0D0,1D0,0D0;                                                    2219P   2282
100,0D0,0D0,0D0,2.125546693447D0,0D0,0D0,2.125546693447D0;          2221P   2283
124,1D0,0D0,0D0,0D0,0D0,0D0,-1D0,9.051679732605D1,0D0,1D0,0D0,      2223P   2284
0D0;                                                                2223P   2285
100,0D0,0D0,0D0,7.826829728451D1,0D0,-7.826829728451D1,0D0;         2225P   2286
124,0D0,1D0,0D0,-7.826829728451D1,1D0,0D0,0D0,8.839125063261D1,     2227P   2287
0D0,0D0,-1D0,-2.517300432297D-14;                                   2227P   2288
100,0D0,0D0,0D0,2.125546693447D0,0D0,0D0,2.125546693447D0;          2229P   2289
124,1D0,0D0,0D0,0D0,0D0,0D0,1D0,9.051679732605D1,0D0,-1D0,0D0,      2231P   2290
0D0;                                                                2231P   2291
100,0D0,0D0,0D0,7.826829728451D1,0D0,-7.826829728451D1,0D0;         2233P   2292
126,21,3,0,0,1,0,0D0,0D0,0D0,0D0,5.263157894737D-2,                 2235P   2293
1.052631578947D-1,1.578947368421D-1,2.105263157895D-1,              2235P   2294
2.631578947368D-1,3.157894736842D-1,3.684210526316D-1,              2235P   2295
4.210526315789D-1,4.736842105263D-1,5.263157894737D-1,              2235P   2296
5.789473684211D-1,6.315789473684D-1,6.842105263158D-1,              2235P   2297
7.368421052632D-1,7.894736842105D-1,8.421052631579D-1,              2235P   2298
8.947368421053D-1,9.473684210526D-1,1D0,1D0,1D0,1D0,1D0,1D0,1D0,    2235P   2299
1D0,1D0,1D0,1D0,1D0,1D0,1D0,1D0,1D0,1D0,1D0,1D0,1D0,1D0,1D0,1D0,    2235P   2300
1D0,1D0,1D0,8.093938099778D1,9.051679732605D1,0D0,                  2235P   2301
8.093436237723D1,9.051679732605D1,-4.501293827315D0,                2235P   2302
8.020241068051D1,9.051679732605D1,-1.336433028395D1,                2235P   2303
7.690285907786D1,9.051679732605D1,-2.640600878262D1,                2235P   2304
7.150932548972D1,9.051679732605D1,-3.869747887196D1,                2235P   2305
6.416420512193D1,9.051679732605D1,-4.994140000909D1,                2235P   2306
5.506912012744D1,9.051679732605D1,-5.982090168809D1,                2235P   2307
4.447182137986D1,9.051679732605D1,-6.806922072945D1,                2235P   2308
3.266146649096D1,9.051679732605D1,-7.446063465008D1,                2235P   2309
1.996018678262D1,9.051679732605D1,-7.882099783265D1,                2235P   2310
6.714446617259D0,9.051679732605D1,-8.103131880460D1,                2235P   2311
-6.714446617259D0,9.051679732605D1,-8.103131880460D1,               2235P   2312
-1.996018678262D1,9.051679732605D1,-7.882099783265D1,               2235P   2313
-3.266146649096D1,9.051679732605D1,-7.446063465008D1,               2235P   2314
-4.447182137986D1,9.051679732605D1,-6.806922072945D1,               2235P   2315
-5.506912012744D1,9.051679732605D1,-5.982090168809D1,               2235P   2316
-6.416420512193D1,9.051679732605D1,-4.994140000909D1,               2235P   2317
-7.150932548972D1,9.051679732605D1,-3.869747887196D1,               2235P   2318
-7.690285907786D1,9.051679732605D1,-2.640600878262D1,               2235P   2319
-8.020241068051D1,9.051679732605D1,-1.336433028395D1,               2235P   2320
-8.093436237723D1,9.051679732605D1,-4.501293827315D0,               2235P   2321
-8.093938099778D1,9.051679732605D1,0D0,0D0,1D0,0D0,0D0,1D0;         2235P   2322
126,21,3,0,0,1,0,0D0,0D0,0D0,0D0,5.263157894737D-2,                 2237P   2323
1.052631578947D-1,1.578947368421D-1,2.105263157895D-1,              2237P   2324
2.631578947368D-1,3.157894736842D-1,3.684210526316D-1,              2237P   2325
4.210526315789D-1,4.736842105263D-1,5.263157894737D-1,              2237P   2326
5.789473684211D-1,6.315789473684D-1,6.842105263158D-1,              2237P   2327
7.368421052632D-1,7.894736842105D-1,8.421052631579D-1,              2237P   2328
8.947368421053D-1,9.473684210526D-1,1D0,1D0,1D0,1D0,1D0,1D0,1D0,    2237P   2329
1D0,1D0,1D0,1D0,1D0,1D0,1D0,1D0,1D0,1D0,1D0,1D0,1D0,1D0,1D0,1D0,    2237P   2330
1D0,1D0,1D0,8.093938099778D1,9.051679732605D1,0D0,                  2237P   2331
8.093436237723D1,9.051679732605D1,4.501293827315D0,                 2237P   2332
8.020241068051D1,9.051679732605D1,1.336433028395D1,                 2237P   2333
7.690285907786D1,9.051679732605D1,2.640600878262D1,                 2237P   2334
7.150932548972D1,9.051679732605D1,3.869747887196D1,                 2237P   2335
6.416420512193D1,9.051679732605D1,4.994140000909D1,                 2237P   2336
5.506912012744D1,9.051679732605D1,5.982090168809D1,                 2237P   2337
4.447182137986D1,9.051679732605D1,6.806922072945D1,                 2237P   2338
3.266146649096D1,9.051679732605D1,7.446063465008D1,                 2237P   2339
1.996018678262D1,9.051679732605D1,7.882099783265D1,                 2237P   2340
6.714446617259D0,9.051679732605D1,8.103131880460D1,                 2237P   2341
-6.714446617259D0,9.051679732605D1,8.103131880460D1,                2237P   2342
-1.996018678262D1,9.051679732605D1,7.882099783265D1,                2237P   2343
-3.266146649096D1,9.051679732605D1,7.446063465008D1,                2237P   2344
-4.447182137986D1,9.051679732605D1,6.806922072945D1,                2237P   2345
-5.506912012744D1,9.051679732605D1,5.982090168809D1,                2237P   2346
-6.416420512193D1,9.051679732605D1,4.994140000909D1,                2237P   2347
-7.150932548972D1,9.051679732605D1,3.869747887196D1,                2237P   2348
-7.690285907786D1,9.051679732605D1,2.640600878262D1,                2237P   2349
-8.020241068051D1,9.051679732605D1,1.336433028395D1,                2237P   2350
-8.093436237723D1,9.051679732605D1,4.501293827315D0,                2237P   2351
-8.093938099778D1,9.051679732605D1,0D0,0D0,1D0,0D0,0D0,1D0;         2237P   2352
124,1D0,0D0,0D0,0D0,0D0,0D0,1D0,9.051679732605D1,0D0,-1D0,0D0,      2239P   2353
0D0;                                                                2239P   2354
100,0D0,0D0,0D0,8.143938099778D1,0D0,-8.143938099778D1,0D0;         2241P   2355
124,1D0,0D0,0D0,0D0,0D0,0D0,-1D0,9.051679732605D1,0D0,1D0,0D0,      2243P   2356
0D0;                                                                2243P   2357
100,0D0,0D0,0D0,8.143938099778D1,0D0,-8.143938099778D1,0D0;         2245P   2358
124,1D0,0D0,0D0,0D0,0D0,0D0,1D0,9.101679732605D1,0D0,-1D0,0D0,      2247P   2359
0D0;                                                                2247P   2360
100,0D0,0D0,0D0,8.143938099778D1,0D0,-8.143938099778D1,0D0;         2249P   2361
110,8.143938099778D1,9.101679732605D1,0D0,8.143938099778D1,         2251P   2362
9.051679732605D1,0D0;                                               2251P   2363
124,1D0,0D0,0D0,0D0,0D0,0D0,-1D0,9.101679732605D1,0D0,1D0,0D0,      2253P   2364
0D0;                                                                2253P   2365
100,0D0,0D0,0D0,8.143938099778D1,0D0,-8.143938099778D1,0D0;         2255P   2366
110,-8.143938099778D1,9.101679732605D1,-1.808317517899D-14,         2257P   2367
-8.143938099778D1,9.051679732605D1,-1.205545011933D-14;             2257P   2368
124,-1D0,0D0,0D0,0D0,0D0,0D0,1D0,9.624544876244D1,0D0,1D0,0D0,      2259P   2369
0D0;                                                                2259P   2370
100,0D0,0D0,0D0,1.173513505148D2,0D0,-1.173513505148D2,             2261P   2371
1.437139557835D-14;                                                 2261P   2372
124,-1.180487511192D-1,9.930078007544D-1,0D0,-1.091091867116D2,     2263P   2373
9.930078007544D-1,1.180487511192D-1,0D0,2.691364411376D1,0D0,       2263P   2374
0D0,-1D0,1.336202162640D-14;                                        2263P   2375
100,0D0,0D0,0D0,6.982D1,0D0,6.038854518453D1,3.504363009872D1;      2265P   2376
124,1.180487511192D-1,-9.930078007544D-1,0D0,1.091091867116D2,      2267P   2377
9.930078007544D-1,1.180487511192D-1,0D0,2.691364411376D1,0D0,       2267P   2378
0D0,1D0,0D0;                                                        2267P   2379
100,0D0,0D0,0D0,6.982D1,0D0,6.038854518453D1,3.504363009872D1;      2269P   2380
124,-1D0,5.958946271486D-12,0D0,0D0,0D0,0D0,1D0,                    2271P   2381
9.384500715045D1,5.958946271486D-12,1D0,0D0,0D0;                    2271P   2382
100,0D0,0D0,0D0,1.254513956754D2,0D0,-1.254513956754D2,             2273P   2383
1.536336501624D-14;                                                 2273P   2384
124,-1D0,7.038903138631D-12,0D0,0D0,0D0,0D0,1D0,                    2275P   2385
9.266481010091D1,7.038903138631D-12,1D0,0D0,0D0;                    2275P   2386
100,0D0,0D0,0D0,1.275784785671D2,0D0,-1.275784785671D2,             2277P   2387
-4.103236819901D-14;                                                2277P   2388
124,-4.420505575446D-1,-8.969901362749D-1,5.958946877604D-12,       2279P   2389
-1.144001317368D2,8.969901362749D-1,-4.420505575446D-1,0D0,         2279P   2390
7.142025374358D1,2.634155789624D-12,5.345116571797D-12,1D0,         2279P   2391
6.817043596286D-10;                                                 2279P   2392
100,0D0,0D0,0D0,2.5D1,0D0,2.488165306592D1,2.429679136650D0;        2281P   2393
124,-1D0,5.425043291917D-12,0D0,0D0,0D0,0D0,1D0,                    2283P   2394
9.426900919048D1,5.425043291917D-12,1D0,0D0,0D0;                    2283P   2395
100,0D0,0D0,0D0,1.245457896518D2,0D0,-1.245457896518D2,             2285P   2396
-4.005698105217D-14;                                                2285P   2397
124,-1.180487511192D-1,-9.930078007545D-1,0D0,-1.144001317368D2,    2287P   2398
9.930078007545D-1,-1.180487511192D-1,0D0,7.142025374358D1,0D0,      2287P   2399
0D0,1D0,-1.052824494252D-12;                                        2287P   2400
100,0D0,0D0,0D0,2.5D1,0D0,2.388667464245D1,7.377450408221D0;        2289P   2401
124,-1D0,7.394694024468D-12,0D0,0D0,0D0,0D0,1D0,                    2291P   2402
9.212081406103D1,7.394694024468D-12,1D0,0D0,0D0;                    2291P   2403
100,0D0,0D0,0D0,1.284175067601D2,0D0,-1.284175067601D2,             2293P   2404
1.572660886082D-14;                                                 2293P   2405
124,-1D0,8.104820554404D-12,0D0,0D0,0D0,0D0,1D0,                    2295P   2406
9.044130852384D1,8.104820554404D-12,1D0,0D0,0D0;                    2295P   2407
100,0D0,0D0,0D0,1.306235553904D2,0D0,-1.306235553904D2,             2297P   2408
1.599677190022D-14;                                                 2297P   2409
124,-5.606950009312D-1,-8.280224126983D-1,7.394692497220D-12,       2299P   2410
-1.144001317368D2,8.280224126983D-1,-5.606950009312D-1,0D0,         2299P   2411
7.142025374358D1,4.146167116615D-12,6.122971122710D-12,1D0,         2299P   2412
8.459537514938D-10;                                                 2299P   2413
100,0D0,0D0,0D0,2.5D1,0D0,2.484625221182D1,2.768348068197D0;        2301P   2414
124,-1D0,8.255892513633D-12,0D0,0D0,0D0,0D0,1D0,                    2303P   2415
8.977731848411D1,8.255892513633D-12,1D0,0D0,0D0;                    2303P   2416
100,0D0,0D0,0D0,1.313712299367D2,0D0,-1.313712299367D2,             2305P   2417
1.608833562420D-14;                                                 2305P   2418
124,-6.788439279972D-1,-7.342825896215D-1,8.255893364784D-12,       2307P   2419
-1.144001317368D2,7.342825896215D-1,-6.788439279972D-1,0D0,         2307P   2420
7.142025374358D1,5.604463080876D-12,6.062158759532D-12,1D0,         2307P   2421
9.444752757659D-10;                                                 2307P   2422
100,0D0,0D0,0D0,2.5D1,0D0,1.751746314935D1,1.783643699877D1;        2309P   2423
124,-9.013657912223D-1,-4.330585531014D-1,0D0,-1.250007127798D2,    2311P   2424
-4.330585531014D-1,9.013657912223D-1,0D0,9.406153642700D1,0D0,      2311P   2425
0D0,-1D0,1.530817227969D-14;                                        2311P   2426
100,0D0,0D0,0D0,5D-1,0D0,-4.999D-1,-9.999499987505D-3;              2313P   2427
124,-9.098462560567D-1,4.149455269546D-1,0D0,1.250007127798D2,      2315P   2428
4.149455269546D-1,9.098462560567D-1,0D0,9.406153642700D1,0D0,       2315P   2429
0D0,-1D0,0D0;                                                       2315P   2430
100,0D0,0D0,0D0,5D-1,0D0,-4.999D-1,-9.999499987505D-3;              2317P   2431
124,1D0,-5.959365753239D-12,0D0,0D0,0D0,0D0,1D0,                    2319P   2432
9.384500715045D1,-5.959365753239D-12,-1D0,0D0,0D0;                  2319P   2433
100,0D0,0D0,0D0,1.254513956754D2,0D0,-1.254513956754D2,             2321P   2434
7.107497619632D-14;                                                 2321P   2435
124,1D0,-7.039118084827D-12,0D0,0D0,0D0,0D0,1D0,                    2323P   2436
9.266481010091D1,-7.039118084827D-12,-1D0,0D0,0D0;                  2323P   2437
100,0D0,0D0,0D0,1.275784785671D2,0D0,-1.275784785671D2,             2325P   2438
1.562385754173D-14;                                                 2325P   2439
124,4.420505575446D-1,8.969901362749D-1,-5.959366680686D-12,        2327P   2440
1.144001317368D2,8.969901362749D-1,-4.420505575446D-1,0D0,          2327P   2441
7.142025374358D1,-2.634341363810D-12,-5.345493131020D-12,-1D0,      2327P   2442
-6.817523212632D-10;                                                2327P   2443
100,0D0,0D0,0D0,2.5D1,0D0,2.488165306592D1,2.429679136650D0;        2329P   2444
124,1D0,-5.425677981212D-12,0D0,0D0,0D0,0D0,1D0,                    2331P   2445
9.426900919048D1,-5.425677981212D-12,-1D0,0D0,0D0;                  2331P   2446
100,0D0,0D0,0D0,1.245457896518D2,0D0,-1.245457896518D2,             2333P   2447
7.056190158103D-14;                                                 2333P   2448
124,1.180487511192D-1,9.930078007545D-1,0D0,1.144001317368D2,       2335P   2449
9.930078007545D-1,-1.180487511192D-1,0D0,7.142025374358D1,0D0,      2335P   2450
0D0,-1D0,9.974243653232D-13;                                        2335P   2451
100,0D0,0D0,0D0,2.5D1,0D0,2.388667464245D1,7.377450408221D0;        2337P   2452
124,1D0,-7.394916211710D-12,0D0,0D0,0D0,0D0,1D0,                    2339P   2453
9.212081406103D1,-7.394916211710D-12,-1D0,0D0,0D0;                  2339P   2454
100,0D0,0D0,0D0,1.284175067601D2,0D0,-1.284175067601D2,             2341P   2455
7.275543796881D-14;                                                 2341P   2456
124,1D0,-8.105069587088D-12,0D0,0D0,0D0,0D0,1D0,                    2343P   2457
9.044130852384D1,-8.105069587088D-12,-1D0,0D0,0D0;                  2343P   2458
100,0D0,0D0,0D0,1.306235553904D2,0D0,-1.306235553904D2,             2345P   2459
7.400528340136D-14;                                                 2345P   2460
124,5.606950009312D-1,8.280224126983D-1,-7.394915409187D-12,        2347P   2461
1.144001317368D2,8.280224126983D-1,-5.606950009312D-1,0D0,          2347P   2462
7.142025374358D1,-4.146292102240D-12,-6.123155698815D-12,-1D0,      2347P   2463
-8.459792866233D-10;                                                2347P   2464
100,0D0,0D0,0D0,2.5D1,0D0,2.484625221182D1,2.768348068197D0;        2349P   2465
124,1D0,-8.256148580031D-12,0D0,0D0,0D0,0D0,1D0,                    2351P   2466
8.977731848411D1,-8.256148580031D-12,-1D0,0D0,0D0;                  2351P   2467
100,0D0,0D0,0D0,1.313712299367D2,0D0,-1.313712299367D2,             2353P   2468
7.442888132383D-14;                                                 2353P   2469
124,6.788439279972D-1,7.342825896215D-1,-8.256150103858D-12,        2355P   2470
1.144001317368D2,7.342825896215D-1,-6.788439279972D-1,0D0,          2355P   2471
7.142025374358D1,-5.604637366638D-12,-6.062347278565D-12,-1D0,      2355P   2472
-9.445046966761D-10;                                                2355P   2473
100,0D0,0D0,0D0,2.5D1,0D0,1.751746314935D1,1.783643699877D1;        2357P   2474
124,-8.335879605519D-1,-5.523867413532D-1,0D0,-1.280007127798D2,    2359P   2475
-5.523867413532D-1,8.335879605519D-1,0D0,9.239700743171D1,0D0,      2359P   2476
0D0,-1D0,1.567556631943D-14;                                        2359P   2477
100,0D0,0D0,0D0,5D-1,0D0,-4.999D-1,-9.999499987495D-3;              2361P   2478
124,-8.444684253863D-1,5.356053384027D-1,0D0,1.280007127798D2,      2363P   2479
5.356053384027D-1,8.444684253863D-1,0D0,9.239700743171D1,0D0,       2363P   2480
0D0,-1D0,0D0;                                                       2363P   2481
100,0D0,0D0,0D0,5D-1,0D0,-4.999D-1,-9.999499987495D-3;              2365P   2482
124,1D0,0D0,0D0,0D0,0D0,0D0,1D0,9.624544876244D1,0D0,-1D0,0D0,      2367P   2483
0D0;                                                                2367P   2484
100,0D0,0D0,0D0,1.173513505148D2,0D0,-1.173513505148D2,             2369P   2485
1.437139557835D-14;                                                 2369P   2486
124,-7.410343138541D-1,-6.714671590560D-1,0D0,-1.310007127798D2,    2371P   2487
-6.714671590560D-1,7.410343138541D-1,0D0,9.011305206364D1,0D0,      2371P   2488
0D0,-1D0,1.604296035918D-14;                                        2371P   2489
100,0D0,0D0,0D0,5D-1,0D0,-4.999D-1,-9.999499987488D-3;              2373P   2490
124,-7.543147786885D-1,6.565129204D-1,0D0,1.310007127798D2,         2375P   2491
6.565129204D-1,7.543147786885D-1,0D0,9.011305206364D1,0D0,0D0,      2375P   2492
-1D0,0D0;                                                           2375P   2493
100,0D0,0D0,0D0,5D-1,0D0,-4.999D-1,-9.999499987488D-3;              2377P   2494
124,1D0,0D0,0D0,0D0,0D0,0D0,1D0,7.217486499476D1,0D0,-1D0,0D0,      2379P   2495
0D0;                                                                2379P   2496
100,0D0,0D0,0D0,1.393887403787D2,0D0,-1.393887403787D2,             2381P   2497
1.707019747420D-14;                                                 2381P   2498
124,1D0,0D0,0D0,0D0,0D0,0D0,1D0,5.155572451661D1,0D0,-1D0,0D0,      2383P   2499
0D0;                                                                2383P   2500
100,0D0,0D0,0D0,1.397D2,0D0,-1.397D2,1.710831578409D-14;            2385P   2501
124,-1D0,0D0,0D0,0D0,0D0,0D0,1D0,7.217486499476D1,0D0,1D0,0D0,      2387P   2502
0D0;                                                                2387P   2503
100,0D0,0D0,0D0,1.393887403787D2,0D0,-1.393887403787D2,             2389P   2504
1.707019747420D-14;                                                 2389P   2505
124,1D0,0D0,0D0,-5.434047259675D2,0D0,1D0,0D0,5.155572451661D1,     2391P   2506
0D0,0D0,1D0,0D0;                                                    2391P   2507
100,0D0,0D0,0D0,6.831047259675D2,0D0,6.827934663462D2,              2393P   2508
2.061914047815D1;                                                   2393P   2509
124,1D0,0D0,0D0,0D0,0D0,0D0,-1D0,5.155572451661D1,0D0,1D0,0D0,      2395P   2510
0D0;                                                                2395P   2511
100,0D0,0D0,0D0,1.397D2,0D0,-1.397D2,1.710831578409D-14;            2397P   2512
124,-1D0,0D0,0D0,5.434047259675D2,0D0,1D0,0D0,5.155572451661D1,     2399P   2513
0D0,0D0,-1D0,1.747722895539D-13;                                    2399P   2514
100,0D0,0D0,0D0,6.831047259675D2,0D0,6.827934663462D2,              2401P   2515
2.061914047815D1;                                                   2401P   2516
110,1.397D2,2.691364411376D1,0D0,1.397D2,5.155572451661D1,0D0;      2403P   2517
124,1D0,0D0,0D0,0D0,0D0,0D0,-1D0,2.691364411376D1,0D0,1D0,0D0,      2405P   2518
0D0;                                                                2405P   2519
100,0D0,0D0,0D0,1.397D2,0D0,-1.397D2,1.710831578409D-14;            2407P   2520
110,-1.397D2,2.691364411376D1,-3.101963130803D-14,-1.397D2,         2409P   2521
5.155572451661D1,-3.101963130803D-14;                               2409P   2522
124,1D0,0D0,0D0,0D0,0D0,0D0,1D0,2.691364411376D1,0D0,-1D0,0D0,      2411P   2523
0D0;                                                                2411P   2524
100,0D0,0D0,0D0,1.397D2,0D0,-1.397D2,1.710831578409D-14;            2413P   2525
124,1D0,0D0,0D0,0D0,0D0,0D0,1D0,-2.691364411376D1,0D0,-1D0,0D0,     2415P   2526
0D0;                                                                2415P   2527
100,0D0,0D0,0D0,1.397D2,0D0,-1.397D2,1.710831578409D-14;            2417P   2528
110,1.397D2,-2.691364411376D1,0D0,1.397D2,2.691364411376D1,0D0;     2419P   2529
124,1D0,0D0,0D0,0D0,0D0,0D0,-1D0,-2.691364411376D1,0D0,1D0,0D0,     2421P   2530
0D0;                                                                2421P   2531
100,0D0,0D0,0D0,1.397D2,0D0,-1.397D2,1.710831578409D-14;            2423P   2532
110,-1.397D2,-2.691364411376D1,-3.101963130803D-14,-1.397D2,        2425P   2533
2.691364411376D1,-3.101963130803D-14;                               2425P   2534
110,1.397D2,-5.155572451661D1,0D0,1.397D2,-2.691364411376D1,0D0;    2427P   2535
124,1D0,0D0,0D0,0D0,0D0,0D0,-1D0,-5.155572451661D1,0D0,1D0,0D0,     2429P   2536
0D0;                                                                2429P   2537
100,0D0,0D0,0D0,1.397D2,0D0,-1.397D2,1.710831578409D-14;            2431P   2538
110,-1.397D2,-5.155572451661D1,-3.101963130803D-14,-1.397D2,        2433P   2539
-2.691364411376D1,-3.101963130803D-14;                              2433P   2540
124,1D0,0D0,0D0,0D0,0D0,0D0,1D0,-5.155572451661D1,0D0,-1D0,0D0,     2435P   2541
0D0;                                                                2435P   2542
100,0D0,0D0,0D0,1.397D2,0D0,-1.397D2,1.710831578409D-14;            2437P   2543
124,1D0,0D0,0D0,0D0,0D0,0D0,1D0,-7.217486499476D1,0D0,-1D0,0D0,     2439P   2544
0D0;                                                                2439P   2545
100,0D0,0D0,0D0,1.393887403787D2,0D0,-1.393887403787D2,             2441P   2546
1.707019747420D-14;                                                 2441P   2547
124,1D0,-1.136821303473D-10,0D0,0D0,0D0,0D0,1D0,                    2443P   2548
-9.384500715045D1,-1.136821303473D-10,-1D0,0D0,0D0;                 2443P   2549
100,0D0,0D0,0D0,1.254513956754D2,0D0,-1.254513956754D2,             2445P   2550
7.107497619632D-14;                                                 2445P   2551
124,5.271338732124D-1,-8.497822542935D-1,-1.344203992906D-10,       2447P   2552
1.144001317368D2,-8.497822542935D-1,-5.271338732124D-1,0D0,         2447P   2553
-7.142025374358D1,-7.085754571683D-11,1.142280699322D-10,-1D0,      2447P   2554
-1.537771143756D-8;                                                 2447P   2555
100,0D0,0D0,0D0,2.5D1,0D0,2.488165306592D1,2.429679136650D0;        2449P   2556
124,1D0,-1.344203998401D-10,0D0,0D0,0D0,0D0,1D0,                    2451P   2557
-9.266481010091D1,-1.344203998401D-10,-1D0,0D0,0D0;                 2451P   2558
100,0D0,0D0,0D0,1.275784785671D2,0D0,-1.275784785671D2,             2453P   2559
7.228008328246D-14;                                                 2453P   2560
124,1D0,-1.034696526021D-10,0D0,0D0,0D0,0D0,1D0,                    2455P   2561
-9.426900919048D1,-1.034696526021D-10,-1D0,0D0,0D0;                 2455P   2562
100,0D0,0D0,0D0,1.245457896518D2,0D0,-1.245457896518D2,             2457P   2563
7.056190158103D-14;                                                 2457P   2564
124,4.058263165990D-1,-9.139502178760D-1,-1.034696521171D-10,       2459P   2565
1.144001317368D2,-9.139502178760D-1,-4.058263165990D-1,0D0,         2459P   2566
-7.142025374358D1,-4.199070779847D-11,9.456611109599D-11,-1D0,      2459P   2567
-1.183694176010D-8;                                                 2459P   2568
100,0D0,0D0,0D0,2.5D1,0D0,2.388667464245D1,7.377450408222D0;        2461P   2569
124,1D0,-1.412861287221D-10,0D0,0D0,0D0,0D0,1D0,                    2463P   2570
-9.212081406103D1,-1.412861287221D-10,-1D0,0D0,0D0;                 2463P   2571
100,0D0,0D0,0D0,1.284175067601D2,0D0,-1.284175067601D2,             2465P   2572
7.275543796881D-14;                                                 2465P   2573
124,6.489369461464D-1,-7.608421912106D-1,-1.551514645926D-10,       2467P   2574
1.144001317368D2,-7.608421912106D-1,-6.489369461464D-1,0D0,         2467P   2575
-7.142025374358D1,-1.006835176228D-10,1.180457802901D-10,-1D0,      2467P   2576
-1.774934799137D-8;                                                 2467P   2577
100,0D0,0D0,0D0,2.5D1,0D0,2.484625221182D1,2.768348068197D0;        2469P   2578
124,1D0,-1.551514640852D-10,0D0,0D0,0D0,0D0,1D0,                    2471P   2579
-9.044130852384D1,-1.551514640852D-10,-1D0,0D0,0D0;                 2471P   2580
100,0D0,0D0,0D0,1.306235553904D2,0D0,-1.306235553904D2,             2473P   2581
7.400528340136D-14;                                                 2473P   2582
124,1D0,-1.581801554618D-10,0D0,0D0,0D0,0D0,1D0,                    2475P   2583
-8.977731848411D1,-1.581801554618D-10,-1D0,0D0,0D0;                 2475P   2584
100,0D0,0D0,0D0,1.313712299367D2,0D0,-1.313712299367D2,             2477P   2585
7.442888132383D-14;                                                 2477P   2586
124,9.995443456772D-1,-3.018445004747D-2,2.180783331696D-12,        2479P   2587
1.144001317368D2,-3.018445004747D-2,-9.995443456772D-1,0D0,         2479P   2588
-7.142025374358D1,2.179789648343D-12,-6.582574553992D-14,-1D0,      2479P   2589
2.494818795995D-10;                                                 2479P   2590
100,0D0,0D0,0D0,2.5D1,0D0,1.751746314935D1,1.783643699877D1;        2481P   2591
124,9.013657912223D-1,4.330585531014D-1,0D0,1.250007127798D2,       2483P   2592
4.330585531014D-1,-9.013657912223D-1,0D0,-9.406153642700D1,0D0,     2483P   2593
0D0,-1D0,0D0;                                                       2483P   2594
100,0D0,0D0,0D0,5D-1,0D0,-4.999D-1,-9.999499987486D-3;              2485P   2595
124,9.098462560567D-1,-4.149455269547D-1,0D0,-1.250007127798D2,     2487P   2596
-4.149455269547D-1,-9.098462560567D-1,0D0,-9.406153642700D1,0D0,    2487P   2597
0D0,-1D0,1.530817227969D-14;                                        2487P   2598
100,0D0,0D0,0D0,5D-1,0D0,-4.999D-1,-9.999499987486D-3;              2489P   2599
124,-1D0,1.136817559997D-10,0D0,0D0,0D0,0D0,1D0,                    2491P   2600
-9.384500715045D1,1.136817559997D-10,1D0,0D0,0D0;                   2491P   2601
100,0D0,0D0,0D0,1.254513956754D2,0D0,-1.254513956754D2,             2493P   2602
1.536336501624D-14;                                                 2493P   2603
124,-5.271338732124D-1,8.497822542935D-1,1.344200228556D-10,        2495P   2604
-1.144001317368D2,-8.497822542935D-1,-5.271338732124D-1,0D0,        2495P   2605
-7.142025374358D1,7.085734728519D-11,-1.142277500444D-10,1D0,       2495P   2606
1.537766836091D-8;                                                  2495P   2607
100,0D0,0D0,0D0,2.5D1,0D0,2.488165306592D1,2.429679136650D0;        2497P   2608
124,-1D0,1.344200230316D-10,0D0,0D0,0D0,0D0,1D0,                    2499P   2609
-9.266481010091D1,1.344200230316D-10,1D0,0D0,0D0;                   2499P   2610
100,0D0,0D0,0D0,1.275784785671D2,0D0,-1.275784785671D2,             2501P   2611
-4.103236819901D-14;                                                2501P   2612
124,-1D0,1.034692764239D-10,0D0,0D0,0D0,0D0,1D0,                    2503P   2613
-9.426900919048D1,1.034692764239D-10,1D0,0D0,0D0;                   2503P   2614
100,0D0,0D0,0D0,1.245457896518D2,0D0,-1.245457896518D2,             2505P   2615
1.525246026443D-14;                                                 2505P   2616
124,-4.058263165990D-1,9.139502178760D-1,1.034692756821D-10,        2507P   2617
-1.144001317368D2,-9.139502178760D-1,-4.058263165990D-1,0D0,        2507P   2618
-7.142025374358D1,4.199055503124D-11,-9.456576705314D-11,1D0,       2507P   2619
1.183689868345D-8;                                                  2507P   2620
100,0D0,0D0,0D0,2.5D1,0D0,2.388667464245D1,7.377450408222D0;        2509P   2621
124,-1D0,1.412859687819D-10,0D0,0D0,0D0,0D0,1D0,                    2511P   2622
-9.212081406103D1,1.412859687819D-10,1D0,0D0,0D0;                   2511P   2623
100,0D0,0D0,0D0,1.284175067601D2,0D0,-1.284175067601D2,             2513P   2624
1.572660886082D-14;                                                 2513P   2625
124,-6.489369461464D-1,7.608421912106D-1,1.551508505004D-10,        2515P   2626
-1.144001317368D2,-7.608421912106D-1,-6.489369461464D-1,0D0,        2515P   2627
-7.142025374358D1,1.006831191158D-10,-1.180453130629D-10,1D0,       2515P   2628
1.774927771425D-8;                                                  2515P   2629
100,0D0,0D0,0D0,2.5D1,0D0,2.484625221182D1,2.768348068197D0;        2517P   2630
124,-1D0,1.551508504278D-10,0D0,0D0,0D0,0D0,1D0,                    2519P   2631
-9.044130852384D1,1.551508504278D-10,1D0,0D0,0D0;                   2519P   2632
100,0D0,0D0,0D0,1.306235553904D2,0D0,-1.306235553904D2,             2521P   2633
-4.201173960093D-14;                                                2521P   2634
124,-1D0,1.581797658690D-10,0D0,0D0,0D0,0D0,1D0,                    2523P   2635
-8.977731848411D1,1.581797658690D-10,1D0,0D0,0D0;                   2523P   2636
100,0D0,0D0,0D0,1.313712299367D2,0D0,-1.313712299367D2,             2525P   2637
-4.225221007542D-14;                                                2525P   2638
124,-9.995443456772D-1,3.018445004747D-2,-2.181243033417D-12,       2527P   2639
-1.144001317368D2,-3.018445004747D-2,-9.995443456772D-1,0D0,        2527P   2640
-7.142025374358D1,-2.180249140600D-12,6.583962138356D-14,1D0,       2527P   2641
-2.495345041709D-10;                                                2527P   2642
100,0D0,0D0,0D0,2.5D1,0D0,1.751746314935D1,1.783643699877D1;        2529P   2643
124,8.335879605519D-1,5.523867413532D-1,0D0,1.280007127798D2,       2531P   2644
5.523867413532D-1,-8.335879605519D-1,0D0,-9.239700743171D1,0D0,     2531P   2645
0D0,-1D0,0D0;                                                       2531P   2646
100,0D0,0D0,0D0,5D-1,0D0,-4.999D-1,-9.999499987507D-3;              2533P   2647
124,8.444684253863D-1,-5.356053384027D-1,0D0,-1.280007127798D2,     2535P   2648
-5.356053384027D-1,-8.444684253863D-1,0D0,-9.239700743171D1,0D0,    2535P   2649
0D0,-1D0,1.567556631943D-14;                                        2535P   2650
100,0D0,0D0,0D0,5D-1,0D0,-4.999D-1,-9.999499987495D-3;              2537P   2651
124,-1D0,0D0,0D0,0D0,0D0,0D0,1D0,-9.624544876244D1,0D0,1D0,0D0,     2539P   2652
0D0;                                                                2539P   2653
100,0D0,0D0,0D0,1.173513505148D2,0D0,-1.173513505148D2,             2541P   2654
1.437139557835D-14;                                                 2541P   2655
124,-3.963020010575D-1,9.181202121497D-1,0D0,1.091091867116D2,      2543P   2656
-9.181202121497D-1,-3.963020010575D-1,0D0,-2.691364411376D1,0D0,    2543P   2657
0D0,1D0,0D0;                                                        2543P   2658
100,0D0,0D0,0D0,6.982D1,0D0,6.038854518453D1,3.504363009872D1;      2545P   2659
124,1D0,0D0,0D0,0D0,0D0,0D0,-1D0,-9.101679732605D1,0D0,1D0,0D0,     2547P   2660
0D0;                                                                2547P   2661
100,0D0,0D0,0D0,8.143938099778D1,0D0,-8.143938099778D1,0D0;         2549P   2662
124,3.963020010575D-1,-9.181202121497D-1,0D0,-1.091091867116D2,     2551P   2663
-9.181202121497D-1,-3.963020010575D-1,0D0,-2.691364411376D1,0D0,    2551P   2664
0D0,-1D0,-3.509219088775D-14;                                       2551P   2665
100,0D0,0D0,0D0,6.982D1,0D0,6.038854518453D1,3.504363009872D1;      2553P   2666
124,1D0,0D0,0D0,0D0,0D0,0D0,1D0,-9.624544876244D1,0D0,-1D0,0D0,     2555P   2667
0D0;                                                                2555P   2668
100,0D0,0D0,0D0,1.173513505148D2,0D0,-1.173513505148D2,             2557P   2669
1.437139557835D-14;                                                 2557P   2670
124,1D0,0D0,0D0,0D0,0D0,0D0,1D0,-9.101679732605D1,0D0,-1D0,0D0,     2559P   2671
0D0;                                                                2559P   2672
100,0D0,0D0,0D0,8.143938099778D1,0D0,-8.143938099778D1,0D0;         2561P   2673
124,1D0,0D0,0D0,0D0,0D0,0D0,1D0,-9.051679732605D1,0D0,-1D0,0D0,     2563P   2674
0D0;                                                                2563P   2675
100,0D0,0D0,0D0,8.143938099778D1,0D0,-8.143938099778D1,0D0;         2565P   2676
110,8.143938099778D1,-9.051679732605D1,0D0,8.143938099778D1,        2567P   2677
-9.101679732605D1,0D0;                                              2567P   2678
124,1D0,0D0,0D0,0D0,0D0,0D0,-1D0,-9.051679732605D1,0D0,1D0,0D0,     2569P   2679
0D0;                                                                2569P   2680
100,0D0,0D0,0D0,8.143938099778D1,0D0,-8.143938099778D1,0D0;         2571P   2681
110,-8.143938099778D1,-9.051679732605D1,-1.205545011933D-14,        2573P   2682
-8.143938099778D1,-9.101679732605D1,-1.808317517899D-14;            2573P   2683
126,21,3,0,0,1,0,0D0,0D0,0D0,0D0,5.263157894737D-2,                 2575P   2684
1.052631578947D-1,1.578947368421D-1,2.105263157895D-1,              2575P   2685
2.631578947368D-1,3.157894736842D-1,3.684210526316D-1,              2575P   2686
4.210526315789D-1,4.736842105263D-1,5.263157894737D-1,              2575P   2687
5.789473684211D-1,6.315789473684D-1,6.842105263158D-1,              2575P   2688
7.368421052632D-1,7.894736842105D-1,8.421052631579D-1,              2575P   2689
8.947368421053D-1,9.473684210526D-1,1D0,1D0,1D0,1D0,1D0,1D0,1D0,    2575P   2690
1D0,1D0,1D0,1D0,1D0,1D0,1D0,1D0,1D0,1D0,1D0,1D0,1D0,1D0,1D0,1D0,    2575P   2691
1D0,1D0,1D0,8.093938099778D1,-9.051679732605D1,0D0,                 2575P   2692
8.093436237723D1,-9.051679732605D1,-4.501293827315D0,               2575P   2693
8.020241068051D1,-9.051679732605D1,-1.336433028395D1,               2575P   2694
7.690285907786D1,-9.051679732605D1,-2.640600878262D1,               2575P   2695
7.150932548972D1,-9.051679732605D1,-3.869747887196D1,               2575P   2696
6.416420512193D1,-9.051679732605D1,-4.994140000909D1,               2575P   2697
5.506912012744D1,-9.051679732605D1,-5.982090168809D1,               2575P   2698
4.447182137986D1,-9.051679732605D1,-6.806922072945D1,               2575P   2699
3.266146649096D1,-9.051679732605D1,-7.446063465008D1,               2575P   2700
1.996018678262D1,-9.051679732605D1,-7.882099783265D1,               2575P   2701
6.714446617259D0,-9.051679732605D1,-8.103131880460D1,               2575P   2702
-6.714446617259D0,-9.051679732605D1,-8.103131880460D1,              2575P   2703
-1.996018678262D1,-9.051679732605D1,-7.882099783265D1,              2575P   2704
-3.266146649096D1,-9.051679732605D1,-7.446063465008D1,              2575P   2705
-4.447182137986D1,-9.051679732605D1,-6.806922072945D1,              2575P   2706
-5.506912012744D1,-9.051679732605D1,-5.982090168809D1,              2575P   2707
-6.416420512193D1,-9.051679732605D1,-4.994140000909D1,              2575P   2708
-7.150932548972D1,-9.051679732605D1,-3.869747887196D1,              2575P   2709
-7.690285907786D1,-9.051679732605D1,-2.640600878262D1,              2575P   2710
-8.020241068051D1,-9.051679732605D1,-1.336433028395D1,              2575P   2711
-8.093436237723D1,-9.051679732605D1,-4.501293827315D0,              2575P   2712
-8.093938099778D1,-9.051679732605D1,0D0,0D0,1D0,0D0,0D0,1D0;        2575P   2713
126,21,3,0,0,1,0,0D0,0D0,0D0,0D0,5.263157894737D-2,                 2577P   2714
1.052631578947D-1,1.578947368421D-1,2.105263157895D-1,              2577P   2715
2.631578947368D-1,3.157894736842D-1,3.684210526316D-1,              2577P   2716
4.210526315789D-1,4.736842105263D-1,5.263157894737D-1,              2577P   2717
5.789473684211D-1,6.315789473684D-1,6.842105263158D-1,              2577P   2718
7.368421052632D-1,7.894736842105D-1,8.421052631579D-1,              2577P   2719
8.947368421053D-1,9.473684210526D-1,1D0,1D0,1D0,1D0,1D0,1D0,1D0,    2577P   2720
1D0,1D0,1D0,1D0,1D0,1D0,1D0,1D0,1D0,1D0,1D0,1D0,1D0,1D0,1D0,1D0,    2577P   2721
1D0,1D0,1D0,8.093938099778D1,-9.051679732605D1,0D0,                 2577P   2722
8.093436237723D1,-9.051679732605D1,4.501293827315D0,                2577P   2723
8.020241068051D1,-9.051679732605D1,1.336433028395D1,                2577P   2724
7.690285907786D1,-9.051679732605D1,2.640600878262D1,                2577P   2725
7.150932548972D1,-9.051679732605D1,3.869747887196D1,                2577P   2726
6.416420512193D1,-9.051679732605D1,4.994140000909D1,                2577P   2727
5.506912012744D1,-9.051679732605D1,5.982090168809D1,                2577P   2728
4.447182137986D1,-9.051679732605D1,6.806922072945D1,                2577P   2729
3.266146649096D1,-9.051679732605D1,7.446063465008D1,                2577P   2730
1.996018678262D1,-9.051679732605D1,7.882099783265D1,                2577P   2731
6.714446617259D0,-9.051679732605D1,8.103131880460D1,                2577P   2732
-6.714446617259D0,-9.051679732605D1,8.103131880460D1,               2577P   2733
-1.996018678262D1,-9.051679732605D1,7.882099783265D1,               2577P   2734
-3.266146649096D1,-9.051679732605D1,7.446063465008D1,               2577P   2735
-4.447182137986D1,-9.051679732605D1,6.806922072945D1,               2577P   2736
-5.506912012744D1,-9.051679732605D1,5.982090168809D1,               2577P   2737
-6.416420512193D1,-9.051679732605D1,4.994140000909D1,               2577P   2738
-7.150932548972D1,-9.051679732605D1,3.869747887196D1,               2577P   2739
-7.690285907786D1,-9.051679732605D1,2.640600878262D1,               2577P   2740
-8.020241068051D1,-9.051679732605D1,1.336433028395D1,               2577P   2741
-8.093436237723D1,-9.051679732605D1,4.501293827315D0,               2577P   2742
-8.093938099778D1,-9.051679732605D1,0D0,0D0,1D0,0D0,0D0,1D0;        2577P   2743
124,1D0,0D0,0D0,0D0,0D0,0D0,1D0,-9.051679732605D1,0D0,-1D0,0D0,     2579P   2744
0D0;                                                                2579P   2745
100,0D0,0D0,0D0,7.826829728451D1,0D0,-7.826829728451D1,0D0;         2581P   2746
124,1D0,0D0,0D0,0D0,0D0,0D0,-1D0,-9.051679732605D1,0D0,1D0,0D0,     2583P   2747
0D0;                                                                2583P   2748
100,0D0,0D0,0D0,7.826829728451D1,0D0,-7.826829728451D1,0D0;         2585P   2749
124,7.410343138541D-1,6.714671590560D-1,0D0,1.310007127798D2,       2587P   2750
6.714671590560D-1,-7.410343138541D-1,0D0,-9.011305206364D1,0D0,     2587P   2751
0D0,-1D0,0D0;                                                       2587P   2752
100,0D0,0D0,0D0,5D-1,0D0,-4.999D-1,-9.999499987510D-3;              2589P   2753
124,7.543147786885D-1,-6.565129203999D-1,0D0,-1.310007127798D2,     2591P   2754
-6.565129203999D-1,-7.543147786885D-1,0D0,-9.011305206364D1,0D0,    2591P   2755
0D0,-1D0,1.604296035918D-14;                                        2591P   2756
100,0D0,0D0,0D0,5D-1,0D0,-4.999D-1,-9.999499987510D-3;              2593P   2757
124,-1D0,0D0,0D0,0D0,0D0,0D0,1D0,-7.217486499476D1,0D0,1D0,0D0,     2595P   2758
0D0;                                                                2595P   2759
100,0D0,0D0,0D0,1.393887403787D2,0D0,-1.393887403787D2,             2597P   2760
1.707019747420D-14;                                                 2597P   2761
124,-9.995443456772D-1,-3.018445004746D-2,0D0,5.434047259675D2,     2599P   2762
-3.018445004746D-2,9.995443456772D-1,0D0,-5.155572451661D1,0D0,     2599P   2763
0D0,-1D0,1.747722895539D-13;                                        2599P   2764
100,0D0,0D0,0D0,6.831047259675D2,0D0,6.827934663462D2,              2601P   2765
2.061914047815D1;                                                   2601P   2766
124,9.995443456772D-1,3.018445004746D-2,0D0,-5.434047259675D2,      2603P   2767
-3.018445004746D-2,9.995443456772D-1,0D0,-5.155572451661D1,0D0,     2603P   2768
0D0,1D0,0D0;                                                        2603P   2769
100,0D0,0D0,0D0,6.831047259675D2,0D0,6.827934663462D2,              2605P   2770
2.061914047815D1;                                                   2605P   2771
502,84,7.614275059106D1,-8.839125063261D1,0D0,7.826829728451D1,     2607P   2772
-9.051679732605D1,0D0,8.143938099778D1,-9.051679732605D1,0D0,       2607P   2773
8.143938099778D1,-9.101679732605D1,0D0,1.397D2,                     2607P   2774
-5.155572451661D1,0D0,1.397D2,-2.691364411376D1,0D0,                2607P   2775
1.323620211009D2,-2.691364411376D1,0D0,1.323620211009D2,            2607P   2776
-7.937364411376D1,0D0,1.289145325427D2,-8.461791518261D1,0D0,       2607P   2777
7.736941514107D1,-8.461791518261D1,0D0,7.736941514107D1,            2607P   2778
-8.339125063261D1,0D0,7.614275059106D1,-8.339125063261D1,0D0,       2607P   2779
-7.614275059106D1,-8.839125063261D1,-2.448937636683D-14,            2607P   2780
-7.826829728451D1,-9.051679732605D1,-2.517300432297D-14,            2607P   2781
-8.143938099778D1,-9.051679732605D1,-1.205545011933D-14,            2607P   2782
-8.143938099778D1,-9.101679732605D1,-1.808317517899D-14,            2607P   2783
-1.397D2,-5.155572451661D1,-3.101963130803D-14,-1.397D2,            2607P   2784
-2.691364411376D1,-3.101963130803D-14,-1.323620211009D2,            2607P   2785
-2.691364411376D1,-2.939027268243D-14,-1.323620211009D2,            2607P   2786
-7.937364411376D1,-2.939027268243D-14,-1.289145325427D2,            2607P   2787
-8.461791518261D1,-4.146207593087D-14,-7.736941514107D1,            2607P   2788
-8.461791518261D1,-2.488390177612D-14,-7.736941514107D1,            2607P   2789
-8.339125063261D1,-1.145297414552D-14,-7.614275059106D1,            2607P   2790
-8.339125063261D1,-1.127139131527D-14,8.093938099778D1,             2607P   2791
-9.051679732605D1,0D0,-8.093938099778D1,-9.051679732605D1,0D0,      2607P   2792
1.393887403787D2,-7.217486499476D1,0D0,-1.393887403787D2,           2607P   2793
-7.217486499476D1,-1.707019747420D-14,1.173513505148D2,             2607P   2794
-9.624544876244D1,0D0,-1.173513505148D2,-9.624544876244D1,          2607P   2795
-1.437139557835D-14,-1.254513956754D2,-9.384500715045D1,            2607P   2796
1.426153495299D-8,1.254513956754D2,-9.384500715045D1,               2607P   2797
-1.426151958962D-8,-1.245457896518D2,-9.426900919048D1,             2607P   2798
1.288666273691D-8,1.245457896518D2,-9.426900919048D1,               2607P   2799
-1.288664748445D-8,-1.284175067601D2,-9.212081406103D1,             2607P   2800
1.814359185115D-8,1.284175067601D2,-9.212081406103D1,               2607P   2801
-1.814357612454D-8,-1.275784785671D2,-9.266481010091D1,             2607P   2802
1.714910202733D-8,1.275784785671D2,-9.266481010091D1,               2607P   2803
-1.714914305969D-8,-1.313712299367D2,-8.977731848411D1,             2607P   2804
2.078027039332D-8,1.313712299367D2,-8.977731848411D1,               2607P   2805
-2.078031264553D-8,-1.306235553904D2,-9.044130852384D1,             2607P   2806
2.026635570473D-8,1.306235553904D2,-9.044130852384D1,               2607P   2807
-2.026639771647D-8,1.397D2,2.691364411376D1,0D0,1.397D2,            2607P   2808
5.155572451661D1,0D0,8.143938099778D1,9.101679732605D1,0D0,         2607P   2809
8.143938099778D1,9.051679732605D1,0D0,7.826829728451D1,             2607P   2810
9.051679732605D1,0D0,7.614275059106D1,8.839125063261D1,0D0,         2607P   2811
7.614275059106D1,8.339125063261D1,0D0,7.736941514107D1,             2607P   2812
8.339125063261D1,0D0,7.736941514107D1,8.461791518261D1,0D0,         2607P   2813
1.289145325427D2,8.461791518261D1,0D0,1.323620211009D2,             2607P   2814
7.937364411376D1,0D0,1.323620211009D2,2.691364411376D1,0D0,         2607P   2815
-1.397D2,2.691364411376D1,-3.101963130803D-14,-1.397D2,             2607P   2816
5.155572451661D1,-3.101963130803D-14,-8.143938099778D1,             2607P   2817
9.101679732605D1,-1.808317517899D-14,-8.143938099778D1,             2607P   2818
9.051679732605D1,-1.205545011933D-14,-7.826829728451D1,             2607P   2819
9.051679732605D1,-2.517300432297D-14,-7.614275059106D1,             2607P   2820
8.839125063261D1,-2.448937636683D-14,-7.614275059106D1,             2607P   2821
8.339125063261D1,-1.127139131527D-14,-7.736941514107D1,             2607P   2822
8.339125063261D1,-1.145297414552D-14,-7.736941514107D1,             2607P   2823
8.461791518261D1,-1.717946121828D-14,-1.289145325427D2,             2607P   2824
8.461791518261D1,-4.146207593087D-14,-1.323620211009D2,             2607P   2825
7.937364411376D1,-4.257087281787D-14,-1.323620211009D2,             2607P   2826
2.691364411376D1,-2.939027268243D-14,8.093938099778D1,              2607P   2827
9.051679732605D1,0D0,-8.093938099778D1,9.051679732605D1,0D0,        2607P   2828
-1.173513505148D2,9.624544876244D1,1.437139557835D-14,              2607P   2829
1.173513505148D2,9.624544876244D1,0D0,-1.393887403787D2,            2607P   2830
7.217486499476D1,1.707019747420D-14,1.393887403787D2,               2607P   2831
7.217486499476D1,0D0,1.245457896518D2,9.426900919048D1,0D0,         2607P   2832
1.254513956754D2,9.384500715045D1,0D0,-1.254513956754D2,            2607P   2833
9.384500715045D1,1.536336501624D-14,-1.245457896518D2,              2607P   2834
9.426900919048D1,1.525246026443D-14,1.275784785671D2,               2607P   2835
9.266481010091D1,0D0,1.284175067601D2,9.212081406103D1,0D0,         2607P   2836
-1.284175067601D2,9.212081406103D1,1.572660886082D-14,              2607P   2837
-1.275784785671D2,9.266481010091D1,1.562385754173D-14,              2607P   2838
1.306235553904D2,9.044130852384D1,0D0,1.313712299367D2,             2607P   2839
8.977731848411D1,0D0,-1.313712299367D2,8.977731848411D1,            2607P   2840
1.608833562420D-14,-1.306235553904D2,9.044130852384D1,              2607P   2841
1.599677190022D-14;                                                 2607P   2842
504,156,2045,2607,1,2607,2,2567,2607,3,2607,4,2427,2607,5,2607,     2609P   2843
6,2119,2607,7,2607,8,2109,2607,8,2607,9,2089,2607,9,2607,10,        2609P   2844
2079,2607,10,2607,11,2055,2607,12,2607,1,2053,2607,13,2607,14,      2609P   2845
2573,2607,15,2607,16,2433,2607,17,2607,18,2125,2607,19,2607,20,     2609P   2846
2117,2607,20,2607,21,2097,2607,21,2607,22,2085,2607,22,2607,23,     2609P   2847
2061,2607,24,2607,13,2041,2607,1,2607,13,2581,2607,2,2607,14,       2609P   2848
2575,2607,25,2607,26,2565,2607,3,2607,15,2105,2607,8,2607,20,       2609P   2849
2101,2607,9,2607,21,2077,2607,10,2607,22,2069,2607,11,2607,23,      2609P   2850
2065,2607,12,2607,24,2049,2607,1,2607,13,2585,2607,2,2607,14,       2609P   2851
2577,2607,25,2607,26,2571,2607,3,2607,15,2113,2607,8,2607,20,       2609P   2852
2093,2607,9,2607,21,2083,2607,10,2607,22,2073,2607,11,2607,23,      2609P   2853
2059,2607,12,2607,24,2561,2607,4,2607,16,2437,2607,5,2607,17,       2609P   2854
2549,2607,4,2607,16,2431,2607,5,2607,17,2441,2607,27,2607,28,       2609P   2855
2557,2607,29,2607,30,2597,2607,28,2607,27,2541,2607,30,2607,29,     2609P   2856
2545,2607,4,2607,29,2605,2607,27,2607,5,2553,2607,16,2607,30,       2609P   2857
2601,2607,28,2607,17,2493,2607,31,2607,32,2505,2607,33,2607,34,     2609P   2858
2513,2607,35,2607,36,2501,2607,37,2607,38,2525,2607,39,2607,40,     2609P   2859
2521,2607,41,2607,42,2445,2607,32,2607,31,2457,2607,34,2607,33,     2609P   2860
2465,2607,36,2607,35,2453,2607,38,2607,37,2477,2607,40,2607,39,     2609P   2861
2473,2607,42,2607,41,2485,2607,32,2607,34,2489,2607,33,2607,31,     2609P   2862
2533,2607,36,2607,38,2537,2607,37,2607,35,2589,2607,40,2607,42,     2609P   2863
2593,2607,41,2607,39,2419,2607,6,2607,43,2403,2607,43,2607,44,      2609P   2864
2251,2607,45,2607,46,2221,2607,47,2607,48,2211,2607,48,2607,49,     2609P   2865
2191,2607,50,2607,51,2173,2607,51,2607,52,2161,2607,52,2607,53,     2609P   2866
2143,2607,53,2607,54,2135,2607,54,2607,7,2425,2607,18,2607,55,      2609P   2867
2409,2607,55,2607,56,2257,2607,57,2607,58,2229,2607,59,2607,60,     2609P   2868
2217,2607,60,2607,61,2197,2607,62,2607,63,2181,2607,63,2607,64,     2609P   2869
2169,2607,64,2607,65,2149,2607,65,2607,66,2141,2607,66,2607,19,     2609P   2870
2417,2607,6,2607,18,2413,2607,43,2607,55,2385,2607,44,2607,56,      2609P   2871
2249,2607,45,2607,57,2241,2607,46,2607,58,2235,2607,67,2607,68,     2609P   2872
2233,2607,47,2607,59,2209,2607,48,2607,60,2201,2607,49,2607,61,     2609P   2873
2189,2607,50,2607,62,2185,2607,51,2607,63,2157,2607,52,2607,64,     2609P   2874
2153,2607,53,2607,65,2133,2607,54,2607,66,2129,2607,7,2607,19,      2609P   2875
2423,2607,6,2607,18,2407,2607,43,2607,55,2397,2607,44,2607,56,      2609P   2876
2255,2607,45,2607,57,2245,2607,46,2607,58,2237,2607,67,2607,68,     2609P   2877
2225,2607,47,2607,59,2215,2607,48,2607,60,2205,2607,49,2607,61,     2609P   2878
2195,2607,50,2607,62,2177,2607,51,2607,63,2165,2607,52,2607,64,     2609P   2879
2147,2607,53,2607,65,2139,2607,54,2607,66,2123,2607,7,2607,19,      2609P   2880
2261,2607,69,2607,70,2389,2607,71,2607,72,2369,2607,70,2607,69,     2609P   2881
2381,2607,72,2607,71,2393,2607,44,2607,72,2269,2607,70,2607,45,     2609P   2882
2401,2607,56,2607,71,2265,2607,69,2607,57,2481,2607,27,2607,40,     2609P   2883
2469,2607,42,2607,36,2449,2607,38,2607,32,2461,2607,34,2607,29,     2609P   2884
2529,2607,28,2607,39,2517,2607,41,2607,35,2497,2607,37,2607,31,     2609P   2885
2509,2607,33,2607,30,2317,2607,73,2607,74,2313,2607,75,2607,76,     2609P   2886
2365,2607,77,2607,78,2361,2607,79,2607,80,2377,2607,81,2607,82,     2609P   2887
2373,2607,83,2607,84,2321,2607,74,2607,75,2333,2607,73,2607,76,     2609P   2888
2341,2607,78,2607,79,2325,2607,77,2607,80,2353,2607,82,2607,83,     2609P   2889
2345,2607,81,2607,84,2273,2607,75,2607,74,2285,2607,76,2607,73,     2609P   2890
2293,2607,79,2607,78,2277,2607,80,2607,77,2305,2607,83,2607,82,     2609P   2891
2297,2607,84,2607,81,2337,2607,70,2607,73,2329,2607,74,2607,77,     2609P   2892
2349,2607,78,2607,81,2357,2607,82,2607,72,2289,2607,69,2607,76,     2609P   2893
2281,2607,75,2607,80,2301,2607,79,2607,84,2309,2607,83,2607,71;     2609P   2894
110,0D0,-8.839125063261D1,0D0,0D0,-8.739125063261D1,0D0;            2611P   2895
124,-9.693119605702D-1,-2.458339339789D-1,0D0,7.826829728451D1,     2613P   2896
2.458339339789D-1,-9.693119605702D-1,0D0,-8.839125063261D1,0D0,     2613P   2897
0D0,1D0,0D0;                                                        2613P   2898
100,0D0,0D0,0D0,2.125546693447D0,0D0,-1.012992076123D0,             2615P   2899
1.868634742194D0;                                                   2615P   2900
120,2611,2615,-6.283185307180D-2,3.204424506662D0;                  2617P   2901
508,4,0,2609,1,1,0,0,2609,18,1,0,0,2609,9,0,0,0,2609,17,0,0;        2619P   2902
510,2617,1,0,2619;                                                  2621P   2903
110,0D0,-8.839125063261D1,0D0,0D0,-8.739125063261D1,0D0;            2623P   2904
124,-9.693119605702D-1,-2.458339339789D-1,0D0,7.826829728451D1,     2625P   2905
2.458339339789D-1,-9.693119605702D-1,0D0,-8.839125063261D1,0D0,     2625P   2906
0D0,1D0,0D0;                                                        2625P   2907
100,0D0,0D0,0D0,2.125546693447D0,0D0,-1.012992076123D0,             2627P   2908
1.868634742194D0;                                                   2627P   2909
120,2623,2627,-3.204424506662D0,6.283185307180D-2;                  2629P   2910
508,4,0,2609,1,0,0,0,2609,26,1,0,0,2609,9,1,0,0,2609,27,0,0;        2631P   2911
510,2629,1,0,2631;                                                  2633P   2912
110,0D0,0D0,0D0,0D0,1D0,0D0;                                        2635P   2913
110,7.614275059106D1,-8.891919378175D1,0D0,7.614275059106D1,        2637P   2914
-8.286330748346D1,0D0;                                              2637P   2915
120,2635,2637,-3.204424506662D0,6.283185307180D-2;                  2639P   2916
508,4,0,2609,8,0,0,0,2609,34,1,0,0,2609,16,1,0,0,2609,26,0,0;       2641P   2917
510,2639,1,0,2641;                                                  2643P   2918
110,0D0,0D0,0D0,0D0,1D0,0D0;                                        2645P   2919
110,7.614275059106D1,-8.891919378175D1,0D0,7.614275059106D1,        2647P   2920
-8.286330748346D1,0D0;                                              2647P   2921
120,2645,2647,-6.283185307180D-2,3.204424506662D0;                  2649P   2922
508,4,0,2609,8,1,0,0,2609,17,1,0,0,2609,16,0,0,0,2609,25,0,0;       2651P   2923
510,2649,1,0,2651;                                                  2653P   2924
128,1,1,1,1,0,0,1,0,0,-8.046419174671D1,-8.046419174671D1,          2655P   2925
8.046419174671D1,8.046419174671D1,-8.054481122671D1,                2655P   2926
-8.054481122671D1,8.054481122671D1,8.054481122671D1,1D0,1D0,1D0,    2655P   2927
1D0,-8.046419174671D1,-8.339125063261D1,8.054481122671D1,           2655P   2928
8.046419174671D1,-8.339125063261D1,8.054481122671D1,                2655P   2929
-8.046419174671D1,-8.339125063261D1,-8.054481122671D1,              2655P   2930
8.046419174671D1,-8.339125063261D1,-8.054481122671D1,               2655P   2931
-8.046419174671D1,8.046419174671D1,-8.054481122671D1,               2655P   2932
8.054481122671D1;                                                   2655P   2933
508,2,0,2609,24,0,0,0,2609,33,1,0;                                  2657P   2934
508,2,0,2609,34,0,0,0,2609,25,1,0;                                  2659P   2935
510,2655,2,0,2657,2659;                                             2661P   2936
110,0D0,0D0,0D0,0D0,1D0,0D0;                                        2663P   2937
110,7.736941514107D1,-8.514585833175D1,0D0,7.736941514107D1,        2665P   2938
-8.286330748346D1,0D0;                                              2665P   2939
120,2663,2665,-6.283185307180D-2,3.204424506662D0;                  2667P   2940
508,4,0,2609,7,1,0,0,2609,24,1,0,0,2609,15,0,0,0,2609,23,0,0;       2669P   2941
510,2667,1,0,2669;                                                  2671P   2942
110,0D0,0D0,0D0,0D0,1D0,0D0;                                        2673P   2943
110,7.736941514107D1,-8.514585833175D1,0D0,7.736941514107D1,        2675P   2944
-8.286330748346D1,0D0;                                              2675P   2945
120,2673,2675,-3.204424506662D0,6.283185307180D-2;                  2677P   2946
508,4,0,2609,7,0,0,0,2609,32,1,0,0,2609,15,1,0,0,2609,33,0,0;       2679P   2947
510,2677,1,0,2679;                                                  2681P   2948
110,0D0,-2.494568363380D1,0D0,0D0,-2.394568363380D1,0D0;            2683P   2949
124,-4.114188993035D-1,9.114463721448D-1,0D0,1.031419738419D2,      2685P   2950
-9.114463721448D-1,-4.114188993035D-1,0D0,-2.494568363380D1,0D0,    2685P   2951
0D0,1D0,0D0;                                                        2685P   2952
100,0D0,0D0,0D0,6.5D1,0D0,4.299548360846D1,4.874821421626D1;        2687P   2953
120,2683,2687,-3.204424506662D0,6.283185307180D-2;                  2689P   2954
508,4,0,2609,6,0,0,0,2609,31,1,0,0,2609,14,1,0,0,2609,32,0,0;       2691P   2955
510,2689,1,0,2691;                                                  2693P   2956
110,0D0,-2.494568363380D1,0D0,0D0,-2.394568363380D1,0D0;            2695P   2957
124,-4.114188993035D-1,9.114463721448D-1,0D0,1.031419738419D2,      2697P   2958
-9.114463721448D-1,-4.114188993035D-1,0D0,-2.494568363380D1,0D0,    2697P   2959
0D0,1D0,0D0;                                                        2697P   2960
100,0D0,0D0,0D0,6.5D1,0D0,4.299548360846D1,4.874821421626D1;        2699P   2961
120,2695,2699,-6.283185307180D-2,3.204424506662D0;                  2701P   2962
508,4,0,2609,6,1,0,0,2609,23,1,0,0,2609,14,0,0,0,2609,22,0,0;       2703P   2963
510,2701,1,0,2703;                                                  2705P   2964
110,0D0,-7.937364411376D1,0D0,0D0,-7.837364411376D1,0D0;            2707P   2965
124,3.100857734067D-1,9.507085847570D-1,0D0,1.266495211553D2,       2709P   2966
-9.507085847570D-1,3.100857734067D-1,0D0,-7.937364411376D1,0D0,     2709P   2967
0D0,1D0,0D0;                                                        2709P   2968
100,0D0,0D0,0D0,5.712499945576D0,0D0,1.262599618700D0,              2711P   2969
5.571220497437D0;                                                   2711P   2970
120,2707,2711,-6.283185307180D-2,3.204424506662D0;                  2713P   2971
508,4,0,2609,5,1,0,0,2609,22,1,0,0,2609,13,0,0,0,2609,21,0,0;       2715P   2972
510,2713,1,0,2715;                                                  2717P   2973
110,0D0,-7.937364411376D1,0D0,0D0,-7.837364411376D1,0D0;            2719P   2974
124,3.100857734067D-1,9.507085847570D-1,0D0,1.266495211553D2,       2721P   2975
-9.507085847570D-1,3.100857734067D-1,0D0,-7.937364411376D1,0D0,     2721P   2976
0D0,1D0,0D0;                                                        2721P   2977
100,0D0,0D0,0D0,5.712499945576D0,0D0,1.262599618700D0,              2723P   2978
5.571220497437D0;                                                   2723P   2979
120,2719,2723,-3.204424506662D0,6.283185307180D-2;                  2725P   2980
508,4,0,2609,5,0,0,0,2609,30,1,0,0,2609,13,1,0,0,2609,31,0,0;       2727P   2981
510,2725,1,0,2727;                                                  2729P   2982
110,0D0,0D0,0D0,0D0,1D0,0D0;                                        2731P   2983
110,1.323620211009D2,-8.042284411376D1,0D0,1.323620211009D2,        2733P   2984
-2.586444411376D1,0D0;                                              2733P   2985
120,2731,2733,-3.204424506662D0,6.283185307180D-2;                  2735P   2986
508,4,0,2609,4,0,0,0,2609,114,1,0,0,2609,12,1,0,0,2609,30,0,0;      2737P   2987
510,2735,1,0,2737;                                                  2739P   2988
110,0D0,0D0,0D0,0D0,1D0,0D0;                                        2741P   2989
110,1.323620211009D2,-8.042284411376D1,0D0,1.323620211009D2,        2743P   2990
-2.586444411376D1,0D0;                                              2743P   2991
120,2741,2743,-6.283185307180D-2,3.204424506662D0;                  2745P   2992
508,4,0,2609,4,1,0,0,2609,21,1,0,0,2609,12,0,0,0,2609,99,0,0;       2747P   2993
510,2745,1,0,2747;                                                  2749P   2994
110,0D0,0D0,0D0,0D0,1D0,0D0;                                        2751P   2995
110,1.323620211009D2,-2.799018987831D1,0D0,1.323620211009D2,        2753P   2996
2.799018987831D1,0D0;                                               2753P   2997
120,2751,2753,-6.283185307180D-2,3.204424506662D0;                  2755P   2998
508,4,0,2609,74,1,0,0,2609,99,1,0,0,2609,84,0,0,0,2609,98,0,0;      2757P   2999
510,2755,1,0,2757;                                                  2759P   3000
110,0D0,0D0,0D0,0D0,1D0,0D0;                                        2761P   3001
110,1.323620211009D2,-2.799018987831D1,0D0,1.323620211009D2,        2763P   3002
2.799018987831D1,0D0;                                               2763P   3003
120,2761,2763,-3.204424506662D0,6.283185307180D-2;                  2765P   3004
508,4,0,2609,74,0,0,0,2609,113,1,0,0,2609,84,1,0,0,2609,114,0,0;    2767P   3005
510,2765,1,0,2767;                                                  2769P   3006
110,0D0,0D0,0D0,0D0,1D0,0D0;                                        2771P   3007
110,1.323620211009D2,2.586444411376D1,0D0,1.323620211009D2,         2773P   3008
8.042284411376D1,0D0;                                               2773P   3009
120,2771,2773,-3.204424506662D0,6.283185307180D-2;                  2775P   3010
508,4,0,2609,73,0,0,0,2609,112,1,0,0,2609,83,1,0,0,2609,113,0,0;    2777P   3011
510,2775,1,0,2777;                                                  2779P   3012
110,0D0,0D0,0D0,0D0,1D0,0D0;                                        2781P   3013
110,1.323620211009D2,2.586444411376D1,0D0,1.323620211009D2,         2783P   3014
8.042284411376D1,0D0;                                               2783P   3015
120,2781,2783,-6.283185307180D-2,3.204424506662D0;                  2785P   3016
508,4,0,2609,73,1,0,0,2609,98,1,0,0,2609,83,0,0,0,2609,97,0,0;      2787P   3017
510,2785,1,0,2787;                                                  2789P   3018
110,0D0,7.937364411376D1,0D0,0D0,8.037364411376D1,0D0;              2791P   3019
124,9.957324092687D-1,9.228742672748D-2,0D0,1.266495211553D2,       2793P   3020
-9.228742672748D-2,9.957324092687D-1,0D0,7.937364411376D1,0D0,      2793P   3021
0D0,1D0,0D0;                                                        2793P   3022
100,0D0,0D0,0D0,5.712499945576D0,0D0,1.262599618700D0,              2795P   3023
5.571220497437D0;                                                   2795P   3024
120,2791,2795,-6.283185307180D-2,3.204424506662D0;                  2797P   3025
508,4,0,2609,72,1,0,0,2609,97,1,0,0,2609,82,0,0,0,2609,96,0,0;      2799P   3026
510,2797,1,0,2799;                                                  2801P   3027
110,0D0,7.937364411376D1,0D0,0D0,8.037364411376D1,0D0;              2803P   3028
124,9.957324092687D-1,9.228742672748D-2,0D0,1.266495211553D2,       2805P   3029
-9.228742672748D-2,9.957324092687D-1,0D0,7.937364411376D1,0D0,      2805P   3030
0D0,1D0,0D0;                                                        2805P   3031
100,0D0,0D0,0D0,5.712499945576D0,0D0,1.262599618700D0,              2807P   3032
5.571220497437D0;                                                   2807P   3033
120,2803,2807,-3.204424506662D0,6.283185307180D-2;                  2809P   3034
508,4,0,2609,72,0,0,0,2609,111,1,0,0,2609,82,1,0,0,2609,112,0,0;    2811P   3035
510,2809,1,0,2811;                                                  2813P   3036
110,0D0,2.494568363380D1,0D0,0D0,2.594568363380D1,0D0;              2815P   3037
124,4.114188993035D-1,-9.114463721448D-1,0D0,1.031419738419D2,      2817P   3038
9.114463721448D-1,4.114188993035D-1,0D0,2.494568363380D1,0D0,       2817P   3039
0D0,1D0,0D0;                                                        2817P   3040
100,0D0,0D0,0D0,6.5D1,0D0,4.299548360846D1,4.874821421626D1;        2819P   3041
120,2815,2819,-3.204424506662D0,6.283185307180D-2;                  2821P   3042
508,4,0,2609,71,0,0,0,2609,110,1,0,0,2609,81,1,0,0,2609,111,0,0;    2823P   3043
510,2821,1,0,2823;                                                  2825P   3044
110,0D0,2.494568363380D1,0D0,0D0,2.594568363380D1,0D0;              2827P   3045
124,4.114188993035D-1,-9.114463721448D-1,0D0,1.031419738419D2,      2829P   3046
9.114463721448D-1,4.114188993035D-1,0D0,2.494568363380D1,0D0,       2829P   3047
0D0,1D0,0D0;                                                        2829P   3048
100,0D0,0D0,0D0,6.5D1,0D0,4.299548360846D1,4.874821421626D1;        2831P   3049
120,2827,2831,-6.283185307180D-2,3.204424506662D0;                  2833P   3050
508,4,0,2609,71,1,0,0,2609,96,1,0,0,2609,81,0,0,0,2609,95,0,0;      2835P   3051
510,2833,1,0,2835;                                                  2837P   3052
110,0D0,0D0,0D0,0D0,1D0,0D0;                                        2839P   3053
110,7.736941514107D1,8.286330748346D1,0D0,7.736941514107D1,         2841P   3054
8.514585833175D1,0D0;                                               2841P   3055
120,2839,2841,-6.283185307180D-2,3.204424506662D0;                  2843P   3056
508,4,0,2609,70,1,0,0,2609,95,1,0,0,2609,80,0,0,0,2609,94,0,0;      2845P   3057
510,2843,1,0,2845;                                                  2847P   3058
110,0D0,0D0,0D0,0D0,1D0,0D0;                                        2849P   3059
110,7.736941514107D1,8.286330748346D1,0D0,7.736941514107D1,         2851P   3060
8.514585833175D1,0D0;                                               2851P   3061
120,2849,2851,-3.204424506662D0,6.283185307180D-2;                  2853P   3062
508,4,0,2609,70,0,0,0,2609,109,1,0,0,2609,80,1,0,0,2609,110,0,0;    2855P   3063
510,2853,1,0,2855;                                                  2857P   3064
128,1,1,1,1,0,0,1,0,0,-8.046419174671D1,-8.046419174671D1,          2859P   3065
8.046419174671D1,8.046419174671D1,-8.054481122671D1,                2859P   3066
-8.054481122671D1,8.054481122671D1,8.054481122671D1,1D0,1D0,1D0,    2859P   3067
1D0,-8.046419174671D1,8.339125063261D1,8.054481122671D1,            2859P   3068
8.046419174671D1,8.339125063261D1,8.054481122671D1,                 2859P   3069
-8.046419174671D1,8.339125063261D1,-8.054481122671D1,               2859P   3070
8.046419174671D1,8.339125063261D1,-8.054481122671D1,                2859P   3071
-8.046419174671D1,8.046419174671D1,-8.054481122671D1,               2859P   3072
8.054481122671D1;                                                   2859P   3073
508,2,0,2609,109,0,0,0,2609,94,1,0;                                 2861P   3074
508,2,0,2609,93,0,0,0,2609,108,1,0;                                 2863P   3075
510,2859,2,0,2861,2863;                                             2865P   3076
110,0D0,0D0,0D0,0D0,1D0,0D0;                                        2867P   3077
110,7.614275059106D1,8.286330748346D1,0D0,7.614275059106D1,         2869P   3078
8.891919378175D1,0D0;                                               2869P   3079
120,2867,2869,-6.283185307180D-2,3.204424506662D0;                  2871P   3080
508,4,0,2609,69,1,0,0,2609,93,1,0,0,2609,79,0,0,0,2609,92,0,0;      2873P   3081
510,2871,1,0,2873;                                                  2875P   3082
110,0D0,0D0,0D0,0D0,1D0,0D0;                                        2877P   3083
110,7.614275059106D1,8.286330748346D1,0D0,7.614275059106D1,         2879P   3084
8.891919378175D1,0D0;                                               2879P   3085
120,2877,2879,-3.204424506662D0,6.283185307180D-2;                  2881P   3086
508,4,0,2609,69,0,0,0,2609,107,1,0,0,2609,79,1,0,0,2609,108,0,0;    2883P   3087
510,2881,1,0,2883;                                                  2885P   3088
110,0D0,8.839125063261D1,0D0,0D0,8.939125063261D1,0D0;              2887P   3089
124,2.458339339789D-1,-9.693119605702D-1,0D0,7.826829728451D1,      2889P   3090
9.693119605702D-1,2.458339339789D-1,0D0,8.839125063261D1,0D0,       2889P   3091
0D0,1D0,0D0;                                                        2889P   3092
100,0D0,0D0,0D0,2.125546693447D0,0D0,-1.012992076123D0,             2891P   3093
1.868634742194D0;                                                   2891P   3094
120,2887,2891,-3.204424506662D0,6.283185307180D-2;                  2893P   3095
508,4,0,2609,68,0,0,0,2609,106,1,0,0,2609,78,1,0,0,2609,107,0,0;    2895P   3096
510,2893,1,0,2895;                                                  2897P   3097
110,0D0,8.839125063261D1,0D0,0D0,8.939125063261D1,0D0;              2899P   3098
124,2.458339339789D-1,-9.693119605702D-1,0D0,7.826829728451D1,      2901P   3099
9.693119605702D-1,2.458339339789D-1,0D0,8.839125063261D1,0D0,       2901P   3100
0D0,1D0,0D0;                                                        2901P   3101
100,0D0,0D0,0D0,2.125546693447D0,0D0,-1.012992076123D0,             2903P   3102
1.868634742194D0;                                                   2903P   3103
120,2899,2903,-6.283185307180D-2,3.204424506662D0;                  2905P   3104
508,4,0,2609,68,1,0,0,2609,92,1,0,0,2609,78,0,0,0,2609,91,0,0;      2907P   3105
510,2905,1,0,2907;                                                  2909P   3106
128,1,1,1,1,0,0,1,0,0,-8.417695623769D1,-8.417695623769D1,          2911P   3107
8.417695623769D1,8.417695623769D1,-8.426129564747D1,                2911P   3108
-8.426129564747D1,8.426129564747D1,8.426129564747D1,1D0,1D0,1D0,    2911P   3109
1D0,-8.417695623769D1,9.051679732605D1,8.426129564747D1,            2911P   3110
8.417695623769D1,9.051679732605D1,8.426129564747D1,                 2911P   3111
-8.417695623769D1,9.051679732605D1,-8.426129564747D1,               2911P   3112
8.417695623769D1,9.051679732605D1,-8.426129564747D1,                2911P   3113
-8.417695623769D1,8.417695623769D1,-8.426129564747D1,               2911P   3114
8.426129564747D1;                                                   2911P   3115
508,2,0,2609,90,0,0,0,2609,105,1,0;                                 2913P   3116
508,2,0,2609,106,0,0,0,2609,91,1,0;                                 2915P   3117
510,2911,2,0,2913,2915;                                             2917P   3118
128,1,1,1,1,0,0,1,0,0,-8.469695623769D1,-8.469695623769D1,          2919P   3119
8.469695623769D1,8.469695623769D1,-8.478181665102D1,                2919P   3120
-8.478181665102D1,8.478181665102D1,8.478181665102D1,1D0,1D0,1D0,    2919P   3121
1D0,-8.469695623769D1,9.051679732605D1,8.478181665102D1,            2919P   3122
8.469695623769D1,9.051679732605D1,8.478181665102D1,                 2919P   3123
-8.469695623769D1,9.051679732605D1,-8.478181665102D1,               2919P   3124
8.469695623769D1,9.051679732605D1,-8.478181665102D1,                2919P   3125
-8.469695623769D1,8.469695623769D1,-8.478181665102D1,               2919P   3126
8.478181665102D1;                                                   2919P   3127
508,2,0,2609,89,0,0,0,2609,104,1,0;                                 2921P   3128
508,2,0,2609,105,0,0,0,2609,90,1,0;                                 2923P   3129
510,2919,2,0,2921,2923;                                             2925P   3130
110,0D0,0D0,0D0,0D0,1D0,0D0;                                        2927P   3131
110,8.143938099778D1,9.050679732605D1,0D0,8.143938099778D1,         2929P   3132
9.102679732605D1,0D0;                                               2929P   3133
120,2927,2929,-6.283185307180D-2,3.204424506662D0;                  2931P   3134
508,4,0,2609,67,1,0,0,2609,89,1,0,0,2609,77,0,0,0,2609,88,0,0;      2933P   3135
510,2931,1,0,2933;                                                  2935P   3136
110,0D0,0D0,0D0,0D0,1D0,0D0;                                        2937P   3137
110,8.143938099778D1,9.050679732605D1,0D0,8.143938099778D1,         2939P   3138
9.102679732605D1,0D0;                                               2939P   3139
120,2937,2939,-3.204424506662D0,6.283185307180D-2;                  2941P   3140
508,4,0,2609,67,0,0,0,2609,103,1,0,0,2609,77,1,0,0,2609,104,0,0;    2943P   3141
510,2941,1,0,2943;                                                  2945P   3142
110,0D0,2.691364411376D1,0D0,0D0,2.791364411376D1,0D0;              2947P   3143
124,1.284847037118D-1,-9.917114907634D-1,0D0,1.091091867116D2,      2949P   3144
9.917114907634D-1,1.284847037118D-1,0D0,2.691364411376D1,0D0,       2949P   3145
0D0,1D0,0D0;                                                        2949P   3146
100,0D0,0D0,0D0,6.982D1,0D0,5.963819129028D1,3.630590226979D1;      2951P   3147
120,2947,2951,-3.204424506662D0,6.283185307180D-2;                  2953P   3148
508,4,0,2609,115,0,0,0,2609,122,1,0,0,2609,103,0,0,0,2609,120,0,    2955P   3149
0;                                                                  2955P   3150
510,2953,1,0,2955;                                                  2957P   3151
110,0D0,7.142025374358D1,0D0,0D0,7.242025374358D1,0D0;              2959P   3152
124,-9.999867100270D-1,1.743361473181D-3,4.851851206941D-3,         2961P   3153
-1.143987852130D2,1.743381993309D-3,9.999984803085D-1,0D0,          2961P   3154
7.142025374358D1,-4.851843833624D-3,8.458630028396D-6,              2961P   3155
-9.999882297007D-1,-5.550524172413D-1;                              2961P   3156
100,0D0,0D0,0D0,2.5D1,0D0,2.287356433740D0,2.489514009892D1;        2963P   3157
120,2959,2963,-5.797998282951D-2,3.209276376913D0;                  2965P   3158
508,4,0,2609,143,1,0,0,2609,150,1,0,0,2609,146,0,0,0,2609,154,0,    2967P   3159
0;                                                                  2967P   3160
510,2965,1,0,2967;                                                  2969P   3161
110,0D0,7.142025374358D1,0D0,0D0,7.242025374358D1,0D0;              2971P   3162
124,-9.999867100270D-1,1.743361473181D-3,4.851851206941D-3,         2973P   3163
-1.143987852130D2,1.743381993309D-3,9.999984803085D-1,0D0,          2973P   3164
7.142025374358D1,-4.851843833624D-3,8.458630028396D-6,              2973P   3165
-9.999882297007D-1,-5.550524172413D-1;                              2973P   3166
100,0D0,0D0,0D0,2.5D1,0D0,2.287356433740D0,2.489514009892D1;        2975P   3167
120,2971,2975,-5.797998282951D-2,3.209276376913D0;                  2977P   3168
508,4,0,2609,144,0,0,0,2609,153,0,0,0,2609,115,1,0,0,2609,149,1,    2979P   3169
0;                                                                  2979P   3170
510,2977,1,0,2979;                                                  2981P   3171
110,0D0,7.142025374358D1,0D0,0D0,7.242025374358D1,0D0;              2983P   3172
124,-9.999867100270D-1,1.743361473181D-3,4.851851206941D-3,         2985P   3173
-1.143987852130D2,1.743381993309D-3,9.999984803085D-1,0D0,          2985P   3174
7.142025374358D1,-4.851843833624D-3,8.458630028396D-6,              2985P   3175
-9.999882297007D-1,-5.550524172413D-1;                              2985P   3176
100,0D0,0D0,0D0,2.5D1,0D0,2.287356433740D0,2.489514009892D1;        2987P   3177
120,2983,2987,-5.797998282951D-2,3.209276376913D0;                  2989P   3178
508,4,0,2609,145,1,0,0,2609,151,1,0,0,2609,148,0,0,0,2609,155,0,    2991P   3179
0;                                                                  2991P   3180
510,2989,1,0,2991;                                                  2993P   3181
110,0D0,7.142025374358D1,0D0,0D0,7.242025374358D1,0D0;              2995P   3182
124,-9.999867100270D-1,1.743361473181D-3,4.851851206941D-3,         2997P   3183
-1.143987852130D2,1.743381993309D-3,9.999984803085D-1,0D0,          2997P   3184
7.142025374358D1,-4.851843833624D-3,8.458630028396D-6,              2997P   3185
-9.999882297007D-1,-5.550524172413D-1;                              2997P   3186
100,0D0,0D0,0D0,2.5D1,0D0,2.287356433740D0,2.489514009892D1;        2999P   3187
120,2995,2999,-5.797998282951D-2,3.209276376913D0;                  3001P   3188
508,4,0,2609,147,1,0,0,2609,152,1,0,0,2609,116,0,0,0,2609,156,0,    3003P   3189
0;                                                                  3003P   3190
510,3001,1,0,3003;                                                  3005P   3191
110,0D0,9.406153642700D1,0D0,0D0,9.506153642700D1,0D0;              3007P   3192
124,6.697658762482D-2,9.977545473262D-1,0D0,1.250007127798D2,       3009P   3193
-9.977545473262D-1,6.697658762482D-2,0D0,9.406153642700D1,0D0,      3009P   3194
0D0,1D0,0D0;                                                        3009P   3195
100,0D0,0D0,0D0,5D-1,0D0,2.660066882299D-1,-4.233679744820D-1;      3011P   3196
120,3007,3011,-3.204424506662D0,6.283185307180D-2;                  3013P   3197
508,4,0,2609,132,1,0,0,2609,144,1,0,0,2609,131,1,0,0,2609,143,0,    3015P   3198
0;                                                                  3015P   3199
510,3013,1,0,3015;                                                  3017P   3200
110,0D0,9.406153642700D1,0D0,0D0,9.506153642700D1,0D0;              3019P   3201
124,6.697658762482D-2,9.977545473262D-1,0D0,1.250007127798D2,       3021P   3202
-9.977545473262D-1,6.697658762482D-2,0D0,9.406153642700D1,0D0,      3021P   3203
0D0,1D0,0D0;                                                        3021P   3204
100,0D0,0D0,0D0,5D-1,0D0,2.660066882299D-1,-4.233679744820D-1;      3023P   3205
120,3019,3023,-6.283185307180D-2,3.204424506662D0;                  3025P   3206
508,4,0,2609,131,0,0,0,2609,138,1,0,0,2609,132,0,0,0,2609,137,0,    3027P   3207
0;                                                                  3027P   3208
510,3025,1,0,3027;                                                  3029P   3209
110,0D0,7.142025374358D1,0D0,0D0,7.242025374358D1,0D0;              3031P   3210
124,9.999867100270D-1,-1.743361473181D-3,-4.851851206940D-3,        3033P   3211
1.143987852130D2,1.743381993309D-3,9.999984803085D-1,0D0,           3033P   3212
7.142025374358D1,4.851843833623D-3,-8.458630028395D-6,              3033P   3213
9.999882297007D-1,5.550524172412D-1;                                3033P   3214
100,0D0,0D0,0D0,2.5D1,0D0,2.287356433740D0,2.489514009892D1;        3035P   3215
120,3031,3035,-5.797998282951D-2,3.209276376913D0;                  3037P   3216
508,4,0,2609,137,1,0,0,2609,154,1,0,0,2609,140,0,0,0,2609,150,0,    3039P   3217
0;                                                                  3039P   3218
510,3037,1,0,3039;                                                  3041P   3219
110,0D0,7.142025374358D1,0D0,0D0,7.242025374358D1,0D0;              3043P   3220
124,9.999867100270D-1,-1.743361473181D-3,-4.851851206940D-3,        3045P   3221
1.143987852130D2,1.743381993309D-3,9.999984803085D-1,0D0,           3045P   3222
7.142025374358D1,4.851843833623D-3,-8.458630028395D-6,              3045P   3223
9.999882297007D-1,5.550524172412D-1;                                3045P   3224
100,0D0,0D0,0D0,2.5D1,0D0,2.287356433740D0,2.489514009892D1;        3047P   3225
120,3043,3047,-5.797998282951D-2,3.209276376913D0;                  3049P   3226
508,4,0,2609,138,0,0,0,2609,149,0,0,0,2609,117,1,0,0,2609,153,1,    3051P   3227
0;                                                                  3051P   3228
510,3049,1,0,3051;                                                  3053P   3229
110,0D0,7.142025374358D1,0D0,0D0,7.242025374358D1,0D0;              3055P   3230
124,9.999867100270D-1,-1.743361473181D-3,-4.851851206940D-3,        3057P   3231
1.143987852130D2,1.743381993309D-3,9.999984803085D-1,0D0,           3057P   3232
7.142025374358D1,4.851843833623D-3,-8.458630028395D-6,              3057P   3233
9.999882297007D-1,5.550524172412D-1;                                3057P   3234
100,0D0,0D0,0D0,2.5D1,0D0,2.287356433740D0,2.489514009892D1;        3059P   3235
120,3055,3059,-5.797998282951D-2,3.209276376913D0;                  3061P   3236
508,4,0,2609,139,1,0,0,2609,155,1,0,0,2609,142,0,0,0,2609,151,0,    3063P   3237
0;                                                                  3063P   3238
510,3061,1,0,3063;                                                  3065P   3239
110,0D0,7.142025374358D1,0D0,0D0,7.242025374358D1,0D0;              3067P   3240
124,9.999867100270D-1,-1.743361473181D-3,-4.851851206940D-3,        3069P   3241
1.143987852130D2,1.743381993309D-3,9.999984803085D-1,0D0,           3069P   3242
7.142025374358D1,4.851843833623D-3,-8.458630028395D-6,              3069P   3243
9.999882297007D-1,5.550524172412D-1;                                3069P   3244
100,0D0,0D0,0D0,2.5D1,0D0,2.287356433740D0,2.489514009892D1;        3071P   3245
120,3067,3071,-5.797998282951D-2,3.209276376913D0;                  3073P   3246
508,4,0,2609,141,1,0,0,2609,156,1,0,0,2609,118,0,0,0,2609,152,0,    3075P   3247
0;                                                                  3075P   3248
510,3073,1,0,3075;                                                  3077P   3249
110,0D0,9.239700743171D1,0D0,0D0,9.339700743171D1,0D0;              3079P   3250
124,-7.025679003007D-2,9.975289386553D-1,0D0,1.280007127798D2,      3081P   3251
-9.975289386553D-1,-7.025679003007D-2,0D0,9.239700743171D1,0D0,     3081P   3252
0D0,1D0,0D0;                                                        3081P   3253
100,0D0,0D0,0D0,5D-1,0D0,2.660066882299D-1,-4.233679744820D-1;      3083P   3254
120,3079,3083,-6.283185307180D-2,3.204424506662D0;                  3085P   3255
508,4,0,2609,133,0,0,0,2609,140,1,0,0,2609,134,0,0,0,2609,139,0,    3087P   3256
0;                                                                  3087P   3257
510,3085,1,0,3087;                                                  3089P   3258
110,0D0,9.239700743171D1,0D0,0D0,9.339700743171D1,0D0;              3091P   3259
124,-7.025679003007D-2,9.975289386553D-1,0D0,1.280007127798D2,      3093P   3260
-9.975289386553D-1,-7.025679003007D-2,0D0,9.239700743171D1,0D0,     3093P   3261
0D0,1D0,0D0;                                                        3093P   3262
100,0D0,0D0,0D0,5D-1,0D0,2.660066882299D-1,-4.233679744820D-1;      3095P   3263
120,3091,3095,-3.204424506662D0,6.283185307180D-2;                  3097P   3264
508,4,0,2609,134,1,0,0,2609,146,1,0,0,2609,133,1,0,0,2609,145,0,    3099P   3265
0;                                                                  3099P   3266
510,3097,1,0,3099;                                                  3101P   3267
110,0D0,2.691364411376D1,0D0,0D0,2.791364411376D1,0D0;              3103P   3268
124,1.284847037118D-1,-9.917114907634D-1,0D0,1.091091867116D2,      3105P   3269
9.917114907634D-1,1.284847037118D-1,0D0,2.691364411376D1,0D0,       3105P   3270
0D0,1D0,0D0;                                                        3105P   3271
100,0D0,0D0,0D0,6.982D1,0D0,5.963819129028D1,3.630590226979D1;      3107P   3272
120,3103,3107,-6.283185307180D-2,3.204424506662D0;                  3109P   3273
508,4,0,2609,117,0,0,0,2609,120,1,0,0,2609,88,1,0,0,2609,122,0,     3111P   3274
0;                                                                  3111P   3275
510,3109,1,0,3111;                                                  3113P   3276
110,0D0,9.011305206364D1,0D0,0D0,9.111305206364D1,0D0;              3115P   3277
124,-2.194755365737D-1,9.756180035473D-1,0D0,1.310007127798D2,      3117P   3278
-9.756180035473D-1,-2.194755365737D-1,0D0,9.011305206364D1,0D0,     3117P   3279
0D0,1D0,0D0;                                                        3117P   3280
100,0D0,0D0,0D0,5D-1,0D0,2.660066882299D-1,-4.233679744820D-1;      3119P   3281
120,3115,3119,-6.283185307180D-2,3.204424506662D0;                  3121P   3282
508,4,0,2609,135,0,0,0,2609,142,1,0,0,2609,136,0,0,0,2609,141,0,    3123P   3283
0;                                                                  3123P   3284
510,3121,1,0,3123;                                                  3125P   3285
110,0D0,9.011305206364D1,0D0,0D0,9.111305206364D1,0D0;              3127P   3286
124,-2.194755365737D-1,9.756180035473D-1,0D0,1.310007127798D2,      3129P   3287
-9.756180035473D-1,-2.194755365737D-1,0D0,9.011305206364D1,0D0,     3129P   3288
0D0,1D0,0D0;                                                        3129P   3289
100,0D0,0D0,0D0,5D-1,0D0,2.660066882299D-1,-4.233679744819D-1;      3131P   3290
120,3127,3131,-3.204424506662D0,6.283185307180D-2;                  3133P   3291
508,4,0,2609,136,1,0,0,2609,148,1,0,0,2609,135,1,0,0,2609,147,0,    3135P   3292
0;                                                                  3135P   3293
510,3133,1,0,3135;                                                  3137P   3294
110,0D0,5.155572451661D1,0D0,0D0,5.255572451661D1,0D0;              3139P   3295
124,9.999997013450D-1,7.728582112154D-4,0D0,-5.434047259675D2,      3141P   3296
-7.728582112154D-4,9.999997013450D-1,0D0,5.155572451661D1,0D0,      3141P   3297
0D0,1D0,0D0;                                                        3141P   3298
100,0D0,0D0,0D0,6.831047259675D2,0D0,6.827607793332D2,              3143P   3299
2.167452060498D1;                                                   3143P   3300
120,3139,3143,-6.283185307180D-2,3.204424506662D0;                  3145P   3301
508,4,0,2609,118,1,0,0,2609,121,0,0,0,2609,87,0,0,0,2609,119,1,     3147P   3302
0;                                                                  3147P   3303
510,3145,1,0,3147;                                                  3149P   3304
110,0D0,5.155572451661D1,0D0,0D0,5.255572451661D1,0D0;              3151P   3305
124,9.999997013450D-1,7.728582112154D-4,0D0,-5.434047259675D2,      3153P   3306
-7.728582112154D-4,9.999997013450D-1,0D0,5.155572451661D1,0D0,      3153P   3307
0D0,1D0,0D0;                                                        3153P   3308
100,0D0,0D0,0D0,6.831047259675D2,0D0,6.827607793332D2,              3155P   3309
2.167452060498D1;                                                   3155P   3310
120,3151,3155,-3.204424506662D0,6.283185307180D-2;                  3157P   3311
508,4,0,2609,116,1,0,0,2609,119,0,0,0,2609,102,1,0,0,2609,121,1,    3159P   3312
0;                                                                  3159P   3313
510,3157,1,0,3159;                                                  3161P   3314
110,0D0,0D0,0D0,0D0,1D0,0D0;                                        3163P   3315
110,1.397D2,2.638570096462D1,0D0,1.397D2,5.208366766575D1,0D0;      3165P   3316
120,3163,3165,-3.204424506662D0,6.283185307180D-2;                  3167P   3317
508,4,0,2609,66,0,0,0,2609,101,1,0,0,2609,76,1,0,0,2609,102,0,0;    3169P   3318
510,3167,1,0,3169;                                                  3171P   3319
110,0D0,0D0,0D0,0D0,1D0,0D0;                                        3173P   3320
110,1.397D2,2.638570096462D1,0D0,1.397D2,5.208366766575D1,0D0;      3175P   3321
120,3173,3175,-6.283185307180D-2,3.204424506662D0;                  3177P   3322
508,4,0,2609,66,1,0,0,2609,87,1,0,0,2609,76,0,0,0,2609,86,0,0;      3179P   3323
510,3177,1,0,3179;                                                  3181P   3324
110,0D0,0D0,0D0,0D0,1D0,0D0;                                        3183P   3325
110,1.397D2,-2.799018987831D1,0D0,1.397D2,2.799018987831D1,0D0;     3185P   3326
120,3183,3185,-6.283185307180D-2,3.204424506662D0;                  3187P   3327
508,4,0,2609,65,1,0,0,2609,86,1,0,0,2609,75,0,0,0,2609,85,0,0;      3189P   3328
510,3187,1,0,3189;                                                  3191P   3329
110,0D0,0D0,0D0,0D0,1D0,0D0;                                        3193P   3330
110,1.397D2,-2.799018987831D1,0D0,1.397D2,2.799018987831D1,0D0;     3195P   3331
120,3193,3195,-3.204424506662D0,6.283185307180D-2;                  3197P   3332
508,4,0,2609,65,0,0,0,2609,100,1,0,0,2609,75,1,0,0,2609,101,0,0;    3199P   3333
510,3197,1,0,3199;                                                  3201P   3334
110,0D0,0D0,0D0,0D0,1D0,0D0;                                        3203P   3335
110,1.397D2,-5.208366766575D1,0D0,1.397D2,-2.638570096462D1,0D0;    3205P   3336
120,3203,3205,-3.204424506662D0,6.283185307180D-2;                  3207P   3337
508,4,0,2609,3,0,0,0,2609,38,1,0,0,2609,11,1,0,0,2609,100,0,0;      3209P   3338
510,3207,1,0,3209;                                                  3211P   3339
110,0D0,0D0,0D0,0D0,1D0,0D0;                                        3213P   3340
110,1.397D2,-5.208366766575D1,0D0,1.397D2,-2.638570096462D1,0D0;    3215P   3341
120,3213,3215,-6.283185307180D-2,3.204424506662D0;                  3217P   3342
508,4,0,2609,3,1,0,0,2609,85,1,0,0,2609,11,0,0,0,2609,36,0,0;       3219P   3343
510,3217,1,0,3219;                                                  3221P   3344
110,0D0,-5.155572451661D1,0D0,0D0,-5.055572451661D1,0D0;            3223P   3345
124,9.995207188583D-1,3.095694708776D-2,0D0,-5.434047259675D2,      3225P   3346
-3.095694708776D-2,9.995207188583D-1,0D0,-5.155572451661D1,0D0,     3225P   3347
0D0,1D0,0D0;                                                        3225P   3348
100,0D0,0D0,0D0,6.831047259675D2,0D0,6.827607793332D2,              3227P   3349
2.167452060498D1;                                                   3227P   3350
120,3223,3227,-6.283185307180D-2,3.204424506662D0;                  3229P   3351
508,4,0,2609,39,0,0,0,2609,44,1,0,0,2609,36,1,0,0,2609,46,0,0;      3231P   3352
510,3229,1,0,3231;                                                  3233P   3353
110,0D0,-7.142025374358D1,0D0,0D0,-7.042025374358D1,0D0;            3235P   3354
124,8.975688790673D-2,9.959507192809D-1,-5.085846742132D-3,         3237P   3355
1.143986521996D2,-9.959636000803D-1,8.975804874777D-2,0D0,          3237P   3356
-7.142025374358D1,4.564956798039D-4,5.065318230750D-3,              3237P   3357
9.999870669978D-1,5.818215372930D-1;                                3237P   3358
100,0D0,0D0,0D0,2.5D1,0D0,2.287356433740D0,2.489514009892D1;        3239P   3359
120,3235,3239,-5.774598440985D-2,3.209510375490D0;                  3241P   3360
508,4,0,2609,53,0,0,0,2609,125,0,0,0,2609,56,1,0,0,2609,129,1,0;    3243P   3361
510,3241,1,0,3243;                                                  3245P   3362
110,0D0,-7.142025374358D1,0D0,0D0,-7.042025374358D1,0D0;            3247P   3363
124,8.975688790673D-2,9.959507192809D-1,-5.085846742132D-3,         3249P   3364
1.143986521996D2,-9.959636000803D-1,8.975804874777D-2,0D0,          3249P   3365
-7.142025374358D1,4.564956798039D-4,5.065318230750D-3,              3249P   3366
9.999870669978D-1,5.818215372930D-1;                                3249P   3367
100,0D0,0D0,0D0,2.5D1,0D0,2.287356433740D0,2.489514009892D1;        3251P   3368
120,3247,3251,-5.774598440985D-2,3.209510375490D0;                  3253P   3369
508,4,0,2609,54,1,0,0,2609,130,1,0,0,2609,40,0,0,0,2609,126,0,0;    3255P   3370
510,3253,1,0,3255;                                                  3257P   3371
110,0D0,-7.142025374358D1,0D0,0D0,-7.042025374358D1,0D0;            3259P   3372
124,8.975688790673D-2,9.959507192809D-1,-5.085846742132D-3,         3261P   3373
1.143986521996D2,-9.959636000803D-1,8.975804874777D-2,0D0,          3261P   3374
-7.142025374358D1,4.564956798039D-4,5.065318230750D-3,              3261P   3375
9.999870669978D-1,5.818215372930D-1;                                3261P   3376
100,0D0,0D0,0D0,2.5D1,0D0,2.287356433740D0,2.489514009892D1;        3263P   3377
120,3259,3263,-5.774598440985D-2,3.209510375490D0;                  3265P   3378
508,4,0,2609,55,0,0,0,2609,124,0,0,0,2609,58,1,0,0,2609,128,1,0;    3267P   3379
510,3265,1,0,3267;                                                  3269P   3380
110,0D0,-7.142025374358D1,0D0,0D0,-7.042025374358D1,0D0;            3271P   3381
124,8.975688790673D-2,9.959507192809D-1,-5.085846742132D-3,         3273P   3382
1.143986521996D2,-9.959636000803D-1,8.975804874777D-2,0D0,          3273P   3383
-7.142025374358D1,4.564956798039D-4,5.065318230750D-3,              3273P   3384
9.999870669978D-1,5.818215372930D-1;                                3273P   3385
100,0D0,0D0,0D0,2.5D1,0D0,2.287356433740D0,2.489514009892D1;        3275P   3386
120,3271,3275,-5.774598440985D-2,3.209510375490D0;                  3277P   3387
508,4,0,2609,57,0,0,0,2609,123,0,0,0,2609,39,1,0,0,2609,127,1,0;    3279P   3388
510,3277,1,0,3279;                                                  3281P   3389
110,0D0,-9.406153642700D1,0D0,0D0,-9.306153642700D1,0D0;            3283P   3390
124,-8.092022029373D-1,-5.875302500820D-1,0D0,1.250007127798D2,     3285P   3391
5.875302500820D-1,-8.092022029373D-1,0D0,-9.406153642700D1,0D0,     3285P   3392
0D0,1D0,0D0;                                                        3285P   3393
100,0D0,0D0,0D0,5D-1,0D0,2.660066882299D-1,-4.233679744820D-1;      3287P   3394
120,3283,3287,-6.283185307180D-2,3.204424506662D0;                  3289P   3395
508,4,0,2609,60,0,0,0,2609,54,0,0,0,2609,59,0,0,0,2609,53,1,0;      3291P   3396
510,3289,1,0,3291;                                                  3293P   3397
110,0D0,-9.406153642700D1,0D0,0D0,-9.306153642700D1,0D0;            3295P   3398
124,-8.092022029373D-1,-5.875302500820D-1,0D0,1.250007127798D2,     3297P   3399
5.875302500820D-1,-8.092022029373D-1,0D0,-9.406153642700D1,0D0,     3297P   3400
0D0,1D0,0D0;                                                        3297P   3401
100,0D0,0D0,0D0,5D-1,0D0,2.660066882299D-1,-4.233679744820D-1;      3299P   3402
120,3295,3299,-3.204424506662D0,6.283185307180D-2;                  3301P   3403
508,4,0,2609,59,1,0,0,2609,48,0,0,0,2609,60,1,0,0,2609,47,1,0;      3303P   3404
510,3301,1,0,3303;                                                  3305P   3405
110,0D0,-7.142025374358D1,0D0,0D0,-7.042025374358D1,0D0;            3307P   3406
124,-8.975688790673D-2,-9.959507192809D-1,5.085846742132D-3,        3309P   3407
-1.143986521996D2,-9.959636000803D-1,8.975804874777D-2,0D0,         3309P   3408
-7.142025374358D1,-4.564956798040D-4,-5.065318230751D-3,            3309P   3409
-9.999870669978D-1,-5.818215372930D-1;                              3309P   3410
100,0D0,0D0,0D0,2.5D1,0D0,2.287356433740D0,2.489514009892D1;        3311P   3411
120,3307,3311,-5.774598440985D-2,3.209510375490D0;                  3313P   3412
508,4,0,2609,47,0,0,0,2609,129,0,0,0,2609,50,1,0,0,2609,125,1,0;    3315P   3413
510,3313,1,0,3315;                                                  3317P   3414
110,0D0,-7.142025374358D1,0D0,0D0,-7.042025374358D1,0D0;            3319P   3415
124,-8.975688790673D-2,-9.959507192809D-1,5.085846742132D-3,        3321P   3416
-1.143986521996D2,-9.959636000803D-1,8.975804874777D-2,0D0,         3321P   3417
-7.142025374358D1,-4.564956798040D-4,-5.065318230751D-3,            3321P   3418
-9.999870669978D-1,-5.818215372930D-1;                              3321P   3419
100,0D0,0D0,0D0,2.5D1,0D0,2.287356433740D0,2.489514009892D1;        3323P   3420
120,3319,3323,-5.774598440985D-2,3.209510375490D0;                  3325P   3421
508,4,0,2609,48,1,0,0,2609,126,1,0,0,2609,42,0,0,0,2609,130,0,0;    3327P   3422
510,3325,1,0,3327;                                                  3329P   3423
110,0D0,-7.142025374358D1,0D0,0D0,-7.042025374358D1,0D0;            3331P   3424
124,-8.975688790673D-2,-9.959507192809D-1,5.085846742132D-3,        3333P   3425
-1.143986521996D2,-9.959636000803D-1,8.975804874777D-2,0D0,         3333P   3426
-7.142025374358D1,-4.564956798040D-4,-5.065318230751D-3,            3333P   3427
-9.999870669978D-1,-5.818215372930D-1;                              3333P   3428
100,0D0,0D0,0D0,2.5D1,0D0,2.287356433740D0,2.489514009892D1;        3335P   3429
120,3331,3335,-5.774598440985D-2,3.209510375490D0;                  3337P   3430
508,4,0,2609,49,0,0,0,2609,128,0,0,0,2609,52,1,0,0,2609,124,1,0;    3339P   3431
510,3337,1,0,3339;                                                  3341P   3432
110,0D0,-7.142025374358D1,0D0,0D0,-7.042025374358D1,0D0;            3343P   3433
124,-8.975688790673D-2,-9.959507192809D-1,5.085846742132D-3,        3345P   3434
-1.143986521996D2,-9.959636000803D-1,8.975804874777D-2,0D0,         3345P   3435
-7.142025374358D1,-4.564956798040D-4,-5.065318230751D-3,            3345P   3436
-9.999870669978D-1,-5.818215372930D-1;                              3345P   3437
100,0D0,0D0,0D0,2.5D1,0D0,2.287356433740D0,2.489514009892D1;        3347P   3438
120,3343,3347,-5.774598440985D-2,3.209510375490D0;                  3349P   3439
508,4,0,2609,51,0,0,0,2609,127,0,0,0,2609,41,1,0,0,2609,123,1,0;    3351P   3440
510,3349,1,0,3351;                                                  3353P   3441
110,0D0,-9.239700743171D1,0D0,0D0,-9.139700743171D1,0D0;            3355P   3442
124,-8.820211645744D-1,-4.712097889930D-1,0D0,1.280007127798D2,     3357P   3443
4.712097889930D-1,-8.820211645744D-1,0D0,-9.239700743171D1,0D0,     3357P   3444
0D0,1D0,0D0;                                                        3357P   3445
100,0D0,0D0,0D0,5D-1,0D0,2.660066882299D-1,-4.233679744820D-1;      3359P   3446
120,3355,3359,-3.204424506662D0,6.283185307180D-2;                  3361P   3447
508,4,0,2609,61,1,0,0,2609,50,0,0,0,2609,62,1,0,0,2609,49,1,0;      3363P   3448
510,3361,1,0,3363;                                                  3365P   3449
110,0D0,-9.239700743171D1,0D0,0D0,-9.139700743171D1,0D0;            3367P   3450
124,-8.820211645744D-1,-4.712097889930D-1,0D0,1.280007127798D2,     3369P   3451
4.712097889930D-1,-8.820211645744D-1,0D0,-9.239700743171D1,0D0,     3369P   3452
0D0,1D0,0D0;                                                        3369P   3453
100,0D0,0D0,0D0,5D-1,0D0,2.660066882299D-1,-4.233679744820D-1;      3371P   3454
120,3367,3371,-6.283185307180D-2,3.204424506662D0;                  3373P   3455
508,4,0,2609,62,0,0,0,2609,56,0,0,0,2609,61,0,0,0,2609,55,1,0;      3375P   3456
510,3373,1,0,3375;                                                  3377P   3457
110,0D0,-2.691364411376D1,0D0,0D0,-2.591364411376D1,0D0;            3379P   3458
124,-4.059350490639D-1,9.139019290610D-1,0D0,1.091091867116D2,      3381P   3459
-9.139019290610D-1,-4.059350490639D-1,0D0,-2.691364411376D1,0D0,    3381P   3460
0D0,1D0,0D0;                                                        3381P   3461
100,0D0,0D0,0D0,6.982D1,0D0,5.963819129028D1,3.630590226979D1;      3383P   3462
120,3379,3383,-3.204424506662D0,6.283185307180D-2;                  3385P   3463
508,4,0,2609,42,1,0,0,2609,43,0,0,0,2609,37,1,0,0,2609,45,1,0;      3387P   3464
510,3385,1,0,3387;                                                  3389P   3465
110,0D0,-2.691364411376D1,0D0,0D0,-2.591364411376D1,0D0;            3391P   3466
124,-4.059350490639D-1,9.139019290610D-1,0D0,1.091091867116D2,      3393P   3467
-9.139019290610D-1,-4.059350490639D-1,0D0,-2.691364411376D1,0D0,    3393P   3468
0D0,1D0,0D0;                                                        3393P   3469
100,0D0,0D0,0D0,6.982D1,0D0,5.963819129028D1,3.630590226979D1;      3395P   3470
120,3391,3395,-6.283185307180D-2,3.204424506662D0;                  3397P   3471
508,4,0,2609,40,1,0,0,2609,45,0,0,0,2609,35,0,0,0,2609,43,1,0;      3399P   3472
510,3397,1,0,3399;                                                  3401P   3473
110,0D0,0D0,0D0,0D0,1D0,0D0;                                        3403P   3474
110,8.143938099778D1,-9.102679732605D1,0D0,8.143938099778D1,        3405P   3475
-9.050679732605D1,0D0;                                              3405P   3476
120,3403,3405,-6.283185307180D-2,3.204424506662D0;                  3407P   3477
508,4,0,2609,2,1,0,0,2609,35,1,0,0,2609,10,0,0,0,2609,20,0,0;       3409P   3478
510,3407,1,0,3409;                                                  3411P   3479
110,0D0,0D0,0D0,0D0,1D0,0D0;                                        3413P   3480
110,8.143938099778D1,-9.102679732605D1,0D0,8.143938099778D1,        3415P   3481
-9.050679732605D1,0D0;                                              3415P   3482
120,3413,3415,-3.204424506662D0,6.283185307180D-2;                  3417P   3483
508,4,0,2609,2,0,0,0,2609,29,1,0,0,2609,10,1,0,0,2609,37,0,0;       3419P   3484
510,3417,1,0,3419;                                                  3421P   3485
128,1,1,1,1,0,0,1,0,0,-8.469695623769D1,-8.469695623769D1,          3423P   3486
8.469695623769D1,8.469695623769D1,-8.478181665102D1,                3423P   3487
-8.478181665102D1,8.478181665102D1,8.478181665102D1,1D0,1D0,1D0,    3423P   3488
1D0,-8.469695623769D1,-9.051679732605D1,8.478181665102D1,           3423P   3489
8.469695623769D1,-9.051679732605D1,8.478181665102D1,                3423P   3490
-8.469695623769D1,-9.051679732605D1,-8.478181665102D1,              3423P   3491
8.469695623769D1,-9.051679732605D1,-8.478181665102D1,               3423P   3492
-8.469695623769D1,8.469695623769D1,-8.478181665102D1,               3423P   3493
8.478181665102D1;                                                   3423P   3494
508,2,0,2609,29,0,0,0,2609,20,1,0;                                  3425P   3495
508,2,0,2609,19,0,0,0,2609,28,1,0;                                  3427P   3496
510,3423,2,0,3425,3427;                                             3429P   3497
128,1,1,1,1,0,0,1,0,0,-8.417695623769D1,-8.417695623769D1,          3431P   3498
8.417695623769D1,8.417695623769D1,-8.426129564747D1,                3431P   3499
-8.426129564747D1,8.426129564747D1,8.426129564747D1,1D0,1D0,1D0,    3431P   3500
1D0,-8.417695623769D1,-9.051679732605D1,8.426129564747D1,           3431P   3501
8.417695623769D1,-9.051679732605D1,8.426129564747D1,                3431P   3502
-8.417695623769D1,-9.051679732605D1,-8.426129564747D1,              3431P   3503
8.417695623769D1,-9.051679732605D1,-8.426129564747D1,               3431P   3504
-8.417695623769D1,8.417695623769D1,-8.426129564747D1,               3431P   3505
8.426129564747D1;                                                   3431P   3506
508,2,0,2609,28,0,0,0,2609,19,1,0;                                  3433P   3507
508,2,0,2609,18,0,0,0,2609,27,1,0;                                  3435P   3508
510,3431,2,0,3433,3435;                                             3437P   3509
110,0D0,-9.011305206364D1,0D0,0D0,-8.911305206364D1,0D0;            3439P   3510
124,-9.428547573228D-1,-3.332040014671D-1,0D0,1.310007127798D2,     3441P   3511
3.332040014671D-1,-9.428547573228D-1,0D0,-9.011305206364D1,0D0,     3441P   3512
0D0,1D0,0D0;                                                        3441P   3513
100,0D0,0D0,0D0,5D-1,0D0,2.660066882299D-1,-4.233679744820D-1;      3443P   3514
120,3439,3443,-3.204424506662D0,6.283185307180D-2;                  3445P   3515
508,4,0,2609,63,1,0,0,2609,52,0,0,0,2609,64,1,0,0,2609,51,1,0;      3447P   3516
510,3445,1,0,3447;                                                  3449P   3517
110,0D0,-9.011305206364D1,0D0,0D0,-8.911305206364D1,0D0;            3451P   3518
124,-9.428547573228D-1,-3.332040014671D-1,0D0,1.310007127798D2,     3453P   3519
3.332040014671D-1,-9.428547573228D-1,0D0,-9.011305206364D1,0D0,     3453P   3520
0D0,1D0,0D0;                                                        3453P   3521
100,0D0,0D0,0D0,5D-1,0D0,2.660066882299D-1,-4.233679744820D-1;      3455P   3522
120,3451,3455,-6.283185307180D-2,3.204424506662D0;                  3457P   3523
508,4,0,2609,64,0,0,0,2609,58,0,0,0,2609,63,0,0,0,2609,57,1,0;      3459P   3524
510,3457,1,0,3459;                                                  3461P   3525
110,0D0,-5.155572451661D1,0D0,0D0,-5.055572451661D1,0D0;            3463P   3526
124,9.995207188583D-1,3.095694708776D-2,0D0,-5.434047259675D2,      3465P   3527
-3.095694708776D-2,9.995207188583D-1,0D0,-5.155572451661D1,0D0,     3465P   3528
0D0,1D0,0D0;                                                        3465P   3529
100,0D0,0D0,0D0,6.831047259675D2,0D0,6.827607793332D2,              3467P   3530
2.167452060498D1;                                                   3467P   3531
120,3463,3467,-3.204424506662D0,6.283185307180D-2;                  3469P   3532
508,4,0,2609,41,0,0,0,2609,46,1,0,0,2609,38,0,0,0,2609,44,0,0;      3471P   3533
510,3469,1,0,3471;                                                  3473P   3534
514,78,2621,1,2633,1,2643,0,2653,0,2661,1,2671,1,2681,1,2693,0,     3475P   3535
2705,0,2717,0,2729,0,2739,0,2749,0,2759,0,2769,0,2779,0,2789,0,     3475P   3536
2801,0,2813,0,2825,0,2837,0,2847,1,2857,1,2865,0,2875,0,2885,0,     3475P   3537
2897,1,2909,1,2917,1,2925,1,2935,0,2945,0,2957,1,2969,1,2981,1,     3475P   3538
2993,1,3005,1,3017,1,3029,1,3041,1,3053,1,3065,1,3077,1,3089,1,     3475P   3539
3101,1,3113,1,3125,1,3137,1,3149,1,3161,1,3171,1,3181,1,3191,1,     3475P   3540
3201,1,3211,1,3221,1,3233,1,3245,1,3257,1,3269,1,3281,1,3293,1,     3475P   3541
3305,1,3317,1,3329,1,3341,1,3353,1,3365,1,3377,1,3389,1,3401,1,     3475P   3542
3411,0,3421,0,3429,0,3437,0,3449,1,3461,1,3473,1;                   3475P   3543
186,3475,1,0;                                                       3477P   3544
406,1,10HHGCRIM710C;                                                3479P   3545
402,780,25,29,33,37,39,41,45,49,53,57,59,63,67,71,73,75,79,81,      3481P   3546
83,87,91,95,99,103,105,109,111,113,117,119,123,127,129,133,135,     3481P   3547
139,143,147,151,155,157,161,163,167,171,175,179,183,187,191,195,    3481P   3548
199,201,205,207,211,213,217,219,223,227,231,235,239,241,245,247,    3481P   3549
251,255,259,263,267,269,273,275,279,283,287,291,295,297,299,303,    3481P   3550
307,311,315,319,321,325,327,331,335,339,343,347,351,353,357,359,    3481P   3551
363,367,371,375,379,383,387,391,395,399,403,407,411,415,419,423,    3481P   3552
427,429,433,437,441,445,449,453,457,461,465,469,473,477,481,485,    3481P   3553
489,491,493,497,501,505,509,513,517,521,525,529,533,537,541,543,    3481P   3554
545,549,551,553,557,561,563,567,571,575,579,583,587,589,593,595,    3481P   3555
599,603,605,609,611,615,619,623,627,631,635,639,643,647,649,653,    3481P   3556
655,659,663,667,669,673,675,679,683,687,691,693,695,697,699,701,    3481P   3557
703,707,711,713,717,721,725,729,733,737,739,743,745,749,753,757,    3481P   3558
761,765,767,771,775,777,781,785,789,793,797,801,803,807,811,813,    3481P   3559
817,821,825,827,829,831,833,835,837,839,841,845,847,849,851,853,    3481P   3560
857,859,861,863,865,867,869,871,873,875,879,881,883,885,887,891,    3481P   3561
893,895,897,899,901,903,905,907,909,911,913,915,917,919,921,923,    3481P   3562
925,927,929,931,935,937,939,941,943,947,949,951,953,955,957,959,    3481P   3563
961,963,965,967,969,971,973,975,977,979,981,983,985,987,989,991,    3481P   3564
993,995,997,999,1001,1003,1005,1007,1009,1011,1013,1015,1019,       3481P   3565
1021,1023,1025,1027,1031,1033,1035,1037,1039,1041,1043,1045,        3481P   3566
1047,1049,1051,1053,1055,1057,1059,1063,1065,1067,1069,1071,        3481P   3567
1075,1077,1079,1081,1083,1085,1087,1089,1091,1093,1097,1099,        3481P   3568
1101,1103,1105,1109,1111,1113,1115,1117,1119,1121,1123,1125,        3481P   3569
1127,1129,1131,1133,1135,1137,1139,1141,1143,1145,1147,1151,        3481P   3570
1153,1155,1157,1159,1163,1165,1167,1169,1171,1173,1175,1177,        3481P   3571
1179,1181,1183,1185,1187,1189,1191,1195,1197,1199,1201,1203,        3481P   3572
1207,1209,1211,1213,1215,1217,1219,1221,1223,1225,1227,1229,        3481P   3573
1231,1233,1235,1239,1241,1243,1245,1247,1251,1253,1255,1257,        3481P   3574
1259,1261,1263,1265,1267,1269,1271,1273,1275,1277,1279,1283,        3481P   3575
1285,1287,1289,1291,1295,1297,1299,1301,1303,1305,1307,1309,        3481P   3576
1311,1313,1315,1317,1319,1321,1323,1327,1329,1331,1333,1335,        3481P   3577
1339,1341,1343,1345,1347,1349,1351,1353,1355,1357,1361,1363,        3481P   3578
1365,1367,1369,1373,1375,1377,1379,1381,1383,1385,1387,1389,        3481P   3579
1391,1393,1395,1397,1399,1401,1403,1405,1409,1411,1413,1415,        3481P   3580
1417,1421,1423,1425,1427,1429,1431,1433,1435,1437,1439,1443,        3481P   3581
1445,1447,1449,1451,1453,1455,1457,1459,1461,1463,1465,1469,        3481P   3582
1471,1473,1475,1477,1479,1481,1483,1485,1487,1489,1491,1493,        3481P   3583
1495,1497,1501,1503,1505,1507,1509,1513,1515,1517,1519,1521,        3481P   3584
1525,1527,1529,1531,1533,1537,1539,1541,1543,1545,1549,1551,        3481P   3585
1553,1555,1557,1561,1563,1565,1567,1569,1571,1573,1575,1577,        3481P   3586
1579,1581,1583,1585,1587,1589,1591,1593,1595,1597,1599,1601,        3481P   3587
1605,1607,1609,1611,1613,1617,1619,1621,1623,1625,1627,1629,        3481P   3588
1631,1633,1635,1639,1641,1643,1645,1647,1649,1651,1653,1655,        3481P   3589
1657,1659,1661,1663,1665,1667,1671,1673,1675,1677,1679,1681,        3481P   3590
1683,1685,1687,1689,1693,1695,1697,1699,1701,1703,1705,1707,        3481P   3591
1709,1711,1713,1715,1717,1719,1721,1725,1727,1729,1731,1733,        3481P   3592
1737,1739,1741,1743,1745,1747,1749,1751,1753,1755,1757,1759,        3481P   3593
1761,1763,1765,1769,1771,1773,1775,1777,1781,1783,1785,1787,        3481P   3594
1789,1791,1793,1795,1797,1799,1801,1803,1805,1807,1809,1813,        3481P   3595
1815,1817,1819,1821,1823,1825,1827,1829,1831,1835,1837,1839,        3481P   3596
1841,1843,1847,1849,1851,1853,1855,1857,1859,1861,1863,1865,        3481P   3597
1867,1869,1871,1873,1875,1879,1881,1883,1885,1887,1891,1893,        3481P   3598
1895,1897,1899,1903,1905,1907,1909,1911,1915,1917,1919,1921,        3481P   3599
1923,1925,1927,1929,1931,1933,1935,1937,1939,1941,1943,1947,        3481P   3600
1949,1951,1953,1955,1959,1961,1963,1965,1967,1971,1973,1975,        3481P   3601
1977,1979,1983,1985,1987,1989,1991,1993,1995,1997,1999,2001,        3481P   3602
2003,2005,2007,2009,2011,2015,2017,2019,2021,2023,2027,2029,        3481P   3603
2031,2033,2035,2037,0,1,3479;                                       3481P   3604
406,1,12HHGCTIRE11710;                                              3483P   3605
402,544,2041,2045,2049,2053,2055,2059,2061,2065,2069,2073,2077,     3485P   3606
2079,2083,2085,2089,2093,2097,2101,2105,2109,2113,2117,2119,        3485P   3607
2123,2125,2129,2133,2135,2139,2141,2143,2147,2149,2153,2157,        3485P   3608
2161,2165,2169,2173,2177,2181,2185,2189,2191,2195,2197,2201,        3485P   3609
2205,2209,2211,2215,2217,2221,2225,2229,2233,2235,2237,2241,        3485P   3610
2245,2249,2251,2255,2257,2261,2265,2269,2273,2277,2281,2285,        3485P   3611
2289,2293,2297,2301,2305,2309,2313,2317,2321,2325,2329,2333,        3485P   3612
2337,2341,2345,2349,2353,2357,2361,2365,2369,2373,2377,2381,        3485P   3613
2385,2389,2393,2397,2401,2403,2407,2409,2413,2417,2419,2423,        3485P   3614
2425,2427,2431,2433,2437,2441,2445,2449,2453,2457,2461,2465,        3485P   3615
2469,2473,2477,2481,2485,2489,2493,2497,2501,2505,2509,2513,        3485P   3616
2517,2521,2525,2529,2533,2537,2541,2545,2549,2553,2557,2561,        3485P   3617
2565,2567,2571,2573,2575,2577,2581,2585,2589,2593,2597,2601,        3485P   3618
2605,2607,2609,2611,2615,2617,2619,2621,2623,2627,2629,2631,        3485P   3619
2633,2635,2637,2639,2641,2643,2645,2647,2649,2651,2653,2655,        3485P   3620
2657,2659,2661,2663,2665,2667,2669,2671,2673,2675,2677,2679,        3485P   3621
2681,2683,2687,2689,2691,2693,2695,2699,2701,2703,2705,2707,        3485P   3622
2711,2713,2715,2717,2719,2723,2725,2727,2729,2731,2733,2735,        3485P   3623
2737,2739,2741,2743,2745,2747,2749,2751,2753,2755,2757,2759,        3485P   3624
2761,2763,2765,2767,2769,2771,2773,2775,2777,2779,2781,2783,        3485P   3625
2785,2787,2789,2791,2795,2797,2799,2801,2803,2807,2809,2811,        3485P   3626
2813,2815,2819,2821,2823,2825,2827,2831,2833,2835,2837,2839,        3485P   3627
2841,2843,2845,2847,2849,2851,2853,2855,2857,2859,2861,2863,        3485P   3628
2865,2867,2869,2871,2873,2875,2877,2879,2881,2883,2885,2887,        3485P   3629
2891,2893,2895,2897,2899,2903,2905,2907,2909,2911,2913,2915,        3485P   3630
2917,2919,2921,2923,2925,2927,2929,2931,2933,2935,2937,2939,        3485P   3631
2941,2943,2945,2947,2951,2953,2955,2957,2959,2963,2965,2967,        3485P   3632
2969,2971,2975,2977,2979,2981,2983,2987,2989,2991,2993,2995,        3485P   3633
2999,3001,3003,3005,3007,3011,3013,3015,3017,3019,3023,3025,        3485P   3634
3027,3029,3031,3035,3037,3039,3041,3043,3047,3049,3051,3053,        3485P   3635
3055,3059,3061,3063,3065,3067,3071,3073,3075,3077,3079,3083,        3485P   3636
3085,3087,3089,3091,3095,3097,3099,3101,3103,3107,3109,3111,        3485P   3637
3113,3115,3119,3121,3123,3125,3127,3131,3133,3135,3137,3139,        3485P   3638
3143,3145,3147,3149,3151,3155,3157,3159,3161,3163,3165,3167,        3485P   3639
3169,3171,3173,3175,3177,3179,3181,3183,3185,3187,3189,3191,        3485P   3640
3193,3195,3197,3199,3201,3203,3205,3207,3209,3211,3213,3215,        3485P   3641
3217,3219,3221,3223,3227,3229,3231,3233,3235,3239,3241,3243,        3485P   3642
3245,3247,3251,3253,3255,3257,3259,3263,3265,3267,3269,3271,        3485P   3643
3275,3277,3279,3281,3283,3287,3289,3291,3293,3295,3299,3301,        3485P   3644
3303,3305,3307,3311,3313,3315,3317,3319,3323,3325,3327,3329,        3485P   3645
3331,3335,3337,3339,3341,3343,3347,3349,3351,3353,3355,3359,        3485P   3646
3361,3363,3365,3367,3371,3373,3375,3377,3379,3383,3385,3387,        3485P   3647
3389,3391,3395,3397,3399,3401,3403,3405,3407,3409,3411,3413,        3485P   3648
3415,3417,3419,3421,3423,3425,3427,3429,3431,3433,3435,3437,        3485P   3649
3439,3443,3445,3447,3449,3451,3455,3457,3459,3461,3463,3467,        3485P   3650
3469,3471,3473,3475,3477,0,1,3483;                                  3485P   3651
S      1G      4D   3486P   3651                                        T      1
