ISO-10303-21;
HEADER;
FILE_DESCRIPTION(('FreeCAD Model'),'2;1');
FILE_NAME('Open CASCADE Shape Model','2026-06-16T10:38:38',('Author'),(
    ''),'Open CASCADE STEP processor 7.8','FreeCAD','Unknown');
FILE_SCHEMA(('AUTOMOTIVE_DESIGN { 1 0 10303 214 1 1 1 1 }'));
ENDSEC;
DATA;
#1 = APPLICATION_PROTOCOL_DEFINITION('international standard',
  'automotive_design',2000,#2);
#2 = APPLICATION_CONTEXT(
  'core data for automotive mechanical design processes');
#3 = SHAPE_DEFINITION_REPRESENTATION(#4,#10);
#4 = PRODUCT_DEFINITION_SHAPE('','',#5);
#5 = PRODUCT_DEFINITION('design','',#6,#9);
#6 = PRODUCT_DEFINITION_FORMATION('','',#7);
#7 = PRODUCT('Unnamed','Unnamed','',(#8));
#8 = PRODUCT_CONTEXT('',#2,'mechanical');
#9 = PRODUCT_DEFINITION_CONTEXT('part definition',#2,'design');
#10 = SHAPE_REPRESENTATION('',(#11,#15,#19,#23),#27);
#11 = AXIS2_PLACEMENT_3D('',#12,#13,#14);
#12 = CARTESIAN_POINT('',(0.,0.,0.));
#13 = DIRECTION('',(0.,0.,1.));
#14 = DIRECTION('',(1.,0.,-0.));
#15 = AXIS2_PLACEMENT_3D('',#16,#17,#18);
#16 = CARTESIAN_POINT('',(0.,0.,0.));
#17 = DIRECTION('',(0.,0.,1.));
#18 = DIRECTION('',(1.,0.,0.));
#19 = AXIS2_PLACEMENT_3D('',#20,#21,#22);
#20 = CARTESIAN_POINT('',(-3.6,0.,-0.2));
#21 = DIRECTION('',(0.,0.,1.));
#22 = DIRECTION('',(-1.,1.224646799147E-16,0.));
#23 = AXIS2_PLACEMENT_3D('',#24,#25,#26);
#24 = CARTESIAN_POINT('',(3.6,0.,-0.2));
#25 = DIRECTION('',(0.,0.,1.));
#26 = DIRECTION('',(1.,0.,0.));
#27 = ( GEOMETRIC_REPRESENTATION_CONTEXT(3) 
GLOBAL_UNCERTAINTY_ASSIGNED_CONTEXT((#31)) GLOBAL_UNIT_ASSIGNED_CONTEXT(
(#28,#29,#30)) REPRESENTATION_CONTEXT('Context #1',
  '3D Context with UNIT and UNCERTAINTY') );
#28 = ( LENGTH_UNIT() NAMED_UNIT(*) SI_UNIT(.MILLI.,.METRE.) );
#29 = ( NAMED_UNIT(*) PLANE_ANGLE_UNIT() SI_UNIT($,.RADIAN.) );
#30 = ( NAMED_UNIT(*) SI_UNIT($,.STERADIAN.) SOLID_ANGLE_UNIT() );
#31 = UNCERTAINTY_MEASURE_WITH_UNIT(LENGTH_MEASURE(2.E-06),#28,
  'distance_accuracy_value','confusion accuracy');
#32 = PRODUCT_RELATED_PRODUCT_CATEGORY('part',$,(#7));
#33 = SHAPE_DEFINITION_REPRESENTATION(#34,#40);
#34 = PRODUCT_DEFINITION_SHAPE('','',#35);
#35 = PRODUCT_DEFINITION('design','',#36,#39);
#36 = PRODUCT_DEFINITION_FORMATION('','',#37);
#37 = PRODUCT('base','base','',(#38));
#38 = PRODUCT_CONTEXT('',#2,'mechanical');
#39 = PRODUCT_DEFINITION_CONTEXT('part definition',#2,'design');
#40 = ADVANCED_BREP_SHAPE_REPRESENTATION('',(#11,#41),#12277);
#41 = MANIFOLD_SOLID_BREP('',#42);
#42 = CLOSED_SHELL('',(#43,#85,#116,#147,#2691,#2953,#2970,#2987,#3004,
    #3021,#3038,#3055,#3072,#3089,#3106,#3123,#3140,#3157,#3174,#3191,
    #3208,#3225,#3242,#3259,#3276,#3293,#3305,#3336,#3360,#3384,#3410,
    #3436,#3460,#3484,#3508,#3532,#3556,#3580,#3606,#3632,#3656,#3680,
    #3697,#3728,#3752,#3776,#3800,#3824,#3848,#3872,#3889,#3920,#3946,
    #3972,#3998,#4024,#4050,#4076,#4102,#4128,#4154,#4180,#4206,#4232,
    #4258,#4284,#4310,#4336,#4362,#4381,#4422,#4433,#4464,#4488,#4512,
    #4529,#4562,#4588,#4614,#4640,#4666,#4692,#4718,#4744,#4770,#4796,
    #4822,#4841,#4872,#4896,#4920,#4944,#4968,#4992,#5016,#5040,#5064,
    #5088,#5112,#5129,#5160,#5184,#5208,#5232,#5256,#5280,#5304,#5328,
    #5352,#5369,#5401,#5425,#5449,#5474,#5498,#5515,#5548,#5558,#5589,
    #5613,#5637,#5661,#5685,#5709,#5733,#5750,#5781,#5805,#5829,#5855,
    #5881,#5907,#5933,#5959,#5983,#6007,#6031,#6057,#6083,#6109,#6135,
    #6161,#6185,#6209,#6233,#6259,#6285,#6311,#6337,#6363,#6389,#6415,
    #6439,#6456,#6489,#6515,#6539,#6565,#6591,#6615,#6641,#6667,#6693,
    #6719,#6745,#6771,#6797,#6821,#6847,#6873,#6899,#6925,#6951,#6977,
    #7003,#7029,#7055,#7081,#7107,#7133,#7152,#7183,#7209,#7235,#7261,
    #7287,#7313,#7339,#7365,#7391,#7417,#7443,#7469,#7495,#7521,#7547,
    #7573,#7597,#7623,#7649,#7675,#7701,#7727,#7753,#7779,#7805,#7831,
    #7857,#7883,#7909,#7935,#7961,#7987,#8006,#8037,#8063,#8089,#8115,
    #8141,#8167,#8193,#8219,#8245,#8271,#8297,#8323,#8349,#8375,#8401,
    #8427,#8451,#8477,#8503,#8529,#8555,#8581,#8607,#8633,#8659,#8685,
    #8711,#8737,#8763,#8789,#8815,#8841,#8860,#8877,#8908,#8932,#8957,
    #8981,#9006,#9023,#9040,#9064,#9080,#9181,#9193,#9279,#9299,#9317,
    #9398,#9456,#9492,#9609,#9650,#9691,#9757,#9795,#9828,#9859,#9890,
    #9923,#9952,#9985,#10016,#10040,#10078,#10109,#10142,#10175,#10206,
    #10237,#10270,#10296,#10327,#10351,#10375,#10399,#10423,#10448,
    #10472,#10489,#10520,#10544,#10572,#10601,#10618,#10654,#10678,
    #10707,#10738,#10769,#10798,#10829,#10860,#10891,#10913,#10944,
    #10968,#10993,#11017,#11042,#11059,#11076,#11092,#11130,#11143,
    #11161,#11227,#11252,#11277,#11406,#11430,#11455,#11513,#11538,
    #11555,#11598,#11642,#11725,#11756,#11780,#11804,#11828,#11852,
    #11876,#11900,#11924,#11948,#11972,#11996,#12013,#12044,#12068,
    #12092,#12109,#12131,#12148,#12165,#12177,#12199,#12216,#12233,
    #12245,#12265));
#43 = ADVANCED_FACE('',(#44),#80,.T.);
#44 = FACE_BOUND('',#45,.T.);
#45 = EDGE_LOOP('',(#46,#56,#65,#73));
#46 = ORIENTED_EDGE('',*,*,#47,.T.);
#47 = EDGE_CURVE('',#48,#50,#52,.T.);
#48 = VERTEX_POINT('',#49);
#49 = CARTESIAN_POINT('',(-16.11455,5.9,0.));
#50 = VERTEX_POINT('',#51);
#51 = CARTESIAN_POINT('',(-16.11455,5.9,-2.5));
#52 = LINE('',#53,#54);
#53 = CARTESIAN_POINT('',(-16.11455,5.9,0.));
#54 = VECTOR('',#55,1.);
#55 = DIRECTION('',(-0.,-0.,-1.));
#56 = ORIENTED_EDGE('',*,*,#57,.T.);
#57 = EDGE_CURVE('',#50,#58,#60,.T.);
#58 = VERTEX_POINT('',#59);
#59 = CARTESIAN_POINT('',(-16.6,5.41455,-2.5));
#60 = CIRCLE('',#61,0.48545);
#61 = AXIS2_PLACEMENT_3D('',#62,#63,#64);
#62 = CARTESIAN_POINT('',(-16.11455,5.41455,-2.5));
#63 = DIRECTION('',(0.,0.,1.));
#64 = DIRECTION('',(1.,0.,0.));
#65 = ORIENTED_EDGE('',*,*,#66,.F.);
#66 = EDGE_CURVE('',#67,#58,#69,.T.);
#67 = VERTEX_POINT('',#68);
#68 = CARTESIAN_POINT('',(-16.6,5.41455,0.));
#69 = LINE('',#70,#71);
#70 = CARTESIAN_POINT('',(-16.6,5.41455,0.));
#71 = VECTOR('',#72,1.);
#72 = DIRECTION('',(-0.,-0.,-1.));
#73 = ORIENTED_EDGE('',*,*,#74,.F.);
#74 = EDGE_CURVE('',#48,#67,#75,.T.);
#75 = CIRCLE('',#76,0.48545);
#76 = AXIS2_PLACEMENT_3D('',#77,#78,#79);
#77 = CARTESIAN_POINT('',(-16.11455,5.41455,0.));
#78 = DIRECTION('',(0.,0.,1.));
#79 = DIRECTION('',(1.,0.,0.));
#80 = CYLINDRICAL_SURFACE('',#81,0.48545);
#81 = AXIS2_PLACEMENT_3D('',#82,#83,#84);
#82 = CARTESIAN_POINT('',(-16.11455,5.41455,0.));
#83 = DIRECTION('',(0.,0.,1.));
#84 = DIRECTION('',(1.,0.,0.));
#85 = ADVANCED_FACE('',(#86),#111,.F.);
#86 = FACE_BOUND('',#87,.F.);
#87 = EDGE_LOOP('',(#88,#89,#97,#105));
#88 = ORIENTED_EDGE('',*,*,#47,.T.);
#89 = ORIENTED_EDGE('',*,*,#90,.T.);
#90 = EDGE_CURVE('',#50,#91,#93,.T.);
#91 = VERTEX_POINT('',#92);
#92 = CARTESIAN_POINT('',(-13.16734975381,5.9,-2.5));
#93 = LINE('',#94,#95);
#94 = CARTESIAN_POINT('',(-16.11455,5.9,-2.5));
#95 = VECTOR('',#96,1.);
#96 = DIRECTION('',(1.,0.,0.));
#97 = ORIENTED_EDGE('',*,*,#98,.F.);
#98 = EDGE_CURVE('',#99,#91,#101,.T.);
#99 = VERTEX_POINT('',#100);
#100 = CARTESIAN_POINT('',(-13.16734975381,5.9,0.));
#101 = LINE('',#102,#103);
#102 = CARTESIAN_POINT('',(-13.16734975381,5.9,0.));
#103 = VECTOR('',#104,1.);
#104 = DIRECTION('',(-0.,-0.,-1.));
#105 = ORIENTED_EDGE('',*,*,#106,.F.);
#106 = EDGE_CURVE('',#48,#99,#107,.T.);
#107 = LINE('',#108,#109);
#108 = CARTESIAN_POINT('',(-16.11455,5.9,0.));
#109 = VECTOR('',#110,1.);
#110 = DIRECTION('',(1.,0.,0.));
#111 = PLANE('',#112);
#112 = AXIS2_PLACEMENT_3D('',#113,#114,#115);
#113 = CARTESIAN_POINT('',(-16.11455,5.9,0.));
#114 = DIRECTION('',(0.,-1.,0.));
#115 = DIRECTION('',(1.,0.,0.));
#116 = ADVANCED_FACE('',(#117),#142,.T.);
#117 = FACE_BOUND('',#118,.T.);
#118 = EDGE_LOOP('',(#119,#120,#128,#136));
#119 = ORIENTED_EDGE('',*,*,#66,.T.);
#120 = ORIENTED_EDGE('',*,*,#121,.T.);
#121 = EDGE_CURVE('',#58,#122,#124,.T.);
#122 = VERTEX_POINT('',#123);
#123 = CARTESIAN_POINT('',(-16.6,-5.41455,-2.5));
#124 = LINE('',#125,#126);
#125 = CARTESIAN_POINT('',(-16.6,0.,-2.5));
#126 = VECTOR('',#127,1.);
#127 = DIRECTION('',(0.,-1.,0.));
#128 = ORIENTED_EDGE('',*,*,#129,.F.);
#129 = EDGE_CURVE('',#130,#122,#132,.T.);
#130 = VERTEX_POINT('',#131);
#131 = CARTESIAN_POINT('',(-16.6,-5.41455,0.));
#132 = LINE('',#133,#134);
#133 = CARTESIAN_POINT('',(-16.6,-5.41455,0.));
#134 = VECTOR('',#135,1.);
#135 = DIRECTION('',(-0.,-0.,-1.));
#136 = ORIENTED_EDGE('',*,*,#137,.T.);
#137 = EDGE_CURVE('',#130,#67,#138,.T.);
#138 = LINE('',#139,#140);
#139 = CARTESIAN_POINT('',(-16.6,0.,0.));
#140 = VECTOR('',#141,1.);
#141 = DIRECTION('',(0.,1.,0.));
#142 = PLANE('',#143);
#143 = AXIS2_PLACEMENT_3D('',#144,#145,#146);
#144 = CARTESIAN_POINT('',(-16.6,6.663453794331E-17,-1.25));
#145 = DIRECTION('',(-1.,-0.,-0.));
#146 = DIRECTION('',(0.,0.,-1.));
#147 = ADVANCED_FACE('',(#148,#330,#470,#536,#801,#820,#854,#1010,#1108,
    #1190,#1242,#1270,#1336,#1635,#1932,#2309),#2686,.T.);
#148 = FACE_BOUND('',#149,.T.);
#149 = EDGE_LOOP('',(#150,#151,#160,#168,#177,#185,#194,#202,#211,#219,
    #228,#236,#245,#253,#262,#270,#279,#287,#296,#304,#313,#321,#328,
    #329));
#150 = ORIENTED_EDGE('',*,*,#137,.F.);
#151 = ORIENTED_EDGE('',*,*,#152,.T.);
#152 = EDGE_CURVE('',#130,#153,#155,.T.);
#153 = VERTEX_POINT('',#154);
#154 = CARTESIAN_POINT('',(-16.11455,-5.9,0.));
#155 = CIRCLE('',#156,0.48545);
#156 = AXIS2_PLACEMENT_3D('',#157,#158,#159);
#157 = CARTESIAN_POINT('',(-16.11455,-5.41455,0.));
#158 = DIRECTION('',(0.,0.,1.));
#159 = DIRECTION('',(1.,0.,0.));
#160 = ORIENTED_EDGE('',*,*,#161,.T.);
#161 = EDGE_CURVE('',#153,#162,#164,.T.);
#162 = VERTEX_POINT('',#163);
#163 = CARTESIAN_POINT('',(-13.16734975381,-5.9,0.));
#164 = LINE('',#165,#166);
#165 = CARTESIAN_POINT('',(-16.11455,-5.9,0.));
#166 = VECTOR('',#167,1.);
#167 = DIRECTION('',(1.,0.,0.));
#168 = ORIENTED_EDGE('',*,*,#169,.F.);
#169 = EDGE_CURVE('',#170,#162,#172,.T.);
#170 = VERTEX_POINT('',#171);
#171 = CARTESIAN_POINT('',(-12.8118215137,-6.018395553265,0.));
#172 = CIRCLE('',#173,0.593003);
#173 = AXIS2_PLACEMENT_3D('',#174,#175,#176);
#174 = CARTESIAN_POINT('',(-13.16734975381,-6.493003,0.));
#175 = DIRECTION('',(0.,0.,1.));
#176 = DIRECTION('',(1.,0.,0.));
#177 = ORIENTED_EDGE('',*,*,#178,.T.);
#178 = EDGE_CURVE('',#170,#179,#181,.T.);
#179 = VERTEX_POINT('',#180);
#180 = CARTESIAN_POINT('',(-10.46871151069,-7.77361827781,0.));
#181 = LINE('',#182,#183);
#182 = CARTESIAN_POINT('',(-12.8118215137,-6.018395553265,0.));
#183 = VECTOR('',#184,1.);
#184 = DIRECTION('',(0.800345776892,-0.599538687167,0.));
#185 = ORIENTED_EDGE('',*,*,#186,.T.);
#186 = EDGE_CURVE('',#179,#187,#189,.T.);
#187 = VERTEX_POINT('',#188);
#188 = CARTESIAN_POINT('',(-10.0892017231,-7.9,0.));
#189 = CIRCLE('',#190,0.633003);
#190 = AXIS2_PLACEMENT_3D('',#191,#192,#193);
#191 = CARTESIAN_POINT('',(-10.0892017231,-7.266997,0.));
#192 = DIRECTION('',(0.,0.,1.));
#193 = DIRECTION('',(1.,0.,0.));
#194 = ORIENTED_EDGE('',*,*,#195,.T.);
#195 = EDGE_CURVE('',#187,#196,#198,.T.);
#196 = VERTEX_POINT('',#197);
#197 = CARTESIAN_POINT('',(10.0892017231,-7.9,0.));
#198 = LINE('',#199,#200);
#199 = CARTESIAN_POINT('',(-10.0892017231,-7.9,0.));
#200 = VECTOR('',#201,1.);
#201 = DIRECTION('',(1.,0.,0.));
#202 = ORIENTED_EDGE('',*,*,#203,.T.);
#203 = EDGE_CURVE('',#196,#204,#206,.T.);
#204 = VERTEX_POINT('',#205);
#205 = CARTESIAN_POINT('',(10.468711510693,-7.77361827781,0.));
#206 = CIRCLE('',#207,0.633003);
#207 = AXIS2_PLACEMENT_3D('',#208,#209,#210);
#208 = CARTESIAN_POINT('',(10.0892017231,-7.266997,0.));
#209 = DIRECTION('',(0.,0.,1.));
#210 = DIRECTION('',(1.,0.,0.));
#211 = ORIENTED_EDGE('',*,*,#212,.F.);
#212 = EDGE_CURVE('',#213,#204,#215,.T.);
#213 = VERTEX_POINT('',#214);
#214 = CARTESIAN_POINT('',(12.811821513706,-6.018395553265,0.));
#215 = LINE('',#216,#217);
#216 = CARTESIAN_POINT('',(12.811821513706,-6.018395553265,0.));
#217 = VECTOR('',#218,1.);
#218 = DIRECTION('',(-0.800345776892,-0.599538687167,0.));
#219 = ORIENTED_EDGE('',*,*,#220,.F.);
#220 = EDGE_CURVE('',#221,#213,#223,.T.);
#221 = VERTEX_POINT('',#222);
#222 = CARTESIAN_POINT('',(13.167349753812,-5.9,0.));
#223 = CIRCLE('',#224,0.593003);
#224 = AXIS2_PLACEMENT_3D('',#225,#226,#227);
#225 = CARTESIAN_POINT('',(13.167349753812,-6.493003,0.));
#226 = DIRECTION('',(0.,0.,1.));
#227 = DIRECTION('',(1.,0.,0.));
#228 = ORIENTED_EDGE('',*,*,#229,.F.);
#229 = EDGE_CURVE('',#230,#221,#232,.T.);
#230 = VERTEX_POINT('',#231);
#231 = CARTESIAN_POINT('',(16.11455,-5.9,0.));
#232 = LINE('',#233,#234);
#233 = CARTESIAN_POINT('',(16.11455,-5.9,0.));
#234 = VECTOR('',#235,1.);
#235 = DIRECTION('',(-1.,0.,0.));
#236 = ORIENTED_EDGE('',*,*,#237,.T.);
#237 = EDGE_CURVE('',#230,#238,#240,.T.);
#238 = VERTEX_POINT('',#239);
#239 = CARTESIAN_POINT('',(16.6,-5.41455,0.));
#240 = CIRCLE('',#241,0.48545);
#241 = AXIS2_PLACEMENT_3D('',#242,#243,#244);
#242 = CARTESIAN_POINT('',(16.11455,-5.41455,0.));
#243 = DIRECTION('',(0.,0.,1.));
#244 = DIRECTION('',(1.,0.,0.));
#245 = ORIENTED_EDGE('',*,*,#246,.F.);
#246 = EDGE_CURVE('',#247,#238,#249,.T.);
#247 = VERTEX_POINT('',#248);
#248 = CARTESIAN_POINT('',(16.6,5.41455,0.));
#249 = LINE('',#250,#251);
#250 = CARTESIAN_POINT('',(16.6,0.,0.));
#251 = VECTOR('',#252,1.);
#252 = DIRECTION('',(0.,-1.,0.));
#253 = ORIENTED_EDGE('',*,*,#254,.T.);
#254 = EDGE_CURVE('',#247,#255,#257,.T.);
#255 = VERTEX_POINT('',#256);
#256 = CARTESIAN_POINT('',(16.11455,5.9,0.));
#257 = CIRCLE('',#258,0.48545);
#258 = AXIS2_PLACEMENT_3D('',#259,#260,#261);
#259 = CARTESIAN_POINT('',(16.11455,5.41455,0.));
#260 = DIRECTION('',(0.,0.,1.));
#261 = DIRECTION('',(1.,0.,0.));
#262 = ORIENTED_EDGE('',*,*,#263,.T.);
#263 = EDGE_CURVE('',#255,#264,#266,.T.);
#264 = VERTEX_POINT('',#265);
#265 = CARTESIAN_POINT('',(13.167349753812,5.9,0.));
#266 = LINE('',#267,#268);
#267 = CARTESIAN_POINT('',(16.11455,5.9,0.));
#268 = VECTOR('',#269,1.);
#269 = DIRECTION('',(-1.,0.,0.));
#270 = ORIENTED_EDGE('',*,*,#271,.F.);
#271 = EDGE_CURVE('',#272,#264,#274,.T.);
#272 = VERTEX_POINT('',#273);
#273 = CARTESIAN_POINT('',(12.811821513706,6.018395553265,0.));
#274 = CIRCLE('',#275,0.593003);
#275 = AXIS2_PLACEMENT_3D('',#276,#277,#278);
#276 = CARTESIAN_POINT('',(13.167349753812,6.493003,0.));
#277 = DIRECTION('',(0.,0.,1.));
#278 = DIRECTION('',(1.,0.,0.));
#279 = ORIENTED_EDGE('',*,*,#280,.T.);
#280 = EDGE_CURVE('',#272,#281,#283,.T.);
#281 = VERTEX_POINT('',#282);
#282 = CARTESIAN_POINT('',(10.468711510693,7.77361827781,0.));
#283 = LINE('',#284,#285);
#284 = CARTESIAN_POINT('',(12.811821513706,6.018395553265,0.));
#285 = VECTOR('',#286,1.);
#286 = DIRECTION('',(-0.800345776892,0.599538687167,0.));
#287 = ORIENTED_EDGE('',*,*,#288,.T.);
#288 = EDGE_CURVE('',#281,#289,#291,.T.);
#289 = VERTEX_POINT('',#290);
#290 = CARTESIAN_POINT('',(10.0892017231,7.9,0.));
#291 = CIRCLE('',#292,0.633003);
#292 = AXIS2_PLACEMENT_3D('',#293,#294,#295);
#293 = CARTESIAN_POINT('',(10.0892017231,7.266997,0.));
#294 = DIRECTION('',(0.,0.,1.));
#295 = DIRECTION('',(1.,0.,0.));
#296 = ORIENTED_EDGE('',*,*,#297,.T.);
#297 = EDGE_CURVE('',#289,#298,#300,.T.);
#298 = VERTEX_POINT('',#299);
#299 = CARTESIAN_POINT('',(-10.0892017231,7.9,0.));
#300 = LINE('',#301,#302);
#301 = CARTESIAN_POINT('',(10.0892017231,7.9,0.));
#302 = VECTOR('',#303,1.);
#303 = DIRECTION('',(-1.,0.,0.));
#304 = ORIENTED_EDGE('',*,*,#305,.T.);
#305 = EDGE_CURVE('',#298,#306,#308,.T.);
#306 = VERTEX_POINT('',#307);
#307 = CARTESIAN_POINT('',(-10.46871151069,7.77361827781,0.));
#308 = CIRCLE('',#309,0.633003);
#309 = AXIS2_PLACEMENT_3D('',#310,#311,#312);
#310 = CARTESIAN_POINT('',(-10.0892017231,7.266997,0.));
#311 = DIRECTION('',(0.,0.,1.));
#312 = DIRECTION('',(1.,0.,0.));
#313 = ORIENTED_EDGE('',*,*,#314,.F.);
#314 = EDGE_CURVE('',#315,#306,#317,.T.);
#315 = VERTEX_POINT('',#316);
#316 = CARTESIAN_POINT('',(-12.8118215137,6.018395553265,0.));
#317 = LINE('',#318,#319);
#318 = CARTESIAN_POINT('',(-12.8118215137,6.018395553265,0.));
#319 = VECTOR('',#320,1.);
#320 = DIRECTION('',(0.800345776892,0.599538687167,0.));
#321 = ORIENTED_EDGE('',*,*,#322,.F.);
#322 = EDGE_CURVE('',#99,#315,#323,.T.);
#323 = CIRCLE('',#324,0.593003);
#324 = AXIS2_PLACEMENT_3D('',#325,#326,#327);
#325 = CARTESIAN_POINT('',(-13.16734975381,6.493003,0.));
#326 = DIRECTION('',(0.,0.,1.));
#327 = DIRECTION('',(1.,0.,0.));
#328 = ORIENTED_EDGE('',*,*,#106,.F.);
#329 = ORIENTED_EDGE('',*,*,#74,.T.);
#330 = FACE_BOUND('',#331,.T.);
#331 = EDGE_LOOP('',(#332,#342,#350,#358,#366,#377,#387,#395,#403,#411,
    #419,#427,#435,#445,#456,#464));
#332 = ORIENTED_EDGE('',*,*,#333,.F.);
#333 = EDGE_CURVE('',#334,#336,#338,.T.);
#334 = VERTEX_POINT('',#335);
#335 = CARTESIAN_POINT('',(-4.504641978488,-6.061900436047,0.));
#336 = VERTEX_POINT('',#337);
#337 = CARTESIAN_POINT('',(-5.1999999,-7.,0.));
#338 = LINE('',#339,#340);
#339 = CARTESIAN_POINT('',(-2.60365044468,-3.497294103429,
    2.775557561563E-17));
#340 = VECTOR('',#341,1.);
#341 = DIRECTION('',(-0.595487056727,-0.803364901692,0.));
#342 = ORIENTED_EDGE('',*,*,#343,.F.);
#343 = EDGE_CURVE('',#344,#334,#346,.T.);
#344 = VERTEX_POINT('',#345);
#345 = CARTESIAN_POINT('',(-5.117832385465,-5.2,0.));
#346 = LINE('',#347,#348);
#347 = CARTESIAN_POINT('',(-5.179432774464,-5.113414493223,0.));
#348 = VECTOR('',#349,1.);
#349 = DIRECTION('',(0.579701732799,-0.814828755623,0.));
#350 = ORIENTED_EDGE('',*,*,#351,.F.);
#351 = EDGE_CURVE('',#352,#344,#354,.T.);
#352 = VERTEX_POINT('',#353);
#353 = CARTESIAN_POINT('',(-4.834538417442,-5.2,0.));
#354 = LINE('',#355,#356);
#355 = CARTESIAN_POINT('',(-2.558916192733,-5.2,0.));
#356 = VECTOR('',#357,1.);
#357 = DIRECTION('',(-1.,0.,0.));
#358 = ORIENTED_EDGE('',*,*,#359,.F.);
#359 = EDGE_CURVE('',#360,#352,#362,.T.);
#360 = VERTEX_POINT('',#361);
#361 = CARTESIAN_POINT('',(-4.50832112093,-5.661119186047,0.));
#362 = LINE('',#363,#364);
#363 = CARTESIAN_POINT('',(-5.254113492715,-4.606916434953,0.));
#364 = VECTOR('',#365,1.);
#365 = DIRECTION('',(-0.577535312124,0.816365704356,0.));
#366 = ORIENTED_EDGE('',*,*,#367,.F.);
#367 = EDGE_CURVE('',#368,#360,#370,.T.);
#368 = VERTEX_POINT('',#369);
#369 = CARTESIAN_POINT('',(-4.363608184884,-5.881867732558,0.));
#370 = B_SPLINE_CURVE_WITH_KNOTS('',5,(#371,#372,#373,#374,#375,#376),
  .UNSPECIFIED.,.F.,.F.,(6,6),(0.,1.),.PIECEWISE_BEZIER_KNOTS.);
#371 = CARTESIAN_POINT('',(-4.363608184884,-5.881867732558,0.));
#372 = CARTESIAN_POINT('',(-4.381114441465,-5.850356470711,0.));
#373 = CARTESIAN_POINT('',(-4.404608621046,-5.812197956784,0.));
#374 = CARTESIAN_POINT('',(-4.433863780046,-5.767675644579,0.));
#375 = CARTESIAN_POINT('',(-4.468552667328,-5.717178331486,0.));
#376 = CARTESIAN_POINT('',(-4.50832112093,-5.661119186047,0.));
#377 = ORIENTED_EDGE('',*,*,#378,.F.);
#378 = EDGE_CURVE('',#379,#368,#381,.T.);
#379 = VERTEX_POINT('',#380);
#380 = CARTESIAN_POINT('',(-4.221348010465,-5.677062136628,0.));
#381 = B_SPLINE_CURVE_WITH_KNOTS('',4,(#382,#383,#384,#385,#386),
  .UNSPECIFIED.,.F.,.F.,(5,5),(0.,1.),.PIECEWISE_BEZIER_KNOTS.);
#382 = CARTESIAN_POINT('',(-4.221348010465,-5.677062136628,0.));
#383 = CARTESIAN_POINT('',(-4.262236354755,-5.730155956825,0.));
#384 = CARTESIAN_POINT('',(-4.299618615074,-5.782011920004,0.));
#385 = CARTESIAN_POINT('',(-4.333427815509,-5.83259366011,0.));
#386 = CARTESIAN_POINT('',(-4.363608184884,-5.881867732558,0.));
#387 = ORIENTED_EDGE('',*,*,#388,.F.);
#388 = EDGE_CURVE('',#389,#379,#391,.T.);
#389 = VERTEX_POINT('',#390);
#390 = CARTESIAN_POINT('',(-3.859565670349,-5.2,0.));
#391 = LINE('',#392,#393);
#392 = CARTESIAN_POINT('',(-2.084047455601,-2.858723438857,0.));
#393 = VECTOR('',#394,1.);
#394 = DIRECTION('',(-0.604251979837,-0.796793288666,0.));
#395 = ORIENTED_EDGE('',*,*,#396,.F.);
#396 = EDGE_CURVE('',#397,#389,#399,.T.);
#397 = VERTEX_POINT('',#398);
#398 = CARTESIAN_POINT('',(-3.600799318605,-5.2,0.));
#399 = LINE('',#400,#401);
#400 = CARTESIAN_POINT('',(-1.929782835174,-5.2,0.));
#401 = VECTOR('',#402,1.);
#402 = DIRECTION('',(-1.,0.,0.));
#403 = ORIENTED_EDGE('',*,*,#404,.F.);
#404 = EDGE_CURVE('',#405,#397,#407,.T.);
#405 = VERTEX_POINT('',#406);
#406 = CARTESIAN_POINT('',(-4.232385437791,-6.048410247093,0.));
#407 = LINE('',#408,#409);
#408 = CARTESIAN_POINT('',(-1.713453125379,-2.664726026265,0.));
#409 = VECTOR('',#410,1.);
#410 = DIRECTION('',(0.597139181737,0.802137642574,-0.));
#411 = ORIENTED_EDGE('',*,*,#412,.F.);
#412 = EDGE_CURVE('',#413,#405,#415,.T.);
#413 = VERTEX_POINT('',#414);
#414 = CARTESIAN_POINT('',(-3.551744086047,-7.,0.));
#415 = LINE('',#416,#417);
#416 = CARTESIAN_POINT('',(-4.947157731725,-5.049102772125,0.));
#417 = VECTOR('',#418,1.);
#418 = DIRECTION('',(-0.581766907056,0.813355559306,0.));
#419 = ORIENTED_EDGE('',*,*,#420,.F.);
#420 = EDGE_CURVE('',#421,#413,#423,.T.);
#421 = VERTEX_POINT('',#422);
#422 = CARTESIAN_POINT('',(-3.846075481395,-7.,0.));
#423 = LINE('',#424,#425);
#424 = CARTESIAN_POINT('',(-1.775872043023,-7.,0.));
#425 = VECTOR('',#426,1.);
#426 = DIRECTION('',(1.,0.,-0.));
#427 = ORIENTED_EDGE('',*,*,#428,.F.);
#428 = EDGE_CURVE('',#429,#421,#431,.T.);
#429 = VERTEX_POINT('',#430);
#430 = CARTESIAN_POINT('',(-4.298610001744,-6.358602834302,0.));
#431 = LINE('',#432,#433);
#432 = CARTESIAN_POINT('',(-4.855647983016,-5.569088297161,0.));
#433 = VECTOR('',#434,1.);
#434 = DIRECTION('',(0.576499167389,-0.817097735892,0.));
#435 = ORIENTED_EDGE('',*,*,#436,.F.);
#436 = EDGE_CURVE('',#437,#429,#439,.T.);
#437 = VERTEX_POINT('',#438);
#438 = CARTESIAN_POINT('',(-4.377098373837,-6.238417514535,0.));
#439 = B_SPLINE_CURVE_WITH_KNOTS('',4,(#440,#441,#442,#443,#444),
  .UNSPECIFIED.,.F.,.F.,(5,5),(0.,1.),.PIECEWISE_BEZIER_KNOTS.);
#440 = CARTESIAN_POINT('',(-4.377098373837,-6.238417514535,0.));
#441 = CARTESIAN_POINT('',(-4.356890909557,-6.270871926864,0.));
#442 = CARTESIAN_POINT('',(-4.337071740635,-6.301726775784,0.));
#443 = CARTESIAN_POINT('',(-4.317643859196,-6.330973041227,0.));
#444 = CARTESIAN_POINT('',(-4.298610001744,-6.358602834302,0.));
#445 = ORIENTED_EDGE('',*,*,#446,.F.);
#446 = EDGE_CURVE('',#447,#437,#449,.T.);
#447 = VERTEX_POINT('',#448);
#448 = CARTESIAN_POINT('',(-4.462945030814,-6.37331940407,0.));
#449 = B_SPLINE_CURVE_WITH_KNOTS('',5,(#450,#451,#452,#453,#454,#455),
  .UNSPECIFIED.,.F.,.F.,(6,6),(0.,1.),.PIECEWISE_BEZIER_KNOTS.);
#450 = CARTESIAN_POINT('',(-4.462945030814,-6.37331940407,0.));
#451 = CARTESIAN_POINT('',(-4.452546289925,-6.358464059943,0.));
#452 = CARTESIAN_POINT('',(-4.438681198866,-6.337407166317,0.));
#453 = CARTESIAN_POINT('',(-4.421410766014,-6.310251553226,0.));
#454 = CARTESIAN_POINT('',(-4.400839352051,-6.277178295292,0.));
#455 = CARTESIAN_POINT('',(-4.377098373837,-6.238417514535,0.));
#456 = ORIENTED_EDGE('',*,*,#457,.F.);
#457 = EDGE_CURVE('',#458,#447,#460,.T.);
#458 = VERTEX_POINT('',#459);
#459 = CARTESIAN_POINT('',(-4.914253170349,-7.,0.));
#460 = LINE('',#461,#462);
#461 = CARTESIAN_POINT('',(-2.189710170774,-3.216735128307,0.));
#462 = VECTOR('',#463,1.);
#463 = DIRECTION('',(0.584388390386,0.811474096433,-0.));
#464 = ORIENTED_EDGE('',*,*,#465,.F.);
#465 = EDGE_CURVE('',#336,#458,#466,.T.);
#466 = LINE('',#467,#468);
#467 = CARTESIAN_POINT('',(-2.457126585174,-7.,0.));
#468 = VECTOR('',#469,1.);
#469 = DIRECTION('',(1.,0.,-0.));
#470 = FACE_BOUND('',#471,.T.);
#471 = EDGE_LOOP('',(#472,#482,#490,#498,#506,#514,#522,#530));
#472 = ORIENTED_EDGE('',*,*,#473,.F.);
#473 = EDGE_CURVE('',#474,#476,#478,.T.);
#474 = VERTEX_POINT('',#475);
#475 = CARTESIAN_POINT('',(-2.885410510465,-5.407994186047,0.));
#476 = VERTEX_POINT('',#477);
#477 = CARTESIAN_POINT('',(-2.885410510465,-7.,0.));
#478 = LINE('',#479,#480);
#479 = CARTESIAN_POINT('',(-2.885410510465,-3.5,0.));
#480 = VECTOR('',#481,1.);
#481 = DIRECTION('',(0.,-1.,0.));
#482 = ORIENTED_EDGE('',*,*,#483,.F.);
#483 = EDGE_CURVE('',#484,#474,#486,.T.);
#484 = VERTEX_POINT('',#485);
#485 = CARTESIAN_POINT('',(-3.477752443605,-5.407994186047,0.));
#486 = LINE('',#487,#488);
#487 = CARTESIAN_POINT('',(-1.442705255233,-5.407994186047,0.));
#488 = VECTOR('',#489,1.);
#489 = DIRECTION('',(1.,0.,-0.));
#490 = ORIENTED_EDGE('',*,*,#491,.F.);
#491 = EDGE_CURVE('',#492,#484,#494,.T.);
#492 = VERTEX_POINT('',#493);
#493 = CARTESIAN_POINT('',(-3.477752443605,-5.2,0.));
#494 = LINE('',#495,#496);
#495 = CARTESIAN_POINT('',(-3.477752443605,-2.703997093023,0.));
#496 = VECTOR('',#497,1.);
#497 = DIRECTION('',(0.,-1.,0.));
#498 = ORIENTED_EDGE('',*,*,#499,.F.);
#499 = EDGE_CURVE('',#500,#492,#502,.T.);
#500 = VERTEX_POINT('',#501);
#501 = CARTESIAN_POINT('',(-2.052697937791,-5.2,0.));
#502 = LINE('',#503,#504);
#503 = CARTESIAN_POINT('',(-1.738876221802,-5.2,0.));
#504 = VECTOR('',#505,1.);
#505 = DIRECTION('',(-1.,0.,0.));
#506 = ORIENTED_EDGE('',*,*,#507,.F.);
#507 = EDGE_CURVE('',#508,#500,#510,.T.);
#508 = VERTEX_POINT('',#509);
#509 = CARTESIAN_POINT('',(-2.052697937791,-5.407994186047,0.));
#510 = LINE('',#511,#512);
#511 = CARTESIAN_POINT('',(-2.052697937791,-2.6,0.));
#512 = VECTOR('',#513,1.);
#513 = DIRECTION('',(0.,1.,0.));
#514 = ORIENTED_EDGE('',*,*,#515,.F.);
#515 = EDGE_CURVE('',#516,#508,#518,.T.);
#516 = VERTEX_POINT('',#517);
#517 = CARTESIAN_POINT('',(-2.647492632558,-5.407994186047,0.));
#518 = LINE('',#519,#520);
#519 = CARTESIAN_POINT('',(-1.026348968895,-5.407994186047,0.));
#520 = VECTOR('',#521,1.);
#521 = DIRECTION('',(1.,0.,-0.));
#522 = ORIENTED_EDGE('',*,*,#523,.F.);
#523 = EDGE_CURVE('',#524,#516,#526,.T.);
#524 = VERTEX_POINT('',#525);
#525 = CARTESIAN_POINT('',(-2.647492632558,-7.,0.));
#526 = LINE('',#527,#528);
#527 = CARTESIAN_POINT('',(-2.647492632558,-2.703997093023,0.));
#528 = VECTOR('',#529,1.);
#529 = DIRECTION('',(0.,1.,0.));
#530 = ORIENTED_EDGE('',*,*,#531,.F.);
#531 = EDGE_CURVE('',#476,#524,#532,.T.);
#532 = LINE('',#533,#534);
#533 = CARTESIAN_POINT('',(-1.323746316279,-7.,0.));
#534 = VECTOR('',#535,1.);
#535 = DIRECTION('',(1.,0.,-0.));
#536 = FACE_BOUND('',#537,.T.);
#537 = EDGE_LOOP('',(#538,#548,#559,#572,#585,#596,#608,#623,#636,#651,
    #666,#679,#694,#709,#724,#741,#758,#773,#788));
#538 = ORIENTED_EDGE('',*,*,#539,.F.);
#539 = EDGE_CURVE('',#540,#542,#544,.T.);
#540 = VERTEX_POINT('',#541);
#541 = CARTESIAN_POINT('',(-0.97331930407,-5.65523255814,0.));
#542 = VERTEX_POINT('',#543);
#543 = CARTESIAN_POINT('',(-0.753797138372,-5.638063226744,0.));
#544 = LINE('',#545,#546);
#545 = CARTESIAN_POINT('',(-0.160047711366,-5.591624724073,0.));
#546 = VECTOR('',#547,1.);
#547 = DIRECTION('',(0.996955380034,7.797416380157E-02,-0.));
#548 = ORIENTED_EDGE('',*,*,#549,.F.);
#549 = EDGE_CURVE('',#550,#540,#552,.T.);
#550 = VERTEX_POINT('',#551);
#551 = CARTESIAN_POINT('',(-1.056713199419,-5.467759811047,0.));
#552 = B_SPLINE_CURVE_WITH_KNOTS('',5,(#553,#554,#555,#556,#557,#558),
  .UNSPECIFIED.,.F.,.F.,(6,6),(0.,1.),.PIECEWISE_BEZIER_KNOTS.);
#553 = CARTESIAN_POINT('',(-1.056713199419,-5.467759811047,0.));
#554 = CARTESIAN_POINT('',(-1.034933532867,-5.491321450316,0.));
#555 = CARTESIAN_POINT('',(-1.015711057068,-5.522019110043,0.));
#556 = CARTESIAN_POINT('',(-0.999058790387,-5.559729838672,0.));
#557 = CARTESIAN_POINT('',(-0.984947485496,-5.604230062382,0.));
#558 = CARTESIAN_POINT('',(-0.97331930407,-5.65523255814,0.));
#559 = ORIENTED_EDGE('',*,*,#560,.F.);
#560 = EDGE_CURVE('',#561,#550,#563,.T.);
#561 = VERTEX_POINT('',#562);
#562 = CARTESIAN_POINT('',(-1.27746174593,-5.37398255814,0.));
#563 = B_SPLINE_CURVE_WITH_KNOTS('',4,(#564,#565,#566,#567,#568,#569,
    #570,#571),.UNSPECIFIED.,.F.,.F.,(5,3,5),(0.,0.519065020781,1.),
  .UNSPECIFIED.);
#564 = CARTESIAN_POINT('',(-1.27746174593,-5.37398255814,0.));
#565 = CARTESIAN_POINT('',(-1.243530419566,-5.37398255814,0.));
#566 = CARTESIAN_POINT('',(-1.211337687371,-5.378162536651,0.));
#567 = CARTESIAN_POINT('',(-1.180971497149,-5.386589921065,0.));
#568 = CARTESIAN_POINT('',(-1.126089295425,-5.410965618113,0.));
#569 = CARTESIAN_POINT('',(-1.101307134222,-5.426316052465,0.));
#570 = CARTESIAN_POINT('',(-1.078178564624,-5.445275086032,0.));
#571 = CARTESIAN_POINT('',(-1.056713199419,-5.467759811047,0.));
#572 = ORIENTED_EDGE('',*,*,#573,.F.);
#573 = EDGE_CURVE('',#574,#561,#576,.T.);
#574 = VERTEX_POINT('',#575);
#575 = CARTESIAN_POINT('',(-1.462645248837,-5.432521802326,0.));
#576 = B_SPLINE_CURVE_WITH_KNOTS('',4,(#577,#578,#579,#580,#581,#582,
    #583,#584),.UNSPECIFIED.,.F.,.F.,(5,3,5),(0.,0.33580795938,1.),
  .UNSPECIFIED.);
#577 = CARTESIAN_POINT('',(-1.462645248837,-5.432521802326,0.));
#578 = CARTESIAN_POINT('',(-1.449261104762,-5.42269303601,0.));
#579 = CARTESIAN_POINT('',(-1.435385022713,-5.413958618202,0.));
#580 = CARTESIAN_POINT('',(-1.4210196521,-5.406324382076,0.));
#581 = CARTESIAN_POINT('',(-1.376797232537,-5.386872474672,0.));
#582 = CARTESIAN_POINT('',(-1.345528106418,-5.378264295287,0.));
#583 = CARTESIAN_POINT('',(-1.312396619417,-5.37398255814,0.));
#584 = CARTESIAN_POINT('',(-1.27746174593,-5.37398255814,0.));
#585 = ORIENTED_EDGE('',*,*,#586,.F.);
#586 = EDGE_CURVE('',#587,#574,#589,.T.);
#587 = VERTEX_POINT('',#588);
#588 = CARTESIAN_POINT('',(-1.626980277907,-5.653352107558,0.));
#589 = B_SPLINE_CURVE_WITH_KNOTS('',5,(#590,#591,#592,#593,#594,#595),
  .UNSPECIFIED.,.F.,.F.,(6,6),(0.,1.),.PIECEWISE_BEZIER_KNOTS.);
#590 = CARTESIAN_POINT('',(-1.626980277907,-5.653352107558,0.));
#591 = CARTESIAN_POINT('',(-1.603171584233,-5.595822529374,0.));
#592 = CARTESIAN_POINT('',(-1.574870934614,-5.544731250798,0.));
#593 = CARTESIAN_POINT('',(-1.54200549481,-5.500368659836,0.));
#594 = CARTESIAN_POINT('',(-1.504569556693,-5.462937476652,0.));
#595 = CARTESIAN_POINT('',(-1.462645248837,-5.432521802326,0.));
#596 = ORIENTED_EDGE('',*,*,#597,.F.);
#597 = EDGE_CURVE('',#598,#587,#600,.T.);
#598 = VERTEX_POINT('',#599);
#599 = CARTESIAN_POINT('',(-1.689525699419,-6.066969476744,0.));
#600 = B_SPLINE_CURVE_WITH_KNOTS('',6,(#601,#602,#603,#604,#605,#606,
    #607),.UNSPECIFIED.,.F.,.F.,(7,7),(0.,1.),.PIECEWISE_BEZIER_KNOTS.);
#601 = CARTESIAN_POINT('',(-1.689525699419,-6.066969476744,0.));
#602 = CARTESIAN_POINT('',(-1.68874304725,-5.981321241042,0.));
#603 = CARTESIAN_POINT('',(-1.684423759727,-5.901519121457,0.));
#604 = CARTESIAN_POINT('',(-1.676309201719,-5.828182903784,0.));
#605 = CARTESIAN_POINT('',(-1.664151154678,-5.76197036179,0.));
#606 = CARTESIAN_POINT('',(-1.647743031932,-5.703521700958,0.));
#607 = CARTESIAN_POINT('',(-1.626980277907,-5.653352107558,0.));
#608 = ORIENTED_EDGE('',*,*,#609,.F.);
#609 = EDGE_CURVE('',#610,#598,#612,.T.);
#610 = VERTEX_POINT('',#611);
#611 = CARTESIAN_POINT('',(-1.49453115,-5.886773255814,0.));
#612 = B_SPLINE_CURVE_WITH_KNOTS('',5,(#613,#614,#615,#616,#617,#618,
    #619,#620,#621,#622),.UNSPECIFIED.,.F.,.F.,(6,4,6),(0.,
    7.980286633474E-02,1.),.UNSPECIFIED.);
#613 = CARTESIAN_POINT('',(-1.49453115,-5.886773255814,0.));
#614 = CARTESIAN_POINT('',(-1.498219945749,-5.888656896196,0.));
#615 = CARTESIAN_POINT('',(-1.501886098782,-5.890580569631,0.));
#616 = CARTESIAN_POINT('',(-1.505529568125,-5.89254426174,0.));
#617 = CARTESIAN_POINT('',(-1.509150314667,-5.894547954833,0.));
#618 = CARTESIAN_POINT('',(-1.5542362453,-5.920156973256,0.));
#619 = CARTESIAN_POINT('',(-1.592698412292,-5.949038335807,0.));
#620 = CARTESIAN_POINT('',(-1.62807630839,-5.983203064929,0.));
#621 = CARTESIAN_POINT('',(-1.660348517996,-6.022560310353,0.));
#622 = CARTESIAN_POINT('',(-1.689525699419,-6.066969476744,0.));
#623 = ORIENTED_EDGE('',*,*,#624,.F.);
#624 = EDGE_CURVE('',#625,#610,#627,.T.);
#625 = VERTEX_POINT('',#626);
#626 = CARTESIAN_POINT('',(-1.252934129651,-5.827906976744,0.));
#627 = B_SPLINE_CURVE_WITH_KNOTS('',4,(#628,#629,#630,#631,#632,#633,
    #634,#635),.UNSPECIFIED.,.F.,.F.,(5,3,5),(0.,0.387881525091,1.),
  .UNSPECIFIED.);
#628 = CARTESIAN_POINT('',(-1.252934129651,-5.827906976744,0.));
#629 = CARTESIAN_POINT('',(-1.277423034043,-5.827906976744,0.));
#630 = CARTESIAN_POINT('',(-1.301651976053,-5.829381964177,0.));
#631 = CARTESIAN_POINT('',(-1.325611877773,-5.832336449491,0.));
#632 = CARTESIAN_POINT('',(-1.386668663375,-5.84376388824,0.));
#633 = CARTESIAN_POINT('',(-1.423352605754,-5.854439729995,0.));
#634 = CARTESIAN_POINT('',(-1.459314723696,-5.868790399829,0.));
#635 = CARTESIAN_POINT('',(-1.49453115,-5.886773255814,0.));
#636 = ORIENTED_EDGE('',*,*,#637,.F.);
#637 = EDGE_CURVE('',#638,#625,#640,.T.);
#638 = VERTEX_POINT('',#639);
#639 = CARTESIAN_POINT('',(-0.877089289535,-5.991342659884,0.));
#640 = B_SPLINE_CURVE_WITH_KNOTS('',5,(#641,#642,#643,#644,#645,#646,
    #647,#648,#649,#650),.UNSPECIFIED.,.F.,.F.,(6,4,6),(0.,
    0.533284386134,1.),.UNSPECIFIED.);
#641 = CARTESIAN_POINT('',(-0.877089289535,-5.991342659884,0.));
#642 = CARTESIAN_POINT('',(-0.909830800705,-5.956840666827,0.));
#643 = CARTESIAN_POINT('',(-0.94463956585,-5.926639396575,0.));
#644 = CARTESIAN_POINT('',(-0.981496501577,-5.90094795605,0.));
#645 = CARTESIAN_POINT('',(-1.02034354904,-5.8799041887,0.));
#646 = CARTESIAN_POINT('',(-1.096718319074,-5.849238210695,0.));
#647 = CARTESIAN_POINT('',(-1.133807057687,-5.838517518832,0.));
#648 = CARTESIAN_POINT('',(-1.172267917633,-5.831417397271,0.));
#649 = CARTESIAN_POINT('',(-1.212011418681,-5.827906976744,0.));
#650 = CARTESIAN_POINT('',(-1.252934129651,-5.827906976744,0.));
#651 = ORIENTED_EDGE('',*,*,#652,.F.);
#652 = EDGE_CURVE('',#653,#638,#655,.T.);
#653 = VERTEX_POINT('',#654);
#654 = CARTESIAN_POINT('',(-0.721911237209,-6.413626453488,0.));
#655 = B_SPLINE_CURVE_WITH_KNOTS('',5,(#656,#657,#658,#659,#660,#661,
    #662,#663,#664,#665),.UNSPECIFIED.,.F.,.F.,(6,4,6),(0.,0.74768393935
    ,1.),.UNSPECIFIED.);
#656 = CARTESIAN_POINT('',(-0.721911237209,-6.413626453488,0.));
#657 = CARTESIAN_POINT('',(-0.721911237209,-6.337881441114,0.));
#658 = CARTESIAN_POINT('',(-0.730210791323,-6.266155787326,0.));
#659 = CARTESIAN_POINT('',(-0.747288583414,-6.19904358015,0.));
#660 = CARTESIAN_POINT('',(-0.773375557815,-6.137050589201,0.));
#661 = CARTESIAN_POINT('',(-0.820046011099,-6.061406383029,0.));
#662 = CARTESIAN_POINT('',(-0.832825243058,-6.042938340563,0.));
#663 = CARTESIAN_POINT('',(-0.846600794476,-6.025100006437,0.));
#664 = CARTESIAN_POINT('',(-0.861360910607,-6.007899720525,0.));
#665 = CARTESIAN_POINT('',(-0.877089289535,-5.991342659884,0.));
#666 = ORIENTED_EDGE('',*,*,#667,.F.);
#667 = EDGE_CURVE('',#668,#653,#670,.T.);
#668 = VERTEX_POINT('',#669);
#669 = CARTESIAN_POINT('',(-0.794921775,-6.729950944767,0.));
#670 = B_SPLINE_CURVE_WITH_KNOTS('',4,(#671,#672,#673,#674,#675,#676,
    #677,#678),.UNSPECIFIED.,.F.,.F.,(5,3,5),(0.,0.307713285442,1.),
  .UNSPECIFIED.);
#671 = CARTESIAN_POINT('',(-0.794921775,-6.729950944767,0.));
#672 = CARTESIAN_POINT('',(-0.783685805545,-6.707453841312,0.));
#673 = CARTESIAN_POINT('',(-0.773594987989,-6.684563245587,0.));
#674 = CARTESIAN_POINT('',(-0.764656615417,-6.661285539339,0.));
#675 = CARTESIAN_POINT('',(-0.739362744767,-6.58440618096,0.));
#676 = CARTESIAN_POINT('',(-0.72769881436,-6.529264480331,0.));
#677 = CARTESIAN_POINT('',(-0.721911237209,-6.472296237904,0.));
#678 = CARTESIAN_POINT('',(-0.721911237209,-6.413626453488,0.));
#679 = ORIENTED_EDGE('',*,*,#680,.F.);
#680 = EDGE_CURVE('',#681,#668,#683,.T.);
#681 = VERTEX_POINT('',#682);
#682 = CARTESIAN_POINT('',(-0.995394158721,-6.953724563953,0.));
#683 = B_SPLINE_CURVE_WITH_KNOTS('',5,(#684,#685,#686,#687,#688,#689,
    #690,#691,#692,#693),.UNSPECIFIED.,.F.,.F.,(6,4,6),(0.,
    0.215549180113,1.),.UNSPECIFIED.);
#684 = CARTESIAN_POINT('',(-0.995394158721,-6.953724563953,0.));
#685 = CARTESIAN_POINT('',(-0.98437919463,-6.947016733257,0.));
#686 = CARTESIAN_POINT('',(-0.973615214492,-6.93998770924,0.));
#687 = CARTESIAN_POINT('',(-0.963103752656,-6.932637804701,0.));
#688 = CARTESIAN_POINT('',(-0.952846125376,-6.924967615226,0.));
#689 = CARTESIAN_POINT('',(-0.906440499723,-6.887901382657,0.));
#690 = CARTESIAN_POINT('',(-0.873413633971,-6.854594016228,0.));
#691 = CARTESIAN_POINT('',(-0.843817030587,-6.8170989507,0.));
#692 = CARTESIAN_POINT('',(-0.81766172568,-6.775507325781,0.));
#693 = CARTESIAN_POINT('',(-0.794921775,-6.729950944767,0.));
#694 = ORIENTED_EDGE('',*,*,#695,.F.);
#695 = EDGE_CURVE('',#696,#681,#698,.T.);
#696 = VERTEX_POINT('',#697);
#697 = CARTESIAN_POINT('',(-1.284820030814,-7.031395348837,0.));
#698 = B_SPLINE_CURVE_WITH_KNOTS('',5,(#699,#700,#701,#702,#703,#704,
    #705,#706,#707,#708),.UNSPECIFIED.,.F.,.F.,(6,4,6),(0.,
    0.771420213846,1.),.UNSPECIFIED.);
#699 = CARTESIAN_POINT('',(-1.284820030814,-7.031395348837,0.));
#700 = CARTESIAN_POINT('',(-1.235154653081,-7.031395348837,0.));
#701 = CARTESIAN_POINT('',(-1.187317197416,-7.026826085899,0.));
#702 = CARTESIAN_POINT('',(-1.141399969976,-7.017616807321,0.));
#703 = CARTESIAN_POINT('',(-1.097478750227,-7.003741267232,0.));
#704 = CARTESIAN_POINT('',(-1.043203705305,-6.979737984586,0.));
#705 = CARTESIAN_POINT('',(-1.030977689429,-6.973843817799,0.));
#706 = CARTESIAN_POINT('',(-1.01893327661,-6.967542788246,0.));
#707 = CARTESIAN_POINT('',(-1.007071734717,-6.96083590831,0.));
#708 = CARTESIAN_POINT('',(-0.995394158721,-6.953724563953,0.));
#709 = ORIENTED_EDGE('',*,*,#710,.F.);
#710 = EDGE_CURVE('',#711,#696,#713,.T.);
#711 = VERTEX_POINT('',#712);
#712 = CARTESIAN_POINT('',(-1.734901789535,-6.827816133721,0.));
#713 = B_SPLINE_CURVE_WITH_KNOTS('',5,(#714,#715,#716,#717,#718,#719,
    #720,#721,#722,#723),.UNSPECIFIED.,.F.,.F.,(6,4,6),(0.,
    0.457430261055,1.),.UNSPECIFIED.);
#714 = CARTESIAN_POINT('',(-1.734901789535,-6.827816133721,0.));
#715 = CARTESIAN_POINT('',(-1.703359998047,-6.864688932221,0.));
#716 = CARTESIAN_POINT('',(-1.669466493013,-6.89769710567,0.));
#717 = CARTESIAN_POINT('',(-1.633230213347,-6.926608093124,0.));
#718 = CARTESIAN_POINT('',(-1.594710239054,-6.951259988298,0.));
#719 = CARTESIAN_POINT('',(-1.505782912956,-6.995706361267,0.));
#720 = CARTESIAN_POINT('',(-1.45449129434,-7.013745818378,0.));
#721 = CARTESIAN_POINT('',(-1.400368306705,-7.025601619122,0.));
#722 = CARTESIAN_POINT('',(-1.34370176702,-7.031395348837,0.));
#723 = CARTESIAN_POINT('',(-1.284820030814,-7.031395348837,0.));
#724 = ORIENTED_EDGE('',*,*,#725,.F.);
#725 = EDGE_CURVE('',#726,#711,#728,.T.);
#726 = VERTEX_POINT('',#727);
#727 = CARTESIAN_POINT('',(-1.909047865116,-6.156577034884,0.));
#728 = B_SPLINE_CURVE_WITH_KNOTS('',6,(#729,#730,#731,#732,#733,#734,
    #735,#736,#737,#738,#739,#740),.UNSPECIFIED.,.F.,.F.,(7,5,7),(0.,
    0.524222520676,1.),.UNSPECIFIED.);
#729 = CARTESIAN_POINT('',(-1.909047865116,-6.156577034884,0.));
#730 = CARTESIAN_POINT('',(-1.909047865116,-6.229892902078,0.));
#731 = CARTESIAN_POINT('',(-1.906478962472,-6.301128190309,0.));
#732 = CARTESIAN_POINT('',(-1.901102792778,-6.369983403532,0.));
#733 = CARTESIAN_POINT('',(-1.892657633631,-6.436078864818,0.));
#734 = CARTESIAN_POINT('',(-1.880872369541,-6.498967420706,0.));
#735 = CARTESIAN_POINT('',(-1.85156988307,-6.611912685459,0.));
#736 = CARTESIAN_POINT('',(-1.834682413055,-6.662619013111,0.));
#737 = CARTESIAN_POINT('',(-1.814678239141,-6.709927112782,0.));
#738 = CARTESIAN_POINT('',(-1.791412979283,-6.753451671651,0.));
#739 = CARTESIAN_POINT('',(-1.764809989931,-6.792838984807,0.));
#740 = CARTESIAN_POINT('',(-1.734901789535,-6.827816133721,0.));
#741 = ORIENTED_EDGE('',*,*,#742,.F.);
#742 = EDGE_CURVE('',#743,#726,#745,.T.);
#743 = VERTEX_POINT('',#744);
#744 = CARTESIAN_POINT('',(-1.716506077326,-5.396220930233,0.));
#745 = B_SPLINE_CURVE_WITH_KNOTS('',6,(#746,#747,#748,#749,#750,#751,
    #752,#753,#754,#755,#756,#757),.UNSPECIFIED.,.F.,.F.,(7,5,7),(0.,
    0.474807206508,1.),.UNSPECIFIED.);
#746 = CARTESIAN_POINT('',(-1.716506077326,-5.396220930233,0.));
#747 = CARTESIAN_POINT('',(-1.749883831393,-5.437393913487,0.));
#748 = CARTESIAN_POINT('',(-1.779480591647,-5.483330245794,0.));
#749 = CARTESIAN_POINT('',(-1.805270048119,-5.533669761758,0.));
#750 = CARTESIAN_POINT('',(-1.827371480919,-5.58796059219,0.));
#751 = CARTESIAN_POINT('',(-1.845973943899,-5.645741771441,0.));
#752 = CARTESIAN_POINT('',(-1.878245542703,-5.773887637453,0.));
#753 = CARTESIAN_POINT('',(-1.891181659866,-5.84493716755,0.));
#754 = CARTESIAN_POINT('',(-1.900409095448,-5.919185042459,0.));
#755 = CARTESIAN_POINT('',(-1.906260650041,-5.996130670288,0.));
#756 = CARTESIAN_POINT('',(-1.909047865116,-6.075364178796,0.));
#757 = CARTESIAN_POINT('',(-1.909047865116,-6.156577034884,0.));
#758 = ORIENTED_EDGE('',*,*,#759,.F.);
#759 = EDGE_CURVE('',#760,#743,#762,.T.);
#760 = VERTEX_POINT('',#761);
#761 = CARTESIAN_POINT('',(-1.263971556977,-5.189534883721,0.));
#762 = B_SPLINE_CURVE_WITH_KNOTS('',5,(#763,#764,#765,#766,#767,#768,
    #769,#770,#771,#772),.UNSPECIFIED.,.F.,.F.,(6,4,6),(0.,0.58927136246
    ,1.),.UNSPECIFIED.);
#763 = CARTESIAN_POINT('',(-1.263971556977,-5.189534883721,0.));
#764 = CARTESIAN_POINT('',(-1.329557767416,-5.189534883721,0.));
#765 = CARTESIAN_POINT('',(-1.392230690121,-5.196399097305,0.));
#766 = CARTESIAN_POINT('',(-1.451505134646,-5.210527580154,0.));
#767 = CARTESIAN_POINT('',(-1.506954036814,-5.232115522792,0.));
#768 = CARTESIAN_POINT('',(-1.594065242096,-5.281124898156,0.));
#769 = CARTESIAN_POINT('',(-1.627848423709,-5.304799342666,0.));
#770 = CARTESIAN_POINT('',(-1.659539228731,-5.331965399675,0.));
#771 = CARTESIAN_POINT('',(-1.689093156537,-5.362498368796,0.));
#772 = CARTESIAN_POINT('',(-1.716506077326,-5.396220930233,0.));
#773 = ORIENTED_EDGE('',*,*,#774,.F.);
#774 = EDGE_CURVE('',#775,#760,#777,.T.);
#775 = VERTEX_POINT('',#776);
#776 = CARTESIAN_POINT('',(-0.916333475581,-5.308739098837,0.));
#777 = B_SPLINE_CURVE_WITH_KNOTS('',5,(#778,#779,#780,#781,#782,#783,
    #784,#785,#786,#787),.UNSPECIFIED.,.F.,.F.,(6,4,6),(0.,
    0.187890939524,1.),.UNSPECIFIED.);
#778 = CARTESIAN_POINT('',(-0.916333475581,-5.308739098837,0.));
#779 = CARTESIAN_POINT('',(-0.926566570384,-5.299734963519,0.));
#780 = CARTESIAN_POINT('',(-0.937079673778,-5.291150159672,0.));
#781 = CARTESIAN_POINT('',(-0.947871338875,-5.282987666319,0.));
#782 = CARTESIAN_POINT('',(-0.958939636557,-5.275249756904,0.));
#783 = CARTESIAN_POINT('',(-1.019307203723,-5.236334854297,0.));
#784 = CARTESIAN_POINT('',(-1.073458730985,-5.212690610617,0.));
#785 = CARTESIAN_POINT('',(-1.13253296435,-5.197140884808,0.));
#786 = CARTESIAN_POINT('',(-1.19618177007,-5.189534883721,0.));
#787 = CARTESIAN_POINT('',(-1.263971556977,-5.189534883721,0.));
#788 = ORIENTED_EDGE('',*,*,#789,.F.);
#789 = EDGE_CURVE('',#542,#775,#790,.T.);
#790 = B_SPLINE_CURVE_WITH_KNOTS('',5,(#791,#792,#793,#794,#795,#796,
    #797,#798,#799,#800),.UNSPECIFIED.,.F.,.F.,(6,4,6),(0.,
    0.808114036136,1.),.UNSPECIFIED.);
#791 = CARTESIAN_POINT('',(-0.753797138372,-5.638063226744,0.));
#792 = CARTESIAN_POINT('',(-0.762376614018,-5.571247310354,0.));
#793 = CARTESIAN_POINT('',(-0.777912096185,-5.50944326633,0.));
#794 = CARTESIAN_POINT('',(-0.800678000598,-5.453114724537,0.));
#795 = CARTESIAN_POINT('',(-0.830777330747,-5.402619007698,0.));
#796 = CARTESIAN_POINT('',(-0.876904331032,-5.347576574311,0.));
#797 = CARTESIAN_POINT('',(-0.886160236202,-5.337353673219,0.));
#798 = CARTESIAN_POINT('',(-0.895818952969,-5.327472080073,0.));
#799 = CARTESIAN_POINT('',(-0.905877818257,-5.317933518849,0.));
#800 = CARTESIAN_POINT('',(-0.916333475581,-5.308739098837,0.));
#801 = FACE_BOUND('',#802,.T.);
#802 = EDGE_LOOP('',(#803,#814));
#803 = ORIENTED_EDGE('',*,*,#804,.F.);
#804 = EDGE_CURVE('',#805,#807,#809,.T.);
#805 = VERTEX_POINT('',#806);
#806 = CARTESIAN_POINT('',(-9.4,1.013656746636,0.));
#807 = VERTEX_POINT('',#808);
#808 = CARTESIAN_POINT('',(-9.4,-1.013656746636,0.));
#809 = CIRCLE('',#810,3.5);
#810 = AXIS2_PLACEMENT_3D('',#811,#812,#813);
#811 = CARTESIAN_POINT('',(-12.75,0.,0.));
#812 = DIRECTION('',(0.,0.,1.));
#813 = DIRECTION('',(1.,0.,0.));
#814 = ORIENTED_EDGE('',*,*,#815,.T.);
#815 = EDGE_CURVE('',#805,#807,#816,.T.);
#816 = LINE('',#817,#818);
#817 = CARTESIAN_POINT('',(-9.4,5.85,0.));
#818 = VECTOR('',#819,1.);
#819 = DIRECTION('',(0.,-1.,0.));
#820 = FACE_BOUND('',#821,.T.);
#821 = EDGE_LOOP('',(#822,#832,#840,#848));
#822 = ORIENTED_EDGE('',*,*,#823,.F.);
#823 = EDGE_CURVE('',#824,#826,#828,.T.);
#824 = VERTEX_POINT('',#825);
#825 = CARTESIAN_POINT('',(2.544840216279,-6.236046511628,0.));
#826 = VERTEX_POINT('',#827);
#827 = CARTESIAN_POINT('',(2.544840216279,-6.455813953488,0.));
#828 = LINE('',#829,#830);
#829 = CARTESIAN_POINT('',(2.544840216279,-3.227906976744,0.));
#830 = VECTOR('',#831,1.);
#831 = DIRECTION('',(0.,-1.,0.));
#832 = ORIENTED_EDGE('',*,*,#833,.F.);
#833 = EDGE_CURVE('',#834,#824,#836,.T.);
#834 = VERTEX_POINT('',#835);
#835 = CARTESIAN_POINT('',(3.223028806395,-6.236046511628,0.));
#836 = LINE('',#837,#838);
#837 = CARTESIAN_POINT('',(1.27242010814,-6.236046511628,0.));
#838 = VECTOR('',#839,1.);
#839 = DIRECTION('',(-1.,0.,0.));
#840 = ORIENTED_EDGE('',*,*,#841,.F.);
#841 = EDGE_CURVE('',#842,#834,#844,.T.);
#842 = VERTEX_POINT('',#843);
#843 = CARTESIAN_POINT('',(3.223028806395,-6.455813953488,0.));
#844 = LINE('',#845,#846);
#845 = CARTESIAN_POINT('',(3.223028806395,-3.118023255814,0.));
#846 = VECTOR('',#847,1.);
#847 = DIRECTION('',(0.,1.,0.));
#848 = ORIENTED_EDGE('',*,*,#849,.F.);
#849 = EDGE_CURVE('',#826,#842,#850,.T.);
#850 = LINE('',#851,#852);
#851 = CARTESIAN_POINT('',(1.611514403198,-6.455813953488,0.));
#852 = VECTOR('',#853,1.);
#853 = DIRECTION('',(1.,0.,-0.));
#854 = FACE_BOUND('',#855,.T.);
#855 = EDGE_LOOP('',(#856,#870,#881,#896,#907,#920,#931,#942,#954,#965,
    #980,#995));
#856 = ORIENTED_EDGE('',*,*,#857,.F.);
#857 = EDGE_CURVE('',#858,#860,#862,.T.);
#858 = VERTEX_POINT('',#859);
#859 = CARTESIAN_POINT('',(-0.436573301163,-5.596202761628,0.));
#860 = VERTEX_POINT('',#861);
#861 = CARTESIAN_POINT('',(-0.502143795349,-6.111119186047,0.));
#862 = B_SPLINE_CURVE_WITH_KNOTS('',6,(#863,#864,#865,#866,#867,#868,
    #869),.UNSPECIFIED.,.F.,.F.,(7,7),(0.,1.),.PIECEWISE_BEZIER_KNOTS.);
#863 = CARTESIAN_POINT('',(-0.436573301163,-5.596202761628,0.));
#864 = CARTESIAN_POINT('',(-0.459398290707,-5.664080068439,0.));
#865 = CARTESIAN_POINT('',(-0.477128145275,-5.740064942248,0.));
#866 = CARTESIAN_POINT('',(-0.489958973987,-5.823486772496,0.));
#867 = CARTESIAN_POINT('',(-0.498189001162,-5.913598460505,0.));
#868 = CARTESIAN_POINT('',(-0.502143795349,-6.009686605805,0.));
#869 = CARTESIAN_POINT('',(-0.502143795349,-6.111119186047,0.));
#870 = ORIENTED_EDGE('',*,*,#871,.F.);
#871 = EDGE_CURVE('',#872,#858,#874,.T.);
#872 = VERTEX_POINT('',#873);
#873 = CARTESIAN_POINT('',(-0.241578751744,-5.295330668605,0.));
#874 = B_SPLINE_CURVE_WITH_KNOTS('',5,(#875,#876,#877,#878,#879,#880),
  .UNSPECIFIED.,.F.,.F.,(6,6),(0.,1.),.PIECEWISE_BEZIER_KNOTS.);
#875 = CARTESIAN_POINT('',(-0.241578751744,-5.295330668605,0.));
#876 = CARTESIAN_POINT('',(-0.293796924256,-5.338042625134,0.));
#877 = CARTESIAN_POINT('',(-0.339472824611,-5.389805144948,0.));
#878 = CARTESIAN_POINT('',(-0.378432124782,-5.450415849233,0.));
#879 = CARTESIAN_POINT('',(-0.410731241233,-5.519416765373,0.));
#880 = CARTESIAN_POINT('',(-0.436573301163,-5.596202761628,0.));
#881 = ORIENTED_EDGE('',*,*,#882,.F.);
#882 = EDGE_CURVE('',#883,#872,#885,.T.);
#883 = VERTEX_POINT('',#884);
#884 = CARTESIAN_POINT('',(8.406623372093E-02,-5.189534883721,0.));
#885 = B_SPLINE_CURVE_WITH_KNOTS('',5,(#886,#887,#888,#889,#890,#891,
    #892,#893,#894,#895),.UNSPECIFIED.,.F.,.F.,(6,4,6),(0.,0.837854054,
    1.),.UNSPECIFIED.);
#886 = CARTESIAN_POINT('',(8.406623372093E-02,-5.189534883721,0.));
#887 = CARTESIAN_POINT('',(1.921167264792E-02,-5.189534883721,0.));
#888 = CARTESIAN_POINT('',(-4.169480773169E-02,-5.196758216729,0.));
#889 = CARTESIAN_POINT('',(-9.830081262155E-02,-5.211477894312,0.));
#890 = CARTESIAN_POINT('',(-0.150327976493,-5.233811251916,0.));
#891 = CARTESIAN_POINT('',(-0.206762395886,-5.269427095609,0.));
#892 = CARTESIAN_POINT('',(-0.215735453533,-5.275483292979,0.));
#893 = CARTESIAN_POINT('',(-0.224529810737,-5.281819999977,0.));
#894 = CARTESIAN_POINT('',(-0.23314450393,-5.288436217138,0.));
#895 = CARTESIAN_POINT('',(-0.241578751744,-5.295330668605,0.));
#896 = ORIENTED_EDGE('',*,*,#897,.F.);
#897 = EDGE_CURVE('',#898,#883,#900,.T.);
#898 = VERTEX_POINT('',#899);
#899 = CARTESIAN_POINT('',(0.337927062209,-5.247992369186,0.));
#900 = B_SPLINE_CURVE_WITH_KNOTS('',5,(#901,#902,#903,#904,#905,#906),
  .UNSPECIFIED.,.F.,.F.,(6,6),(0.,1.),.PIECEWISE_BEZIER_KNOTS.);
#901 = CARTESIAN_POINT('',(0.337927062209,-5.247992369186,0.));
#902 = CARTESIAN_POINT('',(0.294101910566,-5.224520471489,0.));
#903 = CARTESIAN_POINT('',(0.246711921398,-5.206948898741,0.));
#904 = CARTESIAN_POINT('',(0.195829598682,-5.195303167946,0.));
#905 = CARTESIAN_POINT('',(0.141566628807,-5.189534883721,0.));
#906 = CARTESIAN_POINT('',(8.406623372093E-02,-5.189534883721,0.));
#907 = ORIENTED_EDGE('',*,*,#908,.F.);
#908 = EDGE_CURVE('',#909,#898,#911,.T.);
#909 = VERTEX_POINT('',#910);
#910 = CARTESIAN_POINT('',(0.51820504186,-5.416578851744,0.));
#911 = B_SPLINE_CURVE_WITH_KNOTS('',4,(#912,#913,#914,#915,#916,#917,
    #918,#919),.UNSPECIFIED.,.F.,.F.,(5,3,5),(0.,0.724233589338,1.),
  .UNSPECIFIED.);
#912 = CARTESIAN_POINT('',(0.51820504186,-5.416578851744,0.));
#913 = CARTESIAN_POINT('',(0.492525613456,-5.376820012593,0.));
#914 = CARTESIAN_POINT('',(0.463473692274,-5.341443750744,0.));
#915 = CARTESIAN_POINT('',(0.431042459539,-5.310557143084,0.));
#916 = CARTESIAN_POINT('',(0.381663632653,-5.274159890541,0.));
#917 = CARTESIAN_POINT('',(0.367563716307,-5.264779001978,0.));
#918 = CARTESIAN_POINT('',(0.352983591369,-5.256056352968,0.));
#919 = CARTESIAN_POINT('',(0.337927062209,-5.247992369186,0.));
#920 = ORIENTED_EDGE('',*,*,#921,.F.);
#921 = EDGE_CURVE('',#922,#909,#924,.T.);
#922 = VERTEX_POINT('',#923);
#923 = CARTESIAN_POINT('',(0.62980569593,-5.684747456395,0.));
#924 = B_SPLINE_CURVE_WITH_KNOTS('',5,(#925,#926,#927,#928,#929,#930),
  .UNSPECIFIED.,.F.,.F.,(6,6),(0.,1.),.PIECEWISE_BEZIER_KNOTS.);
#925 = CARTESIAN_POINT('',(0.62980569593,-5.684747456395,0.));
#926 = CARTESIAN_POINT('',(0.613772835114,-5.62210593555,0.));
#927 = CARTESIAN_POINT('',(0.594641233631,-5.56382306577,0.));
#928 = CARTESIAN_POINT('',(0.572355200624,-5.510056467542,0.));
#929 = CARTESIAN_POINT('',(0.546879099661,-5.460941244617,0.));
#930 = CARTESIAN_POINT('',(0.51820504186,-5.416578851744,0.));
#931 = ORIENTED_EDGE('',*,*,#932,.F.);
#932 = EDGE_CURVE('',#933,#922,#935,.T.);
#933 = VERTEX_POINT('',#934);
#934 = CARTESIAN_POINT('',(0.670276262791,-6.111119186047,0.));
#935 = B_SPLINE_CURVE_WITH_KNOTS('',5,(#936,#937,#938,#939,#940,#941),
  .UNSPECIFIED.,.F.,.F.,(6,6),(0.,1.),.PIECEWISE_BEZIER_KNOTS.);
#936 = CARTESIAN_POINT('',(0.670276262791,-6.111119186047,0.));
#937 = CARTESIAN_POINT('',(0.670276262791,-6.008086861795,0.));
#938 = CARTESIAN_POINT('',(0.666544446254,-5.912938266077,0.));
#939 = CARTESIAN_POINT('',(0.658753645314,-5.826637059422,0.));
#940 = CARTESIAN_POINT('',(0.646575211742,-5.750267140395,0.));
#941 = CARTESIAN_POINT('',(0.62980569593,-5.684747456395,0.));
#942 = ORIENTED_EDGE('',*,*,#943,.F.);
#943 = EDGE_CURVE('',#944,#933,#946,.T.);
#944 = VERTEX_POINT('',#945);
#945 = CARTESIAN_POINT('',(0.605278079651,-6.623582848837,0.));
#946 = B_SPLINE_CURVE_WITH_KNOTS('',6,(#947,#948,#949,#950,#951,#952,
    #953),.UNSPECIFIED.,.F.,.F.,(7,7),(0.,1.),.PIECEWISE_BEZIER_KNOTS.);
#947 = CARTESIAN_POINT('',(0.605278079651,-6.623582848837,0.));
#948 = CARTESIAN_POINT('',(0.627880715159,-6.555746511326,0.));
#949 = CARTESIAN_POINT('',(0.645449915278,-6.479988695415,0.));
#950 = CARTESIAN_POINT('',(0.658176025996,-6.396951732462,0.));
#951 = CARTESIAN_POINT('',(0.666346537294,-6.307350270141,0.));
#952 = CARTESIAN_POINT('',(0.670276262791,-6.211869354422,0.));
#953 = CARTESIAN_POINT('',(0.670276262791,-6.111119186047,0.));
#954 = ORIENTED_EDGE('',*,*,#955,.F.);
#955 = EDGE_CURVE('',#956,#944,#958,.T.);
#956 = VERTEX_POINT('',#957);
#957 = CARTESIAN_POINT('',(0.410855841279,-6.925027252907,0.));
#958 = B_SPLINE_CURVE_WITH_KNOTS('',5,(#959,#960,#961,#962,#963,#964),
  .UNSPECIFIED.,.F.,.F.,(6,6),(0.,1.),.PIECEWISE_BEZIER_KNOTS.);
#959 = CARTESIAN_POINT('',(0.410855841279,-6.925027252907,0.));
#960 = CARTESIAN_POINT('',(0.46309456939,-6.882061476533,0.));
#961 = CARTESIAN_POINT('',(0.508724930888,-6.830119927252,0.));
#962 = CARTESIAN_POINT('',(0.547570646123,-6.769401034329,0.));
#963 = CARTESIAN_POINT('',(0.579687071443,-6.700355873463,0.));
#964 = CARTESIAN_POINT('',(0.605278079651,-6.623582848837,0.));
#965 = ORIENTED_EDGE('',*,*,#966,.F.);
#966 = EDGE_CURVE('',#967,#956,#969,.T.);
#967 = VERTEX_POINT('',#968);
#968 = CARTESIAN_POINT('',(8.406623372093E-02,-7.031395348837,0.));
#969 = B_SPLINE_CURVE_WITH_KNOTS('',5,(#970,#971,#972,#973,#974,#975,
    #976,#977,#978,#979),.UNSPECIFIED.,.F.,.F.,(6,4,6),(0.,
    0.843857395394,1.),.UNSPECIFIED.);
#970 = CARTESIAN_POINT('',(8.406623372093E-02,-7.031395348837,0.));
#971 = CARTESIAN_POINT('',(0.149766966296,-7.031395348837,0.));
#972 = CARTESIAN_POINT('',(0.211394735952,-7.024034493773,0.));
#973 = CARTESIAN_POINT('',(0.268578446878,-7.009025850447,0.));
#974 = CARTESIAN_POINT('',(0.321025106947,-6.986245259379,0.));
#975 = CARTESIAN_POINT('',(0.377359901171,-6.950172468274,0.));
#976 = CARTESIAN_POINT('',(0.385988210944,-6.944277658142,0.));
#977 = CARTESIAN_POINT('',(0.394447528772,-6.938121204451,0.));
#978 = CARTESIAN_POINT('',(0.40273697715,-6.931704017908,0.));
#979 = CARTESIAN_POINT('',(0.410855841279,-6.925027252907,0.));
#980 = ORIENTED_EDGE('',*,*,#981,.F.);
#981 = EDGE_CURVE('',#982,#967,#984,.T.);
#982 = VERTEX_POINT('',#983);
#983 = CARTESIAN_POINT('',(-0.324318577326,-6.84441315407,0.));
#984 = B_SPLINE_CURVE_WITH_KNOTS('',5,(#985,#986,#987,#988,#989,#990,
    #991,#992,#993,#994),.UNSPECIFIED.,.F.,.F.,(6,4,6),(0.,
    0.386630821982,1.),.UNSPECIFIED.);
#985 = CARTESIAN_POINT('',(-0.324318577326,-6.84441315407,0.));
#986 = CARTESIAN_POINT('',(-0.301467652735,-6.873206578058,0.));
#987 = CARTESIAN_POINT('',(-0.276830398966,-6.89939557559,0.));
#988 = CARTESIAN_POINT('',(-0.250409406643,-6.922864344371,0.));
#989 = CARTESIAN_POINT('',(-0.222233862733,-6.943532085672,0.));
#990 = CARTESIAN_POINT('',(-0.144980975786,-6.989648957361,0.));
#991 = CARTESIAN_POINT('',(-9.33292961682E-02,-7.010798051483,0.));
#992 = CARTESIAN_POINT('',(-3.766370365268E-02,-7.024654006672,0.));
#993 = CARTESIAN_POINT('',(2.162176254158E-02,-7.031395348837,0.));
#994 = CARTESIAN_POINT('',(8.406623372093E-02,-7.031395348837,0.));
#995 = ORIENTED_EDGE('',*,*,#996,.F.);
#996 = EDGE_CURVE('',#860,#982,#997,.T.);
#997 = B_SPLINE_CURVE_WITH_KNOTS('',6,(#998,#999,#1000,#1001,#1002,#1003
    ,#1004,#1005,#1006,#1007,#1008,#1009),.UNSPECIFIED.,.F.,.F.,(7,5,7),
  (0.,0.52736795803,1.),.UNSPECIFIED.);
#998 = CARTESIAN_POINT('',(-0.502143795349,-6.111119186047,0.));
#999 = CARTESIAN_POINT('',(-0.502143795349,-6.190367180161,0.));
#1000 = CARTESIAN_POINT('',(-0.499548630504,-6.267577453419,0.));
#1001 = CARTESIAN_POINT('',(-0.494101174876,-6.342442707777,0.));
#1002 = CARTESIAN_POINT('',(-0.485511806057,-6.414557129336,0.));
#1003 = CARTESIAN_POINT('',(-0.473469857074,-6.48342650439,0.));
#1004 = CARTESIAN_POINT('',(-0.443543188245,-6.606834455067,0.));
#1005 = CARTESIAN_POINT('',(-0.42639483667,-6.662117839439,0.));
#1006 = CARTESIAN_POINT('',(-0.406039840033,-6.713949583832,0.));
#1007 = CARTESIAN_POINT('',(-0.382300213408,-6.761886658953,0.));
#1008 = CARTESIAN_POINT('',(-0.355057084046,-6.805491844871,0.));
#1009 = CARTESIAN_POINT('',(-0.324318577326,-6.84441315407,0.));
#1010 = FACE_BOUND('',#1011,.T.);
#1011 = EDGE_LOOP('',(#1012,#1022,#1030,#1038,#1046,#1054,#1062,#1070,
    #1078,#1086,#1094,#1102));
#1012 = ORIENTED_EDGE('',*,*,#1013,.F.);
#1013 = EDGE_CURVE('',#1014,#1016,#1018,.T.);
#1014 = VERTEX_POINT('',#1015);
#1015 = CARTESIAN_POINT('',(0.989380550581,-5.2,0.));
#1016 = VERTEX_POINT('',#1017);
#1017 = CARTESIAN_POINT('',(0.989380550581,-7.,0.));
#1018 = LINE('',#1019,#1020);
#1019 = CARTESIAN_POINT('',(0.989380550581,-3.5,0.));
#1020 = VECTOR('',#1021,1.);
#1021 = DIRECTION('',(0.,-1.,0.));
#1022 = ORIENTED_EDGE('',*,*,#1023,.F.);
#1023 = EDGE_CURVE('',#1024,#1014,#1026,.T.);
#1024 = VERTEX_POINT('',#1025);
#1025 = CARTESIAN_POINT('',(2.289344213372,-5.2,0.));
#1026 = LINE('',#1027,#1028);
#1027 = CARTESIAN_POINT('',(0.494690275291,-5.2,0.));
#1028 = VECTOR('',#1029,1.);
#1029 = DIRECTION('',(-1.,0.,0.));
#1030 = ORIENTED_EDGE('',*,*,#1031,.F.);
#1031 = EDGE_CURVE('',#1032,#1024,#1034,.T.);
#1032 = VERTEX_POINT('',#1033);
#1033 = CARTESIAN_POINT('',(2.289344213372,-5.407994186047,0.));
#1034 = LINE('',#1035,#1036);
#1035 = CARTESIAN_POINT('',(2.289344213372,-2.6,0.));
#1036 = VECTOR('',#1037,1.);
#1037 = DIRECTION('',(0.,1.,0.));
#1038 = ORIENTED_EDGE('',*,*,#1039,.F.);
#1039 = EDGE_CURVE('',#1040,#1032,#1042,.T.);
#1040 = VERTEX_POINT('',#1041);
#1041 = CARTESIAN_POINT('',(1.227298428488,-5.407994186047,0.));
#1042 = LINE('',#1043,#1044);
#1043 = CARTESIAN_POINT('',(1.144672106686,-5.407994186047,0.));
#1044 = VECTOR('',#1045,1.);
#1045 = DIRECTION('',(1.,0.,-0.));
#1046 = ORIENTED_EDGE('',*,*,#1047,.F.);
#1047 = EDGE_CURVE('',#1048,#1040,#1050,.T.);
#1048 = VERTEX_POINT('',#1049);
#1049 = CARTESIAN_POINT('',(1.227298428488,-5.963953488372,0.));
#1050 = LINE('',#1051,#1052);
#1051 = CARTESIAN_POINT('',(1.227298428488,-2.703997093023,0.));
#1052 = VECTOR('',#1053,1.);
#1053 = DIRECTION('',(0.,1.,0.));
#1054 = ORIENTED_EDGE('',*,*,#1055,.F.);
#1055 = EDGE_CURVE('',#1056,#1048,#1058,.T.);
#1056 = VERTEX_POINT('',#1057);
#1057 = CARTESIAN_POINT('',(2.221893268605,-5.963953488372,0.));
#1058 = LINE('',#1059,#1060);
#1059 = CARTESIAN_POINT('',(0.613649214244,-5.963953488372,0.));
#1060 = VECTOR('',#1061,1.);
#1061 = DIRECTION('',(-1.,0.,0.));
#1062 = ORIENTED_EDGE('',*,*,#1063,.F.);
#1063 = EDGE_CURVE('',#1064,#1056,#1066,.T.);
#1064 = VERTEX_POINT('',#1065);
#1065 = CARTESIAN_POINT('',(2.221893268605,-6.171947674419,0.));
#1066 = LINE('',#1067,#1068);
#1067 = CARTESIAN_POINT('',(2.221893268605,-2.981976744186,0.));
#1068 = VECTOR('',#1069,1.);
#1069 = DIRECTION('',(0.,1.,0.));
#1070 = ORIENTED_EDGE('',*,*,#1071,.F.);
#1071 = EDGE_CURVE('',#1072,#1064,#1074,.T.);
#1072 = VERTEX_POINT('',#1073);
#1073 = CARTESIAN_POINT('',(1.227298428488,-6.171947674419,0.));
#1074 = LINE('',#1075,#1076);
#1075 = CARTESIAN_POINT('',(1.110946634302,-6.171947674419,0.));
#1076 = VECTOR('',#1077,1.);
#1077 = DIRECTION('',(1.,0.,-0.));
#1078 = ORIENTED_EDGE('',*,*,#1079,.F.);
#1079 = EDGE_CURVE('',#1080,#1072,#1082,.T.);
#1080 = VERTEX_POINT('',#1081);
#1081 = CARTESIAN_POINT('',(1.227298428488,-6.792005813953,0.));
#1082 = LINE('',#1083,#1084);
#1083 = CARTESIAN_POINT('',(1.227298428488,-3.085973837209,0.));
#1084 = VECTOR('',#1085,1.);
#1085 = DIRECTION('',(0.,1.,0.));
#1086 = ORIENTED_EDGE('',*,*,#1087,.F.);
#1087 = EDGE_CURVE('',#1088,#1080,#1090,.T.);
#1088 = VERTEX_POINT('',#1089);
#1089 = CARTESIAN_POINT('',(2.331041161047,-6.792005813953,0.));
#1090 = LINE('',#1091,#1092);
#1091 = CARTESIAN_POINT('',(0.613649214244,-6.792005813953,0.));
#1092 = VECTOR('',#1093,1.);
#1093 = DIRECTION('',(-1.,0.,0.));
#1094 = ORIENTED_EDGE('',*,*,#1095,.F.);
#1095 = EDGE_CURVE('',#1096,#1088,#1098,.T.);
#1096 = VERTEX_POINT('',#1097);
#1097 = CARTESIAN_POINT('',(2.331041161047,-7.,0.));
#1098 = LINE('',#1099,#1100);
#1099 = CARTESIAN_POINT('',(2.331041161047,-3.396002906977,0.));
#1100 = VECTOR('',#1101,1.);
#1101 = DIRECTION('',(0.,1.,0.));
#1102 = ORIENTED_EDGE('',*,*,#1103,.F.);
#1103 = EDGE_CURVE('',#1016,#1096,#1104,.T.);
#1104 = LINE('',#1105,#1106);
#1105 = CARTESIAN_POINT('',(1.165520580523,-7.,0.));
#1106 = VECTOR('',#1107,1.);
#1107 = DIRECTION('',(1.,0.,-0.));
#1108 = FACE_BOUND('',#1109,.T.);
#1109 = EDGE_LOOP('',(#1110,#1120,#1128,#1136,#1144,#1152,#1160,#1168,
    #1176,#1184));
#1110 = ORIENTED_EDGE('',*,*,#1111,.F.);
#1111 = EDGE_CURVE('',#1112,#1114,#1116,.T.);
#1112 = VERTEX_POINT('',#1113);
#1113 = CARTESIAN_POINT('',(3.508366742442,-5.2,0.));
#1114 = VERTEX_POINT('',#1115);
#1115 = CARTESIAN_POINT('',(3.508366742442,-7.,0.));
#1116 = LINE('',#1117,#1118);
#1117 = CARTESIAN_POINT('',(3.508366742442,-3.5,0.));
#1118 = VECTOR('',#1119,1.);
#1119 = DIRECTION('',(0.,-1.,0.));
#1120 = ORIENTED_EDGE('',*,*,#1121,.F.);
#1121 = EDGE_CURVE('',#1122,#1112,#1124,.T.);
#1122 = VERTEX_POINT('',#1123);
#1123 = CARTESIAN_POINT('',(4.721257367442,-5.2,0.));
#1124 = LINE('',#1125,#1126);
#1125 = CARTESIAN_POINT('',(1.754183371221,-5.2,0.));
#1126 = VECTOR('',#1127,1.);
#1127 = DIRECTION('',(-1.,0.,0.));
#1128 = ORIENTED_EDGE('',*,*,#1129,.F.);
#1129 = EDGE_CURVE('',#1130,#1122,#1132,.T.);
#1130 = VERTEX_POINT('',#1131);
#1131 = CARTESIAN_POINT('',(4.721257367442,-5.407994186047,0.));
#1132 = LINE('',#1133,#1134);
#1133 = CARTESIAN_POINT('',(4.721257367442,-2.6,0.));
#1134 = VECTOR('',#1135,1.);
#1135 = DIRECTION('',(0.,1.,0.));
#1136 = ORIENTED_EDGE('',*,*,#1137,.F.);
#1137 = EDGE_CURVE('',#1138,#1130,#1140,.T.);
#1138 = VERTEX_POINT('',#1139);
#1139 = CARTESIAN_POINT('',(3.746284620349,-5.407994186047,0.));
#1140 = LINE('',#1141,#1142);
#1141 = CARTESIAN_POINT('',(2.360628683721,-5.407994186047,0.));
#1142 = VECTOR('',#1143,1.);
#1143 = DIRECTION('',(1.,0.,-0.));
#1144 = ORIENTED_EDGE('',*,*,#1145,.F.);
#1145 = EDGE_CURVE('',#1146,#1138,#1148,.T.);
#1146 = VERTEX_POINT('',#1147);
#1147 = CARTESIAN_POINT('',(3.746284620349,-5.969186046512,0.));
#1148 = LINE('',#1149,#1150);
#1149 = CARTESIAN_POINT('',(3.746284620349,-2.703997093023,0.));
#1150 = VECTOR('',#1151,1.);
#1151 = DIRECTION('',(0.,1.,0.));
#1152 = ORIENTED_EDGE('',*,*,#1153,.F.);
#1153 = EDGE_CURVE('',#1154,#1146,#1156,.T.);
#1154 = VERTEX_POINT('',#1155);
#1155 = CARTESIAN_POINT('',(4.590034620349,-5.969186046512,0.));
#1156 = LINE('',#1157,#1158);
#1157 = CARTESIAN_POINT('',(1.873142310174,-5.969186046512,0.));
#1158 = VECTOR('',#1159,1.);
#1159 = DIRECTION('',(-1.,0.,0.));
#1160 = ORIENTED_EDGE('',*,*,#1161,.F.);
#1161 = EDGE_CURVE('',#1162,#1154,#1164,.T.);
#1162 = VERTEX_POINT('',#1163);
#1163 = CARTESIAN_POINT('',(4.590034620349,-6.177180232558,0.));
#1164 = LINE('',#1165,#1166);
#1165 = CARTESIAN_POINT('',(4.590034620349,-2.984593023256,0.));
#1166 = VECTOR('',#1167,1.);
#1167 = DIRECTION('',(0.,1.,0.));
#1168 = ORIENTED_EDGE('',*,*,#1169,.F.);
#1169 = EDGE_CURVE('',#1170,#1162,#1172,.T.);
#1170 = VERTEX_POINT('',#1171);
#1171 = CARTESIAN_POINT('',(3.746284620349,-6.177180232558,0.));
#1172 = LINE('',#1173,#1174);
#1173 = CARTESIAN_POINT('',(2.295017310174,-6.177180232558,0.));
#1174 = VECTOR('',#1175,1.);
#1175 = DIRECTION('',(1.,0.,-0.));
#1176 = ORIENTED_EDGE('',*,*,#1177,.F.);
#1177 = EDGE_CURVE('',#1178,#1170,#1180,.T.);
#1178 = VERTEX_POINT('',#1179);
#1179 = CARTESIAN_POINT('',(3.746284620349,-7.,0.));
#1180 = LINE('',#1181,#1182);
#1181 = CARTESIAN_POINT('',(3.746284620349,-3.088590116279,0.));
#1182 = VECTOR('',#1183,1.);
#1183 = DIRECTION('',(0.,1.,0.));
#1184 = ORIENTED_EDGE('',*,*,#1185,.F.);
#1185 = EDGE_CURVE('',#1114,#1178,#1186,.T.);
#1186 = LINE('',#1187,#1188);
#1187 = CARTESIAN_POINT('',(1.873142310174,-7.,0.));
#1188 = VECTOR('',#1189,1.);
#1189 = DIRECTION('',(1.,0.,-0.));
#1190 = FACE_BOUND('',#1191,.T.);
#1191 = EDGE_LOOP('',(#1192,#1203,#1211,#1220,#1228,#1236));
#1192 = ORIENTED_EDGE('',*,*,#1193,.F.);
#1193 = EDGE_CURVE('',#1194,#1196,#1198,.T.);
#1194 = VERTEX_POINT('',#1195);
#1195 = CARTESIAN_POINT('',(8.,1.8,0.));
#1196 = VERTEX_POINT('',#1197);
#1197 = CARTESIAN_POINT('',(5.5,4.3,0.));
#1198 = CIRCLE('',#1199,2.5);
#1199 = AXIS2_PLACEMENT_3D('',#1200,#1201,#1202);
#1200 = CARTESIAN_POINT('',(5.5,1.8,0.));
#1201 = DIRECTION('',(0.,0.,1.));
#1202 = DIRECTION('',(1.,0.,0.));
#1203 = ORIENTED_EDGE('',*,*,#1204,.T.);
#1204 = EDGE_CURVE('',#1194,#1205,#1207,.T.);
#1205 = VERTEX_POINT('',#1206);
#1206 = CARTESIAN_POINT('',(8.,-1.8,0.));
#1207 = LINE('',#1208,#1209);
#1208 = CARTESIAN_POINT('',(8.,1.8,0.));
#1209 = VECTOR('',#1210,1.);
#1210 = DIRECTION('',(0.,-1.,0.));
#1211 = ORIENTED_EDGE('',*,*,#1212,.F.);
#1212 = EDGE_CURVE('',#1213,#1205,#1215,.T.);
#1213 = VERTEX_POINT('',#1214);
#1214 = CARTESIAN_POINT('',(5.5,-4.3,0.));
#1215 = CIRCLE('',#1216,2.5);
#1216 = AXIS2_PLACEMENT_3D('',#1217,#1218,#1219);
#1217 = CARTESIAN_POINT('',(5.5,-1.8,0.));
#1218 = DIRECTION('',(0.,0.,1.));
#1219 = DIRECTION('',(1.,0.,0.));
#1220 = ORIENTED_EDGE('',*,*,#1221,.F.);
#1221 = EDGE_CURVE('',#1222,#1213,#1224,.T.);
#1222 = VERTEX_POINT('',#1223);
#1223 = CARTESIAN_POINT('',(-8.,-4.3,0.));
#1224 = LINE('',#1225,#1226);
#1225 = CARTESIAN_POINT('',(-8.,-4.3,0.));
#1226 = VECTOR('',#1227,1.);
#1227 = DIRECTION('',(1.,0.,0.));
#1228 = ORIENTED_EDGE('',*,*,#1229,.F.);
#1229 = EDGE_CURVE('',#1230,#1222,#1232,.T.);
#1230 = VERTEX_POINT('',#1231);
#1231 = CARTESIAN_POINT('',(-8.,4.3,0.));
#1232 = LINE('',#1233,#1234);
#1233 = CARTESIAN_POINT('',(-8.,4.3,0.));
#1234 = VECTOR('',#1235,1.);
#1235 = DIRECTION('',(0.,-1.,0.));
#1236 = ORIENTED_EDGE('',*,*,#1237,.T.);
#1237 = EDGE_CURVE('',#1230,#1196,#1238,.T.);
#1238 = LINE('',#1239,#1240);
#1239 = CARTESIAN_POINT('',(-8.,4.3,0.));
#1240 = VECTOR('',#1241,1.);
#1241 = DIRECTION('',(1.,0.,0.));
#1242 = FACE_BOUND('',#1243,.T.);
#1243 = EDGE_LOOP('',(#1244,#1255,#1263));
#1244 = ORIENTED_EDGE('',*,*,#1245,.F.);
#1245 = EDGE_CURVE('',#1246,#1248,#1250,.T.);
#1246 = VERTEX_POINT('',#1247);
#1247 = CARTESIAN_POINT('',(9.4,-1.013656746636,0.));
#1248 = VERTEX_POINT('',#1249);
#1249 = CARTESIAN_POINT('',(16.25,0.,0.));
#1250 = CIRCLE('',#1251,3.5);
#1251 = AXIS2_PLACEMENT_3D('',#1252,#1253,#1254);
#1252 = CARTESIAN_POINT('',(12.75,0.,0.));
#1253 = DIRECTION('',(0.,0.,1.));
#1254 = DIRECTION('',(1.,0.,0.));
#1255 = ORIENTED_EDGE('',*,*,#1256,.T.);
#1256 = EDGE_CURVE('',#1246,#1257,#1259,.T.);
#1257 = VERTEX_POINT('',#1258);
#1258 = CARTESIAN_POINT('',(9.4,1.013656746636,0.));
#1259 = LINE('',#1260,#1261);
#1260 = CARTESIAN_POINT('',(9.4,-3.350000000002,0.));
#1261 = VECTOR('',#1262,1.);
#1262 = DIRECTION('',(0.,1.,0.));
#1263 = ORIENTED_EDGE('',*,*,#1264,.F.);
#1264 = EDGE_CURVE('',#1248,#1257,#1265,.T.);
#1265 = CIRCLE('',#1266,3.5);
#1266 = AXIS2_PLACEMENT_3D('',#1267,#1268,#1269);
#1267 = CARTESIAN_POINT('',(12.75,0.,0.));
#1268 = DIRECTION('',(0.,0.,1.));
#1269 = DIRECTION('',(1.,0.,0.));
#1270 = FACE_BOUND('',#1271,.T.);
#1271 = EDGE_LOOP('',(#1272,#1282,#1290,#1298,#1306,#1314,#1322,#1330));
#1272 = ORIENTED_EDGE('',*,*,#1273,.F.);
#1273 = EDGE_CURVE('',#1274,#1276,#1278,.T.);
#1274 = VERTEX_POINT('',#1275);
#1275 = CARTESIAN_POINT('',(-3.259547501744,7.2,0.));
#1276 = VERTEX_POINT('',#1277);
#1277 = CARTESIAN_POINT('',(-3.9499999,5.4,0.));
#1278 = LINE('',#1279,#1280);
#1279 = CARTESIAN_POINT('',(-4.599514749551,3.706723632004,
    2.775557561563E-17));
#1280 = VECTOR('',#1281,1.);
#1281 = DIRECTION('',(-0.358140599612,-0.933667666201,0.));
#1282 = ORIENTED_EDGE('',*,*,#1283,.F.);
#1283 = EDGE_CURVE('',#1284,#1274,#1286,.T.);
#1284 = VERTEX_POINT('',#1285);
#1285 = CARTESIAN_POINT('',(-3.003233911628,7.2,0.));
#1286 = LINE('',#1287,#1288);
#1287 = CARTESIAN_POINT('',(-1.629773750872,7.2,0.));
#1288 = VECTOR('',#1289,1.);
#1289 = DIRECTION('',(-1.,0.,0.));
#1290 = ORIENTED_EDGE('',*,*,#1291,.F.);
#1291 = EDGE_CURVE('',#1292,#1284,#1294,.T.);
#1292 = VERTEX_POINT('',#1293);
#1293 = CARTESIAN_POINT('',(-2.267405423256,5.4,0.));
#1294 = LINE('',#1295,#1296);
#1295 = CARTESIAN_POINT('',(-1.527287134553,3.589506195101,
    2.775557561563E-17));
#1296 = VECTOR('',#1297,1.);
#1297 = DIRECTION('',(-0.378397088703,0.92564336721,0.));
#1298 = ORIENTED_EDGE('',*,*,#1299,.F.);
#1299 = EDGE_CURVE('',#1300,#1292,#1302,.T.);
#1300 = VERTEX_POINT('',#1301);
#1301 = CARTESIAN_POINT('',(-2.53843558314,5.4,0.));
#1302 = LINE('',#1303,#1304);
#1303 = CARTESIAN_POINT('',(-1.133702711628,5.4,0.));
#1304 = VECTOR('',#1305,1.);
#1305 = DIRECTION('',(1.,0.,-0.));
#1306 = ORIENTED_EDGE('',*,*,#1307,.F.);
#1307 = EDGE_CURVE('',#1308,#1300,#1310,.T.);
#1308 = VERTEX_POINT('',#1309);
#1309 = CARTESIAN_POINT('',(-2.748146702326,5.941569767442,0.));
#1310 = LINE('',#1311,#1312);
#1311 = CARTESIAN_POINT('',(-1.463750004839,2.624671629372,0.));
#1312 = VECTOR('',#1313,1.);
#1313 = DIRECTION('',(0.361100736281,-0.932526813694,0.));
#1314 = ORIENTED_EDGE('',*,*,#1315,.F.);
#1315 = EDGE_CURVE('',#1316,#1308,#1318,.T.);
#1316 = VERTEX_POINT('',#1317);
#1317 = CARTESIAN_POINT('',(-3.499918141279,5.941569767442,0.));
#1318 = LINE('',#1319,#1320);
#1319 = CARTESIAN_POINT('',(-1.374073351163,5.941569767442,0.));
#1320 = VECTOR('',#1321,1.);
#1321 = DIRECTION('',(1.,0.,-0.));
#1322 = ORIENTED_EDGE('',*,*,#1323,.F.);
#1323 = EDGE_CURVE('',#1324,#1316,#1326,.T.);
#1324 = VERTEX_POINT('',#1325);
#1325 = CARTESIAN_POINT('',(-3.697365452326,5.4,0.));
#1326 = LINE('',#1327,#1328);
#1327 = CARTESIAN_POINT('',(-4.250625673869,3.882486249482,
    2.775557561563E-17));
#1328 = VECTOR('',#1329,1.);
#1329 = DIRECTION('',(0.342528723811,0.939507356738,-0.));
#1330 = ORIENTED_EDGE('',*,*,#1331,.F.);
#1331 = EDGE_CURVE('',#1276,#1324,#1332,.T.);
#1332 = LINE('',#1333,#1334);
#1333 = CARTESIAN_POINT('',(-1.848682726163,5.4,0.));
#1334 = VECTOR('',#1335,1.);
#1335 = DIRECTION('',(1.,0.,-0.));
#1336 = FACE_BOUND('',#1337,.T.);
#1337 = EDGE_LOOP('',(#1338,#1348,#1356,#1364,#1377,#1387,#1398,#1411,
    #1426,#1441,#1452,#1460,#1468,#1476,#1487,#1500,#1510,#1523,#1534,
    #1542,#1550,#1558,#1569,#1584,#1597,#1610,#1621,#1629));
#1338 = ORIENTED_EDGE('',*,*,#1339,.F.);
#1339 = EDGE_CURVE('',#1340,#1342,#1344,.T.);
#1340 = VERTEX_POINT('',#1341);
#1341 = CARTESIAN_POINT('',(-2.106340743023,6.702906976744,0.));
#1342 = VERTEX_POINT('',#1343);
#1343 = CARTESIAN_POINT('',(-2.106340743023,5.4,0.));
#1344 = LINE('',#1345,#1346);
#1345 = CARTESIAN_POINT('',(-2.106340743023,2.7,0.));
#1346 = VECTOR('',#1347,1.);
#1347 = DIRECTION('',(0.,-1.,0.));
#1348 = ORIENTED_EDGE('',*,*,#1349,.F.);
#1349 = EDGE_CURVE('',#1350,#1340,#1352,.T.);
#1350 = VERTEX_POINT('',#1351);
#1351 = CARTESIAN_POINT('',(-1.908893431977,6.702906976744,0.));
#1352 = LINE('',#1353,#1354);
#1353 = CARTESIAN_POINT('',(-1.053170371512,6.702906976744,0.));
#1354 = VECTOR('',#1355,1.);
#1355 = DIRECTION('',(-1.,0.,0.));
#1356 = ORIENTED_EDGE('',*,*,#1357,.F.);
#1357 = EDGE_CURVE('',#1358,#1350,#1360,.T.);
#1358 = VERTEX_POINT('',#1359);
#1359 = CARTESIAN_POINT('',(-1.908893431977,6.518541061047,0.));
#1360 = LINE('',#1361,#1362);
#1361 = CARTESIAN_POINT('',(-1.908893431977,3.351453488372,0.));
#1362 = VECTOR('',#1363,1.);
#1363 = DIRECTION('',(0.,1.,0.));
#1364 = ORIENTED_EDGE('',*,*,#1365,.F.);
#1365 = EDGE_CURVE('',#1366,#1358,#1368,.T.);
#1366 = VERTEX_POINT('',#1367);
#1367 = CARTESIAN_POINT('',(-1.745784783721,6.671266351744,0.));
#1368 = B_SPLINE_CURVE_WITH_KNOTS('',4,(#1369,#1370,#1371,#1372,#1373,
    #1374,#1375,#1376),.UNSPECIFIED.,.F.,.F.,(5,3,5),(0.,0.656132731466,
    1.),.UNSPECIFIED.);
#1369 = CARTESIAN_POINT('',(-1.745784783721,6.671266351744,0.));
#1370 = CARTESIAN_POINT('',(-1.779117126186,6.652337864898,0.));
#1371 = CARTESIAN_POINT('',(-1.809610841959,6.630724915002,0.));
#1372 = CARTESIAN_POINT('',(-1.837217599443,6.606423127781,0.));
#1373 = CARTESIAN_POINT('',(-1.874861213836,6.5653212814,0.));
#1374 = CARTESIAN_POINT('',(-1.887007043058,6.550455315858,0.));
#1375 = CARTESIAN_POINT('',(-1.898351362989,6.53486018384,0.));
#1376 = CARTESIAN_POINT('',(-1.908893431977,6.518541061047,0.));
#1377 = ORIENTED_EDGE('',*,*,#1378,.F.);
#1378 = EDGE_CURVE('',#1379,#1366,#1381,.T.);
#1379 = VERTEX_POINT('',#1380);
#1380 = CARTESIAN_POINT('',(-1.513998809884,6.729069767442,0.));
#1381 = B_SPLINE_CURVE_WITH_KNOTS('',4,(#1382,#1383,#1384,#1385,#1386),
  .UNSPECIFIED.,.F.,.F.,(5,5),(0.,1.),.PIECEWISE_BEZIER_KNOTS.);
#1382 = CARTESIAN_POINT('',(-1.513998809884,6.729069767442,0.));
#1383 = CARTESIAN_POINT('',(-1.578717550318,6.729069767442,0.));
#1384 = CARTESIAN_POINT('',(-1.639071763167,6.719519090777,0.));
#1385 = CARTESIAN_POINT('',(-1.694802532254,6.700217718642,0.));
#1386 = CARTESIAN_POINT('',(-1.745784783721,6.671266351744,0.));
#1387 = ORIENTED_EDGE('',*,*,#1388,.F.);
#1388 = EDGE_CURVE('',#1389,#1379,#1391,.T.);
#1389 = VERTEX_POINT('',#1390);
#1390 = CARTESIAN_POINT('',(-1.276735001744,6.669385901163,0.));
#1391 = B_SPLINE_CURVE_WITH_KNOTS('',5,(#1392,#1393,#1394,#1395,#1396,
    #1397),.UNSPECIFIED.,.F.,.F.,(6,6),(0.,1.),
  .PIECEWISE_BEZIER_KNOTS.);
#1392 = CARTESIAN_POINT('',(-1.276735001744,6.669385901163,0.));
#1393 = CARTESIAN_POINT('',(-1.313991261577,6.69341158109,0.));
#1394 = CARTESIAN_POINT('',(-1.356485882048,6.711363851331,0.));
#1395 = CARTESIAN_POINT('',(-1.404116327754,6.723221728929,0.));
#1396 = CARTESIAN_POINT('',(-1.456700198444,6.729069767442,0.));
#1397 = CARTESIAN_POINT('',(-1.513998809884,6.729069767442,0.));
#1398 = ORIENTED_EDGE('',*,*,#1399,.F.);
#1399 = EDGE_CURVE('',#1400,#1389,#1402,.T.);
#1400 = VERTEX_POINT('',#1401);
#1401 = CARTESIAN_POINT('',(-1.146084565698,6.502598110465,0.));
#1402 = B_SPLINE_CURVE_WITH_KNOTS('',4,(#1403,#1404,#1405,#1406,#1407,
    #1408,#1409,#1410),.UNSPECIFIED.,.F.,.F.,(5,3,5),(0.,0.576124709713,
    1.),.UNSPECIFIED.);
#1403 = CARTESIAN_POINT('',(-1.146084565698,6.502598110465,0.));
#1404 = CARTESIAN_POINT('',(-1.157009472883,6.5333993004,0.));
#1405 = CARTESIAN_POINT('',(-1.170965070037,6.561648911404,0.));
#1406 = CARTESIAN_POINT('',(-1.187969659558,6.587287465695,0.));
#1407 = CARTESIAN_POINT('',(-1.222738704874,6.627211917792,0.));
#1408 = CARTESIAN_POINT('',(-1.23911484446,6.64270748538,0.));
#1409 = CARTESIAN_POINT('',(-1.257120432339,6.656765405932,0.));
#1410 = CARTESIAN_POINT('',(-1.276735001744,6.669385901163,0.));
#1411 = ORIENTED_EDGE('',*,*,#1412,.F.);
#1412 = EDGE_CURVE('',#1413,#1400,#1415,.T.);
#1413 = VERTEX_POINT('',#1414);
#1414 = CARTESIAN_POINT('',(-0.743831658721,6.729069767442,0.));
#1415 = B_SPLINE_CURVE_WITH_KNOTS('',5,(#1416,#1417,#1418,#1419,#1420,
    #1421,#1422,#1423,#1424,#1425),.UNSPECIFIED.,.F.,.F.,(6,4,6),(0.,
    0.382258534956,1.),.UNSPECIFIED.);
#1416 = CARTESIAN_POINT('',(-0.743831658721,6.729069767442,0.));
#1417 = CARTESIAN_POINT('',(-0.781518802798,6.729069767442,0.));
#1418 = CARTESIAN_POINT('',(-0.81812474007,6.725793903414,0.));
#1419 = CARTESIAN_POINT('',(-0.853530346066,6.719149299897,0.));
#1420 = CARTESIAN_POINT('',(-0.887631192468,6.709098223155,0.));
#1421 = CARTESIAN_POINT('',(-0.973208489789,6.673983087359,0.));
#1422 = CARTESIAN_POINT('',(-1.022458870349,6.643480273722,0.));
#1423 = CARTESIAN_POINT('',(-1.067723821111,6.604311351903,0.));
#1424 = CARTESIAN_POINT('',(-1.108910754438,6.557080362946,0.));
#1425 = CARTESIAN_POINT('',(-1.146084565698,6.502598110465,0.));
#1426 = ORIENTED_EDGE('',*,*,#1427,.F.);
#1427 = EDGE_CURVE('',#1428,#1413,#1430,.T.);
#1428 = VERTEX_POINT('',#1429);
#1429 = CARTESIAN_POINT('',(-0.44582112093,6.621965843023,0.));
#1430 = B_SPLINE_CURVE_WITH_KNOTS('',5,(#1431,#1432,#1433,#1434,#1435,
    #1436,#1437,#1438,#1439,#1440),.UNSPECIFIED.,.F.,.F.,(6,4,6),(0.,
    0.110096559637,1.),.UNSPECIFIED.);
#1431 = CARTESIAN_POINT('',(-0.44582112093,6.621965843023,0.));
#1432 = CARTESIAN_POINT('',(-0.450448144484,6.62671988291,0.));
#1433 = CARTESIAN_POINT('',(-0.455186417274,6.631343072302,0.));
#1434 = CARTESIAN_POINT('',(-0.460035696519,6.635834947827,0.));
#1435 = CARTESIAN_POINT('',(-0.464995673642,6.640195122714,0.));
#1436 = CARTESIAN_POINT('',(-0.511048889467,6.678599266238,0.));
#1437 = CARTESIAN_POINT('',(-0.559243744884,6.704153907386,0.));
#1438 = CARTESIAN_POINT('',(-0.614442768057,6.720909024964,0.));
#1439 = CARTESIAN_POINT('',(-0.676175944246,6.729069767442,0.));
#1440 = CARTESIAN_POINT('',(-0.743831658721,6.729069767442,0.));
#1441 = ORIENTED_EDGE('',*,*,#1442,.F.);
#1442 = EDGE_CURVE('',#1443,#1428,#1445,.T.);
#1443 = VERTEX_POINT('',#1444);
#1444 = CARTESIAN_POINT('',(-0.341578751744,6.292151162791,0.));
#1445 = B_SPLINE_CURVE_WITH_KNOTS('',5,(#1446,#1447,#1448,#1449,#1450,
    #1451),.UNSPECIFIED.,.F.,.F.,(6,6),(0.,1.),
  .PIECEWISE_BEZIER_KNOTS.);
#1446 = CARTESIAN_POINT('',(-0.341578751744,6.292151162791,0.));
#1447 = CARTESIAN_POINT('',(-0.341578751744,6.378553553655,0.));
#1448 = CARTESIAN_POINT('',(-0.351385187865,6.455904166075,0.));
#1449 = CARTESIAN_POINT('',(-0.371823314582,6.522886617911,0.));
#1450 = CARTESIAN_POINT('',(-0.403401770762,6.578382040106,0.));
#1451 = CARTESIAN_POINT('',(-0.44582112093,6.621965843023,0.));
#1452 = ORIENTED_EDGE('',*,*,#1453,.F.);
#1453 = EDGE_CURVE('',#1454,#1443,#1456,.T.);
#1454 = VERTEX_POINT('',#1455);
#1455 = CARTESIAN_POINT('',(-0.341578751744,5.4,0.));
#1456 = LINE('',#1457,#1458);
#1457 = CARTESIAN_POINT('',(-0.341578751744,3.146075581395,0.));
#1458 = VECTOR('',#1459,1.);
#1459 = DIRECTION('',(0.,1.,0.));
#1460 = ORIENTED_EDGE('',*,*,#1461,.F.);
#1461 = EDGE_CURVE('',#1462,#1454,#1464,.T.);
#1462 = VERTEX_POINT('',#1463);
#1463 = CARTESIAN_POINT('',(-0.561100917442,5.4,0.));
#1464 = LINE('',#1465,#1466);
#1465 = CARTESIAN_POINT('',(-0.170789375872,5.4,0.));
#1466 = VECTOR('',#1467,1.);
#1467 = DIRECTION('',(1.,0.,-0.));
#1468 = ORIENTED_EDGE('',*,*,#1469,.F.);
#1469 = EDGE_CURVE('',#1470,#1462,#1472,.T.);
#1470 = VERTEX_POINT('',#1471);
#1471 = CARTESIAN_POINT('',(-0.561100917442,6.219631177326,0.));
#1472 = LINE('',#1473,#1474);
#1473 = CARTESIAN_POINT('',(-0.561100917442,2.7,0.));
#1474 = VECTOR('',#1475,1.);
#1475 = DIRECTION('',(0.,-1.,0.));
#1476 = ORIENTED_EDGE('',*,*,#1477,.F.);
#1477 = EDGE_CURVE('',#1478,#1470,#1480,.T.);
#1478 = VERTEX_POINT('',#1479);
#1479 = CARTESIAN_POINT('',(-0.582603461047,6.410128997093,0.));
#1480 = B_SPLINE_CURVE_WITH_KNOTS('',5,(#1481,#1482,#1483,#1484,#1485,
    #1486),.UNSPECIFIED.,.F.,.F.,(6,6),(0.,1.),
  .PIECEWISE_BEZIER_KNOTS.);
#1481 = CARTESIAN_POINT('',(-0.582603461047,6.410128997093,0.));
#1482 = CARTESIAN_POINT('',(-0.573904467555,6.386578870226,0.));
#1483 = CARTESIAN_POINT('',(-0.567438238909,6.355541643531,0.));
#1484 = CARTESIAN_POINT('',(-0.563188212663,6.317179531422,0.));
#1485 = CARTESIAN_POINT('',(-0.561100917442,6.271764911824,0.));
#1486 = CARTESIAN_POINT('',(-0.561100917442,6.219631177326,0.));
#1487 = ORIENTED_EDGE('',*,*,#1488,.F.);
#1488 = EDGE_CURVE('',#1489,#1478,#1491,.T.);
#1489 = VERTEX_POINT('',#1490);
#1490 = CARTESIAN_POINT('',(-0.660437763372,6.503824491279,0.));
#1491 = B_SPLINE_CURVE_WITH_KNOTS('',4,(#1492,#1493,#1494,#1495,#1496,
    #1497,#1498,#1499),.UNSPECIFIED.,.F.,.F.,(5,3,5),(0.,0.670086348109,
    1.),.UNSPECIFIED.);
#1492 = CARTESIAN_POINT('',(-0.660437763372,6.503824491279,0.));
#1493 = CARTESIAN_POINT('',(-0.641558624745,6.491949786693,0.));
#1494 = CARTESIAN_POINT('',(-0.625272810852,6.478365909404,0.));
#1495 = CARTESIAN_POINT('',(-0.611601980391,6.463071024769,0.));
#1496 = CARTESIAN_POINT('',(-0.595111429917,6.437705414123,0.));
#1497 = CARTESIAN_POINT('',(-0.590306245172,6.428924316612,0.));
#1498 = CARTESIAN_POINT('',(-0.58613701279,6.419731626258,0.));
#1499 = CARTESIAN_POINT('',(-0.582603461047,6.410128997093,0.));
#1500 = ORIENTED_EDGE('',*,*,#1501,.F.);
#1501 = EDGE_CURVE('',#1502,#1489,#1504,.T.);
#1502 = VERTEX_POINT('',#1503);
#1503 = CARTESIAN_POINT('',(-0.792886891279,6.539389534884,0.));
#1504 = B_SPLINE_CURVE_WITH_KNOTS('',4,(#1505,#1506,#1507,#1508,#1509),
  .UNSPECIFIED.,.F.,.F.,(5,5),(0.,1.),.PIECEWISE_BEZIER_KNOTS.);
#1505 = CARTESIAN_POINT('',(-0.792886891279,6.539389534884,0.));
#1506 = CARTESIAN_POINT('',(-0.754939184945,6.539389534884,0.));
#1507 = CARTESIAN_POINT('',(-0.720176009018,6.533483929837,0.));
#1508 = CARTESIAN_POINT('',(-0.688666224892,6.521620695281,0.));
#1509 = CARTESIAN_POINT('',(-0.660437763372,6.503824491279,0.));
#1510 = ORIENTED_EDGE('',*,*,#1511,.F.);
#1511 = EDGE_CURVE('',#1512,#1502,#1514,.T.);
#1512 = VERTEX_POINT('',#1513);
#1513 = CARTESIAN_POINT('',(-1.020993722674,6.448065043605,0.));
#1514 = B_SPLINE_CURVE_WITH_KNOTS('',4,(#1515,#1516,#1517,#1518,#1519,
    #1520,#1521,#1522),.UNSPECIFIED.,.F.,.F.,(5,3,5),(0.,0.389660987658,
    1.),.UNSPECIFIED.);
#1515 = CARTESIAN_POINT('',(-1.020993722674,6.448065043605,0.));
#1516 = CARTESIAN_POINT('',(-1.003332622118,6.465837520471,0.));
#1517 = CARTESIAN_POINT('',(-0.984459537608,6.481339839263,0.));
#1518 = CARTESIAN_POINT('',(-0.964381090572,6.494533642076,0.));
#1519 = CARTESIAN_POINT('',(-0.909814929266,6.522440078561,0.));
#1520 = CARTESIAN_POINT('',(-0.87360600371,6.533781107757,0.));
#1521 = CARTESIAN_POINT('',(-0.834576756549,6.539389534884,0.));
#1522 = CARTESIAN_POINT('',(-0.792886891279,6.539389534884,0.));
#1523 = ORIENTED_EDGE('',*,*,#1524,.F.);
#1524 = EDGE_CURVE('',#1525,#1512,#1527,.T.);
#1525 = VERTEX_POINT('',#1526);
#1526 = CARTESIAN_POINT('',(-1.111745902907,6.155941133721,0.));
#1527 = B_SPLINE_CURVE_WITH_KNOTS('',5,(#1528,#1529,#1530,#1531,#1532,
    #1533),.UNSPECIFIED.,.F.,.F.,(6,6),(0.,1.),
  .PIECEWISE_BEZIER_KNOTS.);
#1528 = CARTESIAN_POINT('',(-1.111745902907,6.155941133721,0.));
#1529 = CARTESIAN_POINT('',(-1.111745902907,6.234141433919,0.));
#1530 = CARTESIAN_POINT('',(-1.103150091821,6.303415851876,0.));
#1531 = CARTESIAN_POINT('',(-1.085318595964,6.362666280167,0.));
#1532 = CARTESIAN_POINT('',(-1.057866276764,6.410993178412,0.));
#1533 = CARTESIAN_POINT('',(-1.020993722674,6.448065043605,0.));
#1534 = ORIENTED_EDGE('',*,*,#1535,.F.);
#1535 = EDGE_CURVE('',#1536,#1525,#1538,.T.);
#1536 = VERTEX_POINT('',#1537);
#1537 = CARTESIAN_POINT('',(-1.111745902907,5.4,0.));
#1538 = LINE('',#1539,#1540);
#1539 = CARTESIAN_POINT('',(-1.111745902907,3.07797056686,0.));
#1540 = VECTOR('',#1541,1.);
#1541 = DIRECTION('',(0.,1.,0.));
#1542 = ORIENTED_EDGE('',*,*,#1543,.F.);
#1543 = EDGE_CURVE('',#1544,#1536,#1546,.T.);
#1544 = VERTEX_POINT('',#1545);
#1545 = CARTESIAN_POINT('',(-1.332494449419,5.4,0.));
#1546 = LINE('',#1547,#1548);
#1547 = CARTESIAN_POINT('',(-0.555872951453,5.4,0.));
#1548 = VECTOR('',#1549,1.);
#1549 = DIRECTION('',(1.,0.,-0.));
#1550 = ORIENTED_EDGE('',*,*,#1551,.F.);
#1551 = EDGE_CURVE('',#1552,#1544,#1554,.T.);
#1552 = VERTEX_POINT('',#1553);
#1553 = CARTESIAN_POINT('',(-1.332494449419,6.245385174419,0.));
#1554 = LINE('',#1555,#1556);
#1555 = CARTESIAN_POINT('',(-1.332494449419,2.7,0.));
#1556 = VECTOR('',#1557,1.);
#1557 = DIRECTION('',(0.,-1.,0.));
#1558 = ORIENTED_EDGE('',*,*,#1559,.F.);
#1559 = EDGE_CURVE('',#1560,#1552,#1562,.T.);
#1560 = VERTEX_POINT('',#1561);
#1561 = CARTESIAN_POINT('',(-1.386455205233,6.465888444767,0.));
#1562 = B_SPLINE_CURVE_WITH_KNOTS('',5,(#1563,#1564,#1565,#1566,#1567,
    #1568),.UNSPECIFIED.,.F.,.F.,(6,6),(0.,1.),
  .PIECEWISE_BEZIER_KNOTS.);
#1563 = CARTESIAN_POINT('',(-1.386455205233,6.465888444767,0.));
#1564 = CARTESIAN_POINT('',(-1.364652880783,6.436191036161,0.));
#1565 = CARTESIAN_POINT('',(-1.348408641484,6.399065696134,0.));
#1566 = CARTESIAN_POINT('',(-1.337730558915,6.35466787252,0.));
#1567 = CARTESIAN_POINT('',(-1.332494449419,6.303307840927,0.));
#1568 = CARTESIAN_POINT('',(-1.332494449419,6.245385174419,0.));
#1569 = ORIENTED_EDGE('',*,*,#1570,.F.);
#1570 = EDGE_CURVE('',#1571,#1560,#1573,.T.);
#1571 = VERTEX_POINT('',#1572);
#1572 = CARTESIAN_POINT('',(-1.563054042442,6.539389534884,0.));
#1573 = B_SPLINE_CURVE_WITH_KNOTS('',5,(#1574,#1575,#1576,#1577,#1578,
    #1579,#1580,#1581,#1582,#1583),.UNSPECIFIED.,.F.,.F.,(6,4,6),(0.,
    0.832601985324,1.),.UNSPECIFIED.);
#1574 = CARTESIAN_POINT('',(-1.563054042442,6.539389534884,0.));
#1575 = CARTESIAN_POINT('',(-1.522602078919,6.539389534884,0.));
#1576 = CARTESIAN_POINT('',(-1.486553937035,6.534391476969,0.));
#1577 = CARTESIAN_POINT('',(-1.45511410254,6.52426371587,0.));
#1578 = CARTESIAN_POINT('',(-1.428420513829,6.508953716002,0.));
#1579 = CARTESIAN_POINT('',(-1.402122058875,6.484400087638,0.));
#1580 = CARTESIAN_POINT('',(-1.397913653055,6.480082330864,0.));
#1581 = CARTESIAN_POINT('',(-1.393899557585,6.475557425596,0.));
#1582 = CARTESIAN_POINT('',(-1.390080035378,6.470825902799,0.));
#1583 = CARTESIAN_POINT('',(-1.386455205233,6.465888444767,0.));
#1584 = ORIENTED_EDGE('',*,*,#1585,.F.);
#1585 = EDGE_CURVE('',#1586,#1571,#1588,.T.);
#1586 = VERTEX_POINT('',#1587);
#1587 = CARTESIAN_POINT('',(-1.735401426163,6.490334302326,0.));
#1588 = B_SPLINE_CURVE_WITH_KNOTS('',4,(#1589,#1590,#1591,#1592,#1593,
    #1594,#1595,#1596),.UNSPECIFIED.,.F.,.F.,(5,3,5),(0.,0.49599751524,
    1.),.UNSPECIFIED.);
#1589 = CARTESIAN_POINT('',(-1.735401426163,6.490334302326,0.));
#1590 = CARTESIAN_POINT('',(-1.715790347896,6.502489929351,0.));
#1591 = CARTESIAN_POINT('',(-1.695587418376,6.512647539044,0.));
#1592 = CARTESIAN_POINT('',(-1.67479852015,6.520794662565,0.));
#1593 = CARTESIAN_POINT('',(-1.631721698883,6.533161777675,0.));
#1594 = CARTESIAN_POINT('',(-1.609414983325,6.537316270578,0.));
#1595 = CARTESIAN_POINT('',(-1.586521697096,6.539389534884,0.));
#1596 = CARTESIAN_POINT('',(-1.563054042442,6.539389534884,0.));
#1597 = ORIENTED_EDGE('',*,*,#1598,.F.);
#1598 = EDGE_CURVE('',#1599,#1586,#1601,.T.);
#1599 = VERTEX_POINT('',#1600);
#1600 = CARTESIAN_POINT('',(-1.850027152907,6.347011264535,0.));
#1601 = B_SPLINE_CURVE_WITH_KNOTS('',4,(#1602,#1603,#1604,#1605,#1606,
    #1607,#1608,#1609),.UNSPECIFIED.,.F.,.F.,(5,3,5),(0.,0.692208229977,
    1.),.UNSPECIFIED.);
#1602 = CARTESIAN_POINT('',(-1.850027152907,6.347011264535,0.));
#1603 = CARTESIAN_POINT('',(-1.837751530832,6.379576937809,0.));
#1604 = CARTESIAN_POINT('',(-1.821991667749,6.408617594666,0.));
#1605 = CARTESIAN_POINT('',(-1.802724096191,6.434055062856,0.));
#1606 = CARTESIAN_POINT('',(-1.769861933365,6.465558620931,0.));
#1607 = CARTESIAN_POINT('',(-1.759059199928,6.474537385647,0.));
#1608 = CARTESIAN_POINT('',(-1.747570890685,6.482796030093,0.));
#1609 = CARTESIAN_POINT('',(-1.735401426163,6.490334302326,0.));
#1610 = ORIENTED_EDGE('',*,*,#1611,.F.);
#1611 = EDGE_CURVE('',#1612,#1599,#1614,.T.);
#1612 = VERTEX_POINT('',#1613);
#1613 = CARTESIAN_POINT('',(-1.885592196512,6.075081758721,0.));
#1614 = B_SPLINE_CURVE_WITH_KNOTS('',5,(#1615,#1616,#1617,#1618,#1619,
    #1620),.UNSPECIFIED.,.F.,.F.,(6,6),(0.,1.),
  .PIECEWISE_BEZIER_KNOTS.);
#1615 = CARTESIAN_POINT('',(-1.885592196512,6.075081758721,0.));
#1616 = CARTESIAN_POINT('',(-1.885592196512,6.144600680011,0.));
#1617 = CARTESIAN_POINT('',(-1.882188679118,6.207035404947,0.));
#1618 = CARTESIAN_POINT('',(-1.875206400268,6.261870345455,0.));
#1619 = CARTESIAN_POINT('',(-1.864505195493,6.308636130967,0.));
#1620 = CARTESIAN_POINT('',(-1.850027152907,6.347011264535,0.));
#1621 = ORIENTED_EDGE('',*,*,#1622,.F.);
#1622 = EDGE_CURVE('',#1623,#1612,#1625,.T.);
#1623 = VERTEX_POINT('',#1624);
#1624 = CARTESIAN_POINT('',(-1.885592196512,5.4,0.));
#1625 = LINE('',#1626,#1627);
#1626 = CARTESIAN_POINT('',(-1.885592196512,3.03754087936,0.));
#1627 = VECTOR('',#1628,1.);
#1628 = DIRECTION('',(0.,1.,0.));
#1629 = ORIENTED_EDGE('',*,*,#1630,.F.);
#1630 = EDGE_CURVE('',#1342,#1623,#1631,.T.);
#1631 = LINE('',#1632,#1633);
#1632 = CARTESIAN_POINT('',(-0.942796098256,5.4,0.));
#1633 = VECTOR('',#1634,1.);
#1634 = DIRECTION('',(1.,0.,-0.));
#1635 = FACE_BOUND('',#1636,.T.);
#1636 = EDGE_LOOP('',(#1637,#1650,#1660,#1671,#1686,#1699,#1712,#1722,
    #1733,#1745,#1755,#1766,#1777,#1788,#1799,#1807,#1818,#1829,#1840,
    #1851,#1862,#1872,#1883,#1891,#1903,#1916,#1924));
#1637 = ORIENTED_EDGE('',*,*,#1638,.F.);
#1638 = EDGE_CURVE('',#1639,#1641,#1643,.T.);
#1639 = VERTEX_POINT('',#1640);
#1640 = CARTESIAN_POINT('',(0.600445230814,5.416515261628,0.));
#1641 = VERTEX_POINT('',#1642);
#1642 = CARTESIAN_POINT('',(0.83656441686,5.563108648256,0.));
#1643 = B_SPLINE_CURVE_WITH_KNOTS('',5,(#1644,#1645,#1646,#1647,#1648,
    #1649),.UNSPECIFIED.,.F.,.F.,(6,6),(0.,1.),
  .PIECEWISE_BEZIER_KNOTS.);
#1644 = CARTESIAN_POINT('',(0.600445230814,5.416515261628,0.));
#1645 = CARTESIAN_POINT('',(0.646256876424,5.433777142502,0.));
#1646 = CARTESIAN_POINT('',(0.692842051392,5.457199760355,0.));
#1647 = CARTESIAN_POINT('',(0.740133916027,5.486676322517,0.));
#1648 = CARTESIAN_POINT('',(0.788063990656,5.52204495407,0.));
#1649 = CARTESIAN_POINT('',(0.83656441686,5.563108648256,0.));
#1650 = ORIENTED_EDGE('',*,*,#1651,.F.);
#1651 = EDGE_CURVE('',#1652,#1639,#1654,.T.);
#1652 = VERTEX_POINT('',#1653);
#1653 = CARTESIAN_POINT('',(0.357049518605,5.373837209302,0.));
#1654 = B_SPLINE_CURVE_WITH_KNOTS('',4,(#1655,#1656,#1657,#1658,#1659),
  .UNSPECIFIED.,.F.,.F.,(5,5),(0.,1.),.PIECEWISE_BEZIER_KNOTS.);
#1655 = CARTESIAN_POINT('',(0.357049518605,5.373837209302,0.));
#1656 = CARTESIAN_POINT('',(0.421869763502,5.373837209302,0.));
#1657 = CARTESIAN_POINT('',(0.484113428196,5.380911179357,0.));
#1658 = CARTESIAN_POINT('',(0.543664324659,5.395145663205,0.));
#1659 = CARTESIAN_POINT('',(0.600445230814,5.416515261628,0.));
#1660 = ORIENTED_EDGE('',*,*,#1661,.F.);
#1661 = EDGE_CURVE('',#1662,#1652,#1664,.T.);
#1662 = VERTEX_POINT('',#1663);
#1663 = CARTESIAN_POINT('',(2.715307965116E-02,5.478324854651,0.));
#1664 = B_SPLINE_CURVE_WITH_KNOTS('',5,(#1665,#1666,#1667,#1668,#1669,
    #1670),.UNSPECIFIED.,.F.,.F.,(6,6),(0.,1.),
  .PIECEWISE_BEZIER_KNOTS.);
#1665 = CARTESIAN_POINT('',(2.715307965116E-02,5.478324854651,0.));
#1666 = CARTESIAN_POINT('',(7.388385713203E-02,5.43596887336,0.));
#1667 = CARTESIAN_POINT('',(0.130801135003,5.404358319492,0.));
#1668 = CARTESIAN_POINT('',(0.197562405986,5.383775863914,0.));
#1669 = CARTESIAN_POINT('',(0.273325245754,5.373837209302,0.));
#1670 = CARTESIAN_POINT('',(0.357049518605,5.373837209302,0.));
#1671 = ORIENTED_EDGE('',*,*,#1672,.F.);
#1672 = EDGE_CURVE('',#1673,#1662,#1675,.T.);
#1673 = VERTEX_POINT('',#1674);
#1674 = CARTESIAN_POINT('',(-8.812671686047E-02,5.745512354651,0.));
#1675 = B_SPLINE_CURVE_WITH_KNOTS('',5,(#1676,#1677,#1678,#1679,#1680,
    #1681,#1682,#1683,#1684,#1685),.UNSPECIFIED.,.F.,.F.,(6,4,6),(0.,
    0.567331302291,1.),.UNSPECIFIED.);
#1676 = CARTESIAN_POINT('',(-8.812671686047E-02,5.745512354651,0.));
#1677 = CARTESIAN_POINT('',(-8.812671686047E-02,5.708869583208,0.));
#1678 = CARTESIAN_POINT('',(-8.44684831988E-02,5.673892120137,0.));
#1679 = CARTESIAN_POINT('',(-7.708138503669E-02,5.640670966024,0.));
#1680 = CARTESIAN_POINT('',(-6.593853557979E-02,5.609278729401,0.));
#1681 = CARTESIAN_POINT('',(-3.972280385478E-02,5.557257486226,0.));
#1682 = CARTESIAN_POINT('',(-2.621028430535E-02,5.53584204379,0.));
#1683 = CARTESIAN_POINT('',(-1.053938461146E-02,5.515540983665,0.));
#1684 = CARTESIAN_POINT('',(7.26271753519E-03,5.496367246954,0.));
#1685 = CARTESIAN_POINT('',(2.715307965116E-02,5.478324854651,0.));
#1686 = ORIENTED_EDGE('',*,*,#1687,.F.);
#1687 = EDGE_CURVE('',#1688,#1673,#1690,.T.);
#1688 = VERTEX_POINT('',#1689);
#1689 = CARTESIAN_POINT('',(-4.463107732558E-02,5.919658430233,0.));
#1690 = B_SPLINE_CURVE_WITH_KNOTS('',4,(#1691,#1692,#1693,#1694,#1695,
    #1696,#1697,#1698),.UNSPECIFIED.,.F.,.F.,(5,3,5),(0.,0.274872761264,
    1.),.UNSPECIFIED.);
#1691 = CARTESIAN_POINT('',(-4.463107732558E-02,5.919658430233,0.));
#1692 = CARTESIAN_POINT('',(-5.061047930988E-02,5.908823574005,0.));
#1693 = CARTESIAN_POINT('',(-5.604313718507E-02,5.89777837266,0.));
#1694 = CARTESIAN_POINT('',(-6.092790288534E-02,5.886523772792,0.));
#1695 = CARTESIAN_POINT('',(-7.670399661199E-02,5.8448216303,0.));
#1696 = CARTESIAN_POINT('',(-8.432755360604E-02,5.813133422638,0.));
#1697 = CARTESIAN_POINT('',(-8.812671686047E-02,5.7800188402,0.));
#1698 = CARTESIAN_POINT('',(-8.812671686047E-02,5.745512354651,0.));
#1699 = ORIENTED_EDGE('',*,*,#1700,.F.);
#1700 = EDGE_CURVE('',#1701,#1688,#1703,.T.);
#1701 = VERTEX_POINT('',#1702);
#1702 = CARTESIAN_POINT('',(6.942233837209E-02,6.046220930233,0.));
#1703 = B_SPLINE_CURVE_WITH_KNOTS('',4,(#1704,#1705,#1706,#1707,#1708,
    #1709,#1710,#1711),.UNSPECIFIED.,.F.,.F.,(5,3,5),(0.,0.239895440238,
    1.),.UNSPECIFIED.);
#1704 = CARTESIAN_POINT('',(6.942233837209E-02,6.046220930233,0.));
#1705 = CARTESIAN_POINT('',(6.096628596928E-02,6.040501813584,0.));
#1706 = CARTESIAN_POINT('',(5.276732464044E-02,6.034482223303,0.));
#1707 = CARTESIAN_POINT('',(4.482613699383E-02,6.028162350738,0.));
#1708 = CARTESIAN_POINT('',(1.279999043137E-02,6.00056810196,0.));
#1709 = CARTESIAN_POINT('',(-8.950481017197E-03,5.976583159635,0.));
#1710 = CARTESIAN_POINT('',(-2.809268665596E-02,5.949601295141,0.));
#1711 = CARTESIAN_POINT('',(-4.463107732558E-02,5.919658430233,0.));
#1712 = ORIENTED_EDGE('',*,*,#1713,.F.);
#1713 = EDGE_CURVE('',#1714,#1701,#1716,.T.);
#1714 = VERTEX_POINT('',#1715);
#1715 = CARTESIAN_POINT('',(0.22827953314,6.118332122093,0.));
#1716 = B_SPLINE_CURVE_WITH_KNOTS('',4,(#1717,#1718,#1719,#1720,#1721),
  .UNSPECIFIED.,.F.,.F.,(5,5),(0.,1.),.PIECEWISE_BEZIER_KNOTS.);
#1717 = CARTESIAN_POINT('',(0.22827953314,6.118332122093,0.));
#1718 = CARTESIAN_POINT('',(0.184190904929,6.106126103727,0.));
#1719 = CARTESIAN_POINT('',(0.142994263766,6.090045176036,0.));
#1720 = CARTESIAN_POINT('',(0.104730666365,6.070073485528,0.));
#1721 = CARTESIAN_POINT('',(6.942233837209E-02,6.046220930233,0.));
#1722 = ORIENTED_EDGE('',*,*,#1723,.F.);
#1723 = EDGE_CURVE('',#1724,#1714,#1726,.T.);
#1724 = VERTEX_POINT('',#1725);
#1725 = CARTESIAN_POINT('',(0.424500463372,6.151362645349,0.));
#1726 = B_SPLINE_CURVE_WITH_KNOTS('',5,(#1727,#1728,#1729,#1730,#1731,
    #1732),.UNSPECIFIED.,.F.,.F.,(6,6),(0.,1.),
  .PIECEWISE_BEZIER_KNOTS.);
#1727 = CARTESIAN_POINT('',(0.424500463372,6.151362645349,0.));
#1728 = CARTESIAN_POINT('',(0.372724808269,6.145104404171,0.));
#1729 = CARTESIAN_POINT('',(0.326978513652,6.138668802141,0.));
#1730 = CARTESIAN_POINT('',(0.287520112668,6.132058100819,0.));
#1731 = CARTESIAN_POINT('',(0.254569853217,6.125276734944,0.));
#1732 = CARTESIAN_POINT('',(0.22827953314,6.118332122093,0.));
#1733 = ORIENTED_EDGE('',*,*,#1734,.F.);
#1734 = EDGE_CURVE('',#1735,#1724,#1737,.T.);
#1735 = VERTEX_POINT('',#1736);
#1736 = CARTESIAN_POINT('',(0.818168704651,6.226744186047,0.));
#1737 = B_SPLINE_CURVE_WITH_KNOTS('',6,(#1738,#1739,#1740,#1741,#1742,
    #1743,#1744),.UNSPECIFIED.,.F.,.F.,(7,7),(0.,1.),
  .PIECEWISE_BEZIER_KNOTS.);
#1738 = CARTESIAN_POINT('',(0.818168704651,6.226744186047,0.));
#1739 = CARTESIAN_POINT('',(0.774235202651,6.211530966907,0.));
#1740 = CARTESIAN_POINT('',(0.720658144353,6.197401246346,0.));
#1741 = CARTESIAN_POINT('',(0.658095349364,6.184358901807,0.));
#1742 = CARTESIAN_POINT('',(0.587355414008,6.172371988661,0.));
#1743 = CARTESIAN_POINT('',(0.509244918933,6.161392035044,0.));
#1744 = CARTESIAN_POINT('',(0.424500463372,6.151362645349,0.));
#1745 = ORIENTED_EDGE('',*,*,#1746,.F.);
#1746 = EDGE_CURVE('',#1747,#1735,#1749,.T.);
#1747 = VERTEX_POINT('',#1748);
#1748 = CARTESIAN_POINT('',(0.819395085465,6.283566497093,0.));
#1749 = B_SPLINE_CURVE_WITH_KNOTS('',4,(#1750,#1751,#1752,#1753,#1754),
  .UNSPECIFIED.,.F.,.F.,(5,5),(0.,1.),.PIECEWISE_BEZIER_KNOTS.);
#1750 = CARTESIAN_POINT('',(0.819395085465,6.283566497093,0.));
#1751 = CARTESIAN_POINT('',(0.819395085465,6.277507293602,0.));
#1752 = CARTESIAN_POINT('',(0.81919007424,6.265997978012,0.));
#1753 = CARTESIAN_POINT('',(0.818780548504,6.249056091881,0.));
#1754 = CARTESIAN_POINT('',(0.818168704651,6.226744186047,0.));
#1755 = ORIENTED_EDGE('',*,*,#1756,.F.);
#1756 = EDGE_CURVE('',#1757,#1747,#1759,.T.);
#1757 = VERTEX_POINT('',#1758);
#1758 = CARTESIAN_POINT('',(0.756849663953,6.470875726744,0.));
#1759 = B_SPLINE_CURVE_WITH_KNOTS('',5,(#1760,#1761,#1762,#1763,#1764,
    #1765),.UNSPECIFIED.,.F.,.F.,(6,6),(0.,1.),
  .PIECEWISE_BEZIER_KNOTS.);
#1760 = CARTESIAN_POINT('',(0.756849663953,6.470875726744,0.));
#1761 = CARTESIAN_POINT('',(0.782047697749,6.448971553575,0.));
#1762 = CARTESIAN_POINT('',(0.800893303783,6.419103653578,0.));
#1763 = CARTESIAN_POINT('',(0.813306478765,6.381357701229,0.));
#1764 = CARTESIAN_POINT('',(0.819395085465,6.336032287559,0.));
#1765 = CARTESIAN_POINT('',(0.819395085465,6.283566497093,0.));
#1766 = ORIENTED_EDGE('',*,*,#1767,.F.);
#1767 = EDGE_CURVE('',#1768,#1757,#1770,.T.);
#1768 = VERTEX_POINT('',#1769);
#1769 = CARTESIAN_POINT('',(0.505441597093,6.544622093023,0.));
#1770 = B_SPLINE_CURVE_WITH_KNOTS('',5,(#1771,#1772,#1773,#1774,#1775,
    #1776),.UNSPECIFIED.,.F.,.F.,(6,6),(0.,1.),
  .PIECEWISE_BEZIER_KNOTS.);
#1771 = CARTESIAN_POINT('',(0.505441597093,6.544622093023,0.));
#1772 = CARTESIAN_POINT('',(0.570985217777,6.544622093023,0.));
#1773 = CARTESIAN_POINT('',(0.629397547872,6.5375041511,0.));
#1774 = CARTESIAN_POINT('',(0.680098633731,6.522921156422,0.));
#1775 = CARTESIAN_POINT('',(0.722645545739,6.50068453315,0.));
#1776 = CARTESIAN_POINT('',(0.756849663953,6.470875726744,0.));
#1777 = ORIENTED_EDGE('',*,*,#1778,.F.);
#1778 = EDGE_CURVE('',#1779,#1768,#1781,.T.);
#1779 = VERTEX_POINT('',#1780);
#1780 = CARTESIAN_POINT('',(0.275454315116,6.489598473837,0.));
#1781 = B_SPLINE_CURVE_WITH_KNOTS('',5,(#1782,#1783,#1784,#1785,#1786,
    #1787),.UNSPECIFIED.,.F.,.F.,(6,6),(0.,1.),
  .PIECEWISE_BEZIER_KNOTS.);
#1782 = CARTESIAN_POINT('',(0.275454315116,6.489598473837,0.));
#1783 = CARTESIAN_POINT('',(0.305504404746,6.51187128256,0.));
#1784 = CARTESIAN_POINT('',(0.343814320677,6.528444164909,0.));
#1785 = CARTESIAN_POINT('',(0.39018799702,6.539310257649,0.));
#1786 = CARTESIAN_POINT('',(0.444229744522,6.544622093023,0.));
#1787 = CARTESIAN_POINT('',(0.505441597093,6.544622093023,0.));
#1788 = ORIENTED_EDGE('',*,*,#1789,.F.);
#1789 = EDGE_CURVE('',#1790,#1779,#1792,.T.);
#1790 = VERTEX_POINT('',#1791);
#1791 = CARTESIAN_POINT('',(0.165734111628,6.29476744186,0.));
#1792 = B_SPLINE_CURVE_WITH_KNOTS('',5,(#1793,#1794,#1795,#1796,#1797,
    #1798),.UNSPECIFIED.,.F.,.F.,(6,6),(0.,1.),
  .PIECEWISE_BEZIER_KNOTS.);
#1793 = CARTESIAN_POINT('',(0.165734111628,6.29476744186,0.));
#1794 = CARTESIAN_POINT('',(0.179758925491,6.349899468771,0.));
#1795 = CARTESIAN_POINT('',(0.197668733017,6.397319426395,0.));
#1796 = CARTESIAN_POINT('',(0.219576139184,6.436589375299,0.));
#1797 = CARTESIAN_POINT('',(0.245524961625,6.467390695558,0.));
#1798 = CARTESIAN_POINT('',(0.275454315116,6.489598473837,0.));
#1799 = ORIENTED_EDGE('',*,*,#1800,.F.);
#1800 = EDGE_CURVE('',#1801,#1790,#1803,.T.);
#1801 = VERTEX_POINT('',#1802);
#1802 = CARTESIAN_POINT('',(-5.010891162791E-02,6.324200581395,0.));
#1803 = LINE('',#1804,#1805);
#1804 = CARTESIAN_POINT('',(0.505733443408,6.248403896618,
    2.775557561563E-17));
#1805 = VECTOR('',#1806,1.);
#1806 = DIRECTION('',(0.990830168044,-0.135113204733,0.));
#1807 = ORIENTED_EDGE('',*,*,#1808,.F.);
#1808 = EDGE_CURVE('',#1809,#1801,#1811,.T.);
#1809 = VERTEX_POINT('',#1810);
#1810 = CARTESIAN_POINT('',(4.677517267442E-02,6.550099927326,0.));
#1811 = B_SPLINE_CURVE_WITH_KNOTS('',5,(#1812,#1813,#1814,#1815,#1816,
    #1817),.UNSPECIFIED.,.F.,.F.,(6,6),(0.,1.),
  .PIECEWISE_BEZIER_KNOTS.);
#1812 = CARTESIAN_POINT('',(4.677517267442E-02,6.550099927326,0.));
#1813 = CARTESIAN_POINT('',(1.961450231179E-02,6.51546595736,0.));
#1814 = CARTESIAN_POINT('',(-3.639634406882E-03,6.475440408341,0.));
#1815 = CARTESIAN_POINT('',(-2.297950271549E-02,6.43011529231,0.));
#1816 = CARTESIAN_POINT('',(-3.844446603539E-02,6.379639099198,0.));
#1817 = CARTESIAN_POINT('',(-5.010891162791E-02,6.324200581395,0.));
#1818 = ORIENTED_EDGE('',*,*,#1819,.F.);
#1819 = EDGE_CURVE('',#1820,#1809,#1822,.T.);
#1820 = VERTEX_POINT('',#1821);
#1821 = CARTESIAN_POINT('',(0.241769722093,6.682630813953,0.));
#1822 = B_SPLINE_CURVE_WITH_KNOTS('',5,(#1823,#1824,#1825,#1826,#1827,
    #1828),.UNSPECIFIED.,.F.,.F.,(6,6),(0.,1.),
  .PIECEWISE_BEZIER_KNOTS.);
#1823 = CARTESIAN_POINT('',(0.241769722093,6.682630813953,0.));
#1824 = CARTESIAN_POINT('',(0.191143453479,6.66419765974,0.));
#1825 = CARTESIAN_POINT('',(0.146161420565,6.641760303637,0.));
#1826 = CARTESIAN_POINT('',(0.107025904949,6.615261551499,0.));
#1827 = CARTESIAN_POINT('',(7.3876931507E-02,6.584691626781,0.));
#1828 = CARTESIAN_POINT('',(4.677517267442E-02,6.550099927326,0.));
#1829 = ORIENTED_EDGE('',*,*,#1830,.F.);
#1830 = EDGE_CURVE('',#1831,#1820,#1833,.T.);
#1831 = VERTEX_POINT('',#1832);
#1832 = CARTESIAN_POINT('',(0.537327498256,6.729069767442,0.));
#1833 = B_SPLINE_CURVE_WITH_KNOTS('',5,(#1834,#1835,#1836,#1837,#1838,
    #1839),.UNSPECIFIED.,.F.,.F.,(6,6),(0.,1.),
  .PIECEWISE_BEZIER_KNOTS.);
#1834 = CARTESIAN_POINT('',(0.537327498256,6.729069767442,0.));
#1835 = CARTESIAN_POINT('',(0.470794666272,6.729069767442,0.));
#1836 = CARTESIAN_POINT('',(0.407825376048,6.724518388754,0.));
#1837 = CARTESIAN_POINT('',(0.348578009614,6.715305411299,0.));
#1838 = CARTESIAN_POINT('',(0.293190589712,6.701353283702,0.));
#1839 = CARTESIAN_POINT('',(0.241769722093,6.682630813953,0.));
#1840 = ORIENTED_EDGE('',*,*,#1841,.F.);
#1841 = EDGE_CURVE('',#1842,#1831,#1844,.T.);
#1842 = VERTEX_POINT('',#1843);
#1843 = CARTESIAN_POINT('',(0.80835765814,6.689907340116,0.));
#1844 = B_SPLINE_CURVE_WITH_KNOTS('',5,(#1845,#1846,#1847,#1848,#1849,
    #1850),.UNSPECIFIED.,.F.,.F.,(6,6),(0.,1.),
  .PIECEWISE_BEZIER_KNOTS.);
#1845 = CARTESIAN_POINT('',(0.80835765814,6.689907340116,0.));
#1846 = CARTESIAN_POINT('',(0.76612529901,6.705773457781,0.));
#1847 = CARTESIAN_POINT('',(0.71767953106,6.717545904777,0.));
#1848 = CARTESIAN_POINT('',(0.663214811724,6.725275256461,0.));
#1849 = CARTESIAN_POINT('',(0.602997400217,6.729069767442,0.));
#1850 = CARTESIAN_POINT('',(0.537327498256,6.729069767442,0.));
#1851 = ORIENTED_EDGE('',*,*,#1852,.F.);
#1852 = EDGE_CURVE('',#1853,#1842,#1855,.T.);
#1853 = VERTEX_POINT('',#1854);
#1854 = CARTESIAN_POINT('',(0.961655259884,6.591388081395,0.));
#1855 = B_SPLINE_CURVE_WITH_KNOTS('',5,(#1856,#1857,#1858,#1859,#1860,
    #1861),.UNSPECIFIED.,.F.,.F.,(6,6),(0.,1.),
  .PIECEWISE_BEZIER_KNOTS.);
#1856 = CARTESIAN_POINT('',(0.961655259884,6.591388081395,0.));
#1857 = CARTESIAN_POINT('',(0.941931627131,6.615253677026,0.));
#1858 = CARTESIAN_POINT('',(0.916661113107,6.637043673445,0.));
#1859 = CARTESIAN_POINT('',(0.885899158109,6.65674282384,0.));
#1860 = CARTESIAN_POINT('',(0.849750373883,6.674356664947,0.));
#1861 = CARTESIAN_POINT('',(0.80835765814,6.689907340116,0.));
#1862 = ORIENTED_EDGE('',*,*,#1863,.F.);
#1863 = EDGE_CURVE('',#1864,#1853,#1866,.T.);
#1864 = VERTEX_POINT('',#1865);
#1865 = CARTESIAN_POINT('',(1.030332585465,6.441442587209,0.));
#1866 = B_SPLINE_CURVE_WITH_KNOTS('',4,(#1867,#1868,#1869,#1870,#1871),
  .UNSPECIFIED.,.F.,.F.,(5,5),(0.,1.),.PIECEWISE_BEZIER_KNOTS.);
#1867 = CARTESIAN_POINT('',(1.030332585465,6.441442587209,0.));
#1868 = CARTESIAN_POINT('',(1.020552673719,6.486593179772,0.));
#1869 = CARTESIAN_POINT('',(1.005870113409,6.526702333672,0.));
#1870 = CARTESIAN_POINT('',(0.986231852174,6.561650404724,0.));
#1871 = CARTESIAN_POINT('',(0.961655259884,6.591388081395,0.));
#1872 = ORIENTED_EDGE('',*,*,#1873,.F.);
#1873 = EDGE_CURVE('',#1874,#1864,#1876,.T.);
#1874 = VERTEX_POINT('',#1875);
#1875 = CARTESIAN_POINT('',(1.041370012791,6.238353924419,0.));
#1876 = B_SPLINE_CURVE_WITH_KNOTS('',5,(#1877,#1878,#1879,#1880,#1881,
    #1882),.UNSPECIFIED.,.F.,.F.,(6,6),(0.,1.),
  .PIECEWISE_BEZIER_KNOTS.);
#1877 = CARTESIAN_POINT('',(1.041370012791,6.238353924419,0.));
#1878 = CARTESIAN_POINT('',(1.041370012791,6.295936358127,0.));
#1879 = CARTESIAN_POINT('',(1.040309168616,6.345505216929,0.));
#1880 = CARTESIAN_POINT('',(1.038136467874,6.386540094527,0.));
#1881 = CARTESIAN_POINT('',(1.034814341575,6.418602230144,0.));
#1882 = CARTESIAN_POINT('',(1.030332585465,6.441442587209,0.));
#1883 = ORIENTED_EDGE('',*,*,#1884,.F.);
#1884 = EDGE_CURVE('',#1885,#1874,#1887,.T.);
#1885 = VERTEX_POINT('',#1886);
#1886 = CARTESIAN_POINT('',(1.041370012791,5.944594840116,0.));
#1887 = LINE('',#1888,#1889);
#1888 = CARTESIAN_POINT('',(1.041370012791,3.119176962209,0.));
#1889 = VECTOR('',#1890,1.);
#1890 = DIRECTION('',(0.,1.,0.));
#1891 = ORIENTED_EDGE('',*,*,#1892,.F.);
#1892 = EDGE_CURVE('',#1893,#1885,#1895,.T.);
#1893 = VERTEX_POINT('',#1894);
#1894 = CARTESIAN_POINT('',(1.055432512791,5.555995639535,0.));
#1895 = B_SPLINE_CURVE_WITH_KNOTS('',6,(#1896,#1897,#1898,#1899,#1900,
    #1901,#1902),.UNSPECIFIED.,.F.,.F.,(7,7),(0.,1.),
  .PIECEWISE_BEZIER_KNOTS.);
#1896 = CARTESIAN_POINT('',(1.055432512791,5.555995639535,0.));
#1897 = CARTESIAN_POINT('',(1.050437733868,5.584918894225,0.));
#1898 = CARTESIAN_POINT('',(1.04658402166,5.630486062271,0.));
#1899 = CARTESIAN_POINT('',(1.043861458288,5.691411530467,0.));
#1900 = CARTESIAN_POINT('',(1.042163303903,5.765430881445,0.));
#1901 = CARTESIAN_POINT('',(1.041370012791,5.850405844475,0.));
#1902 = CARTESIAN_POINT('',(1.041370012791,5.944594840116,0.));
#1903 = ORIENTED_EDGE('',*,*,#1904,.F.);
#1904 = EDGE_CURVE('',#1905,#1893,#1907,.T.);
#1905 = VERTEX_POINT('',#1906);
#1906 = CARTESIAN_POINT('',(1.111273719186,5.4,0.));
#1907 = B_SPLINE_CURVE_WITH_KNOTS('',4,(#1908,#1909,#1910,#1911,#1912,
    #1913,#1914,#1915),.UNSPECIFIED.,.F.,.F.,(5,3,5),(0.,0.804050558854,
    1.),.UNSPECIFIED.);
#1908 = CARTESIAN_POINT('',(1.111273719186,5.4,0.));
#1909 = CARTESIAN_POINT('',(1.094522888776,5.429987270911,0.));
#1910 = CARTESIAN_POINT('',(1.080725146131,5.460716094174,0.));
#1911 = CARTESIAN_POINT('',(1.069895123018,5.492178637871,0.));
#1912 = CARTESIAN_POINT('',(1.060120119912,5.532207686947,0.));
#1913 = CARTESIAN_POINT('',(1.058381130075,5.540094287105,0.));
#1914 = CARTESIAN_POINT('',(1.056818595588,5.548023660442,0.));
#1915 = CARTESIAN_POINT('',(1.055432512791,5.555995639535,0.));
#1916 = ORIENTED_EDGE('',*,*,#1917,.F.);
#1917 = EDGE_CURVE('',#1918,#1905,#1920,.T.);
#1918 = VERTEX_POINT('',#1919);
#1919 = CARTESIAN_POINT('',(0.880714126163,5.4,0.));
#1920 = LINE('',#1921,#1922);
#1921 = CARTESIAN_POINT('',(0.555636859593,5.4,0.));
#1922 = VECTOR('',#1923,1.);
#1923 = DIRECTION('',(1.,0.,-0.));
#1924 = ORIENTED_EDGE('',*,*,#1925,.F.);
#1925 = EDGE_CURVE('',#1641,#1918,#1926,.T.);
#1926 = B_SPLINE_CURVE_WITH_KNOTS('',4,(#1927,#1928,#1929,#1930,#1931),
  .UNSPECIFIED.,.F.,.F.,(5,5),(0.,1.),.PIECEWISE_BEZIER_KNOTS.);
#1927 = CARTESIAN_POINT('',(0.83656441686,5.563108648256,0.));
#1928 = CARTESIAN_POINT('',(0.841454947558,5.516567097782,0.));
#1929 = CARTESIAN_POINT('',(0.850420751078,5.47382199319,0.));
#1930 = CARTESIAN_POINT('',(0.863504891604,5.434951135902,0.));
#1931 = CARTESIAN_POINT('',(0.880714126163,5.4,0.));
#1932 = FACE_BOUND('',#1933,.T.);
#1933 = EDGE_LOOP('',(#1934,#1944,#1959,#1970,#1981,#1994,#2007,#2018,
    #2030,#2043,#2053,#2063,#2073,#2083,#2093,#2104,#2115,#2126,#2134,
    #2147,#2158,#2169,#2182,#2192,#2202,#2213,#2225,#2238,#2249,#2262,
    #2273,#2284,#2296));
#1934 = ORIENTED_EDGE('',*,*,#1935,.F.);
#1935 = EDGE_CURVE('',#1936,#1938,#1940,.T.);
#1936 = VERTEX_POINT('',#1937);
#1937 = CARTESIAN_POINT('',(1.513771902326,5.823837209302,0.));
#1938 = VERTEX_POINT('',#1939);
#1939 = CARTESIAN_POINT('',(1.295476117442,5.789498546512,0.));
#1940 = LINE('',#1941,#1942);
#1941 = CARTESIAN_POINT('',(0.219020437067,5.620168439486,0.));
#1942 = VECTOR('',#1943,1.);
#1943 = DIRECTION('',(-0.987852796582,-0.155392574743,0.));
#1944 = ORIENTED_EDGE('',*,*,#1945,.F.);
#1945 = EDGE_CURVE('',#1946,#1936,#1948,.T.);
#1946 = VERTEX_POINT('',#1947);
#1947 = CARTESIAN_POINT('',(1.61613382093,5.62671693314,0.));
#1948 = B_SPLINE_CURVE_WITH_KNOTS('',5,(#1949,#1950,#1951,#1952,#1953,
    #1954,#1955,#1956,#1957,#1958),.UNSPECIFIED.,.F.,.F.,(6,4,6),(0.,
    0.176525636528,1.),.UNSPECIFIED.);
#1949 = CARTESIAN_POINT('',(1.61613382093,5.62671693314,0.));
#1950 = CARTESIAN_POINT('',(1.610190866767,5.631566198562,0.));
#1951 = CARTESIAN_POINT('',(1.604451815444,5.636604749012,0.));
#1952 = CARTESIAN_POINT('',(1.598917327443,5.641832379868,0.));
#1953 = CARTESIAN_POINT('',(1.593587934954,5.647248766478,0.));
#1954 = CARTESIAN_POINT('',(1.564561595347,5.678998815901,0.));
#1955 = CARTESIAN_POINT('',(1.545130709413,5.709242448013,0.));
#1956 = CARTESIAN_POINT('',(1.5302137237,5.74353835451,0.));
#1957 = CARTESIAN_POINT('',(1.519786944819,5.781785378891,0.));
#1958 = CARTESIAN_POINT('',(1.513771902326,5.823837209302,0.));
#1959 = ORIENTED_EDGE('',*,*,#1960,.F.);
#1960 = EDGE_CURVE('',#1961,#1946,#1963,.T.);
#1961 = VERTEX_POINT('',#1962);
#1962 = CARTESIAN_POINT('',(1.851026626163,5.558284883721,0.));
#1963 = B_SPLINE_CURVE_WITH_KNOTS('',5,(#1964,#1965,#1966,#1967,#1968,
    #1969),.UNSPECIFIED.,.F.,.F.,(6,6),(0.,1.),
  .PIECEWISE_BEZIER_KNOTS.);
#1964 = CARTESIAN_POINT('',(1.851026626163,5.558284883721,0.));
#1965 = CARTESIAN_POINT('',(1.791472893136,5.558284883721,0.));
#1966 = CARTESIAN_POINT('',(1.737880658195,5.564951359409,0.));
#1967 = CARTESIAN_POINT('',(1.690631444031,5.578528671746,0.));
#1968 = CARTESIAN_POINT('',(1.650006718405,5.599137540935,0.));
#1969 = CARTESIAN_POINT('',(1.61613382093,5.62671693314,0.));
#1970 = ORIENTED_EDGE('',*,*,#1971,.F.);
#1971 = EDGE_CURVE('',#1972,#1961,#1974,.T.);
#1972 = VERTEX_POINT('',#1973);
#1973 = CARTESIAN_POINT('',(2.07668069593,5.619031613372,0.));
#1974 = B_SPLINE_CURVE_WITH_KNOTS('',5,(#1975,#1976,#1977,#1978,#1979,
    #1980),.UNSPECIFIED.,.F.,.F.,(6,6),(0.,1.),
  .PIECEWISE_BEZIER_KNOTS.);
#1975 = CARTESIAN_POINT('',(2.07668069593,5.619031613372,0.));
#1976 = CARTESIAN_POINT('',(2.04694531215,5.594483402096,0.));
#1977 = CARTESIAN_POINT('',(2.009258271737,5.57618416246,0.));
#1978 = CARTESIAN_POINT('',(1.963783006487,5.564166623168,0.));
#1979 = CARTESIAN_POINT('',(1.910881264836,5.558284883721,0.));
#1980 = CARTESIAN_POINT('',(1.851026626163,5.558284883721,0.));
#1981 = ORIENTED_EDGE('',*,*,#1982,.F.);
#1982 = EDGE_CURVE('',#1983,#1972,#1985,.T.);
#1983 = VERTEX_POINT('',#1984);
#1984 = CARTESIAN_POINT('',(2.150263544767,5.761618822674,0.));
#1985 = B_SPLINE_CURVE_WITH_KNOTS('',4,(#1986,#1987,#1988,#1989,#1990,
    #1991,#1992,#1993),.UNSPECIFIED.,.F.,.F.,(5,3,5),(0.,0.295673956442,
    1.),.UNSPECIFIED.);
#1986 = CARTESIAN_POINT('',(2.150263544767,5.761618822674,0.));
#1987 = CARTESIAN_POINT('',(2.150263544767,5.74951445368,0.));
#1988 = CARTESIAN_POINT('',(2.149190463121,5.737709672315,0.));
#1989 = CARTESIAN_POINT('',(2.147041088493,5.726209407854,0.));
#1990 = CARTESIAN_POINT('',(2.136135229051,5.688356905497,0.));
#1991 = CARTESIAN_POINT('',(2.122352513443,5.663445512875,0.));
#1992 = CARTESIAN_POINT('',(2.102484558514,5.640334135483,0.));
#1993 = CARTESIAN_POINT('',(2.07668069593,5.619031613372,0.));
#1994 = ORIENTED_EDGE('',*,*,#1995,.F.);
#1995 = EDGE_CURVE('',#1996,#1983,#1998,.T.);
#1996 = VERTEX_POINT('',#1997);
#1997 = CARTESIAN_POINT('',(2.085265361628,5.877062136628,0.));
#1998 = B_SPLINE_CURVE_WITH_KNOTS('',4,(#1999,#2000,#2001,#2002,#2003,
    #2004,#2005,#2006),.UNSPECIFIED.,.F.,.F.,(5,3,5),(0.,0.560099297374,
    1.),.UNSPECIFIED.);
#1999 = CARTESIAN_POINT('',(2.085265361628,5.877062136628,0.));
#2000 = CARTESIAN_POINT('',(2.103426198706,5.865297569212,0.));
#2001 = CARTESIAN_POINT('',(2.118242747292,5.851882631604,0.));
#2002 = CARTESIAN_POINT('',(2.12966359587,5.836813926264,0.));
#2003 = CARTESIAN_POINT('',(2.143975880637,5.806989710678,0.));
#2004 = CARTESIAN_POINT('',(2.148171802326,5.792860939665,0.));
#2005 = CARTESIAN_POINT('',(2.150263544767,5.777731834817,0.));
#2006 = CARTESIAN_POINT('',(2.150263544767,5.761618822674,0.));
#2007 = ORIENTED_EDGE('',*,*,#2008,.F.);
#2008 = EDGE_CURVE('',#2009,#1996,#2011,.T.);
#2009 = VERTEX_POINT('',#2010);
#2010 = CARTESIAN_POINT('',(1.85961129186,5.950481468023,0.));
#2011 = B_SPLINE_CURVE_WITH_KNOTS('',5,(#2012,#2013,#2014,#2015,#2016,
    #2017),.UNSPECIFIED.,.F.,.F.,(6,6),(0.,1.),
  .PIECEWISE_BEZIER_KNOTS.);
#2012 = CARTESIAN_POINT('',(1.85961129186,5.950481468023,0.));
#2013 = CARTESIAN_POINT('',(1.929277198921,5.933294051497,0.));
#2014 = CARTESIAN_POINT('',(1.987840991979,5.917189089313,0.));
#2015 = CARTESIAN_POINT('',(2.034026362433,5.902340546741,0.));
#2016 = CARTESIAN_POINT('',(2.066667098483,5.88892481258,0.));
#2017 = CARTESIAN_POINT('',(2.085265361628,5.877062136628,0.));
#2018 = ORIENTED_EDGE('',*,*,#2019,.F.);
#2019 = EDGE_CURVE('',#2020,#2009,#2022,.T.);
#2020 = VERTEX_POINT('',#2021);
#2021 = CARTESIAN_POINT('',(1.52292887907,6.056359011628,0.));
#2022 = B_SPLINE_CURVE_WITH_KNOTS('',6,(#2023,#2024,#2025,#2026,#2027,
    #2028,#2029),.UNSPECIFIED.,.F.,.F.,(7,7),(0.,1.),
  .PIECEWISE_BEZIER_KNOTS.);
#2023 = CARTESIAN_POINT('',(1.52292887907,6.056359011628,0.));
#2024 = CARTESIAN_POINT('',(1.555509278033,6.040863456023,0.));
#2025 = CARTESIAN_POINT('',(1.598475855602,6.024350323927,0.));
#2026 = CARTESIAN_POINT('',(1.651220748219,6.006935556808,0.));
#2027 = CARTESIAN_POINT('',(1.712901709751,5.988744180104,0.));
#2028 = CARTESIAN_POINT('',(1.782639778684,5.969892802491,0.));
#2029 = CARTESIAN_POINT('',(1.85961129186,5.950481468023,0.));
#2030 = ORIENTED_EDGE('',*,*,#2031,.F.);
#2031 = EDGE_CURVE('',#2032,#2020,#2034,.T.);
#2032 = VERTEX_POINT('',#2033);
#2033 = CARTESIAN_POINT('',(1.380668704651,6.179978197674,0.));
#2034 = B_SPLINE_CURVE_WITH_KNOTS('',4,(#2035,#2036,#2037,#2038,#2039,
    #2040,#2041,#2042),.UNSPECIFIED.,.F.,.F.,(5,3,5),(0.,0.155812053512,
    1.),.UNSPECIFIED.);
#2035 = CARTESIAN_POINT('',(1.380668704651,6.179978197674,0.));
#2036 = CARTESIAN_POINT('',(1.384449992741,6.173824836787,0.));
#2037 = CARTESIAN_POINT('',(1.388415338171,6.167809443353,0.));
#2038 = CARTESIAN_POINT('',(1.39256463336,6.16193239059,0.));
#2039 = CARTESIAN_POINT('',(1.420373943061,6.125103261218,0.));
#2040 = CARTESIAN_POINT('',(1.44924378108,6.09808196941,0.));
#2041 = CARTESIAN_POINT('',(1.483471238687,6.075176212404,0.));
#2042 = CARTESIAN_POINT('',(1.52292887907,6.056359011628,0.));
#2043 = ORIENTED_EDGE('',*,*,#2044,.F.);
#2044 = EDGE_CURVE('',#2045,#2032,#2047,.T.);
#2045 = VERTEX_POINT('',#2046);
#2046 = CARTESIAN_POINT('',(1.33226754186,6.35445130814,0.));
#2047 = B_SPLINE_CURVE_WITH_KNOTS('',4,(#2048,#2049,#2050,#2051,#2052),
  .UNSPECIFIED.,.F.,.F.,(5,5),(0.,1.),.PIECEWISE_BEZIER_KNOTS.);
#2048 = CARTESIAN_POINT('',(1.33226754186,6.35445130814,0.));
#2049 = CARTESIAN_POINT('',(1.33226754186,6.306769294066,0.));
#2050 = CARTESIAN_POINT('',(1.340312370614,6.261735425995,0.));
#2051 = CARTESIAN_POINT('',(1.356475940328,6.219454904323,0.));
#2052 = CARTESIAN_POINT('',(1.380668704651,6.179978197674,0.));
#2053 = ORIENTED_EDGE('',*,*,#2054,.F.);
#2054 = EDGE_CURVE('',#2055,#2045,#2057,.T.);
#2055 = VERTEX_POINT('',#2056);
#2056 = CARTESIAN_POINT('',(1.372084038953,6.515434229651,0.));
#2057 = B_SPLINE_CURVE_WITH_KNOTS('',4,(#2058,#2059,#2060,#2061,#2062),
  .UNSPECIFIED.,.F.,.F.,(5,5),(0.,1.),.PIECEWISE_BEZIER_KNOTS.);
#2058 = CARTESIAN_POINT('',(1.372084038953,6.515434229651,0.));
#2059 = CARTESIAN_POINT('',(1.352177781221,6.478401232721,0.));
#2060 = CARTESIAN_POINT('',(1.33888987727,6.439198743921,0.));
#2061 = CARTESIAN_POINT('',(1.33226754186,6.397861126209,0.));
#2062 = CARTESIAN_POINT('',(1.33226754186,6.35445130814,0.));
#2063 = ORIENTED_EDGE('',*,*,#2064,.F.);
#2064 = EDGE_CURVE('',#2065,#2055,#2067,.T.);
#2065 = VERTEX_POINT('',#2066);
#2066 = CARTESIAN_POINT('',(1.480659620349,6.638481104651,0.));
#2067 = B_SPLINE_CURVE_WITH_KNOTS('',4,(#2068,#2069,#2070,#2071,#2072),
  .UNSPECIFIED.,.F.,.F.,(5,5),(0.,1.),.PIECEWISE_BEZIER_KNOTS.);
#2068 = CARTESIAN_POINT('',(1.480659620349,6.638481104651,0.));
#2069 = CARTESIAN_POINT('',(1.446338412107,6.614006814488,0.));
#2070 = CARTESIAN_POINT('',(1.416775546743,6.585329716624,0.));
#2071 = CARTESIAN_POINT('',(1.392024431818,6.552454713125,0.));
#2072 = CARTESIAN_POINT('',(1.372084038953,6.515434229651,0.));
#2073 = ORIENTED_EDGE('',*,*,#2074,.F.);
#2074 = EDGE_CURVE('',#2075,#2065,#2077,.T.);
#2075 = VERTEX_POINT('',#2076);
#2076 = CARTESIAN_POINT('',(1.621039344186,6.702743459302,0.));
#2077 = B_SPLINE_CURVE_WITH_KNOTS('',4,(#2078,#2079,#2080,#2081,#2082),
  .UNSPECIFIED.,.F.,.F.,(5,5),(0.,1.),.PIECEWISE_BEZIER_KNOTS.);
#2078 = CARTESIAN_POINT('',(1.621039344186,6.702743459302,0.));
#2079 = CARTESIAN_POINT('',(1.576819359727,6.689644255074,0.));
#2080 = CARTESIAN_POINT('',(1.538595005096,6.674578226462,0.));
#2081 = CARTESIAN_POINT('',(1.506514402373,6.657523356809,0.));
#2082 = CARTESIAN_POINT('',(1.480659620349,6.638481104651,0.));
#2083 = ORIENTED_EDGE('',*,*,#2084,.F.);
#2084 = EDGE_CURVE('',#2085,#2075,#2087,.T.);
#2085 = VERTEX_POINT('',#2086);
#2086 = CARTESIAN_POINT('',(1.811782440116,6.729069767442,0.));
#2087 = B_SPLINE_CURVE_WITH_KNOTS('',4,(#2088,#2089,#2090,#2091,#2092),
  .UNSPECIFIED.,.F.,.F.,(5,5),(0.,1.),.PIECEWISE_BEZIER_KNOTS.);
#2088 = CARTESIAN_POINT('',(1.811782440116,6.729069767442,0.));
#2089 = CARTESIAN_POINT('',(1.760987519975,6.729069767442,0.));
#2090 = CARTESIAN_POINT('',(1.712238717198,6.724699285341,0.));
#2091 = CARTESIAN_POINT('',(1.665579196415,6.715925290569,0.));
#2092 = CARTESIAN_POINT('',(1.621039344186,6.702743459302,0.));
#2093 = ORIENTED_EDGE('',*,*,#2094,.F.);
#2094 = EDGE_CURVE('',#2095,#2085,#2097,.T.);
#2095 = VERTEX_POINT('',#2096);
#2096 = CARTESIAN_POINT('',(2.080932149419,6.684593023256,0.));
#2097 = B_SPLINE_CURVE_WITH_KNOTS('',5,(#2098,#2099,#2100,#2101,#2102,
    #2103),.UNSPECIFIED.,.F.,.F.,(6,6),(0.,1.),
  .PIECEWISE_BEZIER_KNOTS.);
#2098 = CARTESIAN_POINT('',(2.080932149419,6.684593023256,0.));
#2099 = CARTESIAN_POINT('',(2.034288386528,6.702500014796,0.));
#2100 = CARTESIAN_POINT('',(1.98395509475,6.715861015285,0.));
#2101 = CARTESIAN_POINT('',(1.930015796655,6.724697213043,0.));
#2102 = CARTESIAN_POINT('',(1.872581435956,6.729069767442,0.));
#2103 = CARTESIAN_POINT('',(1.811782440116,6.729069767442,0.));
#2104 = ORIENTED_EDGE('',*,*,#2105,.F.);
#2105 = EDGE_CURVE('',#2106,#2095,#2108,.T.);
#2106 = VERTEX_POINT('',#2107);
#2107 = CARTESIAN_POINT('',(2.252053152326,6.564080668605,0.));
#2108 = B_SPLINE_CURVE_WITH_KNOTS('',5,(#2109,#2110,#2111,#2112,#2113,
    #2114),.UNSPECIFIED.,.F.,.F.,(6,6),(0.,1.),
  .PIECEWISE_BEZIER_KNOTS.);
#2109 = CARTESIAN_POINT('',(2.252053152326,6.564080668605,0.));
#2110 = CARTESIAN_POINT('',(2.229871517394,6.594642032288,0.));
#2111 = CARTESIAN_POINT('',(2.201576561117,6.621988996458,0.));
#2112 = CARTESIAN_POINT('',(2.167225127031,6.646085692211,0.));
#2113 = CARTESIAN_POINT('',(2.126947710377,6.666939662775,0.));
#2114 = CARTESIAN_POINT('',(2.080932149419,6.684593023256,0.));
#2115 = ORIENTED_EDGE('',*,*,#2116,.F.);
#2116 = EDGE_CURVE('',#2117,#2106,#2119,.T.);
#2117 = VERTEX_POINT('',#2118);
#2118 = CARTESIAN_POINT('',(2.328088762791,6.360828488372,0.));
#2119 = B_SPLINE_CURVE_WITH_KNOTS('',5,(#2120,#2121,#2122,#2123,#2124,
    #2125),.UNSPECIFIED.,.F.,.F.,(6,6),(0.,1.),
  .PIECEWISE_BEZIER_KNOTS.);
#2120 = CARTESIAN_POINT('',(2.328088762791,6.360828488372,0.));
#2121 = CARTESIAN_POINT('',(2.319820900116,6.411311085174,0.));
#2122 = CARTESIAN_POINT('',(2.308133025211,6.457020459657,0.));
#2123 = CARTESIAN_POINT('',(2.292960568217,6.497794862037,0.));
#2124 = CARTESIAN_POINT('',(2.274267059597,6.5335077503,0.));
#2125 = CARTESIAN_POINT('',(2.252053152326,6.564080668605,0.));
#2126 = ORIENTED_EDGE('',*,*,#2127,.F.);
#2127 = EDGE_CURVE('',#2128,#2117,#2130,.T.);
#2128 = VERTEX_POINT('',#2129);
#2129 = CARTESIAN_POINT('',(2.112245739535,6.331395348837,0.));
#2130 = LINE('',#2131,#2132);
#2131 = CARTESIAN_POINT('',(0.759519146743,6.146932631638,
    2.775557561563E-17));
#2132 = VECTOR('',#2133,1.);
#2133 = DIRECTION('',(0.990830168044,0.135113204733,-0.));
#2134 = ORIENTED_EDGE('',*,*,#2135,.F.);
#2135 = EDGE_CURVE('',#2136,#2128,#2138,.T.);
#2136 = VERTEX_POINT('',#2137);
#2137 = CARTESIAN_POINT('',(2.026971393605,6.488208575581,0.));
#2138 = B_SPLINE_CURVE_WITH_KNOTS('',4,(#2139,#2140,#2141,#2142,#2143,
    #2144,#2145,#2146),.UNSPECIFIED.,.F.,.F.,(5,3,5),(0.,0.28771355697,
    1.),.UNSPECIFIED.);
#2139 = CARTESIAN_POINT('',(2.026971393605,6.488208575581,0.));
#2140 = CARTESIAN_POINT('',(2.037126233521,6.480101177317,0.));
#2141 = CARTESIAN_POINT('',(2.046515443214,6.47137973264,0.));
#2142 = CARTESIAN_POINT('',(2.055134403109,6.462044944952,0.));
#2143 = CARTESIAN_POINT('',(2.082406585291,6.427477870716,0.));
#2144 = CARTESIAN_POINT('',(2.097098228972,6.399113442734,0.));
#2145 = CARTESIAN_POINT('',(2.107023960105,6.367048498388,0.));
#2146 = CARTESIAN_POINT('',(2.112245739535,6.331395348837,0.));
#2147 = ORIENTED_EDGE('',*,*,#2148,.F.);
#2148 = EDGE_CURVE('',#2149,#2136,#2151,.T.);
#2149 = VERTEX_POINT('',#2150);
#2150 = CARTESIAN_POINT('',(1.827725390698,6.544622093023,0.));
#2151 = B_SPLINE_CURVE_WITH_KNOTS('',5,(#2152,#2153,#2154,#2155,#2156,
    #2157),.UNSPECIFIED.,.F.,.F.,(6,6),(0.,1.),
  .PIECEWISE_BEZIER_KNOTS.);
#2152 = CARTESIAN_POINT('',(1.827725390698,6.544622093023,0.));
#2153 = CARTESIAN_POINT('',(1.878716651603,6.544622093023,0.));
#2154 = CARTESIAN_POINT('',(1.924351515653,6.539093367976,0.));
#2155 = CARTESIAN_POINT('',(1.964377163115,6.527881220857,0.));
#2156 = CARTESIAN_POINT('',(1.9986116243,6.510909551011,0.));
#2157 = CARTESIAN_POINT('',(2.026971393605,6.488208575581,0.));
#2158 = ORIENTED_EDGE('',*,*,#2159,.F.);
#2159 = EDGE_CURVE('',#2160,#2149,#2162,.T.);
#2160 = VERTEX_POINT('',#2161);
#2161 = CARTESIAN_POINT('',(1.610655986628,6.494912790698,0.));
#2162 = B_SPLINE_CURVE_WITH_KNOTS('',5,(#2163,#2164,#2165,#2166,#2167,
    #2168),.UNSPECIFIED.,.F.,.F.,(6,6),(0.,1.),
  .PIECEWISE_BEZIER_KNOTS.);
#2163 = CARTESIAN_POINT('',(1.610655986628,6.494912790698,0.));
#2164 = CARTESIAN_POINT('',(1.636983072387,6.515047216033,0.));
#2165 = CARTESIAN_POINT('',(1.672156726825,6.530022029132,0.));
#2166 = CARTESIAN_POINT('',(1.715975509028,6.539831659733,0.));
#2167 = CARTESIAN_POINT('',(1.768011682266,6.544622093023,0.));
#2168 = CARTESIAN_POINT('',(1.827725390698,6.544622093023,0.));
#2169 = ORIENTED_EDGE('',*,*,#2170,.F.);
#2170 = EDGE_CURVE('',#2171,#2160,#2173,.T.);
#2171 = VERTEX_POINT('',#2172);
#2172 = CARTESIAN_POINT('',(1.545657803488,6.378651889535,0.));
#2173 = B_SPLINE_CURVE_WITH_KNOTS('',4,(#2174,#2175,#2176,#2177,#2178,
    #2179,#2180,#2181),.UNSPECIFIED.,.F.,.F.,(5,3,5),(0.,0.251722593584,
    1.),.UNSPECIFIED.);
#2174 = CARTESIAN_POINT('',(1.545657803488,6.378651889535,0.));
#2175 = CARTESIAN_POINT('',(1.545657803488,6.387044556999,0.));
#2176 = CARTESIAN_POINT('',(1.546345230227,6.395260508488,0.));
#2177 = CARTESIAN_POINT('',(1.547721242398,6.403297870689,0.));
#2178 = CARTESIAN_POINT('',(1.555921561977,6.43451196925,0.));
#2179 = CARTESIAN_POINT('',(1.568139114092,6.456277670234,0.));
#2180 = CARTESIAN_POINT('',(1.586426729286,6.476413219369,0.));
#2181 = CARTESIAN_POINT('',(1.610655986628,6.494912790698,0.));
#2182 = ORIENTED_EDGE('',*,*,#2183,.F.);
#2183 = EDGE_CURVE('',#2184,#2171,#2186,.T.);
#2184 = VERTEX_POINT('',#2185);
#2185 = CARTESIAN_POINT('',(1.572638181395,6.302289244186,0.));
#2186 = B_SPLINE_CURVE_WITH_KNOTS('',4,(#2187,#2188,#2189,#2190,#2191),
  .UNSPECIFIED.,.F.,.F.,(5,5),(0.,1.),.PIECEWISE_BEZIER_KNOTS.);
#2187 = CARTESIAN_POINT('',(1.572638181395,6.302289244186,0.));
#2188 = CARTESIAN_POINT('',(1.559152619098,6.319248360408,0.));
#2189 = CARTESIAN_POINT('',(1.550152853686,6.33763352379,0.));
#2190 = CARTESIAN_POINT('',(1.545657803488,6.357439466411,0.));
#2191 = CARTESIAN_POINT('',(1.545657803488,6.378651889535,0.));
#2192 = ORIENTED_EDGE('',*,*,#2193,.F.);
#2193 = EDGE_CURVE('',#2194,#2184,#2196,.T.);
#2194 = VERTEX_POINT('',#2195);
#2195 = CARTESIAN_POINT('',(1.657258457558,6.244158793605,0.));
#2196 = B_SPLINE_CURVE_WITH_KNOTS('',4,(#2197,#2198,#2199,#2200,#2201),
  .UNSPECIFIED.,.F.,.F.,(5,5),(0.,1.),.PIECEWISE_BEZIER_KNOTS.);
#2197 = CARTESIAN_POINT('',(1.657258457558,6.244158793605,0.));
#2198 = CARTESIAN_POINT('',(1.628502436447,6.255620413367,0.));
#2199 = CARTESIAN_POINT('',(1.604777573726,6.269125703954,0.));
#2200 = CARTESIAN_POINT('',(1.58614873659,6.284684581357,0.));
#2201 = CARTESIAN_POINT('',(1.572638181395,6.302289244186,0.));
#2202 = ORIENTED_EDGE('',*,*,#2203,.F.);
#2203 = EDGE_CURVE('',#2204,#2194,#2206,.T.);
#2204 = VERTEX_POINT('',#2205);
#2205 = CARTESIAN_POINT('',(1.852253006977,6.18839934593,0.));
#2206 = B_SPLINE_CURVE_WITH_KNOTS('',5,(#2207,#2208,#2209,#2210,#2211,
    #2212),.UNSPECIFIED.,.F.,.F.,(6,6),(0.,1.),
  .PIECEWISE_BEZIER_KNOTS.);
#2207 = CARTESIAN_POINT('',(1.852253006977,6.18839934593,0.));
#2208 = CARTESIAN_POINT('',(1.789443779704,6.205338804195,0.));
#2209 = CARTESIAN_POINT('',(1.737523801221,6.219639734734,0.));
#2210 = CARTESIAN_POINT('',(1.697642951102,6.231015232809,0.));
#2211 = CARTESIAN_POINT('',(1.670775745598,6.239219142667,0.));
#2212 = CARTESIAN_POINT('',(1.657258457558,6.244158793605,0.));
#2213 = ORIENTED_EDGE('',*,*,#2214,.F.);
#2214 = EDGE_CURVE('',#2215,#2204,#2217,.T.);
#2215 = VERTEX_POINT('',#2216);
#2216 = CARTESIAN_POINT('',(2.179042614535,6.086527979651,0.));
#2217 = B_SPLINE_CURVE_WITH_KNOTS('',6,(#2218,#2219,#2220,#2221,#2222,
    #2223,#2224),.UNSPECIFIED.,.F.,.F.,(7,7),(0.,1.),
  .PIECEWISE_BEZIER_KNOTS.);
#2218 = CARTESIAN_POINT('',(2.179042614535,6.086527979651,0.));
#2219 = CARTESIAN_POINT('',(2.146988399657,6.100261455107,0.));
#2220 = CARTESIAN_POINT('',(2.105095362802,6.115465319954,0.));
#2221 = CARTESIAN_POINT('',(2.05391115009,6.132020184173,0.));
#2222 = CARTESIAN_POINT('',(1.994187843291,6.14978490931,0.));
#2223 = CARTESIAN_POINT('',(1.926717768185,6.168620049847,0.));
#2224 = CARTESIAN_POINT('',(1.852253006977,6.18839934593,0.));
#2225 = ORIENTED_EDGE('',*,*,#2226,.F.);
#2226 = EDGE_CURVE('',#2227,#2215,#2229,.T.);
#2227 = VERTEX_POINT('',#2228);
#2228 = CARTESIAN_POINT('',(2.324409620349,5.97132994186,0.));
#2229 = B_SPLINE_CURVE_WITH_KNOTS('',4,(#2230,#2231,#2232,#2233,#2234,
    #2235,#2236,#2237),.UNSPECIFIED.,.F.,.F.,(5,3,5),(0.,0.215820374849,
    1.),.UNSPECIFIED.);
#2230 = CARTESIAN_POINT('',(2.324409620349,5.97132994186,0.));
#2231 = CARTESIAN_POINT('',(2.318715294363,5.979496223313,0.));
#2232 = CARTESIAN_POINT('',(2.312709839403,5.98738364997,0.));
#2233 = CARTESIAN_POINT('',(2.306393507763,5.994991293742,0.));
#2234 = CARTESIAN_POINT('',(2.275689129448,6.02894185621,0.));
#2235 = CARTESIAN_POINT('',(2.247514639539,6.051863039139,0.));
#2236 = CARTESIAN_POINT('',(2.215271669144,6.071051490304,0.));
#2237 = CARTESIAN_POINT('',(2.179042614535,6.086527979651,0.));
#2238 = ORIENTED_EDGE('',*,*,#2239,.F.);
#2239 = EDGE_CURVE('',#2240,#2227,#2242,.T.);
#2240 = VERTEX_POINT('',#2241);
#2241 = CARTESIAN_POINT('',(2.377143995349,5.783530159884,0.));
#2242 = B_SPLINE_CURVE_WITH_KNOTS('',5,(#2243,#2244,#2245,#2246,#2247,
    #2248),.UNSPECIFIED.,.F.,.F.,(6,6),(0.,1.),
  .PIECEWISE_BEZIER_KNOTS.);
#2243 = CARTESIAN_POINT('',(2.377143995349,5.783530159884,0.));
#2244 = CARTESIAN_POINT('',(2.377143995349,5.828165495146,0.));
#2245 = CARTESIAN_POINT('',(2.371925388967,5.869357971561,0.));
#2246 = CARTESIAN_POINT('',(2.361406879427,5.906995877568,0.));
#2247 = CARTESIAN_POINT('',(2.345558486344,5.941000172797,0.));
#2248 = CARTESIAN_POINT('',(2.324409620349,5.97132994186,0.));
#2249 = ORIENTED_EDGE('',*,*,#2250,.F.);
#2250 = EDGE_CURVE('',#2251,#2240,#2253,.T.);
#2251 = VERTEX_POINT('',#2252);
#2252 = CARTESIAN_POINT('',(2.312718123256,5.576844113372,0.));
#2253 = B_SPLINE_CURVE_WITH_KNOTS('',4,(#2254,#2255,#2256,#2257,#2258,
    #2259,#2260,#2261),.UNSPECIFIED.,.F.,.F.,(5,3,5),(0.,0.676210504992,
    1.),.UNSPECIFIED.);
#2254 = CARTESIAN_POINT('',(2.312718123256,5.576844113372,0.));
#2255 = CARTESIAN_POINT('',(2.334439740348,5.609536801027,0.));
#2256 = CARTESIAN_POINT('',(2.351333100478,5.643277384822,0.));
#2257 = CARTESIAN_POINT('',(2.363316588569,5.678037029681,0.));
#2258 = CARTESIAN_POINT('',(2.373763389349,5.730880544863,0.));
#2259 = CARTESIAN_POINT('',(2.376018102644,5.74821398915,0.));
#2260 = CARTESIAN_POINT('',(2.377143995349,5.765765749775,0.));
#2261 = CARTESIAN_POINT('',(2.377143995349,5.783530159884,0.));
#2262 = ORIENTED_EDGE('',*,*,#2263,.F.);
#2263 = EDGE_CURVE('',#2264,#2251,#2266,.T.);
#2264 = VERTEX_POINT('',#2265);
#2265 = CARTESIAN_POINT('',(2.126962309302,5.426898619186,0.));
#2266 = B_SPLINE_CURVE_WITH_KNOTS('',5,(#2267,#2268,#2269,#2270,#2271,
    #2272),.UNSPECIFIED.,.F.,.F.,(6,6),(0.,1.),
  .PIECEWISE_BEZIER_KNOTS.);
#2267 = CARTESIAN_POINT('',(2.126962309302,5.426898619186,0.));
#2268 = CARTESIAN_POINT('',(2.175264816507,5.448008603816,0.));
#2269 = CARTESIAN_POINT('',(2.218129416494,5.473544298979,0.));
#2270 = CARTESIAN_POINT('',(2.255384671923,5.503547685343,0.));
#2271 = CARTESIAN_POINT('',(2.286924436497,5.538006097096,0.));
#2272 = CARTESIAN_POINT('',(2.312718123256,5.576844113372,0.));
#2273 = ORIENTED_EDGE('',*,*,#2274,.F.);
#2274 = EDGE_CURVE('',#2275,#2264,#2277,.T.);
#2275 = VERTEX_POINT('',#2276);
#2276 = CARTESIAN_POINT('',(1.852253006977,5.373837209302,0.));
#2277 = B_SPLINE_CURVE_WITH_KNOTS('',5,(#2278,#2279,#2280,#2281,#2282,
    #2283),.UNSPECIFIED.,.F.,.F.,(6,6),(0.,1.),
  .PIECEWISE_BEZIER_KNOTS.);
#2278 = CARTESIAN_POINT('',(1.852253006977,5.373837209302,0.));
#2279 = CARTESIAN_POINT('',(1.913165522373,5.373837209302,0.));
#2280 = CARTESIAN_POINT('',(1.971202421845,5.37907322506,0.));
#2281 = CARTESIAN_POINT('',(2.02624263769,5.389638395125,0.));
#2282 = CARTESIAN_POINT('',(2.078186663303,5.405581855379,0.));
#2283 = CARTESIAN_POINT('',(2.126962309302,5.426898619186,0.));
#2284 = ORIENTED_EDGE('',*,*,#2285,.F.);
#2285 = EDGE_CURVE('',#2286,#2275,#2288,.T.);
#2286 = VERTEX_POINT('',#2287);
#2287 = CARTESIAN_POINT('',(1.465288980814,5.478651889535,0.));
#2288 = B_SPLINE_CURVE_WITH_KNOTS('',6,(#2289,#2290,#2291,#2292,#2293,
    #2294,#2295),.UNSPECIFIED.,.F.,.F.,(7,7),(0.,1.),
  .PIECEWISE_BEZIER_KNOTS.);
#2289 = CARTESIAN_POINT('',(1.465288980814,5.478651889535,0.));
#2290 = CARTESIAN_POINT('',(1.510719012296,5.442877135014,0.));
#2291 = CARTESIAN_POINT('',(1.564425289264,5.414558053075,0.));
#2292 = CARTESIAN_POINT('',(1.626061418554,5.393778122147,0.));
#2293 = CARTESIAN_POINT('',(1.695045777779,5.380330044693,0.));
#2294 = CARTESIAN_POINT('',(1.770683903063,5.373837209302,0.));
#2295 = CARTESIAN_POINT('',(1.852253006977,5.373837209302,0.));
#2296 = ORIENTED_EDGE('',*,*,#2297,.F.);
#2297 = EDGE_CURVE('',#1938,#2286,#2298,.T.);
#2298 = B_SPLINE_CURVE_WITH_KNOTS('',5,(#2299,#2300,#2301,#2302,#2303,
    #2304,#2305,#2306,#2307,#2308),.UNSPECIFIED.,.F.,.F.,(6,4,6),(0.,
    0.888883406079,1.),.UNSPECIFIED.);
#2299 = CARTESIAN_POINT('',(1.295476117442,5.789498546512,0.));
#2300 = CARTESIAN_POINT('',(1.308313721302,5.717607964897,0.));
#2301 = CARTESIAN_POINT('',(1.328640381222,5.652487326758,0.));
#2302 = CARTESIAN_POINT('',(1.356789393059,5.5947963738,0.));
#2303 = CARTESIAN_POINT('',(1.392883108912,5.54503241565,0.));
#2304 = CARTESIAN_POINT('',(1.442176614201,5.498195712781,0.));
#2305 = CARTESIAN_POINT('',(1.447774683558,5.493118385961,0.));
#2306 = CARTESIAN_POINT('',(1.453493093736,5.488168448422,0.));
#2307 = CARTESIAN_POINT('',(1.45933137316,5.483346206076,0.));
#2308 = CARTESIAN_POINT('',(1.465288980814,5.478651889535,0.));
#2309 = FACE_BOUND('',#2310,.T.);
#2310 = EDGE_LOOP('',(#2311,#2321,#2336,#2347,#2358,#2371,#2384,#2395,
    #2407,#2420,#2430,#2440,#2450,#2460,#2470,#2481,#2492,#2503,#2511,
    #2524,#2535,#2546,#2559,#2569,#2579,#2590,#2602,#2615,#2626,#2639,
    #2650,#2661,#2673));
#2311 = ORIENTED_EDGE('',*,*,#2312,.F.);
#2312 = EDGE_CURVE('',#2313,#2315,#2317,.T.);
#2313 = VERTEX_POINT('',#2314);
#2314 = CARTESIAN_POINT('',(2.769585855814,5.823837209302,0.));
#2315 = VERTEX_POINT('',#2316);
#2316 = CARTESIAN_POINT('',(2.55129007093,5.789498546512,0.));
#2317 = LINE('',#2318,#2319);
#2318 = CARTESIAN_POINT('',(0.862089390827,5.523781585597,0.));
#2319 = VECTOR('',#2320,1.);
#2320 = DIRECTION('',(-0.987852796582,-0.155392574743,0.));
#2321 = ORIENTED_EDGE('',*,*,#2322,.F.);
#2322 = EDGE_CURVE('',#2323,#2313,#2325,.T.);
#2323 = VERTEX_POINT('',#2324);
#2324 = CARTESIAN_POINT('',(2.871947774419,5.62671693314,0.));
#2325 = B_SPLINE_CURVE_WITH_KNOTS('',5,(#2326,#2327,#2328,#2329,#2330,
    #2331,#2332,#2333,#2334,#2335),.UNSPECIFIED.,.F.,.F.,(6,4,6),(0.,
    0.176525636528,1.),.UNSPECIFIED.);
#2326 = CARTESIAN_POINT('',(2.871947774419,5.62671693314,0.));
#2327 = CARTESIAN_POINT('',(2.866004820255,5.631566198562,0.));
#2328 = CARTESIAN_POINT('',(2.860265768933,5.636604749012,0.));
#2329 = CARTESIAN_POINT('',(2.854731280931,5.641832379868,0.));
#2330 = CARTESIAN_POINT('',(2.849401888442,5.647248766478,0.));
#2331 = CARTESIAN_POINT('',(2.820375548835,5.678998815901,0.));
#2332 = CARTESIAN_POINT('',(2.800944662901,5.709242448013,0.));
#2333 = CARTESIAN_POINT('',(2.786027677188,5.74353835451,0.));
#2334 = CARTESIAN_POINT('',(2.775600898308,5.781785378891,0.));
#2335 = CARTESIAN_POINT('',(2.769585855814,5.823837209302,0.));
#2336 = ORIENTED_EDGE('',*,*,#2337,.F.);
#2337 = EDGE_CURVE('',#2338,#2323,#2340,.T.);
#2338 = VERTEX_POINT('',#2339);
#2339 = CARTESIAN_POINT('',(3.106840579651,5.558284883721,0.));
#2340 = B_SPLINE_CURVE_WITH_KNOTS('',5,(#2341,#2342,#2343,#2344,#2345,
    #2346),.UNSPECIFIED.,.F.,.F.,(6,6),(0.,1.),
  .PIECEWISE_BEZIER_KNOTS.);
#2341 = CARTESIAN_POINT('',(3.106840579651,5.558284883721,0.));
#2342 = CARTESIAN_POINT('',(3.047286846624,5.558284883721,0.));
#2343 = CARTESIAN_POINT('',(2.993694611683,5.564951359409,0.));
#2344 = CARTESIAN_POINT('',(2.946445397519,5.578528671746,0.));
#2345 = CARTESIAN_POINT('',(2.905820671894,5.599137540935,0.));
#2346 = CARTESIAN_POINT('',(2.871947774419,5.62671693314,0.));
#2347 = ORIENTED_EDGE('',*,*,#2348,.F.);
#2348 = EDGE_CURVE('',#2349,#2338,#2351,.T.);
#2349 = VERTEX_POINT('',#2350);
#2350 = CARTESIAN_POINT('',(3.332494649419,5.619031613372,0.));
#2351 = B_SPLINE_CURVE_WITH_KNOTS('',5,(#2352,#2353,#2354,#2355,#2356,
    #2357),.UNSPECIFIED.,.F.,.F.,(6,6),(0.,1.),
  .PIECEWISE_BEZIER_KNOTS.);
#2352 = CARTESIAN_POINT('',(3.332494649419,5.619031613372,0.));
#2353 = CARTESIAN_POINT('',(3.302759265639,5.594483402096,0.));
#2354 = CARTESIAN_POINT('',(3.265072225226,5.57618416246,0.));
#2355 = CARTESIAN_POINT('',(3.219596959975,5.564166623168,0.));
#2356 = CARTESIAN_POINT('',(3.166695218324,5.558284883721,0.));
#2357 = CARTESIAN_POINT('',(3.106840579651,5.558284883721,0.));
#2358 = ORIENTED_EDGE('',*,*,#2359,.F.);
#2359 = EDGE_CURVE('',#2360,#2349,#2362,.T.);
#2360 = VERTEX_POINT('',#2361);
#2361 = CARTESIAN_POINT('',(3.406077498256,5.761618822674,0.));
#2362 = B_SPLINE_CURVE_WITH_KNOTS('',4,(#2363,#2364,#2365,#2366,#2367,
    #2368,#2369,#2370),.UNSPECIFIED.,.F.,.F.,(5,3,5),(0.,0.295673956442,
    1.),.UNSPECIFIED.);
#2363 = CARTESIAN_POINT('',(3.406077498256,5.761618822674,0.));
#2364 = CARTESIAN_POINT('',(3.406077498256,5.74951445368,0.));
#2365 = CARTESIAN_POINT('',(3.405004416609,5.737709672315,0.));
#2366 = CARTESIAN_POINT('',(3.402855041982,5.726209407854,0.));
#2367 = CARTESIAN_POINT('',(3.39194918254,5.688356905497,0.));
#2368 = CARTESIAN_POINT('',(3.378166466932,5.663445512875,0.));
#2369 = CARTESIAN_POINT('',(3.358298512003,5.640334135483,0.));
#2370 = CARTESIAN_POINT('',(3.332494649419,5.619031613372,0.));
#2371 = ORIENTED_EDGE('',*,*,#2372,.F.);
#2372 = EDGE_CURVE('',#2373,#2360,#2375,.T.);
#2373 = VERTEX_POINT('',#2374);
#2374 = CARTESIAN_POINT('',(3.341079315116,5.877062136628,0.));
#2375 = B_SPLINE_CURVE_WITH_KNOTS('',4,(#2376,#2377,#2378,#2379,#2380,
    #2381,#2382,#2383),.UNSPECIFIED.,.F.,.F.,(5,3,5),(0.,0.560099297374,
    1.),.UNSPECIFIED.);
#2376 = CARTESIAN_POINT('',(3.341079315116,5.877062136628,0.));
#2377 = CARTESIAN_POINT('',(3.359240152195,5.865297569212,0.));
#2378 = CARTESIAN_POINT('',(3.37405670078,5.851882631604,0.));
#2379 = CARTESIAN_POINT('',(3.385477549358,5.836813926264,0.));
#2380 = CARTESIAN_POINT('',(3.399789834125,5.806989710678,0.));
#2381 = CARTESIAN_POINT('',(3.403985755814,5.792860939665,0.));
#2382 = CARTESIAN_POINT('',(3.406077498256,5.777731834817,0.));
#2383 = CARTESIAN_POINT('',(3.406077498256,5.761618822674,0.));
#2384 = ORIENTED_EDGE('',*,*,#2385,.F.);
#2385 = EDGE_CURVE('',#2386,#2373,#2388,.T.);
#2386 = VERTEX_POINT('',#2387);
#2387 = CARTESIAN_POINT('',(3.115425245349,5.950481468023,0.));
#2388 = B_SPLINE_CURVE_WITH_KNOTS('',5,(#2389,#2390,#2391,#2392,#2393,
    #2394),.UNSPECIFIED.,.F.,.F.,(6,6),(0.,1.),
  .PIECEWISE_BEZIER_KNOTS.);
#2389 = CARTESIAN_POINT('',(3.115425245349,5.950481468023,0.));
#2390 = CARTESIAN_POINT('',(3.185091152409,5.933294051497,0.));
#2391 = CARTESIAN_POINT('',(3.243654945468,5.917189089313,0.));
#2392 = CARTESIAN_POINT('',(3.289840315921,5.902340546741,0.));
#2393 = CARTESIAN_POINT('',(3.322481051972,5.88892481258,0.));
#2394 = CARTESIAN_POINT('',(3.341079315116,5.877062136628,0.));
#2395 = ORIENTED_EDGE('',*,*,#2396,.F.);
#2396 = EDGE_CURVE('',#2397,#2386,#2399,.T.);
#2397 = VERTEX_POINT('',#2398);
#2398 = CARTESIAN_POINT('',(2.778742832558,6.056359011628,0.));
#2399 = B_SPLINE_CURVE_WITH_KNOTS('',6,(#2400,#2401,#2402,#2403,#2404,
    #2405,#2406),.UNSPECIFIED.,.F.,.F.,(7,7),(0.,1.),
  .PIECEWISE_BEZIER_KNOTS.);
#2400 = CARTESIAN_POINT('',(2.778742832558,6.056359011628,0.));
#2401 = CARTESIAN_POINT('',(2.811323231522,6.040863456023,0.));
#2402 = CARTESIAN_POINT('',(2.85428980909,6.024350323927,0.));
#2403 = CARTESIAN_POINT('',(2.907034701707,6.006935556808,0.));
#2404 = CARTESIAN_POINT('',(2.96871566324,5.988744180104,0.));
#2405 = CARTESIAN_POINT('',(3.038453732173,5.969892802491,0.));
#2406 = CARTESIAN_POINT('',(3.115425245349,5.950481468023,0.));
#2407 = ORIENTED_EDGE('',*,*,#2408,.F.);
#2408 = EDGE_CURVE('',#2409,#2397,#2411,.T.);
#2409 = VERTEX_POINT('',#2410);
#2410 = CARTESIAN_POINT('',(2.63648265814,6.179978197674,0.));
#2411 = B_SPLINE_CURVE_WITH_KNOTS('',4,(#2412,#2413,#2414,#2415,#2416,
    #2417,#2418,#2419),.UNSPECIFIED.,.F.,.F.,(5,3,5),(0.,0.155812053512,
    1.),.UNSPECIFIED.);
#2412 = CARTESIAN_POINT('',(2.63648265814,6.179978197674,0.));
#2413 = CARTESIAN_POINT('',(2.640263946229,6.173824836787,0.));
#2414 = CARTESIAN_POINT('',(2.644229291659,6.167809443353,0.));
#2415 = CARTESIAN_POINT('',(2.648378586849,6.16193239059,0.));
#2416 = CARTESIAN_POINT('',(2.67618789655,6.125103261218,0.));
#2417 = CARTESIAN_POINT('',(2.705057734569,6.09808196941,0.));
#2418 = CARTESIAN_POINT('',(2.739285192175,6.075176212404,0.));
#2419 = CARTESIAN_POINT('',(2.778742832558,6.056359011628,0.));
#2420 = ORIENTED_EDGE('',*,*,#2421,.F.);
#2421 = EDGE_CURVE('',#2422,#2409,#2424,.T.);
#2422 = VERTEX_POINT('',#2423);
#2423 = CARTESIAN_POINT('',(2.588081495349,6.35445130814,0.));
#2424 = B_SPLINE_CURVE_WITH_KNOTS('',4,(#2425,#2426,#2427,#2428,#2429),
  .UNSPECIFIED.,.F.,.F.,(5,5),(0.,1.),.PIECEWISE_BEZIER_KNOTS.);
#2425 = CARTESIAN_POINT('',(2.588081495349,6.35445130814,0.));
#2426 = CARTESIAN_POINT('',(2.588081495349,6.306769294066,0.));
#2427 = CARTESIAN_POINT('',(2.596126324102,6.261735425995,0.));
#2428 = CARTESIAN_POINT('',(2.612289893816,6.219454904323,0.));
#2429 = CARTESIAN_POINT('',(2.63648265814,6.179978197674,0.));
#2430 = ORIENTED_EDGE('',*,*,#2431,.F.);
#2431 = EDGE_CURVE('',#2432,#2422,#2434,.T.);
#2432 = VERTEX_POINT('',#2433);
#2433 = CARTESIAN_POINT('',(2.627897992442,6.515434229651,0.));
#2434 = B_SPLINE_CURVE_WITH_KNOTS('',4,(#2435,#2436,#2437,#2438,#2439),
  .UNSPECIFIED.,.F.,.F.,(5,5),(0.,1.),.PIECEWISE_BEZIER_KNOTS.);
#2435 = CARTESIAN_POINT('',(2.627897992442,6.515434229651,0.));
#2436 = CARTESIAN_POINT('',(2.60799173471,6.478401232721,0.));
#2437 = CARTESIAN_POINT('',(2.594703830758,6.439198743921,0.));
#2438 = CARTESIAN_POINT('',(2.588081495349,6.397861126209,0.));
#2439 = CARTESIAN_POINT('',(2.588081495349,6.35445130814,0.));
#2440 = ORIENTED_EDGE('',*,*,#2441,.F.);
#2441 = EDGE_CURVE('',#2442,#2432,#2444,.T.);
#2442 = VERTEX_POINT('',#2443);
#2443 = CARTESIAN_POINT('',(2.736473573837,6.638481104651,0.));
#2444 = B_SPLINE_CURVE_WITH_KNOTS('',4,(#2445,#2446,#2447,#2448,#2449),
  .UNSPECIFIED.,.F.,.F.,(5,5),(0.,1.),.PIECEWISE_BEZIER_KNOTS.);
#2445 = CARTESIAN_POINT('',(2.736473573837,6.638481104651,0.));
#2446 = CARTESIAN_POINT('',(2.702152365596,6.614006814488,0.));
#2447 = CARTESIAN_POINT('',(2.672589500232,6.585329716624,0.));
#2448 = CARTESIAN_POINT('',(2.647838385306,6.552454713125,0.));
#2449 = CARTESIAN_POINT('',(2.627897992442,6.515434229651,0.));
#2450 = ORIENTED_EDGE('',*,*,#2451,.F.);
#2451 = EDGE_CURVE('',#2452,#2442,#2454,.T.);
#2452 = VERTEX_POINT('',#2453);
#2453 = CARTESIAN_POINT('',(2.876853297674,6.702743459302,0.));
#2454 = B_SPLINE_CURVE_WITH_KNOTS('',4,(#2455,#2456,#2457,#2458,#2459),
  .UNSPECIFIED.,.F.,.F.,(5,5),(0.,1.),.PIECEWISE_BEZIER_KNOTS.);
#2455 = CARTESIAN_POINT('',(2.876853297674,6.702743459302,0.));
#2456 = CARTESIAN_POINT('',(2.832633313215,6.689644255074,0.));
#2457 = CARTESIAN_POINT('',(2.794408958585,6.674578226462,0.));
#2458 = CARTESIAN_POINT('',(2.762328355861,6.657523356809,0.));
#2459 = CARTESIAN_POINT('',(2.736473573837,6.638481104651,0.));
#2460 = ORIENTED_EDGE('',*,*,#2461,.F.);
#2461 = EDGE_CURVE('',#2462,#2452,#2464,.T.);
#2462 = VERTEX_POINT('',#2463);
#2463 = CARTESIAN_POINT('',(3.067596393605,6.729069767442,0.));
#2464 = B_SPLINE_CURVE_WITH_KNOTS('',4,(#2465,#2466,#2467,#2468,#2469),
  .UNSPECIFIED.,.F.,.F.,(5,5),(0.,1.),.PIECEWISE_BEZIER_KNOTS.);
#2465 = CARTESIAN_POINT('',(3.067596393605,6.729069767442,0.));
#2466 = CARTESIAN_POINT('',(3.016801473464,6.729069767442,0.));
#2467 = CARTESIAN_POINT('',(2.968052670686,6.724699285341,0.));
#2468 = CARTESIAN_POINT('',(2.921393149904,6.715925290569,0.));
#2469 = CARTESIAN_POINT('',(2.876853297674,6.702743459302,0.));
#2470 = ORIENTED_EDGE('',*,*,#2471,.F.);
#2471 = EDGE_CURVE('',#2472,#2462,#2474,.T.);
#2472 = VERTEX_POINT('',#2473);
#2473 = CARTESIAN_POINT('',(3.336746102907,6.684593023256,0.));
#2474 = B_SPLINE_CURVE_WITH_KNOTS('',5,(#2475,#2476,#2477,#2478,#2479,
    #2480),.UNSPECIFIED.,.F.,.F.,(6,6),(0.,1.),
  .PIECEWISE_BEZIER_KNOTS.);
#2475 = CARTESIAN_POINT('',(3.336746102907,6.684593023256,0.));
#2476 = CARTESIAN_POINT('',(3.290102340017,6.702500014796,0.));
#2477 = CARTESIAN_POINT('',(3.239769048239,6.715861015285,0.));
#2478 = CARTESIAN_POINT('',(3.185829750144,6.724697213043,0.));
#2479 = CARTESIAN_POINT('',(3.128395389444,6.729069767442,0.));
#2480 = CARTESIAN_POINT('',(3.067596393605,6.729069767442,0.));
#2481 = ORIENTED_EDGE('',*,*,#2482,.F.);
#2482 = EDGE_CURVE('',#2483,#2472,#2485,.T.);
#2483 = VERTEX_POINT('',#2484);
#2484 = CARTESIAN_POINT('',(3.507867105814,6.564080668605,0.));
#2485 = B_SPLINE_CURVE_WITH_KNOTS('',5,(#2486,#2487,#2488,#2489,#2490,
    #2491),.UNSPECIFIED.,.F.,.F.,(6,6),(0.,1.),
  .PIECEWISE_BEZIER_KNOTS.);
#2486 = CARTESIAN_POINT('',(3.507867105814,6.564080668605,0.));
#2487 = CARTESIAN_POINT('',(3.485685470882,6.594642032288,0.));
#2488 = CARTESIAN_POINT('',(3.457390514605,6.621988996458,0.));
#2489 = CARTESIAN_POINT('',(3.42303908052,6.646085692211,0.));
#2490 = CARTESIAN_POINT('',(3.382761663866,6.666939662775,0.));
#2491 = CARTESIAN_POINT('',(3.336746102907,6.684593023256,0.));
#2492 = ORIENTED_EDGE('',*,*,#2493,.F.);
#2493 = EDGE_CURVE('',#2494,#2483,#2496,.T.);
#2494 = VERTEX_POINT('',#2495);
#2495 = CARTESIAN_POINT('',(3.583902716279,6.360828488372,0.));
#2496 = B_SPLINE_CURVE_WITH_KNOTS('',5,(#2497,#2498,#2499,#2500,#2501,
    #2502),.UNSPECIFIED.,.F.,.F.,(6,6),(0.,1.),
  .PIECEWISE_BEZIER_KNOTS.);
#2497 = CARTESIAN_POINT('',(3.583902716279,6.360828488372,0.));
#2498 = CARTESIAN_POINT('',(3.575634853604,6.411311085174,0.));
#2499 = CARTESIAN_POINT('',(3.5639469787,6.457020459657,0.));
#2500 = CARTESIAN_POINT('',(3.548774521705,6.497794862037,0.));
#2501 = CARTESIAN_POINT('',(3.530081013086,6.5335077503,0.));
#2502 = CARTESIAN_POINT('',(3.507867105814,6.564080668605,0.));
#2503 = ORIENTED_EDGE('',*,*,#2504,.F.);
#2504 = EDGE_CURVE('',#2505,#2494,#2507,.T.);
#2505 = VERTEX_POINT('',#2506);
#2506 = CARTESIAN_POINT('',(3.368059693023,6.331395348837,0.));
#2507 = LINE('',#2508,#2509);
#2508 = CARTESIAN_POINT('',(1.398888928336,6.062872062744,
    2.775557561563E-17));
#2509 = VECTOR('',#2510,1.);
#2510 = DIRECTION('',(0.990830168044,0.135113204733,-0.));
#2511 = ORIENTED_EDGE('',*,*,#2512,.F.);
#2512 = EDGE_CURVE('',#2513,#2505,#2515,.T.);
#2513 = VERTEX_POINT('',#2514);
#2514 = CARTESIAN_POINT('',(3.282785347093,6.488208575581,0.));
#2515 = B_SPLINE_CURVE_WITH_KNOTS('',4,(#2516,#2517,#2518,#2519,#2520,
    #2521,#2522,#2523),.UNSPECIFIED.,.F.,.F.,(5,3,5),(0.,0.28771355697,
    1.),.UNSPECIFIED.);
#2516 = CARTESIAN_POINT('',(3.282785347093,6.488208575581,0.));
#2517 = CARTESIAN_POINT('',(3.292940187009,6.480101177317,0.));
#2518 = CARTESIAN_POINT('',(3.302329396702,6.47137973264,0.));
#2519 = CARTESIAN_POINT('',(3.310948356598,6.462044944952,0.));
#2520 = CARTESIAN_POINT('',(3.338220538779,6.427477870716,0.));
#2521 = CARTESIAN_POINT('',(3.35291218246,6.399113442734,0.));
#2522 = CARTESIAN_POINT('',(3.362837913593,6.367048498388,0.));
#2523 = CARTESIAN_POINT('',(3.368059693023,6.331395348837,0.));
#2524 = ORIENTED_EDGE('',*,*,#2525,.F.);
#2525 = EDGE_CURVE('',#2526,#2513,#2528,.T.);
#2526 = VERTEX_POINT('',#2527);
#2527 = CARTESIAN_POINT('',(3.083539344186,6.544622093023,0.));
#2528 = B_SPLINE_CURVE_WITH_KNOTS('',5,(#2529,#2530,#2531,#2532,#2533,
    #2534),.UNSPECIFIED.,.F.,.F.,(6,6),(0.,1.),
  .PIECEWISE_BEZIER_KNOTS.);
#2529 = CARTESIAN_POINT('',(3.083539344186,6.544622093023,0.));
#2530 = CARTESIAN_POINT('',(3.134530605091,6.544622093023,0.));
#2531 = CARTESIAN_POINT('',(3.180165469141,6.539093367976,0.));
#2532 = CARTESIAN_POINT('',(3.220191116603,6.527881220857,0.));
#2533 = CARTESIAN_POINT('',(3.254425577788,6.510909551011,0.));
#2534 = CARTESIAN_POINT('',(3.282785347093,6.488208575581,0.));
#2535 = ORIENTED_EDGE('',*,*,#2536,.F.);
#2536 = EDGE_CURVE('',#2537,#2526,#2539,.T.);
#2537 = VERTEX_POINT('',#2538);
#2538 = CARTESIAN_POINT('',(2.866469940116,6.494912790698,0.));
#2539 = B_SPLINE_CURVE_WITH_KNOTS('',5,(#2540,#2541,#2542,#2543,#2544,
    #2545),.UNSPECIFIED.,.F.,.F.,(6,6),(0.,1.),
  .PIECEWISE_BEZIER_KNOTS.);
#2540 = CARTESIAN_POINT('',(2.866469940116,6.494912790698,0.));
#2541 = CARTESIAN_POINT('',(2.892797025875,6.515047216033,0.));
#2542 = CARTESIAN_POINT('',(2.927970680313,6.530022029132,0.));
#2543 = CARTESIAN_POINT('',(2.971789462517,6.539831659733,0.));
#2544 = CARTESIAN_POINT('',(3.023825635754,6.544622093023,0.));
#2545 = CARTESIAN_POINT('',(3.083539344186,6.544622093023,0.));
#2546 = ORIENTED_EDGE('',*,*,#2547,.F.);
#2547 = EDGE_CURVE('',#2548,#2537,#2550,.T.);
#2548 = VERTEX_POINT('',#2549);
#2549 = CARTESIAN_POINT('',(2.801471756977,6.378651889535,0.));
#2550 = B_SPLINE_CURVE_WITH_KNOTS('',4,(#2551,#2552,#2553,#2554,#2555,
    #2556,#2557,#2558),.UNSPECIFIED.,.F.,.F.,(5,3,5),(0.,0.251722593584,
    1.),.UNSPECIFIED.);
#2551 = CARTESIAN_POINT('',(2.801471756977,6.378651889535,0.));
#2552 = CARTESIAN_POINT('',(2.801471756977,6.387044556999,0.));
#2553 = CARTESIAN_POINT('',(2.802159183715,6.395260508488,0.));
#2554 = CARTESIAN_POINT('',(2.803535195886,6.403297870689,0.));
#2555 = CARTESIAN_POINT('',(2.811735515465,6.43451196925,0.));
#2556 = CARTESIAN_POINT('',(2.82395306758,6.456277670234,0.));
#2557 = CARTESIAN_POINT('',(2.842240682775,6.476413219369,0.));
#2558 = CARTESIAN_POINT('',(2.866469940116,6.494912790698,0.));
#2559 = ORIENTED_EDGE('',*,*,#2560,.F.);
#2560 = EDGE_CURVE('',#2561,#2548,#2563,.T.);
#2561 = VERTEX_POINT('',#2562);
#2562 = CARTESIAN_POINT('',(2.828452134884,6.302289244186,0.));
#2563 = B_SPLINE_CURVE_WITH_KNOTS('',4,(#2564,#2565,#2566,#2567,#2568),
  .UNSPECIFIED.,.F.,.F.,(5,5),(0.,1.),.PIECEWISE_BEZIER_KNOTS.);
#2564 = CARTESIAN_POINT('',(2.828452134884,6.302289244186,0.));
#2565 = CARTESIAN_POINT('',(2.814966572587,6.319248360408,0.));
#2566 = CARTESIAN_POINT('',(2.805966807174,6.33763352379,0.));
#2567 = CARTESIAN_POINT('',(2.801471756977,6.357439466411,0.));
#2568 = CARTESIAN_POINT('',(2.801471756977,6.378651889535,0.));
#2569 = ORIENTED_EDGE('',*,*,#2570,.F.);
#2570 = EDGE_CURVE('',#2571,#2561,#2573,.T.);
#2571 = VERTEX_POINT('',#2572);
#2572 = CARTESIAN_POINT('',(2.913072411047,6.244158793605,0.));
#2573 = B_SPLINE_CURVE_WITH_KNOTS('',4,(#2574,#2575,#2576,#2577,#2578),
  .UNSPECIFIED.,.F.,.F.,(5,5),(0.,1.),.PIECEWISE_BEZIER_KNOTS.);
#2574 = CARTESIAN_POINT('',(2.913072411047,6.244158793605,0.));
#2575 = CARTESIAN_POINT('',(2.884316389935,6.255620413367,0.));
#2576 = CARTESIAN_POINT('',(2.860591527215,6.269125703954,0.));
#2577 = CARTESIAN_POINT('',(2.841962690078,6.284684581357,0.));
#2578 = CARTESIAN_POINT('',(2.828452134884,6.302289244186,0.));
#2579 = ORIENTED_EDGE('',*,*,#2580,.F.);
#2580 = EDGE_CURVE('',#2581,#2571,#2583,.T.);
#2581 = VERTEX_POINT('',#2582);
#2582 = CARTESIAN_POINT('',(3.108066960465,6.18839934593,0.));
#2583 = B_SPLINE_CURVE_WITH_KNOTS('',5,(#2584,#2585,#2586,#2587,#2588,
    #2589),.UNSPECIFIED.,.F.,.F.,(6,6),(0.,1.),
  .PIECEWISE_BEZIER_KNOTS.);
#2584 = CARTESIAN_POINT('',(3.108066960465,6.18839934593,0.));
#2585 = CARTESIAN_POINT('',(3.045257733192,6.205338804195,0.));
#2586 = CARTESIAN_POINT('',(2.99333775471,6.219639734734,0.));
#2587 = CARTESIAN_POINT('',(2.953456904591,6.231015232809,0.));
#2588 = CARTESIAN_POINT('',(2.926589699086,6.239219142667,0.));
#2589 = CARTESIAN_POINT('',(2.913072411047,6.244158793605,0.));
#2590 = ORIENTED_EDGE('',*,*,#2591,.F.);
#2591 = EDGE_CURVE('',#2592,#2581,#2594,.T.);
#2592 = VERTEX_POINT('',#2593);
#2593 = CARTESIAN_POINT('',(3.434856568023,6.086527979651,0.));
#2594 = B_SPLINE_CURVE_WITH_KNOTS('',6,(#2595,#2596,#2597,#2598,#2599,
    #2600,#2601),.UNSPECIFIED.,.F.,.F.,(7,7),(0.,1.),
  .PIECEWISE_BEZIER_KNOTS.);
#2595 = CARTESIAN_POINT('',(3.434856568023,6.086527979651,0.));
#2596 = CARTESIAN_POINT('',(3.402802353146,6.100261455107,0.));
#2597 = CARTESIAN_POINT('',(3.36090931629,6.115465319954,0.));
#2598 = CARTESIAN_POINT('',(3.309725103578,6.132020184173,0.));
#2599 = CARTESIAN_POINT('',(3.25000179678,6.14978490931,0.));
#2600 = CARTESIAN_POINT('',(3.182531721674,6.168620049847,0.));
#2601 = CARTESIAN_POINT('',(3.108066960465,6.18839934593,0.));
#2602 = ORIENTED_EDGE('',*,*,#2603,.F.);
#2603 = EDGE_CURVE('',#2604,#2592,#2606,.T.);
#2604 = VERTEX_POINT('',#2605);
#2605 = CARTESIAN_POINT('',(3.580223573837,5.97132994186,0.));
#2606 = B_SPLINE_CURVE_WITH_KNOTS('',4,(#2607,#2608,#2609,#2610,#2611,
    #2612,#2613,#2614),.UNSPECIFIED.,.F.,.F.,(5,3,5),(0.,0.215820374849,
    1.),.UNSPECIFIED.);
#2607 = CARTESIAN_POINT('',(3.580223573837,5.97132994186,0.));
#2608 = CARTESIAN_POINT('',(3.574529247852,5.979496223313,0.));
#2609 = CARTESIAN_POINT('',(3.568523792891,5.98738364997,0.));
#2610 = CARTESIAN_POINT('',(3.562207461251,5.994991293742,0.));
#2611 = CARTESIAN_POINT('',(3.531503082937,6.02894185621,0.));
#2612 = CARTESIAN_POINT('',(3.503328593027,6.051863039139,0.));
#2613 = CARTESIAN_POINT('',(3.471085622632,6.071051490304,0.));
#2614 = CARTESIAN_POINT('',(3.434856568023,6.086527979651,0.));
#2615 = ORIENTED_EDGE('',*,*,#2616,.F.);
#2616 = EDGE_CURVE('',#2617,#2604,#2619,.T.);
#2617 = VERTEX_POINT('',#2618);
#2618 = CARTESIAN_POINT('',(3.632957948837,5.783530159884,0.));
#2619 = B_SPLINE_CURVE_WITH_KNOTS('',5,(#2620,#2621,#2622,#2623,#2624,
    #2625),.UNSPECIFIED.,.F.,.F.,(6,6),(0.,1.),
  .PIECEWISE_BEZIER_KNOTS.);
#2620 = CARTESIAN_POINT('',(3.632957948837,5.783530159884,0.));
#2621 = CARTESIAN_POINT('',(3.632957948837,5.828165495146,0.));
#2622 = CARTESIAN_POINT('',(3.627739342456,5.869357971561,0.));
#2623 = CARTESIAN_POINT('',(3.617220832916,5.906995877568,0.));
#2624 = CARTESIAN_POINT('',(3.601372439832,5.941000172797,0.));
#2625 = CARTESIAN_POINT('',(3.580223573837,5.97132994186,0.));
#2626 = ORIENTED_EDGE('',*,*,#2627,.F.);
#2627 = EDGE_CURVE('',#2628,#2617,#2630,.T.);
#2628 = VERTEX_POINT('',#2629);
#2629 = CARTESIAN_POINT('',(3.568532076744,5.576844113372,0.));
#2630 = B_SPLINE_CURVE_WITH_KNOTS('',4,(#2631,#2632,#2633,#2634,#2635,
    #2636,#2637,#2638),.UNSPECIFIED.,.F.,.F.,(5,3,5),(0.,0.676210504992,
    1.),.UNSPECIFIED.);
#2631 = CARTESIAN_POINT('',(3.568532076744,5.576844113372,0.));
#2632 = CARTESIAN_POINT('',(3.590253693837,5.609536801027,0.));
#2633 = CARTESIAN_POINT('',(3.607147053966,5.643277384822,0.));
#2634 = CARTESIAN_POINT('',(3.619130542057,5.678037029681,0.));
#2635 = CARTESIAN_POINT('',(3.629577342837,5.730880544863,0.));
#2636 = CARTESIAN_POINT('',(3.631832056132,5.74821398915,0.));
#2637 = CARTESIAN_POINT('',(3.632957948837,5.765765749775,0.));
#2638 = CARTESIAN_POINT('',(3.632957948837,5.783530159884,0.));
#2639 = ORIENTED_EDGE('',*,*,#2640,.F.);
#2640 = EDGE_CURVE('',#2641,#2628,#2643,.T.);
#2641 = VERTEX_POINT('',#2642);
#2642 = CARTESIAN_POINT('',(3.382776262791,5.426898619186,0.));
#2643 = B_SPLINE_CURVE_WITH_KNOTS('',5,(#2644,#2645,#2646,#2647,#2648,
    #2649),.UNSPECIFIED.,.F.,.F.,(6,6),(0.,1.),
  .PIECEWISE_BEZIER_KNOTS.);
#2644 = CARTESIAN_POINT('',(3.382776262791,5.426898619186,0.));
#2645 = CARTESIAN_POINT('',(3.431078769995,5.448008603816,0.));
#2646 = CARTESIAN_POINT('',(3.473943369983,5.473544298979,0.));
#2647 = CARTESIAN_POINT('',(3.511198625412,5.503547685343,0.));
#2648 = CARTESIAN_POINT('',(3.542738389985,5.538006097096,0.));
#2649 = CARTESIAN_POINT('',(3.568532076744,5.576844113372,0.));
#2650 = ORIENTED_EDGE('',*,*,#2651,.F.);
#2651 = EDGE_CURVE('',#2652,#2641,#2654,.T.);
#2652 = VERTEX_POINT('',#2653);
#2653 = CARTESIAN_POINT('',(3.108066960465,5.373837209302,0.));
#2654 = B_SPLINE_CURVE_WITH_KNOTS('',5,(#2655,#2656,#2657,#2658,#2659,
    #2660),.UNSPECIFIED.,.F.,.F.,(6,6),(0.,1.),
  .PIECEWISE_BEZIER_KNOTS.);
#2655 = CARTESIAN_POINT('',(3.108066960465,5.373837209302,0.));
#2656 = CARTESIAN_POINT('',(3.168979475861,5.373837209302,0.));
#2657 = CARTESIAN_POINT('',(3.227016375334,5.37907322506,0.));
#2658 = CARTESIAN_POINT('',(3.282056591178,5.389638395125,0.));
#2659 = CARTESIAN_POINT('',(3.334000616791,5.405581855379,0.));
#2660 = CARTESIAN_POINT('',(3.382776262791,5.426898619186,0.));
#2661 = ORIENTED_EDGE('',*,*,#2662,.F.);
#2662 = EDGE_CURVE('',#2663,#2652,#2665,.T.);
#2663 = VERTEX_POINT('',#2664);
#2664 = CARTESIAN_POINT('',(2.721102934302,5.478651889535,0.));
#2665 = B_SPLINE_CURVE_WITH_KNOTS('',6,(#2666,#2667,#2668,#2669,#2670,
    #2671,#2672),.UNSPECIFIED.,.F.,.F.,(7,7),(0.,1.),
  .PIECEWISE_BEZIER_KNOTS.);
#2666 = CARTESIAN_POINT('',(2.721102934302,5.478651889535,0.));
#2667 = CARTESIAN_POINT('',(2.766532965784,5.442877135014,0.));
#2668 = CARTESIAN_POINT('',(2.820239242752,5.414558053075,0.));
#2669 = CARTESIAN_POINT('',(2.881875372042,5.393778122147,0.));
#2670 = CARTESIAN_POINT('',(2.950859731268,5.380330044693,0.));
#2671 = CARTESIAN_POINT('',(3.026497856552,5.373837209302,0.));
#2672 = CARTESIAN_POINT('',(3.108066960465,5.373837209302,0.));
#2673 = ORIENTED_EDGE('',*,*,#2674,.F.);
#2674 = EDGE_CURVE('',#2315,#2663,#2675,.T.);
#2675 = B_SPLINE_CURVE_WITH_KNOTS('',5,(#2676,#2677,#2678,#2679,#2680,
    #2681,#2682,#2683,#2684,#2685),.UNSPECIFIED.,.F.,.F.,(6,4,6),(0.,
    0.888883406079,1.),.UNSPECIFIED.);
#2676 = CARTESIAN_POINT('',(2.55129007093,5.789498546512,0.));
#2677 = CARTESIAN_POINT('',(2.56412767479,5.717607964897,0.));
#2678 = CARTESIAN_POINT('',(2.584454334711,5.652487326758,0.));
#2679 = CARTESIAN_POINT('',(2.612603346547,5.5947963738,0.));
#2680 = CARTESIAN_POINT('',(2.6486970624,5.54503241565,0.));
#2681 = CARTESIAN_POINT('',(2.697990567689,5.498195712781,0.));
#2682 = CARTESIAN_POINT('',(2.703588637047,5.493118385961,0.));
#2683 = CARTESIAN_POINT('',(2.709307047224,5.488168448422,0.));
#2684 = CARTESIAN_POINT('',(2.715145326648,5.483346206076,0.));
#2685 = CARTESIAN_POINT('',(2.721102934302,5.478651889535,0.));
#2686 = PLANE('',#2687);
#2687 = AXIS2_PLACEMENT_3D('',#2688,#2689,#2690);
#2688 = CARTESIAN_POINT('',(1.743869846963E-16,-4.359674617407E-17,0.));
#2689 = DIRECTION('',(0.,0.,1.));
#2690 = DIRECTION('',(1.,0.,0.));
#2691 = ADVANCED_FACE('',(#2692,#2874,#2885,#2937),#2948,.F.);
#2692 = FACE_BOUND('',#2693,.F.);
#2693 = EDGE_LOOP('',(#2694,#2695,#2696,#2705,#2713,#2722,#2730,#2739,
    #2747,#2756,#2764,#2773,#2781,#2790,#2798,#2807,#2815,#2824,#2832,
    #2841,#2849,#2858,#2866,#2873));
#2694 = ORIENTED_EDGE('',*,*,#57,.T.);
#2695 = ORIENTED_EDGE('',*,*,#121,.T.);
#2696 = ORIENTED_EDGE('',*,*,#2697,.T.);
#2697 = EDGE_CURVE('',#122,#2698,#2700,.T.);
#2698 = VERTEX_POINT('',#2699);
#2699 = CARTESIAN_POINT('',(-16.11455,-5.9,-2.5));
#2700 = CIRCLE('',#2701,0.48545);
#2701 = AXIS2_PLACEMENT_3D('',#2702,#2703,#2704);
#2702 = CARTESIAN_POINT('',(-16.11455,-5.41455,-2.5));
#2703 = DIRECTION('',(0.,0.,1.));
#2704 = DIRECTION('',(1.,0.,0.));
#2705 = ORIENTED_EDGE('',*,*,#2706,.T.);
#2706 = EDGE_CURVE('',#2698,#2707,#2709,.T.);
#2707 = VERTEX_POINT('',#2708);
#2708 = CARTESIAN_POINT('',(-13.16734975381,-5.9,-2.5));
#2709 = LINE('',#2710,#2711);
#2710 = CARTESIAN_POINT('',(-16.11455,-5.9,-2.5));
#2711 = VECTOR('',#2712,1.);
#2712 = DIRECTION('',(1.,0.,0.));
#2713 = ORIENTED_EDGE('',*,*,#2714,.F.);
#2714 = EDGE_CURVE('',#2715,#2707,#2717,.T.);
#2715 = VERTEX_POINT('',#2716);
#2716 = CARTESIAN_POINT('',(-12.8118215137,-6.018395553265,-2.5));
#2717 = CIRCLE('',#2718,0.593003);
#2718 = AXIS2_PLACEMENT_3D('',#2719,#2720,#2721);
#2719 = CARTESIAN_POINT('',(-13.16734975381,-6.493003,-2.5));
#2720 = DIRECTION('',(0.,0.,1.));
#2721 = DIRECTION('',(1.,0.,0.));
#2722 = ORIENTED_EDGE('',*,*,#2723,.T.);
#2723 = EDGE_CURVE('',#2715,#2724,#2726,.T.);
#2724 = VERTEX_POINT('',#2725);
#2725 = CARTESIAN_POINT('',(-10.46871151069,-7.77361827781,-2.5));
#2726 = LINE('',#2727,#2728);
#2727 = CARTESIAN_POINT('',(-12.8118215137,-6.018395553265,-2.5));
#2728 = VECTOR('',#2729,1.);
#2729 = DIRECTION('',(0.800345776892,-0.599538687167,0.));
#2730 = ORIENTED_EDGE('',*,*,#2731,.T.);
#2731 = EDGE_CURVE('',#2724,#2732,#2734,.T.);
#2732 = VERTEX_POINT('',#2733);
#2733 = CARTESIAN_POINT('',(-10.0892017231,-7.9,-2.5));
#2734 = CIRCLE('',#2735,0.633003);
#2735 = AXIS2_PLACEMENT_3D('',#2736,#2737,#2738);
#2736 = CARTESIAN_POINT('',(-10.0892017231,-7.266997,-2.5));
#2737 = DIRECTION('',(0.,0.,1.));
#2738 = DIRECTION('',(1.,0.,0.));
#2739 = ORIENTED_EDGE('',*,*,#2740,.F.);
#2740 = EDGE_CURVE('',#2741,#2732,#2743,.T.);
#2741 = VERTEX_POINT('',#2742);
#2742 = CARTESIAN_POINT('',(10.0892017231,-7.9,-2.5));
#2743 = LINE('',#2744,#2745);
#2744 = CARTESIAN_POINT('',(10.0892017231,-7.9,-2.5));
#2745 = VECTOR('',#2746,1.);
#2746 = DIRECTION('',(-1.,0.,0.));
#2747 = ORIENTED_EDGE('',*,*,#2748,.T.);
#2748 = EDGE_CURVE('',#2741,#2749,#2751,.T.);
#2749 = VERTEX_POINT('',#2750);
#2750 = CARTESIAN_POINT('',(10.468711510693,-7.77361827781,-2.5));
#2751 = CIRCLE('',#2752,0.633003);
#2752 = AXIS2_PLACEMENT_3D('',#2753,#2754,#2755);
#2753 = CARTESIAN_POINT('',(10.0892017231,-7.266997,-2.5));
#2754 = DIRECTION('',(0.,0.,1.));
#2755 = DIRECTION('',(1.,0.,0.));
#2756 = ORIENTED_EDGE('',*,*,#2757,.F.);
#2757 = EDGE_CURVE('',#2758,#2749,#2760,.T.);
#2758 = VERTEX_POINT('',#2759);
#2759 = CARTESIAN_POINT('',(12.811821513706,-6.018395553265,-2.5));
#2760 = LINE('',#2761,#2762);
#2761 = CARTESIAN_POINT('',(12.811821513706,-6.018395553265,-2.5));
#2762 = VECTOR('',#2763,1.);
#2763 = DIRECTION('',(-0.800345776892,-0.599538687167,0.));
#2764 = ORIENTED_EDGE('',*,*,#2765,.F.);
#2765 = EDGE_CURVE('',#2766,#2758,#2768,.T.);
#2766 = VERTEX_POINT('',#2767);
#2767 = CARTESIAN_POINT('',(13.167349753812,-5.9,-2.5));
#2768 = CIRCLE('',#2769,0.593003);
#2769 = AXIS2_PLACEMENT_3D('',#2770,#2771,#2772);
#2770 = CARTESIAN_POINT('',(13.167349753812,-6.493003,-2.5));
#2771 = DIRECTION('',(0.,0.,1.));
#2772 = DIRECTION('',(1.,0.,0.));
#2773 = ORIENTED_EDGE('',*,*,#2774,.F.);
#2774 = EDGE_CURVE('',#2775,#2766,#2777,.T.);
#2775 = VERTEX_POINT('',#2776);
#2776 = CARTESIAN_POINT('',(16.11455,-5.9,-2.5));
#2777 = LINE('',#2778,#2779);
#2778 = CARTESIAN_POINT('',(16.11455,-5.9,-2.5));
#2779 = VECTOR('',#2780,1.);
#2780 = DIRECTION('',(-1.,0.,0.));
#2781 = ORIENTED_EDGE('',*,*,#2782,.T.);
#2782 = EDGE_CURVE('',#2775,#2783,#2785,.T.);
#2783 = VERTEX_POINT('',#2784);
#2784 = CARTESIAN_POINT('',(16.6,-5.41455,-2.5));
#2785 = CIRCLE('',#2786,0.48545);
#2786 = AXIS2_PLACEMENT_3D('',#2787,#2788,#2789);
#2787 = CARTESIAN_POINT('',(16.11455,-5.41455,-2.5));
#2788 = DIRECTION('',(0.,0.,1.));
#2789 = DIRECTION('',(1.,0.,0.));
#2790 = ORIENTED_EDGE('',*,*,#2791,.T.);
#2791 = EDGE_CURVE('',#2783,#2792,#2794,.T.);
#2792 = VERTEX_POINT('',#2793);
#2793 = CARTESIAN_POINT('',(16.6,5.41455,-2.5));
#2794 = LINE('',#2795,#2796);
#2795 = CARTESIAN_POINT('',(16.6,0.,-2.5));
#2796 = VECTOR('',#2797,1.);
#2797 = DIRECTION('',(0.,1.,0.));
#2798 = ORIENTED_EDGE('',*,*,#2799,.T.);
#2799 = EDGE_CURVE('',#2792,#2800,#2802,.T.);
#2800 = VERTEX_POINT('',#2801);
#2801 = CARTESIAN_POINT('',(16.11455,5.9,-2.5));
#2802 = CIRCLE('',#2803,0.48545);
#2803 = AXIS2_PLACEMENT_3D('',#2804,#2805,#2806);
#2804 = CARTESIAN_POINT('',(16.11455,5.41455,-2.5));
#2805 = DIRECTION('',(0.,0.,1.));
#2806 = DIRECTION('',(1.,0.,0.));
#2807 = ORIENTED_EDGE('',*,*,#2808,.T.);
#2808 = EDGE_CURVE('',#2800,#2809,#2811,.T.);
#2809 = VERTEX_POINT('',#2810);
#2810 = CARTESIAN_POINT('',(13.167349753812,5.9,-2.5));
#2811 = LINE('',#2812,#2813);
#2812 = CARTESIAN_POINT('',(16.11455,5.9,-2.5));
#2813 = VECTOR('',#2814,1.);
#2814 = DIRECTION('',(-1.,0.,0.));
#2815 = ORIENTED_EDGE('',*,*,#2816,.F.);
#2816 = EDGE_CURVE('',#2817,#2809,#2819,.T.);
#2817 = VERTEX_POINT('',#2818);
#2818 = CARTESIAN_POINT('',(12.811821513706,6.018395553265,-2.5));
#2819 = CIRCLE('',#2820,0.593003);
#2820 = AXIS2_PLACEMENT_3D('',#2821,#2822,#2823);
#2821 = CARTESIAN_POINT('',(13.167349753812,6.493003,-2.5));
#2822 = DIRECTION('',(0.,0.,1.));
#2823 = DIRECTION('',(1.,0.,0.));
#2824 = ORIENTED_EDGE('',*,*,#2825,.T.);
#2825 = EDGE_CURVE('',#2817,#2826,#2828,.T.);
#2826 = VERTEX_POINT('',#2827);
#2827 = CARTESIAN_POINT('',(10.468711510693,7.77361827781,-2.5));
#2828 = LINE('',#2829,#2830);
#2829 = CARTESIAN_POINT('',(12.811821513706,6.018395553265,-2.5));
#2830 = VECTOR('',#2831,1.);
#2831 = DIRECTION('',(-0.800345776892,0.599538687167,0.));
#2832 = ORIENTED_EDGE('',*,*,#2833,.T.);
#2833 = EDGE_CURVE('',#2826,#2834,#2836,.T.);
#2834 = VERTEX_POINT('',#2835);
#2835 = CARTESIAN_POINT('',(10.0892017231,7.9,-2.5));
#2836 = CIRCLE('',#2837,0.633003);
#2837 = AXIS2_PLACEMENT_3D('',#2838,#2839,#2840);
#2838 = CARTESIAN_POINT('',(10.0892017231,7.266997,-2.5));
#2839 = DIRECTION('',(0.,0.,1.));
#2840 = DIRECTION('',(1.,0.,0.));
#2841 = ORIENTED_EDGE('',*,*,#2842,.F.);
#2842 = EDGE_CURVE('',#2843,#2834,#2845,.T.);
#2843 = VERTEX_POINT('',#2844);
#2844 = CARTESIAN_POINT('',(-10.0892017231,7.9,-2.5));
#2845 = LINE('',#2846,#2847);
#2846 = CARTESIAN_POINT('',(-10.0892017231,7.9,-2.5));
#2847 = VECTOR('',#2848,1.);
#2848 = DIRECTION('',(1.,0.,0.));
#2849 = ORIENTED_EDGE('',*,*,#2850,.T.);
#2850 = EDGE_CURVE('',#2843,#2851,#2853,.T.);
#2851 = VERTEX_POINT('',#2852);
#2852 = CARTESIAN_POINT('',(-10.46871151069,7.77361827781,-2.5));
#2853 = CIRCLE('',#2854,0.633003);
#2854 = AXIS2_PLACEMENT_3D('',#2855,#2856,#2857);
#2855 = CARTESIAN_POINT('',(-10.0892017231,7.266997,-2.5));
#2856 = DIRECTION('',(0.,0.,1.));
#2857 = DIRECTION('',(1.,0.,0.));
#2858 = ORIENTED_EDGE('',*,*,#2859,.F.);
#2859 = EDGE_CURVE('',#2860,#2851,#2862,.T.);
#2860 = VERTEX_POINT('',#2861);
#2861 = CARTESIAN_POINT('',(-12.8118215137,6.018395553265,-2.5));
#2862 = LINE('',#2863,#2864);
#2863 = CARTESIAN_POINT('',(-12.8118215137,6.018395553265,-2.5));
#2864 = VECTOR('',#2865,1.);
#2865 = DIRECTION('',(0.800345776892,0.599538687167,0.));
#2866 = ORIENTED_EDGE('',*,*,#2867,.F.);
#2867 = EDGE_CURVE('',#91,#2860,#2868,.T.);
#2868 = CIRCLE('',#2869,0.593003);
#2869 = AXIS2_PLACEMENT_3D('',#2870,#2871,#2872);
#2870 = CARTESIAN_POINT('',(-13.16734975381,6.493003,-2.5));
#2871 = DIRECTION('',(0.,0.,1.));
#2872 = DIRECTION('',(1.,0.,0.));
#2873 = ORIENTED_EDGE('',*,*,#90,.F.);
#2874 = FACE_BOUND('',#2875,.F.);
#2875 = EDGE_LOOP('',(#2876));
#2876 = ORIENTED_EDGE('',*,*,#2877,.T.);
#2877 = EDGE_CURVE('',#2878,#2878,#2880,.T.);
#2878 = VERTEX_POINT('',#2879);
#2879 = CARTESIAN_POINT('',(-11.25,0.,-2.5));
#2880 = CIRCLE('',#2881,1.5);
#2881 = AXIS2_PLACEMENT_3D('',#2882,#2883,#2884);
#2882 = CARTESIAN_POINT('',(-12.75,0.,-2.5));
#2883 = DIRECTION('',(0.,0.,-1.));
#2884 = DIRECTION('',(1.,0.,0.));
#2885 = FACE_BOUND('',#2886,.F.);
#2886 = EDGE_LOOP('',(#2887,#2897,#2905,#2914,#2922,#2931));
#2887 = ORIENTED_EDGE('',*,*,#2888,.F.);
#2888 = EDGE_CURVE('',#2889,#2891,#2893,.T.);
#2889 = VERTEX_POINT('',#2890);
#2890 = CARTESIAN_POINT('',(-9.4,5.85,-2.5));
#2891 = VERTEX_POINT('',#2892);
#2892 = CARTESIAN_POINT('',(-9.4,-5.85,-2.5));
#2893 = LINE('',#2894,#2895);
#2894 = CARTESIAN_POINT('',(-9.4,2.925,-2.5));
#2895 = VECTOR('',#2896,1.);
#2896 = DIRECTION('',(0.,-1.,0.));
#2897 = ORIENTED_EDGE('',*,*,#2898,.F.);
#2898 = EDGE_CURVE('',#2899,#2889,#2901,.T.);
#2899 = VERTEX_POINT('',#2900);
#2900 = CARTESIAN_POINT('',(6.9,5.85,-2.5));
#2901 = LINE('',#2902,#2903);
#2902 = CARTESIAN_POINT('',(3.45,5.85,-2.5));
#2903 = VECTOR('',#2904,1.);
#2904 = DIRECTION('',(-1.,0.,0.));
#2905 = ORIENTED_EDGE('',*,*,#2906,.F.);
#2906 = EDGE_CURVE('',#2907,#2899,#2909,.T.);
#2907 = VERTEX_POINT('',#2908);
#2908 = CARTESIAN_POINT('',(9.4,3.35,-2.5));
#2909 = CIRCLE('',#2910,2.5);
#2910 = AXIS2_PLACEMENT_3D('',#2911,#2912,#2913);
#2911 = CARTESIAN_POINT('',(6.9,3.35,-2.5));
#2912 = DIRECTION('',(0.,0.,1.));
#2913 = DIRECTION('',(1.,0.,0.));
#2914 = ORIENTED_EDGE('',*,*,#2915,.F.);
#2915 = EDGE_CURVE('',#2916,#2907,#2918,.T.);
#2916 = VERTEX_POINT('',#2917);
#2917 = CARTESIAN_POINT('',(9.399999999998,-3.350000000002,-2.5));
#2918 = LINE('',#2919,#2920);
#2919 = CARTESIAN_POINT('',(9.4,-1.675000000001,-2.5));
#2920 = VECTOR('',#2921,1.);
#2921 = DIRECTION('',(0.,1.,0.));
#2922 = ORIENTED_EDGE('',*,*,#2923,.F.);
#2923 = EDGE_CURVE('',#2924,#2916,#2926,.T.);
#2924 = VERTEX_POINT('',#2925);
#2925 = CARTESIAN_POINT('',(6.899999999996,-5.85,-2.5));
#2926 = CIRCLE('',#2927,2.5);
#2927 = AXIS2_PLACEMENT_3D('',#2928,#2929,#2930);
#2928 = CARTESIAN_POINT('',(6.899999999996,-3.35,-2.5));
#2929 = DIRECTION('',(0.,0.,1.));
#2930 = DIRECTION('',(1.,0.,0.));
#2931 = ORIENTED_EDGE('',*,*,#2932,.F.);
#2932 = EDGE_CURVE('',#2891,#2924,#2933,.T.);
#2933 = LINE('',#2934,#2935);
#2934 = CARTESIAN_POINT('',(-4.7,-5.85,-2.5));
#2935 = VECTOR('',#2936,1.);
#2936 = DIRECTION('',(1.,0.,0.));
#2937 = FACE_BOUND('',#2938,.F.);
#2938 = EDGE_LOOP('',(#2939));
#2939 = ORIENTED_EDGE('',*,*,#2940,.T.);
#2940 = EDGE_CURVE('',#2941,#2941,#2943,.T.);
#2941 = VERTEX_POINT('',#2942);
#2942 = CARTESIAN_POINT('',(14.25,0.,-2.5));
#2943 = CIRCLE('',#2944,1.5);
#2944 = AXIS2_PLACEMENT_3D('',#2945,#2946,#2947);
#2945 = CARTESIAN_POINT('',(12.75,0.,-2.5));
#2946 = DIRECTION('',(0.,0.,-1.));
#2947 = DIRECTION('',(1.,0.,0.));
#2948 = PLANE('',#2949);
#2949 = AXIS2_PLACEMENT_3D('',#2950,#2951,#2952);
#2950 = CARTESIAN_POINT('',(-1.550106530633E-16,0.,-2.5));
#2951 = DIRECTION('',(0.,0.,1.));
#2952 = DIRECTION('',(1.,0.,0.));
#2953 = ADVANCED_FACE('',(#2954),#2965,.F.);
#2954 = FACE_BOUND('',#2955,.F.);
#2955 = EDGE_LOOP('',(#2956,#2957,#2958,#2964));
#2956 = ORIENTED_EDGE('',*,*,#98,.T.);
#2957 = ORIENTED_EDGE('',*,*,#2867,.T.);
#2958 = ORIENTED_EDGE('',*,*,#2959,.F.);
#2959 = EDGE_CURVE('',#315,#2860,#2960,.T.);
#2960 = LINE('',#2961,#2962);
#2961 = CARTESIAN_POINT('',(-12.8118215137,6.018395553265,0.));
#2962 = VECTOR('',#2963,1.);
#2963 = DIRECTION('',(-0.,-0.,-1.));
#2964 = ORIENTED_EDGE('',*,*,#322,.F.);
#2965 = CYLINDRICAL_SURFACE('',#2966,0.593003);
#2966 = AXIS2_PLACEMENT_3D('',#2967,#2968,#2969);
#2967 = CARTESIAN_POINT('',(-13.16734975381,6.493003,0.));
#2968 = DIRECTION('',(0.,0.,1.));
#2969 = DIRECTION('',(1.,0.,0.));
#2970 = ADVANCED_FACE('',(#2971),#2982,.T.);
#2971 = FACE_BOUND('',#2972,.T.);
#2972 = EDGE_LOOP('',(#2973,#2974,#2975,#2981));
#2973 = ORIENTED_EDGE('',*,*,#129,.T.);
#2974 = ORIENTED_EDGE('',*,*,#2697,.T.);
#2975 = ORIENTED_EDGE('',*,*,#2976,.F.);
#2976 = EDGE_CURVE('',#153,#2698,#2977,.T.);
#2977 = LINE('',#2978,#2979);
#2978 = CARTESIAN_POINT('',(-16.11455,-5.9,0.));
#2979 = VECTOR('',#2980,1.);
#2980 = DIRECTION('',(-0.,-0.,-1.));
#2981 = ORIENTED_EDGE('',*,*,#152,.F.);
#2982 = CYLINDRICAL_SURFACE('',#2983,0.48545);
#2983 = AXIS2_PLACEMENT_3D('',#2984,#2985,#2986);
#2984 = CARTESIAN_POINT('',(-16.11455,-5.41455,0.));
#2985 = DIRECTION('',(0.,0.,1.));
#2986 = DIRECTION('',(1.,0.,0.));
#2987 = ADVANCED_FACE('',(#2988),#2999,.T.);
#2988 = FACE_BOUND('',#2989,.T.);
#2989 = EDGE_LOOP('',(#2990,#2991,#2992,#2998));
#2990 = ORIENTED_EDGE('',*,*,#2976,.T.);
#2991 = ORIENTED_EDGE('',*,*,#2706,.T.);
#2992 = ORIENTED_EDGE('',*,*,#2993,.F.);
#2993 = EDGE_CURVE('',#162,#2707,#2994,.T.);
#2994 = LINE('',#2995,#2996);
#2995 = CARTESIAN_POINT('',(-13.16734975381,-5.9,0.));
#2996 = VECTOR('',#2997,1.);
#2997 = DIRECTION('',(-0.,-0.,-1.));
#2998 = ORIENTED_EDGE('',*,*,#161,.F.);
#2999 = PLANE('',#3000);
#3000 = AXIS2_PLACEMENT_3D('',#3001,#3002,#3003);
#3001 = CARTESIAN_POINT('',(-16.11455,-5.9,0.));
#3002 = DIRECTION('',(0.,-1.,0.));
#3003 = DIRECTION('',(1.,0.,0.));
#3004 = ADVANCED_FACE('',(#3005),#3016,.F.);
#3005 = FACE_BOUND('',#3006,.F.);
#3006 = EDGE_LOOP('',(#3007,#3013,#3014,#3015));
#3007 = ORIENTED_EDGE('',*,*,#3008,.T.);
#3008 = EDGE_CURVE('',#170,#2715,#3009,.T.);
#3009 = LINE('',#3010,#3011);
#3010 = CARTESIAN_POINT('',(-12.8118215137,-6.018395553265,0.));
#3011 = VECTOR('',#3012,1.);
#3012 = DIRECTION('',(-0.,-0.,-1.));
#3013 = ORIENTED_EDGE('',*,*,#2714,.T.);
#3014 = ORIENTED_EDGE('',*,*,#2993,.F.);
#3015 = ORIENTED_EDGE('',*,*,#169,.F.);
#3016 = CYLINDRICAL_SURFACE('',#3017,0.593003);
#3017 = AXIS2_PLACEMENT_3D('',#3018,#3019,#3020);
#3018 = CARTESIAN_POINT('',(-13.16734975381,-6.493003,0.));
#3019 = DIRECTION('',(0.,0.,1.));
#3020 = DIRECTION('',(1.,0.,0.));
#3021 = ADVANCED_FACE('',(#3022),#3033,.T.);
#3022 = FACE_BOUND('',#3023,.T.);
#3023 = EDGE_LOOP('',(#3024,#3025,#3026,#3032));
#3024 = ORIENTED_EDGE('',*,*,#3008,.T.);
#3025 = ORIENTED_EDGE('',*,*,#2723,.T.);
#3026 = ORIENTED_EDGE('',*,*,#3027,.F.);
#3027 = EDGE_CURVE('',#179,#2724,#3028,.T.);
#3028 = LINE('',#3029,#3030);
#3029 = CARTESIAN_POINT('',(-10.46871151069,-7.77361827781,0.));
#3030 = VECTOR('',#3031,1.);
#3031 = DIRECTION('',(-0.,-0.,-1.));
#3032 = ORIENTED_EDGE('',*,*,#178,.F.);
#3033 = PLANE('',#3034);
#3034 = AXIS2_PLACEMENT_3D('',#3035,#3036,#3037);
#3035 = CARTESIAN_POINT('',(-12.8118215137,-6.018395553265,0.));
#3036 = DIRECTION('',(-0.599538687167,-0.800345776892,0.));
#3037 = DIRECTION('',(0.800345776892,-0.599538687167,0.));
#3038 = ADVANCED_FACE('',(#3039),#3050,.F.);
#3039 = FACE_BOUND('',#3040,.F.);
#3040 = EDGE_LOOP('',(#3041,#3042,#3043,#3049));
#3041 = ORIENTED_EDGE('',*,*,#2959,.T.);
#3042 = ORIENTED_EDGE('',*,*,#2859,.T.);
#3043 = ORIENTED_EDGE('',*,*,#3044,.F.);
#3044 = EDGE_CURVE('',#306,#2851,#3045,.T.);
#3045 = LINE('',#3046,#3047);
#3046 = CARTESIAN_POINT('',(-10.46871151069,7.77361827781,0.));
#3047 = VECTOR('',#3048,1.);
#3048 = DIRECTION('',(-0.,-0.,-1.));
#3049 = ORIENTED_EDGE('',*,*,#314,.F.);
#3050 = PLANE('',#3051);
#3051 = AXIS2_PLACEMENT_3D('',#3052,#3053,#3054);
#3052 = CARTESIAN_POINT('',(-12.8118215137,6.018395553265,0.));
#3053 = DIRECTION('',(0.599538687167,-0.800345776892,0.));
#3054 = DIRECTION('',(0.800345776892,0.599538687167,0.));
#3055 = ADVANCED_FACE('',(#3056),#3067,.T.);
#3056 = FACE_BOUND('',#3057,.T.);
#3057 = EDGE_LOOP('',(#3058,#3059,#3060,#3066));
#3058 = ORIENTED_EDGE('',*,*,#3027,.T.);
#3059 = ORIENTED_EDGE('',*,*,#2731,.T.);
#3060 = ORIENTED_EDGE('',*,*,#3061,.F.);
#3061 = EDGE_CURVE('',#187,#2732,#3062,.T.);
#3062 = LINE('',#3063,#3064);
#3063 = CARTESIAN_POINT('',(-10.0892017231,-7.9,0.));
#3064 = VECTOR('',#3065,1.);
#3065 = DIRECTION('',(-0.,-0.,-1.));
#3066 = ORIENTED_EDGE('',*,*,#186,.F.);
#3067 = CYLINDRICAL_SURFACE('',#3068,0.633003);
#3068 = AXIS2_PLACEMENT_3D('',#3069,#3070,#3071);
#3069 = CARTESIAN_POINT('',(-10.0892017231,-7.266997,0.));
#3070 = DIRECTION('',(0.,0.,1.));
#3071 = DIRECTION('',(1.,0.,0.));
#3072 = ADVANCED_FACE('',(#3073),#3084,.T.);
#3073 = FACE_BOUND('',#3074,.T.);
#3074 = EDGE_LOOP('',(#3075,#3081,#3082,#3083));
#3075 = ORIENTED_EDGE('',*,*,#3076,.T.);
#3076 = EDGE_CURVE('',#298,#2843,#3077,.T.);
#3077 = LINE('',#3078,#3079);
#3078 = CARTESIAN_POINT('',(-10.0892017231,7.9,0.));
#3079 = VECTOR('',#3080,1.);
#3080 = DIRECTION('',(-0.,-0.,-1.));
#3081 = ORIENTED_EDGE('',*,*,#2850,.T.);
#3082 = ORIENTED_EDGE('',*,*,#3044,.F.);
#3083 = ORIENTED_EDGE('',*,*,#305,.F.);
#3084 = CYLINDRICAL_SURFACE('',#3085,0.633003);
#3085 = AXIS2_PLACEMENT_3D('',#3086,#3087,#3088);
#3086 = CARTESIAN_POINT('',(-10.0892017231,7.266997,0.));
#3087 = DIRECTION('',(0.,0.,1.));
#3088 = DIRECTION('',(1.,0.,0.));
#3089 = ADVANCED_FACE('',(#3090),#3101,.T.);
#3090 = FACE_BOUND('',#3091,.T.);
#3091 = EDGE_LOOP('',(#3092,#3098,#3099,#3100));
#3092 = ORIENTED_EDGE('',*,*,#3093,.F.);
#3093 = EDGE_CURVE('',#196,#2741,#3094,.T.);
#3094 = LINE('',#3095,#3096);
#3095 = CARTESIAN_POINT('',(10.0892017231,-7.9,0.));
#3096 = VECTOR('',#3097,1.);
#3097 = DIRECTION('',(-0.,-0.,-1.));
#3098 = ORIENTED_EDGE('',*,*,#195,.F.);
#3099 = ORIENTED_EDGE('',*,*,#3061,.T.);
#3100 = ORIENTED_EDGE('',*,*,#2740,.F.);
#3101 = PLANE('',#3102);
#3102 = AXIS2_PLACEMENT_3D('',#3103,#3104,#3105);
#3103 = CARTESIAN_POINT('',(-1.566562517167E-16,-7.9,-1.25));
#3104 = DIRECTION('',(-0.,-1.,-0.));
#3105 = DIRECTION('',(0.,0.,-1.));
#3106 = ADVANCED_FACE('',(#3107),#3118,.T.);
#3107 = FACE_BOUND('',#3108,.T.);
#3108 = EDGE_LOOP('',(#3109,#3110,#3111,#3117));
#3109 = ORIENTED_EDGE('',*,*,#3076,.F.);
#3110 = ORIENTED_EDGE('',*,*,#297,.F.);
#3111 = ORIENTED_EDGE('',*,*,#3112,.T.);
#3112 = EDGE_CURVE('',#289,#2834,#3113,.T.);
#3113 = LINE('',#3114,#3115);
#3114 = CARTESIAN_POINT('',(10.0892017231,7.9,0.));
#3115 = VECTOR('',#3116,1.);
#3116 = DIRECTION('',(-0.,-0.,-1.));
#3117 = ORIENTED_EDGE('',*,*,#2842,.F.);
#3118 = PLANE('',#3119);
#3119 = AXIS2_PLACEMENT_3D('',#3120,#3121,#3122);
#3120 = CARTESIAN_POINT('',(1.566562517167E-16,7.9,-1.25));
#3121 = DIRECTION('',(0.,1.,0.));
#3122 = DIRECTION('',(0.,0.,1.));
#3123 = ADVANCED_FACE('',(#3124),#3135,.T.);
#3124 = FACE_BOUND('',#3125,.T.);
#3125 = EDGE_LOOP('',(#3126,#3127,#3128,#3134));
#3126 = ORIENTED_EDGE('',*,*,#3093,.T.);
#3127 = ORIENTED_EDGE('',*,*,#2748,.T.);
#3128 = ORIENTED_EDGE('',*,*,#3129,.F.);
#3129 = EDGE_CURVE('',#204,#2749,#3130,.T.);
#3130 = LINE('',#3131,#3132);
#3131 = CARTESIAN_POINT('',(10.468711510693,-7.77361827781,0.));
#3132 = VECTOR('',#3133,1.);
#3133 = DIRECTION('',(-0.,-0.,-1.));
#3134 = ORIENTED_EDGE('',*,*,#203,.F.);
#3135 = CYLINDRICAL_SURFACE('',#3136,0.633003);
#3136 = AXIS2_PLACEMENT_3D('',#3137,#3138,#3139);
#3137 = CARTESIAN_POINT('',(10.0892017231,-7.266997,0.));
#3138 = DIRECTION('',(0.,0.,1.));
#3139 = DIRECTION('',(1.,0.,0.));
#3140 = ADVANCED_FACE('',(#3141),#3152,.T.);
#3141 = FACE_BOUND('',#3142,.T.);
#3142 = EDGE_LOOP('',(#3143,#3149,#3150,#3151));
#3143 = ORIENTED_EDGE('',*,*,#3144,.T.);
#3144 = EDGE_CURVE('',#281,#2826,#3145,.T.);
#3145 = LINE('',#3146,#3147);
#3146 = CARTESIAN_POINT('',(10.468711510693,7.77361827781,0.));
#3147 = VECTOR('',#3148,1.);
#3148 = DIRECTION('',(-0.,-0.,-1.));
#3149 = ORIENTED_EDGE('',*,*,#2833,.T.);
#3150 = ORIENTED_EDGE('',*,*,#3112,.F.);
#3151 = ORIENTED_EDGE('',*,*,#288,.F.);
#3152 = CYLINDRICAL_SURFACE('',#3153,0.633003);
#3153 = AXIS2_PLACEMENT_3D('',#3154,#3155,#3156);
#3154 = CARTESIAN_POINT('',(10.0892017231,7.266997,0.));
#3155 = DIRECTION('',(0.,0.,1.));
#3156 = DIRECTION('',(1.,0.,0.));
#3157 = ADVANCED_FACE('',(#3158),#3169,.F.);
#3158 = FACE_BOUND('',#3159,.F.);
#3159 = EDGE_LOOP('',(#3160,#3166,#3167,#3168));
#3160 = ORIENTED_EDGE('',*,*,#3161,.T.);
#3161 = EDGE_CURVE('',#213,#2758,#3162,.T.);
#3162 = LINE('',#3163,#3164);
#3163 = CARTESIAN_POINT('',(12.811821513706,-6.018395553265,0.));
#3164 = VECTOR('',#3165,1.);
#3165 = DIRECTION('',(-0.,-0.,-1.));
#3166 = ORIENTED_EDGE('',*,*,#2757,.T.);
#3167 = ORIENTED_EDGE('',*,*,#3129,.F.);
#3168 = ORIENTED_EDGE('',*,*,#212,.F.);
#3169 = PLANE('',#3170);
#3170 = AXIS2_PLACEMENT_3D('',#3171,#3172,#3173);
#3171 = CARTESIAN_POINT('',(12.811821513706,-6.018395553265,0.));
#3172 = DIRECTION('',(-0.599538687167,0.800345776892,0.));
#3173 = DIRECTION('',(-0.800345776892,-0.599538687167,0.));
#3174 = ADVANCED_FACE('',(#3175),#3186,.T.);
#3175 = FACE_BOUND('',#3176,.T.);
#3176 = EDGE_LOOP('',(#3177,#3183,#3184,#3185));
#3177 = ORIENTED_EDGE('',*,*,#3178,.T.);
#3178 = EDGE_CURVE('',#272,#2817,#3179,.T.);
#3179 = LINE('',#3180,#3181);
#3180 = CARTESIAN_POINT('',(12.811821513706,6.018395553265,0.));
#3181 = VECTOR('',#3182,1.);
#3182 = DIRECTION('',(-0.,-0.,-1.));
#3183 = ORIENTED_EDGE('',*,*,#2825,.T.);
#3184 = ORIENTED_EDGE('',*,*,#3144,.F.);
#3185 = ORIENTED_EDGE('',*,*,#280,.F.);
#3186 = PLANE('',#3187);
#3187 = AXIS2_PLACEMENT_3D('',#3188,#3189,#3190);
#3188 = CARTESIAN_POINT('',(12.811821513706,6.018395553265,0.));
#3189 = DIRECTION('',(0.599538687167,0.800345776892,0.));
#3190 = DIRECTION('',(-0.800345776892,0.599538687167,0.));
#3191 = ADVANCED_FACE('',(#3192),#3203,.F.);
#3192 = FACE_BOUND('',#3193,.F.);
#3193 = EDGE_LOOP('',(#3194,#3200,#3201,#3202));
#3194 = ORIENTED_EDGE('',*,*,#3195,.T.);
#3195 = EDGE_CURVE('',#221,#2766,#3196,.T.);
#3196 = LINE('',#3197,#3198);
#3197 = CARTESIAN_POINT('',(13.167349753812,-5.9,0.));
#3198 = VECTOR('',#3199,1.);
#3199 = DIRECTION('',(-0.,-0.,-1.));
#3200 = ORIENTED_EDGE('',*,*,#2765,.T.);
#3201 = ORIENTED_EDGE('',*,*,#3161,.F.);
#3202 = ORIENTED_EDGE('',*,*,#220,.F.);
#3203 = CYLINDRICAL_SURFACE('',#3204,0.593003);
#3204 = AXIS2_PLACEMENT_3D('',#3205,#3206,#3207);
#3205 = CARTESIAN_POINT('',(13.167349753812,-6.493003,0.));
#3206 = DIRECTION('',(0.,0.,1.));
#3207 = DIRECTION('',(1.,0.,0.));
#3208 = ADVANCED_FACE('',(#3209),#3220,.F.);
#3209 = FACE_BOUND('',#3210,.F.);
#3210 = EDGE_LOOP('',(#3211,#3212,#3213,#3219));
#3211 = ORIENTED_EDGE('',*,*,#3178,.T.);
#3212 = ORIENTED_EDGE('',*,*,#2816,.T.);
#3213 = ORIENTED_EDGE('',*,*,#3214,.F.);
#3214 = EDGE_CURVE('',#264,#2809,#3215,.T.);
#3215 = LINE('',#3216,#3217);
#3216 = CARTESIAN_POINT('',(13.167349753812,5.9,0.));
#3217 = VECTOR('',#3218,1.);
#3218 = DIRECTION('',(-0.,-0.,-1.));
#3219 = ORIENTED_EDGE('',*,*,#271,.F.);
#3220 = CYLINDRICAL_SURFACE('',#3221,0.593003);
#3221 = AXIS2_PLACEMENT_3D('',#3222,#3223,#3224);
#3222 = CARTESIAN_POINT('',(13.167349753812,6.493003,0.));
#3223 = DIRECTION('',(0.,0.,1.));
#3224 = DIRECTION('',(1.,0.,0.));
#3225 = ADVANCED_FACE('',(#3226),#3237,.F.);
#3226 = FACE_BOUND('',#3227,.F.);
#3227 = EDGE_LOOP('',(#3228,#3234,#3235,#3236));
#3228 = ORIENTED_EDGE('',*,*,#3229,.T.);
#3229 = EDGE_CURVE('',#230,#2775,#3230,.T.);
#3230 = LINE('',#3231,#3232);
#3231 = CARTESIAN_POINT('',(16.11455,-5.9,0.));
#3232 = VECTOR('',#3233,1.);
#3233 = DIRECTION('',(-0.,-0.,-1.));
#3234 = ORIENTED_EDGE('',*,*,#2774,.T.);
#3235 = ORIENTED_EDGE('',*,*,#3195,.F.);
#3236 = ORIENTED_EDGE('',*,*,#229,.F.);
#3237 = PLANE('',#3238);
#3238 = AXIS2_PLACEMENT_3D('',#3239,#3240,#3241);
#3239 = CARTESIAN_POINT('',(16.11455,-5.9,0.));
#3240 = DIRECTION('',(0.,1.,0.));
#3241 = DIRECTION('',(-1.,0.,0.));
#3242 = ADVANCED_FACE('',(#3243),#3254,.T.);
#3243 = FACE_BOUND('',#3244,.T.);
#3244 = EDGE_LOOP('',(#3245,#3251,#3252,#3253));
#3245 = ORIENTED_EDGE('',*,*,#3246,.T.);
#3246 = EDGE_CURVE('',#255,#2800,#3247,.T.);
#3247 = LINE('',#3248,#3249);
#3248 = CARTESIAN_POINT('',(16.11455,5.9,0.));
#3249 = VECTOR('',#3250,1.);
#3250 = DIRECTION('',(-0.,-0.,-1.));
#3251 = ORIENTED_EDGE('',*,*,#2808,.T.);
#3252 = ORIENTED_EDGE('',*,*,#3214,.F.);
#3253 = ORIENTED_EDGE('',*,*,#263,.F.);
#3254 = PLANE('',#3255);
#3255 = AXIS2_PLACEMENT_3D('',#3256,#3257,#3258);
#3256 = CARTESIAN_POINT('',(16.11455,5.9,0.));
#3257 = DIRECTION('',(0.,1.,0.));
#3258 = DIRECTION('',(-1.,0.,0.));
#3259 = ADVANCED_FACE('',(#3260),#3271,.T.);
#3260 = FACE_BOUND('',#3261,.T.);
#3261 = EDGE_LOOP('',(#3262,#3263,#3264,#3270));
#3262 = ORIENTED_EDGE('',*,*,#3229,.T.);
#3263 = ORIENTED_EDGE('',*,*,#2782,.T.);
#3264 = ORIENTED_EDGE('',*,*,#3265,.F.);
#3265 = EDGE_CURVE('',#238,#2783,#3266,.T.);
#3266 = LINE('',#3267,#3268);
#3267 = CARTESIAN_POINT('',(16.6,-5.41455,0.));
#3268 = VECTOR('',#3269,1.);
#3269 = DIRECTION('',(-0.,-0.,-1.));
#3270 = ORIENTED_EDGE('',*,*,#237,.F.);
#3271 = CYLINDRICAL_SURFACE('',#3272,0.48545);
#3272 = AXIS2_PLACEMENT_3D('',#3273,#3274,#3275);
#3273 = CARTESIAN_POINT('',(16.11455,-5.41455,0.));
#3274 = DIRECTION('',(0.,0.,1.));
#3275 = DIRECTION('',(1.,0.,0.));
#3276 = ADVANCED_FACE('',(#3277),#3288,.T.);
#3277 = FACE_BOUND('',#3278,.T.);
#3278 = EDGE_LOOP('',(#3279,#3285,#3286,#3287));
#3279 = ORIENTED_EDGE('',*,*,#3280,.T.);
#3280 = EDGE_CURVE('',#247,#2792,#3281,.T.);
#3281 = LINE('',#3282,#3283);
#3282 = CARTESIAN_POINT('',(16.6,5.41455,0.));
#3283 = VECTOR('',#3284,1.);
#3284 = DIRECTION('',(-0.,-0.,-1.));
#3285 = ORIENTED_EDGE('',*,*,#2799,.T.);
#3286 = ORIENTED_EDGE('',*,*,#3246,.F.);
#3287 = ORIENTED_EDGE('',*,*,#254,.F.);
#3288 = CYLINDRICAL_SURFACE('',#3289,0.48545);
#3289 = AXIS2_PLACEMENT_3D('',#3290,#3291,#3292);
#3290 = CARTESIAN_POINT('',(16.11455,5.41455,0.));
#3291 = DIRECTION('',(0.,0.,1.));
#3292 = DIRECTION('',(1.,0.,0.));
#3293 = ADVANCED_FACE('',(#3294),#3300,.T.);
#3294 = FACE_BOUND('',#3295,.T.);
#3295 = EDGE_LOOP('',(#3296,#3297,#3298,#3299));
#3296 = ORIENTED_EDGE('',*,*,#3280,.F.);
#3297 = ORIENTED_EDGE('',*,*,#246,.T.);
#3298 = ORIENTED_EDGE('',*,*,#3265,.T.);
#3299 = ORIENTED_EDGE('',*,*,#2791,.T.);
#3300 = PLANE('',#3301);
#3301 = AXIS2_PLACEMENT_3D('',#3302,#3303,#3304);
#3302 = CARTESIAN_POINT('',(16.6,6.663453794331E-17,-1.25));
#3303 = DIRECTION('',(1.,0.,0.));
#3304 = DIRECTION('',(0.,0.,1.));
#3305 = ADVANCED_FACE('',(#3306),#3331,.F.);
#3306 = FACE_BOUND('',#3307,.F.);
#3307 = EDGE_LOOP('',(#3308,#3318,#3324,#3325));
#3308 = ORIENTED_EDGE('',*,*,#3309,.F.);
#3309 = EDGE_CURVE('',#3310,#3312,#3314,.T.);
#3310 = VERTEX_POINT('',#3311);
#3311 = CARTESIAN_POINT('',(-5.1999999,-7.,-0.2));
#3312 = VERTEX_POINT('',#3313);
#3313 = CARTESIAN_POINT('',(-4.504641978488,-6.061900436047,-0.2));
#3314 = LINE('',#3315,#3316);
#3315 = CARTESIAN_POINT('',(-5.1999999,-7.,-0.2));
#3316 = VECTOR('',#3317,1.);
#3317 = DIRECTION('',(0.595487056727,0.803364901692,0.));
#3318 = ORIENTED_EDGE('',*,*,#3319,.T.);
#3319 = EDGE_CURVE('',#3310,#336,#3320,.T.);
#3320 = LINE('',#3321,#3322);
#3321 = CARTESIAN_POINT('',(-5.1999999,-7.,-0.2));
#3322 = VECTOR('',#3323,1.);
#3323 = DIRECTION('',(0.,0.,1.));
#3324 = ORIENTED_EDGE('',*,*,#333,.F.);
#3325 = ORIENTED_EDGE('',*,*,#3326,.F.);
#3326 = EDGE_CURVE('',#3312,#334,#3327,.T.);
#3327 = LINE('',#3328,#3329);
#3328 = CARTESIAN_POINT('',(-4.504641978488,-6.061900436047,-0.2));
#3329 = VECTOR('',#3330,1.);
#3330 = DIRECTION('',(0.,0.,1.));
#3331 = PLANE('',#3332);
#3332 = AXIS2_PLACEMENT_3D('',#3333,#3334,#3335);
#3333 = CARTESIAN_POINT('',(-5.1999999,-7.,-0.2));
#3334 = DIRECTION('',(-0.803364901692,0.595487056727,0.));
#3335 = DIRECTION('',(0.595487056727,0.803364901692,0.));
#3336 = ADVANCED_FACE('',(#3337),#3355,.F.);
#3337 = FACE_BOUND('',#3338,.F.);
#3338 = EDGE_LOOP('',(#3339,#3347,#3353,#3354));
#3339 = ORIENTED_EDGE('',*,*,#3340,.F.);
#3340 = EDGE_CURVE('',#3341,#3310,#3343,.T.);
#3341 = VERTEX_POINT('',#3342);
#3342 = CARTESIAN_POINT('',(-4.914253170349,-7.,-0.2));
#3343 = LINE('',#3344,#3345);
#3344 = CARTESIAN_POINT('',(-4.914253170349,-7.,-0.2));
#3345 = VECTOR('',#3346,1.);
#3346 = DIRECTION('',(-1.,0.,0.));
#3347 = ORIENTED_EDGE('',*,*,#3348,.T.);
#3348 = EDGE_CURVE('',#3341,#458,#3349,.T.);
#3349 = LINE('',#3350,#3351);
#3350 = CARTESIAN_POINT('',(-4.914253170349,-7.,-0.2));
#3351 = VECTOR('',#3352,1.);
#3352 = DIRECTION('',(0.,0.,1.));
#3353 = ORIENTED_EDGE('',*,*,#465,.F.);
#3354 = ORIENTED_EDGE('',*,*,#3319,.F.);
#3355 = PLANE('',#3356);
#3356 = AXIS2_PLACEMENT_3D('',#3357,#3358,#3359);
#3357 = CARTESIAN_POINT('',(-4.914253170349,-7.,-0.2));
#3358 = DIRECTION('',(0.,-1.,0.));
#3359 = DIRECTION('',(-1.,0.,0.));
#3360 = ADVANCED_FACE('',(#3361),#3379,.F.);
#3361 = FACE_BOUND('',#3362,.F.);
#3362 = EDGE_LOOP('',(#3363,#3371,#3377,#3378));
#3363 = ORIENTED_EDGE('',*,*,#3364,.F.);
#3364 = EDGE_CURVE('',#3365,#3341,#3367,.T.);
#3365 = VERTEX_POINT('',#3366);
#3366 = CARTESIAN_POINT('',(-4.462945030814,-6.37331940407,-0.2));
#3367 = LINE('',#3368,#3369);
#3368 = CARTESIAN_POINT('',(-4.462945030814,-6.37331940407,-0.2));
#3369 = VECTOR('',#3370,1.);
#3370 = DIRECTION('',(-0.584388390386,-0.811474096433,0.));
#3371 = ORIENTED_EDGE('',*,*,#3372,.T.);
#3372 = EDGE_CURVE('',#3365,#447,#3373,.T.);
#3373 = LINE('',#3374,#3375);
#3374 = CARTESIAN_POINT('',(-4.462945030814,-6.37331940407,-0.2));
#3375 = VECTOR('',#3376,1.);
#3376 = DIRECTION('',(0.,0.,1.));
#3377 = ORIENTED_EDGE('',*,*,#457,.F.);
#3378 = ORIENTED_EDGE('',*,*,#3348,.F.);
#3379 = PLANE('',#3380);
#3380 = AXIS2_PLACEMENT_3D('',#3381,#3382,#3383);
#3381 = CARTESIAN_POINT('',(-4.462945030814,-6.37331940407,-0.2));
#3382 = DIRECTION('',(0.811474096433,-0.584388390386,0.));
#3383 = DIRECTION('',(-0.584388390386,-0.811474096433,0.));
#3384 = ADVANCED_FACE('',(#3385),#3403,.F.);
#3385 = FACE_BOUND('',#3386,.F.);
#3386 = EDGE_LOOP('',(#3387,#3395,#3401,#3402));
#3387 = ORIENTED_EDGE('',*,*,#3388,.F.);
#3388 = EDGE_CURVE('',#3389,#3365,#3391,.T.);
#3389 = VERTEX_POINT('',#3390);
#3390 = CARTESIAN_POINT('',(-4.377098373837,-6.238417514535,-0.2));
#3391 = B_SPLINE_CURVE_WITH_KNOTS('',2,(#3392,#3393,#3394),
  .UNSPECIFIED.,.F.,.F.,(3,3),(0.,1.),.PIECEWISE_BEZIER_KNOTS.);
#3392 = CARTESIAN_POINT('',(-4.377098373837,-6.238417514535,-0.2));
#3393 = CARTESIAN_POINT('',(-4.437191033721,-6.336527979651,-0.2));
#3394 = CARTESIAN_POINT('',(-4.462945030814,-6.37331940407,-0.2));
#3395 = ORIENTED_EDGE('',*,*,#3396,.T.);
#3396 = EDGE_CURVE('',#3389,#437,#3397,.T.);
#3397 = LINE('',#3398,#3399);
#3398 = CARTESIAN_POINT('',(-4.377098373837,-6.238417514535,-0.2));
#3399 = VECTOR('',#3400,1.);
#3400 = DIRECTION('',(0.,0.,1.));
#3401 = ORIENTED_EDGE('',*,*,#446,.F.);
#3402 = ORIENTED_EDGE('',*,*,#3372,.F.);
#3403 = SURFACE_OF_LINEAR_EXTRUSION('',#3404,#3408);
#3404 = B_SPLINE_CURVE_WITH_KNOTS('',2,(#3405,#3406,#3407),
  .UNSPECIFIED.,.F.,.F.,(3,3),(0.,1.),.PIECEWISE_BEZIER_KNOTS.);
#3405 = CARTESIAN_POINT('',(-4.377098373837,-6.238417514535,-0.2));
#3406 = CARTESIAN_POINT('',(-4.437191033721,-6.336527979651,-0.2));
#3407 = CARTESIAN_POINT('',(-4.462945030814,-6.37331940407,-0.2));
#3408 = VECTOR('',#3409,1.);
#3409 = DIRECTION('',(-0.,-0.,-1.));
#3410 = ADVANCED_FACE('',(#3411),#3429,.F.);
#3411 = FACE_BOUND('',#3412,.F.);
#3412 = EDGE_LOOP('',(#3413,#3421,#3427,#3428));
#3413 = ORIENTED_EDGE('',*,*,#3414,.F.);
#3414 = EDGE_CURVE('',#3415,#3389,#3417,.T.);
#3415 = VERTEX_POINT('',#3416);
#3416 = CARTESIAN_POINT('',(-4.298610001744,-6.358602834302,-0.2));
#3417 = B_SPLINE_CURVE_WITH_KNOTS('',2,(#3418,#3419,#3420),
  .UNSPECIFIED.,.F.,.F.,(3,3),(0.,1.),.PIECEWISE_BEZIER_KNOTS.);
#3418 = CARTESIAN_POINT('',(-4.298610001744,-6.358602834302,-0.2));
#3419 = CARTESIAN_POINT('',(-4.336627806977,-6.303415697674,-0.2));
#3420 = CARTESIAN_POINT('',(-4.377098373837,-6.238417514535,-0.2));
#3421 = ORIENTED_EDGE('',*,*,#3422,.T.);
#3422 = EDGE_CURVE('',#3415,#429,#3423,.T.);
#3423 = LINE('',#3424,#3425);
#3424 = CARTESIAN_POINT('',(-4.298610001744,-6.358602834302,-0.2));
#3425 = VECTOR('',#3426,1.);
#3426 = DIRECTION('',(0.,0.,1.));
#3427 = ORIENTED_EDGE('',*,*,#436,.F.);
#3428 = ORIENTED_EDGE('',*,*,#3396,.F.);
#3429 = SURFACE_OF_LINEAR_EXTRUSION('',#3430,#3434);
#3430 = B_SPLINE_CURVE_WITH_KNOTS('',2,(#3431,#3432,#3433),
  .UNSPECIFIED.,.F.,.F.,(3,3),(0.,1.),.PIECEWISE_BEZIER_KNOTS.);
#3431 = CARTESIAN_POINT('',(-4.298610001744,-6.358602834302,-0.2));
#3432 = CARTESIAN_POINT('',(-4.336627806977,-6.303415697674,-0.2));
#3433 = CARTESIAN_POINT('',(-4.377098373837,-6.238417514535,-0.2));
#3434 = VECTOR('',#3435,1.);
#3435 = DIRECTION('',(-0.,-0.,-1.));
#3436 = ADVANCED_FACE('',(#3437),#3455,.F.);
#3437 = FACE_BOUND('',#3438,.F.);
#3438 = EDGE_LOOP('',(#3439,#3447,#3453,#3454));
#3439 = ORIENTED_EDGE('',*,*,#3440,.F.);
#3440 = EDGE_CURVE('',#3441,#3415,#3443,.T.);
#3441 = VERTEX_POINT('',#3442);
#3442 = CARTESIAN_POINT('',(-3.846075481395,-7.,-0.2));
#3443 = LINE('',#3444,#3445);
#3444 = CARTESIAN_POINT('',(-3.846075481395,-7.,-0.2));
#3445 = VECTOR('',#3446,1.);
#3446 = DIRECTION('',(-0.576499167389,0.817097735892,0.));
#3447 = ORIENTED_EDGE('',*,*,#3448,.T.);
#3448 = EDGE_CURVE('',#3441,#421,#3449,.T.);
#3449 = LINE('',#3450,#3451);
#3450 = CARTESIAN_POINT('',(-3.846075481395,-7.,-0.2));
#3451 = VECTOR('',#3452,1.);
#3452 = DIRECTION('',(0.,0.,1.));
#3453 = ORIENTED_EDGE('',*,*,#428,.F.);
#3454 = ORIENTED_EDGE('',*,*,#3422,.F.);
#3455 = PLANE('',#3456);
#3456 = AXIS2_PLACEMENT_3D('',#3457,#3458,#3459);
#3457 = CARTESIAN_POINT('',(-3.846075481395,-7.,-0.2));
#3458 = DIRECTION('',(-0.817097735892,-0.576499167389,0.));
#3459 = DIRECTION('',(-0.576499167389,0.817097735892,0.));
#3460 = ADVANCED_FACE('',(#3461),#3479,.F.);
#3461 = FACE_BOUND('',#3462,.F.);
#3462 = EDGE_LOOP('',(#3463,#3471,#3477,#3478));
#3463 = ORIENTED_EDGE('',*,*,#3464,.F.);
#3464 = EDGE_CURVE('',#3465,#3441,#3467,.T.);
#3465 = VERTEX_POINT('',#3466);
#3466 = CARTESIAN_POINT('',(-3.551744086047,-7.,-0.2));
#3467 = LINE('',#3468,#3469);
#3468 = CARTESIAN_POINT('',(-3.551744086047,-7.,-0.2));
#3469 = VECTOR('',#3470,1.);
#3470 = DIRECTION('',(-1.,0.,0.));
#3471 = ORIENTED_EDGE('',*,*,#3472,.T.);
#3472 = EDGE_CURVE('',#3465,#413,#3473,.T.);
#3473 = LINE('',#3474,#3475);
#3474 = CARTESIAN_POINT('',(-3.551744086047,-7.,-0.2));
#3475 = VECTOR('',#3476,1.);
#3476 = DIRECTION('',(0.,0.,1.));
#3477 = ORIENTED_EDGE('',*,*,#420,.F.);
#3478 = ORIENTED_EDGE('',*,*,#3448,.F.);
#3479 = PLANE('',#3480);
#3480 = AXIS2_PLACEMENT_3D('',#3481,#3482,#3483);
#3481 = CARTESIAN_POINT('',(-3.551744086047,-7.,-0.2));
#3482 = DIRECTION('',(0.,-1.,0.));
#3483 = DIRECTION('',(-1.,0.,0.));
#3484 = ADVANCED_FACE('',(#3485),#3503,.F.);
#3485 = FACE_BOUND('',#3486,.F.);
#3486 = EDGE_LOOP('',(#3487,#3495,#3501,#3502));
#3487 = ORIENTED_EDGE('',*,*,#3488,.F.);
#3488 = EDGE_CURVE('',#3489,#3465,#3491,.T.);
#3489 = VERTEX_POINT('',#3490);
#3490 = CARTESIAN_POINT('',(-4.232385437791,-6.048410247093,-0.2));
#3491 = LINE('',#3492,#3493);
#3492 = CARTESIAN_POINT('',(-4.232385437791,-6.048410247093,-0.2));
#3493 = VECTOR('',#3494,1.);
#3494 = DIRECTION('',(0.581766907056,-0.813355559306,0.));
#3495 = ORIENTED_EDGE('',*,*,#3496,.T.);
#3496 = EDGE_CURVE('',#3489,#405,#3497,.T.);
#3497 = LINE('',#3498,#3499);
#3498 = CARTESIAN_POINT('',(-4.232385437791,-6.048410247093,-0.2));
#3499 = VECTOR('',#3500,1.);
#3500 = DIRECTION('',(0.,0.,1.));
#3501 = ORIENTED_EDGE('',*,*,#412,.F.);
#3502 = ORIENTED_EDGE('',*,*,#3472,.F.);
#3503 = PLANE('',#3504);
#3504 = AXIS2_PLACEMENT_3D('',#3505,#3506,#3507);
#3505 = CARTESIAN_POINT('',(-4.232385437791,-6.048410247093,-0.2));
#3506 = DIRECTION('',(0.813355559306,0.581766907056,0.));
#3507 = DIRECTION('',(0.581766907056,-0.813355559306,0.));
#3508 = ADVANCED_FACE('',(#3509),#3527,.F.);
#3509 = FACE_BOUND('',#3510,.F.);
#3510 = EDGE_LOOP('',(#3511,#3519,#3525,#3526));
#3511 = ORIENTED_EDGE('',*,*,#3512,.F.);
#3512 = EDGE_CURVE('',#3513,#3489,#3515,.T.);
#3513 = VERTEX_POINT('',#3514);
#3514 = CARTESIAN_POINT('',(-3.600799318605,-5.2,-0.2));
#3515 = LINE('',#3516,#3517);
#3516 = CARTESIAN_POINT('',(-3.600799318605,-5.2,-0.2));
#3517 = VECTOR('',#3518,1.);
#3518 = DIRECTION('',(-0.597139181737,-0.802137642574,0.));
#3519 = ORIENTED_EDGE('',*,*,#3520,.T.);
#3520 = EDGE_CURVE('',#3513,#397,#3521,.T.);
#3521 = LINE('',#3522,#3523);
#3522 = CARTESIAN_POINT('',(-3.600799318605,-5.2,-0.2));
#3523 = VECTOR('',#3524,1.);
#3524 = DIRECTION('',(0.,0.,1.));
#3525 = ORIENTED_EDGE('',*,*,#404,.F.);
#3526 = ORIENTED_EDGE('',*,*,#3496,.F.);
#3527 = PLANE('',#3528);
#3528 = AXIS2_PLACEMENT_3D('',#3529,#3530,#3531);
#3529 = CARTESIAN_POINT('',(-3.600799318605,-5.2,-0.2));
#3530 = DIRECTION('',(0.802137642574,-0.597139181737,0.));
#3531 = DIRECTION('',(-0.597139181737,-0.802137642574,0.));
#3532 = ADVANCED_FACE('',(#3533),#3551,.F.);
#3533 = FACE_BOUND('',#3534,.F.);
#3534 = EDGE_LOOP('',(#3535,#3543,#3549,#3550));
#3535 = ORIENTED_EDGE('',*,*,#3536,.F.);
#3536 = EDGE_CURVE('',#3537,#3513,#3539,.T.);
#3537 = VERTEX_POINT('',#3538);
#3538 = CARTESIAN_POINT('',(-3.859565670349,-5.2,-0.2));
#3539 = LINE('',#3540,#3541);
#3540 = CARTESIAN_POINT('',(-3.859565670349,-5.2,-0.2));
#3541 = VECTOR('',#3542,1.);
#3542 = DIRECTION('',(1.,0.,0.));
#3543 = ORIENTED_EDGE('',*,*,#3544,.T.);
#3544 = EDGE_CURVE('',#3537,#389,#3545,.T.);
#3545 = LINE('',#3546,#3547);
#3546 = CARTESIAN_POINT('',(-3.859565670349,-5.2,-0.2));
#3547 = VECTOR('',#3548,1.);
#3548 = DIRECTION('',(0.,0.,1.));
#3549 = ORIENTED_EDGE('',*,*,#396,.F.);
#3550 = ORIENTED_EDGE('',*,*,#3520,.F.);
#3551 = PLANE('',#3552);
#3552 = AXIS2_PLACEMENT_3D('',#3553,#3554,#3555);
#3553 = CARTESIAN_POINT('',(-3.859565670349,-5.2,-0.2));
#3554 = DIRECTION('',(0.,1.,0.));
#3555 = DIRECTION('',(1.,0.,0.));
#3556 = ADVANCED_FACE('',(#3557),#3575,.F.);
#3557 = FACE_BOUND('',#3558,.F.);
#3558 = EDGE_LOOP('',(#3559,#3567,#3573,#3574));
#3559 = ORIENTED_EDGE('',*,*,#3560,.F.);
#3560 = EDGE_CURVE('',#3561,#3537,#3563,.T.);
#3561 = VERTEX_POINT('',#3562);
#3562 = CARTESIAN_POINT('',(-4.221348010465,-5.677062136628,-0.2));
#3563 = LINE('',#3564,#3565);
#3564 = CARTESIAN_POINT('',(-4.221348010465,-5.677062136628,-0.2));
#3565 = VECTOR('',#3566,1.);
#3566 = DIRECTION('',(0.604251979837,0.796793288666,0.));
#3567 = ORIENTED_EDGE('',*,*,#3568,.T.);
#3568 = EDGE_CURVE('',#3561,#379,#3569,.T.);
#3569 = LINE('',#3570,#3571);
#3570 = CARTESIAN_POINT('',(-4.221348010465,-5.677062136628,-0.2));
#3571 = VECTOR('',#3572,1.);
#3572 = DIRECTION('',(0.,0.,1.));
#3573 = ORIENTED_EDGE('',*,*,#388,.F.);
#3574 = ORIENTED_EDGE('',*,*,#3544,.F.);
#3575 = PLANE('',#3576);
#3576 = AXIS2_PLACEMENT_3D('',#3577,#3578,#3579);
#3577 = CARTESIAN_POINT('',(-4.221348010465,-5.677062136628,-0.2));
#3578 = DIRECTION('',(-0.796793288666,0.604251979837,0.));
#3579 = DIRECTION('',(0.604251979837,0.796793288666,0.));
#3580 = ADVANCED_FACE('',(#3581),#3599,.F.);
#3581 = FACE_BOUND('',#3582,.F.);
#3582 = EDGE_LOOP('',(#3583,#3591,#3597,#3598));
#3583 = ORIENTED_EDGE('',*,*,#3584,.F.);
#3584 = EDGE_CURVE('',#3585,#3561,#3587,.T.);
#3585 = VERTEX_POINT('',#3586);
#3586 = CARTESIAN_POINT('',(-4.363608184884,-5.881867732558,-0.2));
#3587 = B_SPLINE_CURVE_WITH_KNOTS('',2,(#3588,#3589,#3590),
  .UNSPECIFIED.,.F.,.F.,(3,3),(0.,1.),.PIECEWISE_BEZIER_KNOTS.);
#3588 = CARTESIAN_POINT('',(-4.363608184884,-5.881867732558,-0.2));
#3589 = CARTESIAN_POINT('',(-4.303515525,-5.783757267442,-0.2));
#3590 = CARTESIAN_POINT('',(-4.221348010465,-5.677062136628,-0.2));
#3591 = ORIENTED_EDGE('',*,*,#3592,.T.);
#3592 = EDGE_CURVE('',#3585,#368,#3593,.T.);
#3593 = LINE('',#3594,#3595);
#3594 = CARTESIAN_POINT('',(-4.363608184884,-5.881867732558,-0.2));
#3595 = VECTOR('',#3596,1.);
#3596 = DIRECTION('',(0.,0.,1.));
#3597 = ORIENTED_EDGE('',*,*,#378,.F.);
#3598 = ORIENTED_EDGE('',*,*,#3568,.F.);
#3599 = SURFACE_OF_LINEAR_EXTRUSION('',#3600,#3604);
#3600 = B_SPLINE_CURVE_WITH_KNOTS('',2,(#3601,#3602,#3603),
  .UNSPECIFIED.,.F.,.F.,(3,3),(0.,1.),.PIECEWISE_BEZIER_KNOTS.);
#3601 = CARTESIAN_POINT('',(-4.363608184884,-5.881867732558,-0.2));
#3602 = CARTESIAN_POINT('',(-4.303515525,-5.783757267442,-0.2));
#3603 = CARTESIAN_POINT('',(-4.221348010465,-5.677062136628,-0.2));
#3604 = VECTOR('',#3605,1.);
#3605 = DIRECTION('',(-0.,-0.,-1.));
#3606 = ADVANCED_FACE('',(#3607),#3625,.F.);
#3607 = FACE_BOUND('',#3608,.F.);
#3608 = EDGE_LOOP('',(#3609,#3617,#3623,#3624));
#3609 = ORIENTED_EDGE('',*,*,#3610,.F.);
#3610 = EDGE_CURVE('',#3611,#3585,#3613,.T.);
#3611 = VERTEX_POINT('',#3612);
#3612 = CARTESIAN_POINT('',(-4.50832112093,-5.661119186047,-0.2));
#3613 = B_SPLINE_CURVE_WITH_KNOTS('',2,(#3614,#3615,#3616),
  .UNSPECIFIED.,.F.,.F.,(3,3),(0.,1.),.PIECEWISE_BEZIER_KNOTS.);
#3614 = CARTESIAN_POINT('',(-4.50832112093,-5.661119186047,-0.2));
#3615 = CARTESIAN_POINT('',(-4.406531513372,-5.804605741279,-0.2));
#3616 = CARTESIAN_POINT('',(-4.363608184884,-5.881867732558,-0.2));
#3617 = ORIENTED_EDGE('',*,*,#3618,.T.);
#3618 = EDGE_CURVE('',#3611,#360,#3619,.T.);
#3619 = LINE('',#3620,#3621);
#3620 = CARTESIAN_POINT('',(-4.50832112093,-5.661119186047,-0.2));
#3621 = VECTOR('',#3622,1.);
#3622 = DIRECTION('',(0.,0.,1.));
#3623 = ORIENTED_EDGE('',*,*,#367,.F.);
#3624 = ORIENTED_EDGE('',*,*,#3592,.F.);
#3625 = SURFACE_OF_LINEAR_EXTRUSION('',#3626,#3630);
#3626 = B_SPLINE_CURVE_WITH_KNOTS('',2,(#3627,#3628,#3629),
  .UNSPECIFIED.,.F.,.F.,(3,3),(0.,1.),.PIECEWISE_BEZIER_KNOTS.);
#3627 = CARTESIAN_POINT('',(-4.50832112093,-5.661119186047,-0.2));
#3628 = CARTESIAN_POINT('',(-4.406531513372,-5.804605741279,-0.2));
#3629 = CARTESIAN_POINT('',(-4.363608184884,-5.881867732558,-0.2));
#3630 = VECTOR('',#3631,1.);
#3631 = DIRECTION('',(-0.,-0.,-1.));
#3632 = ADVANCED_FACE('',(#3633),#3651,.F.);
#3633 = FACE_BOUND('',#3634,.F.);
#3634 = EDGE_LOOP('',(#3635,#3643,#3649,#3650));
#3635 = ORIENTED_EDGE('',*,*,#3636,.F.);
#3636 = EDGE_CURVE('',#3637,#3611,#3639,.T.);
#3637 = VERTEX_POINT('',#3638);
#3638 = CARTESIAN_POINT('',(-4.834538417442,-5.2,-0.2));
#3639 = LINE('',#3640,#3641);
#3640 = CARTESIAN_POINT('',(-4.834538417442,-5.2,-0.2));
#3641 = VECTOR('',#3642,1.);
#3642 = DIRECTION('',(0.577535312124,-0.816365704356,0.));
#3643 = ORIENTED_EDGE('',*,*,#3644,.T.);
#3644 = EDGE_CURVE('',#3637,#352,#3645,.T.);
#3645 = LINE('',#3646,#3647);
#3646 = CARTESIAN_POINT('',(-4.834538417442,-5.2,-0.2));
#3647 = VECTOR('',#3648,1.);
#3648 = DIRECTION('',(0.,0.,1.));
#3649 = ORIENTED_EDGE('',*,*,#359,.F.);
#3650 = ORIENTED_EDGE('',*,*,#3618,.F.);
#3651 = PLANE('',#3652);
#3652 = AXIS2_PLACEMENT_3D('',#3653,#3654,#3655);
#3653 = CARTESIAN_POINT('',(-4.834538417442,-5.2,-0.2));
#3654 = DIRECTION('',(0.816365704356,0.577535312124,0.));
#3655 = DIRECTION('',(0.577535312124,-0.816365704356,0.));
#3656 = ADVANCED_FACE('',(#3657),#3675,.F.);
#3657 = FACE_BOUND('',#3658,.F.);
#3658 = EDGE_LOOP('',(#3659,#3667,#3673,#3674));
#3659 = ORIENTED_EDGE('',*,*,#3660,.F.);
#3660 = EDGE_CURVE('',#3661,#3637,#3663,.T.);
#3661 = VERTEX_POINT('',#3662);
#3662 = CARTESIAN_POINT('',(-5.117832385465,-5.2,-0.2));
#3663 = LINE('',#3664,#3665);
#3664 = CARTESIAN_POINT('',(-5.117832385465,-5.2,-0.2));
#3665 = VECTOR('',#3666,1.);
#3666 = DIRECTION('',(1.,0.,0.));
#3667 = ORIENTED_EDGE('',*,*,#3668,.T.);
#3668 = EDGE_CURVE('',#3661,#344,#3669,.T.);
#3669 = LINE('',#3670,#3671);
#3670 = CARTESIAN_POINT('',(-5.117832385465,-5.2,-0.2));
#3671 = VECTOR('',#3672,1.);
#3672 = DIRECTION('',(0.,0.,1.));
#3673 = ORIENTED_EDGE('',*,*,#351,.F.);
#3674 = ORIENTED_EDGE('',*,*,#3644,.F.);
#3675 = PLANE('',#3676);
#3676 = AXIS2_PLACEMENT_3D('',#3677,#3678,#3679);
#3677 = CARTESIAN_POINT('',(-5.117832385465,-5.2,-0.2));
#3678 = DIRECTION('',(0.,1.,0.));
#3679 = DIRECTION('',(1.,0.,0.));
#3680 = ADVANCED_FACE('',(#3681),#3692,.F.);
#3681 = FACE_BOUND('',#3682,.F.);
#3682 = EDGE_LOOP('',(#3683,#3689,#3690,#3691));
#3683 = ORIENTED_EDGE('',*,*,#3684,.F.);
#3684 = EDGE_CURVE('',#3312,#3661,#3685,.T.);
#3685 = LINE('',#3686,#3687);
#3686 = CARTESIAN_POINT('',(-4.504641978488,-6.061900436047,-0.2));
#3687 = VECTOR('',#3688,1.);
#3688 = DIRECTION('',(-0.579701732799,0.814828755623,0.));
#3689 = ORIENTED_EDGE('',*,*,#3326,.T.);
#3690 = ORIENTED_EDGE('',*,*,#343,.F.);
#3691 = ORIENTED_EDGE('',*,*,#3668,.F.);
#3692 = PLANE('',#3693);
#3693 = AXIS2_PLACEMENT_3D('',#3694,#3695,#3696);
#3694 = CARTESIAN_POINT('',(-4.504641978488,-6.061900436047,-0.2));
#3695 = DIRECTION('',(-0.814828755623,-0.579701732799,0.));
#3696 = DIRECTION('',(-0.579701732799,0.814828755623,0.));
#3697 = ADVANCED_FACE('',(#3698),#3723,.F.);
#3698 = FACE_BOUND('',#3699,.F.);
#3699 = EDGE_LOOP('',(#3700,#3710,#3716,#3717));
#3700 = ORIENTED_EDGE('',*,*,#3701,.F.);
#3701 = EDGE_CURVE('',#3702,#3704,#3706,.T.);
#3702 = VERTEX_POINT('',#3703);
#3703 = CARTESIAN_POINT('',(-2.885410510465,-7.,-0.2));
#3704 = VERTEX_POINT('',#3705);
#3705 = CARTESIAN_POINT('',(-2.885410510465,-5.407994186047,-0.2));
#3706 = LINE('',#3707,#3708);
#3707 = CARTESIAN_POINT('',(-2.885410510465,-7.,-0.2));
#3708 = VECTOR('',#3709,1.);
#3709 = DIRECTION('',(0.,1.,0.));
#3710 = ORIENTED_EDGE('',*,*,#3711,.T.);
#3711 = EDGE_CURVE('',#3702,#476,#3712,.T.);
#3712 = LINE('',#3713,#3714);
#3713 = CARTESIAN_POINT('',(-2.885410510465,-7.,-0.2));
#3714 = VECTOR('',#3715,1.);
#3715 = DIRECTION('',(0.,0.,1.));
#3716 = ORIENTED_EDGE('',*,*,#473,.F.);
#3717 = ORIENTED_EDGE('',*,*,#3718,.F.);
#3718 = EDGE_CURVE('',#3704,#474,#3719,.T.);
#3719 = LINE('',#3720,#3721);
#3720 = CARTESIAN_POINT('',(-2.885410510465,-5.407994186047,-0.2));
#3721 = VECTOR('',#3722,1.);
#3722 = DIRECTION('',(0.,0.,1.));
#3723 = PLANE('',#3724);
#3724 = AXIS2_PLACEMENT_3D('',#3725,#3726,#3727);
#3725 = CARTESIAN_POINT('',(-2.885410510465,-7.,-0.2));
#3726 = DIRECTION('',(-1.,0.,0.));
#3727 = DIRECTION('',(0.,1.,0.));
#3728 = ADVANCED_FACE('',(#3729),#3747,.F.);
#3729 = FACE_BOUND('',#3730,.F.);
#3730 = EDGE_LOOP('',(#3731,#3739,#3745,#3746));
#3731 = ORIENTED_EDGE('',*,*,#3732,.F.);
#3732 = EDGE_CURVE('',#3733,#3702,#3735,.T.);
#3733 = VERTEX_POINT('',#3734);
#3734 = CARTESIAN_POINT('',(-2.647492632558,-7.,-0.2));
#3735 = LINE('',#3736,#3737);
#3736 = CARTESIAN_POINT('',(-2.647492632558,-7.,-0.2));
#3737 = VECTOR('',#3738,1.);
#3738 = DIRECTION('',(-1.,0.,0.));
#3739 = ORIENTED_EDGE('',*,*,#3740,.T.);
#3740 = EDGE_CURVE('',#3733,#524,#3741,.T.);
#3741 = LINE('',#3742,#3743);
#3742 = CARTESIAN_POINT('',(-2.647492632558,-7.,-0.2));
#3743 = VECTOR('',#3744,1.);
#3744 = DIRECTION('',(0.,0.,1.));
#3745 = ORIENTED_EDGE('',*,*,#531,.F.);
#3746 = ORIENTED_EDGE('',*,*,#3711,.F.);
#3747 = PLANE('',#3748);
#3748 = AXIS2_PLACEMENT_3D('',#3749,#3750,#3751);
#3749 = CARTESIAN_POINT('',(-2.647492632558,-7.,-0.2));
#3750 = DIRECTION('',(0.,-1.,0.));
#3751 = DIRECTION('',(-1.,0.,0.));
#3752 = ADVANCED_FACE('',(#3753),#3771,.F.);
#3753 = FACE_BOUND('',#3754,.F.);
#3754 = EDGE_LOOP('',(#3755,#3763,#3769,#3770));
#3755 = ORIENTED_EDGE('',*,*,#3756,.F.);
#3756 = EDGE_CURVE('',#3757,#3733,#3759,.T.);
#3757 = VERTEX_POINT('',#3758);
#3758 = CARTESIAN_POINT('',(-2.647492632558,-5.407994186047,-0.2));
#3759 = LINE('',#3760,#3761);
#3760 = CARTESIAN_POINT('',(-2.647492632558,-5.407994186047,-0.2));
#3761 = VECTOR('',#3762,1.);
#3762 = DIRECTION('',(0.,-1.,0.));
#3763 = ORIENTED_EDGE('',*,*,#3764,.T.);
#3764 = EDGE_CURVE('',#3757,#516,#3765,.T.);
#3765 = LINE('',#3766,#3767);
#3766 = CARTESIAN_POINT('',(-2.647492632558,-5.407994186047,-0.2));
#3767 = VECTOR('',#3768,1.);
#3768 = DIRECTION('',(0.,0.,1.));
#3769 = ORIENTED_EDGE('',*,*,#523,.F.);
#3770 = ORIENTED_EDGE('',*,*,#3740,.F.);
#3771 = PLANE('',#3772);
#3772 = AXIS2_PLACEMENT_3D('',#3773,#3774,#3775);
#3773 = CARTESIAN_POINT('',(-2.647492632558,-5.407994186047,-0.2));
#3774 = DIRECTION('',(1.,0.,0.));
#3775 = DIRECTION('',(0.,-1.,0.));
#3776 = ADVANCED_FACE('',(#3777),#3795,.F.);
#3777 = FACE_BOUND('',#3778,.F.);
#3778 = EDGE_LOOP('',(#3779,#3787,#3793,#3794));
#3779 = ORIENTED_EDGE('',*,*,#3780,.F.);
#3780 = EDGE_CURVE('',#3781,#3757,#3783,.T.);
#3781 = VERTEX_POINT('',#3782);
#3782 = CARTESIAN_POINT('',(-2.052697937791,-5.407994186047,-0.2));
#3783 = LINE('',#3784,#3785);
#3784 = CARTESIAN_POINT('',(-2.052697937791,-5.407994186047,-0.2));
#3785 = VECTOR('',#3786,1.);
#3786 = DIRECTION('',(-1.,0.,0.));
#3787 = ORIENTED_EDGE('',*,*,#3788,.T.);
#3788 = EDGE_CURVE('',#3781,#508,#3789,.T.);
#3789 = LINE('',#3790,#3791);
#3790 = CARTESIAN_POINT('',(-2.052697937791,-5.407994186047,-0.2));
#3791 = VECTOR('',#3792,1.);
#3792 = DIRECTION('',(0.,0.,1.));
#3793 = ORIENTED_EDGE('',*,*,#515,.F.);
#3794 = ORIENTED_EDGE('',*,*,#3764,.F.);
#3795 = PLANE('',#3796);
#3796 = AXIS2_PLACEMENT_3D('',#3797,#3798,#3799);
#3797 = CARTESIAN_POINT('',(-2.052697937791,-5.407994186047,-0.2));
#3798 = DIRECTION('',(0.,-1.,0.));
#3799 = DIRECTION('',(-1.,0.,0.));
#3800 = ADVANCED_FACE('',(#3801),#3819,.F.);
#3801 = FACE_BOUND('',#3802,.F.);
#3802 = EDGE_LOOP('',(#3803,#3811,#3817,#3818));
#3803 = ORIENTED_EDGE('',*,*,#3804,.F.);
#3804 = EDGE_CURVE('',#3805,#3781,#3807,.T.);
#3805 = VERTEX_POINT('',#3806);
#3806 = CARTESIAN_POINT('',(-2.052697937791,-5.2,-0.2));
#3807 = LINE('',#3808,#3809);
#3808 = CARTESIAN_POINT('',(-2.052697937791,-5.2,-0.2));
#3809 = VECTOR('',#3810,1.);
#3810 = DIRECTION('',(0.,-1.,0.));
#3811 = ORIENTED_EDGE('',*,*,#3812,.T.);
#3812 = EDGE_CURVE('',#3805,#500,#3813,.T.);
#3813 = LINE('',#3814,#3815);
#3814 = CARTESIAN_POINT('',(-2.052697937791,-5.2,-0.2));
#3815 = VECTOR('',#3816,1.);
#3816 = DIRECTION('',(0.,0.,1.));
#3817 = ORIENTED_EDGE('',*,*,#507,.F.);
#3818 = ORIENTED_EDGE('',*,*,#3788,.F.);
#3819 = PLANE('',#3820);
#3820 = AXIS2_PLACEMENT_3D('',#3821,#3822,#3823);
#3821 = CARTESIAN_POINT('',(-2.052697937791,-5.2,-0.2));
#3822 = DIRECTION('',(1.,0.,0.));
#3823 = DIRECTION('',(0.,-1.,0.));
#3824 = ADVANCED_FACE('',(#3825),#3843,.F.);
#3825 = FACE_BOUND('',#3826,.F.);
#3826 = EDGE_LOOP('',(#3827,#3835,#3841,#3842));
#3827 = ORIENTED_EDGE('',*,*,#3828,.F.);
#3828 = EDGE_CURVE('',#3829,#3805,#3831,.T.);
#3829 = VERTEX_POINT('',#3830);
#3830 = CARTESIAN_POINT('',(-3.477752443605,-5.2,-0.2));
#3831 = LINE('',#3832,#3833);
#3832 = CARTESIAN_POINT('',(-3.477752443605,-5.2,-0.2));
#3833 = VECTOR('',#3834,1.);
#3834 = DIRECTION('',(1.,0.,0.));
#3835 = ORIENTED_EDGE('',*,*,#3836,.T.);
#3836 = EDGE_CURVE('',#3829,#492,#3837,.T.);
#3837 = LINE('',#3838,#3839);
#3838 = CARTESIAN_POINT('',(-3.477752443605,-5.2,-0.2));
#3839 = VECTOR('',#3840,1.);
#3840 = DIRECTION('',(0.,0.,1.));
#3841 = ORIENTED_EDGE('',*,*,#499,.F.);
#3842 = ORIENTED_EDGE('',*,*,#3812,.F.);
#3843 = PLANE('',#3844);
#3844 = AXIS2_PLACEMENT_3D('',#3845,#3846,#3847);
#3845 = CARTESIAN_POINT('',(-3.477752443605,-5.2,-0.2));
#3846 = DIRECTION('',(0.,1.,0.));
#3847 = DIRECTION('',(1.,0.,0.));
#3848 = ADVANCED_FACE('',(#3849),#3867,.F.);
#3849 = FACE_BOUND('',#3850,.F.);
#3850 = EDGE_LOOP('',(#3851,#3859,#3865,#3866));
#3851 = ORIENTED_EDGE('',*,*,#3852,.F.);
#3852 = EDGE_CURVE('',#3853,#3829,#3855,.T.);
#3853 = VERTEX_POINT('',#3854);
#3854 = CARTESIAN_POINT('',(-3.477752443605,-5.407994186047,-0.2));
#3855 = LINE('',#3856,#3857);
#3856 = CARTESIAN_POINT('',(-3.477752443605,-5.407994186047,-0.2));
#3857 = VECTOR('',#3858,1.);
#3858 = DIRECTION('',(0.,1.,0.));
#3859 = ORIENTED_EDGE('',*,*,#3860,.T.);
#3860 = EDGE_CURVE('',#3853,#484,#3861,.T.);
#3861 = LINE('',#3862,#3863);
#3862 = CARTESIAN_POINT('',(-3.477752443605,-5.407994186047,-0.2));
#3863 = VECTOR('',#3864,1.);
#3864 = DIRECTION('',(0.,0.,1.));
#3865 = ORIENTED_EDGE('',*,*,#491,.F.);
#3866 = ORIENTED_EDGE('',*,*,#3836,.F.);
#3867 = PLANE('',#3868);
#3868 = AXIS2_PLACEMENT_3D('',#3869,#3870,#3871);
#3869 = CARTESIAN_POINT('',(-3.477752443605,-5.407994186047,-0.2));
#3870 = DIRECTION('',(-1.,0.,0.));
#3871 = DIRECTION('',(0.,1.,0.));
#3872 = ADVANCED_FACE('',(#3873),#3884,.F.);
#3873 = FACE_BOUND('',#3874,.F.);
#3874 = EDGE_LOOP('',(#3875,#3881,#3882,#3883));
#3875 = ORIENTED_EDGE('',*,*,#3876,.F.);
#3876 = EDGE_CURVE('',#3704,#3853,#3877,.T.);
#3877 = LINE('',#3878,#3879);
#3878 = CARTESIAN_POINT('',(-2.885410510465,-5.407994186047,-0.2));
#3879 = VECTOR('',#3880,1.);
#3880 = DIRECTION('',(-1.,0.,0.));
#3881 = ORIENTED_EDGE('',*,*,#3718,.T.);
#3882 = ORIENTED_EDGE('',*,*,#483,.F.);
#3883 = ORIENTED_EDGE('',*,*,#3860,.F.);
#3884 = PLANE('',#3885);
#3885 = AXIS2_PLACEMENT_3D('',#3886,#3887,#3888);
#3886 = CARTESIAN_POINT('',(-2.885410510465,-5.407994186047,-0.2));
#3887 = DIRECTION('',(0.,-1.,0.));
#3888 = DIRECTION('',(-1.,0.,0.));
#3889 = ADVANCED_FACE('',(#3890),#3915,.F.);
#3890 = FACE_BOUND('',#3891,.F.);
#3891 = EDGE_LOOP('',(#3892,#3902,#3908,#3909));
#3892 = ORIENTED_EDGE('',*,*,#3893,.F.);
#3893 = EDGE_CURVE('',#3894,#3896,#3898,.T.);
#3894 = VERTEX_POINT('',#3895);
#3895 = CARTESIAN_POINT('',(-0.753797138372,-5.638063226744,-0.2));
#3896 = VERTEX_POINT('',#3897);
#3897 = CARTESIAN_POINT('',(-0.97331930407,-5.65523255814,-0.2));
#3898 = LINE('',#3899,#3900);
#3899 = CARTESIAN_POINT('',(-0.753797138372,-5.638063226744,-0.2));
#3900 = VECTOR('',#3901,1.);
#3901 = DIRECTION('',(-0.996955380034,-7.797416380157E-02,0.));
#3902 = ORIENTED_EDGE('',*,*,#3903,.T.);
#3903 = EDGE_CURVE('',#3894,#542,#3904,.T.);
#3904 = LINE('',#3905,#3906);
#3905 = CARTESIAN_POINT('',(-0.753797138372,-5.638063226744,-0.2));
#3906 = VECTOR('',#3907,1.);
#3907 = DIRECTION('',(0.,0.,1.));
#3908 = ORIENTED_EDGE('',*,*,#539,.F.);
#3909 = ORIENTED_EDGE('',*,*,#3910,.F.);
#3910 = EDGE_CURVE('',#3896,#540,#3911,.T.);
#3911 = LINE('',#3912,#3913);
#3912 = CARTESIAN_POINT('',(-0.97331930407,-5.65523255814,-0.2));
#3913 = VECTOR('',#3914,1.);
#3914 = DIRECTION('',(0.,0.,1.));
#3915 = PLANE('',#3916);
#3916 = AXIS2_PLACEMENT_3D('',#3917,#3918,#3919);
#3917 = CARTESIAN_POINT('',(-0.753797138372,-5.638063226744,-0.2));
#3918 = DIRECTION('',(7.797416380157E-02,-0.996955380034,0.));
#3919 = DIRECTION('',(-0.996955380034,-7.797416380157E-02,0.));
#3920 = ADVANCED_FACE('',(#3921),#3939,.F.);
#3921 = FACE_BOUND('',#3922,.F.);
#3922 = EDGE_LOOP('',(#3923,#3931,#3937,#3938));
#3923 = ORIENTED_EDGE('',*,*,#3924,.F.);
#3924 = EDGE_CURVE('',#3925,#3894,#3927,.T.);
#3925 = VERTEX_POINT('',#3926);
#3926 = CARTESIAN_POINT('',(-0.916333475581,-5.308739098837,-0.2));
#3927 = B_SPLINE_CURVE_WITH_KNOTS('',2,(#3928,#3929,#3930),
  .UNSPECIFIED.,.F.,.F.,(3,3),(0.,1.),.PIECEWISE_BEZIER_KNOTS.);
#3928 = CARTESIAN_POINT('',(-0.916333475581,-5.308739098837,-0.2));
#3929 = CARTESIAN_POINT('',(-0.780777516279,-5.427943313953,-0.2));
#3930 = CARTESIAN_POINT('',(-0.753797138372,-5.638063226744,-0.2));
#3931 = ORIENTED_EDGE('',*,*,#3932,.T.);
#3932 = EDGE_CURVE('',#3925,#775,#3933,.T.);
#3933 = LINE('',#3934,#3935);
#3934 = CARTESIAN_POINT('',(-0.916333475581,-5.308739098837,-0.2));
#3935 = VECTOR('',#3936,1.);
#3936 = DIRECTION('',(0.,0.,1.));
#3937 = ORIENTED_EDGE('',*,*,#789,.F.);
#3938 = ORIENTED_EDGE('',*,*,#3903,.F.);
#3939 = SURFACE_OF_LINEAR_EXTRUSION('',#3940,#3944);
#3940 = B_SPLINE_CURVE_WITH_KNOTS('',2,(#3941,#3942,#3943),
  .UNSPECIFIED.,.F.,.F.,(3,3),(0.,1.),.PIECEWISE_BEZIER_KNOTS.);
#3941 = CARTESIAN_POINT('',(-0.916333475581,-5.308739098837,-0.2));
#3942 = CARTESIAN_POINT('',(-0.780777516279,-5.427943313953,-0.2));
#3943 = CARTESIAN_POINT('',(-0.753797138372,-5.638063226744,-0.2));
#3944 = VECTOR('',#3945,1.);
#3945 = DIRECTION('',(-0.,-0.,-1.));
#3946 = ADVANCED_FACE('',(#3947),#3965,.F.);
#3947 = FACE_BOUND('',#3948,.F.);
#3948 = EDGE_LOOP('',(#3949,#3957,#3963,#3964));
#3949 = ORIENTED_EDGE('',*,*,#3950,.F.);
#3950 = EDGE_CURVE('',#3951,#3925,#3953,.T.);
#3951 = VERTEX_POINT('',#3952);
#3952 = CARTESIAN_POINT('',(-1.263971556977,-5.189534883721,-0.2));
#3953 = B_SPLINE_CURVE_WITH_KNOTS('',2,(#3954,#3955,#3956),
  .UNSPECIFIED.,.F.,.F.,(3,3),(0.,1.),.PIECEWISE_BEZIER_KNOTS.);
#3954 = CARTESIAN_POINT('',(-1.263971556977,-5.189534883721,-0.2));
#3955 = CARTESIAN_POINT('',(-1.051807676163,-5.189534883721,-0.2));
#3956 = CARTESIAN_POINT('',(-0.916333475581,-5.308739098837,-0.2));
#3957 = ORIENTED_EDGE('',*,*,#3958,.T.);
#3958 = EDGE_CURVE('',#3951,#760,#3959,.T.);
#3959 = LINE('',#3960,#3961);
#3960 = CARTESIAN_POINT('',(-1.263971556977,-5.189534883721,-0.2));
#3961 = VECTOR('',#3962,1.);
#3962 = DIRECTION('',(0.,0.,1.));
#3963 = ORIENTED_EDGE('',*,*,#774,.F.);
#3964 = ORIENTED_EDGE('',*,*,#3932,.F.);
#3965 = SURFACE_OF_LINEAR_EXTRUSION('',#3966,#3970);
#3966 = B_SPLINE_CURVE_WITH_KNOTS('',2,(#3967,#3968,#3969),
  .UNSPECIFIED.,.F.,.F.,(3,3),(0.,1.),.PIECEWISE_BEZIER_KNOTS.);
#3967 = CARTESIAN_POINT('',(-1.263971556977,-5.189534883721,-0.2));
#3968 = CARTESIAN_POINT('',(-1.051807676163,-5.189534883721,-0.2));
#3969 = CARTESIAN_POINT('',(-0.916333475581,-5.308739098837,-0.2));
#3970 = VECTOR('',#3971,1.);
#3971 = DIRECTION('',(-0.,-0.,-1.));
#3972 = ADVANCED_FACE('',(#3973),#3991,.F.);
#3973 = FACE_BOUND('',#3974,.F.);
#3974 = EDGE_LOOP('',(#3975,#3983,#3989,#3990));
#3975 = ORIENTED_EDGE('',*,*,#3976,.F.);
#3976 = EDGE_CURVE('',#3977,#3951,#3979,.T.);
#3977 = VERTEX_POINT('',#3978);
#3978 = CARTESIAN_POINT('',(-1.716506077326,-5.396220930233,-0.2));
#3979 = B_SPLINE_CURVE_WITH_KNOTS('',2,(#3980,#3981,#3982),
  .UNSPECIFIED.,.F.,.F.,(3,3),(0.,1.),.PIECEWISE_BEZIER_KNOTS.);
#3980 = CARTESIAN_POINT('',(-1.716506077326,-5.396220930233,-0.2));
#3981 = CARTESIAN_POINT('',(-1.548491905814,-5.189534883721,-0.2));
#3982 = CARTESIAN_POINT('',(-1.263971556977,-5.189534883721,-0.2));
#3983 = ORIENTED_EDGE('',*,*,#3984,.T.);
#3984 = EDGE_CURVE('',#3977,#743,#3985,.T.);
#3985 = LINE('',#3986,#3987);
#3986 = CARTESIAN_POINT('',(-1.716506077326,-5.396220930233,-0.2));
#3987 = VECTOR('',#3988,1.);
#3988 = DIRECTION('',(0.,0.,1.));
#3989 = ORIENTED_EDGE('',*,*,#759,.F.);
#3990 = ORIENTED_EDGE('',*,*,#3958,.F.);
#3991 = SURFACE_OF_LINEAR_EXTRUSION('',#3992,#3996);
#3992 = B_SPLINE_CURVE_WITH_KNOTS('',2,(#3993,#3994,#3995),
  .UNSPECIFIED.,.F.,.F.,(3,3),(0.,1.),.PIECEWISE_BEZIER_KNOTS.);
#3993 = CARTESIAN_POINT('',(-1.716506077326,-5.396220930233,-0.2));
#3994 = CARTESIAN_POINT('',(-1.548491905814,-5.189534883721,-0.2));
#3995 = CARTESIAN_POINT('',(-1.263971556977,-5.189534883721,-0.2));
#3996 = VECTOR('',#3997,1.);
#3997 = DIRECTION('',(-0.,-0.,-1.));
#3998 = ADVANCED_FACE('',(#3999),#4017,.F.);
#3999 = FACE_BOUND('',#4000,.F.);
#4000 = EDGE_LOOP('',(#4001,#4009,#4015,#4016));
#4001 = ORIENTED_EDGE('',*,*,#4002,.F.);
#4002 = EDGE_CURVE('',#4003,#3977,#4005,.T.);
#4003 = VERTEX_POINT('',#4004);
#4004 = CARTESIAN_POINT('',(-1.909047865116,-6.156577034884,-0.2));
#4005 = B_SPLINE_CURVE_WITH_KNOTS('',2,(#4006,#4007,#4008),
  .UNSPECIFIED.,.F.,.F.,(3,3),(0.,1.),.PIECEWISE_BEZIER_KNOTS.);
#4006 = CARTESIAN_POINT('',(-1.909047865116,-6.156577034884,-0.2));
#4007 = CARTESIAN_POINT('',(-1.909047865116,-5.633730014535,-0.2));
#4008 = CARTESIAN_POINT('',(-1.716506077326,-5.396220930233,-0.2));
#4009 = ORIENTED_EDGE('',*,*,#4010,.T.);
#4010 = EDGE_CURVE('',#4003,#726,#4011,.T.);
#4011 = LINE('',#4012,#4013);
#4012 = CARTESIAN_POINT('',(-1.909047865116,-6.156577034884,-0.2));
#4013 = VECTOR('',#4014,1.);
#4014 = DIRECTION('',(0.,0.,1.));
#4015 = ORIENTED_EDGE('',*,*,#742,.F.);
#4016 = ORIENTED_EDGE('',*,*,#3984,.F.);
#4017 = SURFACE_OF_LINEAR_EXTRUSION('',#4018,#4022);
#4018 = B_SPLINE_CURVE_WITH_KNOTS('',2,(#4019,#4020,#4021),
  .UNSPECIFIED.,.F.,.F.,(3,3),(0.,1.),.PIECEWISE_BEZIER_KNOTS.);
#4019 = CARTESIAN_POINT('',(-1.909047865116,-6.156577034884,-0.2));
#4020 = CARTESIAN_POINT('',(-1.909047865116,-5.633730014535,-0.2));
#4021 = CARTESIAN_POINT('',(-1.716506077326,-5.396220930233,-0.2));
#4022 = VECTOR('',#4023,1.);
#4023 = DIRECTION('',(-0.,-0.,-1.));
#4024 = ADVANCED_FACE('',(#4025),#4043,.F.);
#4025 = FACE_BOUND('',#4026,.F.);
#4026 = EDGE_LOOP('',(#4027,#4035,#4041,#4042));
#4027 = ORIENTED_EDGE('',*,*,#4028,.F.);
#4028 = EDGE_CURVE('',#4029,#4003,#4031,.T.);
#4029 = VERTEX_POINT('',#4030);
#4030 = CARTESIAN_POINT('',(-1.734901789535,-6.827816133721,-0.2));
#4031 = B_SPLINE_CURVE_WITH_KNOTS('',2,(#4032,#4033,#4034),
  .UNSPECIFIED.,.F.,.F.,(3,3),(0.,1.),.PIECEWISE_BEZIER_KNOTS.);
#4032 = CARTESIAN_POINT('',(-1.734901789535,-6.827816133721,-0.2));
#4033 = CARTESIAN_POINT('',(-1.909047865116,-6.624155159884,-0.2));
#4034 = CARTESIAN_POINT('',(-1.909047865116,-6.156577034884,-0.2));
#4035 = ORIENTED_EDGE('',*,*,#4036,.T.);
#4036 = EDGE_CURVE('',#4029,#711,#4037,.T.);
#4037 = LINE('',#4038,#4039);
#4038 = CARTESIAN_POINT('',(-1.734901789535,-6.827816133721,-0.2));
#4039 = VECTOR('',#4040,1.);
#4040 = DIRECTION('',(0.,0.,1.));
#4041 = ORIENTED_EDGE('',*,*,#725,.F.);
#4042 = ORIENTED_EDGE('',*,*,#4010,.F.);
#4043 = SURFACE_OF_LINEAR_EXTRUSION('',#4044,#4048);
#4044 = B_SPLINE_CURVE_WITH_KNOTS('',2,(#4045,#4046,#4047),
  .UNSPECIFIED.,.F.,.F.,(3,3),(0.,1.),.PIECEWISE_BEZIER_KNOTS.);
#4045 = CARTESIAN_POINT('',(-1.734901789535,-6.827816133721,-0.2));
#4046 = CARTESIAN_POINT('',(-1.909047865116,-6.624155159884,-0.2));
#4047 = CARTESIAN_POINT('',(-1.909047865116,-6.156577034884,-0.2));
#4048 = VECTOR('',#4049,1.);
#4049 = DIRECTION('',(-0.,-0.,-1.));
#4050 = ADVANCED_FACE('',(#4051),#4069,.F.);
#4051 = FACE_BOUND('',#4052,.F.);
#4052 = EDGE_LOOP('',(#4053,#4061,#4067,#4068));
#4053 = ORIENTED_EDGE('',*,*,#4054,.F.);
#4054 = EDGE_CURVE('',#4055,#4029,#4057,.T.);
#4055 = VERTEX_POINT('',#4056);
#4056 = CARTESIAN_POINT('',(-1.284820030814,-7.031395348837,-0.2));
#4057 = B_SPLINE_CURVE_WITH_KNOTS('',2,(#4058,#4059,#4060),
  .UNSPECIFIED.,.F.,.F.,(3,3),(0.,1.),.PIECEWISE_BEZIER_KNOTS.);
#4058 = CARTESIAN_POINT('',(-1.284820030814,-7.031395348837,-0.2));
#4059 = CARTESIAN_POINT('',(-1.560755713953,-7.031395348837,-0.2));
#4060 = CARTESIAN_POINT('',(-1.734901789535,-6.827816133721,-0.2));
#4061 = ORIENTED_EDGE('',*,*,#4062,.T.);
#4062 = EDGE_CURVE('',#4055,#696,#4063,.T.);
#4063 = LINE('',#4064,#4065);
#4064 = CARTESIAN_POINT('',(-1.284820030814,-7.031395348837,-0.2));
#4065 = VECTOR('',#4066,1.);
#4066 = DIRECTION('',(0.,0.,1.));
#4067 = ORIENTED_EDGE('',*,*,#710,.F.);
#4068 = ORIENTED_EDGE('',*,*,#4036,.F.);
#4069 = SURFACE_OF_LINEAR_EXTRUSION('',#4070,#4074);
#4070 = B_SPLINE_CURVE_WITH_KNOTS('',2,(#4071,#4072,#4073),
  .UNSPECIFIED.,.F.,.F.,(3,3),(0.,1.),.PIECEWISE_BEZIER_KNOTS.);
#4071 = CARTESIAN_POINT('',(-1.284820030814,-7.031395348837,-0.2));
#4072 = CARTESIAN_POINT('',(-1.560755713953,-7.031395348837,-0.2));
#4073 = CARTESIAN_POINT('',(-1.734901789535,-6.827816133721,-0.2));
#4074 = VECTOR('',#4075,1.);
#4075 = DIRECTION('',(-0.,-0.,-1.));
#4076 = ADVANCED_FACE('',(#4077),#4095,.F.);
#4077 = FACE_BOUND('',#4078,.F.);
#4078 = EDGE_LOOP('',(#4079,#4087,#4093,#4094));
#4079 = ORIENTED_EDGE('',*,*,#4080,.F.);
#4080 = EDGE_CURVE('',#4081,#4055,#4083,.T.);
#4081 = VERTEX_POINT('',#4082);
#4082 = CARTESIAN_POINT('',(-0.995394158721,-6.953724563953,-0.2));
#4083 = B_SPLINE_CURVE_WITH_KNOTS('',2,(#4084,#4085,#4086),
  .UNSPECIFIED.,.F.,.F.,(3,3),(0.,1.),.PIECEWISE_BEZIER_KNOTS.);
#4084 = CARTESIAN_POINT('',(-0.995394158721,-6.953724563953,-0.2));
#4085 = CARTESIAN_POINT('',(-1.122937763372,-7.031395348837,-0.2));
#4086 = CARTESIAN_POINT('',(-1.284820030814,-7.031395348837,-0.2));
#4087 = ORIENTED_EDGE('',*,*,#4088,.T.);
#4088 = EDGE_CURVE('',#4081,#681,#4089,.T.);
#4089 = LINE('',#4090,#4091);
#4090 = CARTESIAN_POINT('',(-0.995394158721,-6.953724563953,-0.2));
#4091 = VECTOR('',#4092,1.);
#4092 = DIRECTION('',(0.,0.,1.));
#4093 = ORIENTED_EDGE('',*,*,#695,.F.);
#4094 = ORIENTED_EDGE('',*,*,#4062,.F.);
#4095 = SURFACE_OF_LINEAR_EXTRUSION('',#4096,#4100);
#4096 = B_SPLINE_CURVE_WITH_KNOTS('',2,(#4097,#4098,#4099),
  .UNSPECIFIED.,.F.,.F.,(3,3),(0.,1.),.PIECEWISE_BEZIER_KNOTS.);
#4097 = CARTESIAN_POINT('',(-0.995394158721,-6.953724563953,-0.2));
#4098 = CARTESIAN_POINT('',(-1.122937763372,-7.031395348837,-0.2));
#4099 = CARTESIAN_POINT('',(-1.284820030814,-7.031395348837,-0.2));
#4100 = VECTOR('',#4101,1.);
#4101 = DIRECTION('',(-0.,-0.,-1.));
#4102 = ADVANCED_FACE('',(#4103),#4121,.F.);
#4103 = FACE_BOUND('',#4104,.F.);
#4104 = EDGE_LOOP('',(#4105,#4113,#4119,#4120));
#4105 = ORIENTED_EDGE('',*,*,#4106,.F.);
#4106 = EDGE_CURVE('',#4107,#4081,#4109,.T.);
#4107 = VERTEX_POINT('',#4108);
#4108 = CARTESIAN_POINT('',(-0.794921775,-6.729950944767,-0.2));
#4109 = B_SPLINE_CURVE_WITH_KNOTS('',2,(#4110,#4111,#4112),
  .UNSPECIFIED.,.F.,.F.,(3,3),(0.,1.),.PIECEWISE_BEZIER_KNOTS.);
#4110 = CARTESIAN_POINT('',(-0.794921775,-6.729950944767,-0.2));
#4111 = CARTESIAN_POINT('',(-0.86785055407,-6.87605377907,-0.2));
#4112 = CARTESIAN_POINT('',(-0.995394158721,-6.953724563953,-0.2));
#4113 = ORIENTED_EDGE('',*,*,#4114,.T.);
#4114 = EDGE_CURVE('',#4107,#668,#4115,.T.);
#4115 = LINE('',#4116,#4117);
#4116 = CARTESIAN_POINT('',(-0.794921775,-6.729950944767,-0.2));
#4117 = VECTOR('',#4118,1.);
#4118 = DIRECTION('',(0.,0.,1.));
#4119 = ORIENTED_EDGE('',*,*,#680,.F.);
#4120 = ORIENTED_EDGE('',*,*,#4088,.F.);
#4121 = SURFACE_OF_LINEAR_EXTRUSION('',#4122,#4126);
#4122 = B_SPLINE_CURVE_WITH_KNOTS('',2,(#4123,#4124,#4125),
  .UNSPECIFIED.,.F.,.F.,(3,3),(0.,1.),.PIECEWISE_BEZIER_KNOTS.);
#4123 = CARTESIAN_POINT('',(-0.794921775,-6.729950944767,-0.2));
#4124 = CARTESIAN_POINT('',(-0.86785055407,-6.87605377907,-0.2));
#4125 = CARTESIAN_POINT('',(-0.995394158721,-6.953724563953,-0.2));
#4126 = VECTOR('',#4127,1.);
#4127 = DIRECTION('',(-0.,-0.,-1.));
#4128 = ADVANCED_FACE('',(#4129),#4147,.F.);
#4129 = FACE_BOUND('',#4130,.F.);
#4130 = EDGE_LOOP('',(#4131,#4139,#4145,#4146));
#4131 = ORIENTED_EDGE('',*,*,#4132,.F.);
#4132 = EDGE_CURVE('',#4133,#4107,#4135,.T.);
#4133 = VERTEX_POINT('',#4134);
#4134 = CARTESIAN_POINT('',(-0.721911237209,-6.413626453488,-0.2));
#4135 = B_SPLINE_CURVE_WITH_KNOTS('',2,(#4136,#4137,#4138),
  .UNSPECIFIED.,.F.,.F.,(3,3),(0.,1.),.PIECEWISE_BEZIER_KNOTS.);
#4136 = CARTESIAN_POINT('',(-0.721911237209,-6.413626453488,-0.2));
#4137 = CARTESIAN_POINT('',(-0.721911237209,-6.583766351744,-0.2));
#4138 = CARTESIAN_POINT('',(-0.794921775,-6.729950944767,-0.2));
#4139 = ORIENTED_EDGE('',*,*,#4140,.T.);
#4140 = EDGE_CURVE('',#4133,#653,#4141,.T.);
#4141 = LINE('',#4142,#4143);
#4142 = CARTESIAN_POINT('',(-0.721911237209,-6.413626453488,-0.2));
#4143 = VECTOR('',#4144,1.);
#4144 = DIRECTION('',(0.,0.,1.));
#4145 = ORIENTED_EDGE('',*,*,#667,.F.);
#4146 = ORIENTED_EDGE('',*,*,#4114,.F.);
#4147 = SURFACE_OF_LINEAR_EXTRUSION('',#4148,#4152);
#4148 = B_SPLINE_CURVE_WITH_KNOTS('',2,(#4149,#4150,#4151),
  .UNSPECIFIED.,.F.,.F.,(3,3),(0.,1.),.PIECEWISE_BEZIER_KNOTS.);
#4149 = CARTESIAN_POINT('',(-0.721911237209,-6.413626453488,-0.2));
#4150 = CARTESIAN_POINT('',(-0.721911237209,-6.583766351744,-0.2));
#4151 = CARTESIAN_POINT('',(-0.794921775,-6.729950944767,-0.2));
#4152 = VECTOR('',#4153,1.);
#4153 = DIRECTION('',(-0.,-0.,-1.));
#4154 = ADVANCED_FACE('',(#4155),#4173,.F.);
#4155 = FACE_BOUND('',#4156,.F.);
#4156 = EDGE_LOOP('',(#4157,#4165,#4171,#4172));
#4157 = ORIENTED_EDGE('',*,*,#4158,.F.);
#4158 = EDGE_CURVE('',#4159,#4133,#4161,.T.);
#4159 = VERTEX_POINT('',#4160);
#4160 = CARTESIAN_POINT('',(-0.877089289535,-5.991342659884,-0.2));
#4161 = B_SPLINE_CURVE_WITH_KNOTS('',2,(#4162,#4163,#4164),
  .UNSPECIFIED.,.F.,.F.,(3,3),(0.,1.),.PIECEWISE_BEZIER_KNOTS.);
#4162 = CARTESIAN_POINT('',(-0.877089289535,-5.991342659884,-0.2));
#4163 = CARTESIAN_POINT('',(-0.721911237209,-6.154696584302,-0.2));
#4164 = CARTESIAN_POINT('',(-0.721911237209,-6.413626453488,-0.2));
#4165 = ORIENTED_EDGE('',*,*,#4166,.T.);
#4166 = EDGE_CURVE('',#4159,#638,#4167,.T.);
#4167 = LINE('',#4168,#4169);
#4168 = CARTESIAN_POINT('',(-0.877089289535,-5.991342659884,-0.2));
#4169 = VECTOR('',#4170,1.);
#4170 = DIRECTION('',(0.,0.,1.));
#4171 = ORIENTED_EDGE('',*,*,#652,.F.);
#4172 = ORIENTED_EDGE('',*,*,#4140,.F.);
#4173 = SURFACE_OF_LINEAR_EXTRUSION('',#4174,#4178);
#4174 = B_SPLINE_CURVE_WITH_KNOTS('',2,(#4175,#4176,#4177),
  .UNSPECIFIED.,.F.,.F.,(3,3),(0.,1.),.PIECEWISE_BEZIER_KNOTS.);
#4175 = CARTESIAN_POINT('',(-0.877089289535,-5.991342659884,-0.2));
#4176 = CARTESIAN_POINT('',(-0.721911237209,-6.154696584302,-0.2));
#4177 = CARTESIAN_POINT('',(-0.721911237209,-6.413626453488,-0.2));
#4178 = VECTOR('',#4179,1.);
#4179 = DIRECTION('',(-0.,-0.,-1.));
#4180 = ADVANCED_FACE('',(#4181),#4199,.F.);
#4181 = FACE_BOUND('',#4182,.F.);
#4182 = EDGE_LOOP('',(#4183,#4191,#4197,#4198));
#4183 = ORIENTED_EDGE('',*,*,#4184,.F.);
#4184 = EDGE_CURVE('',#4185,#4159,#4187,.T.);
#4185 = VERTEX_POINT('',#4186);
#4186 = CARTESIAN_POINT('',(-1.252934129651,-5.827906976744,-0.2));
#4187 = B_SPLINE_CURVE_WITH_KNOTS('',2,(#4188,#4189,#4190),
  .UNSPECIFIED.,.F.,.F.,(3,3),(0.,1.),.PIECEWISE_BEZIER_KNOTS.);
#4188 = CARTESIAN_POINT('',(-1.252934129651,-5.827906976744,-0.2));
#4189 = CARTESIAN_POINT('',(-1.03218558314,-5.827906976744,-0.2));
#4190 = CARTESIAN_POINT('',(-0.877089289535,-5.991342659884,-0.2));
#4191 = ORIENTED_EDGE('',*,*,#4192,.T.);
#4192 = EDGE_CURVE('',#4185,#625,#4193,.T.);
#4193 = LINE('',#4194,#4195);
#4194 = CARTESIAN_POINT('',(-1.252934129651,-5.827906976744,-0.2));
#4195 = VECTOR('',#4196,1.);
#4196 = DIRECTION('',(0.,0.,1.));
#4197 = ORIENTED_EDGE('',*,*,#637,.F.);
#4198 = ORIENTED_EDGE('',*,*,#4166,.F.);
#4199 = SURFACE_OF_LINEAR_EXTRUSION('',#4200,#4204);
#4200 = B_SPLINE_CURVE_WITH_KNOTS('',2,(#4201,#4202,#4203),
  .UNSPECIFIED.,.F.,.F.,(3,3),(0.,1.),.PIECEWISE_BEZIER_KNOTS.);
#4201 = CARTESIAN_POINT('',(-1.252934129651,-5.827906976744,-0.2));
#4202 = CARTESIAN_POINT('',(-1.03218558314,-5.827906976744,-0.2));
#4203 = CARTESIAN_POINT('',(-0.877089289535,-5.991342659884,-0.2));
#4204 = VECTOR('',#4205,1.);
#4205 = DIRECTION('',(-0.,-0.,-1.));
#4206 = ADVANCED_FACE('',(#4207),#4225,.F.);
#4207 = FACE_BOUND('',#4208,.F.);
#4208 = EDGE_LOOP('',(#4209,#4217,#4223,#4224));
#4209 = ORIENTED_EDGE('',*,*,#4210,.F.);
#4210 = EDGE_CURVE('',#4211,#4185,#4213,.T.);
#4211 = VERTEX_POINT('',#4212);
#4212 = CARTESIAN_POINT('',(-1.49453115,-5.886773255814,-0.2));
#4213 = B_SPLINE_CURVE_WITH_KNOTS('',2,(#4214,#4215,#4216),
  .UNSPECIFIED.,.F.,.F.,(3,3),(0.,1.),.PIECEWISE_BEZIER_KNOTS.);
#4214 = CARTESIAN_POINT('',(-1.49453115,-5.886773255814,-0.2));
#4215 = CARTESIAN_POINT('',(-1.379251353488,-5.827906976744,-0.2));
#4216 = CARTESIAN_POINT('',(-1.252934129651,-5.827906976744,-0.2));
#4217 = ORIENTED_EDGE('',*,*,#4218,.T.);
#4218 = EDGE_CURVE('',#4211,#610,#4219,.T.);
#4219 = LINE('',#4220,#4221);
#4220 = CARTESIAN_POINT('',(-1.49453115,-5.886773255814,-0.2));
#4221 = VECTOR('',#4222,1.);
#4222 = DIRECTION('',(0.,0.,1.));
#4223 = ORIENTED_EDGE('',*,*,#624,.F.);
#4224 = ORIENTED_EDGE('',*,*,#4192,.F.);
#4225 = SURFACE_OF_LINEAR_EXTRUSION('',#4226,#4230);
#4226 = B_SPLINE_CURVE_WITH_KNOTS('',2,(#4227,#4228,#4229),
  .UNSPECIFIED.,.F.,.F.,(3,3),(0.,1.),.PIECEWISE_BEZIER_KNOTS.);
#4227 = CARTESIAN_POINT('',(-1.49453115,-5.886773255814,-0.2));
#4228 = CARTESIAN_POINT('',(-1.379251353488,-5.827906976744,-0.2));
#4229 = CARTESIAN_POINT('',(-1.252934129651,-5.827906976744,-0.2));
#4230 = VECTOR('',#4231,1.);
#4231 = DIRECTION('',(-0.,-0.,-1.));
#4232 = ADVANCED_FACE('',(#4233),#4251,.F.);
#4233 = FACE_BOUND('',#4234,.F.);
#4234 = EDGE_LOOP('',(#4235,#4243,#4249,#4250));
#4235 = ORIENTED_EDGE('',*,*,#4236,.F.);
#4236 = EDGE_CURVE('',#4237,#4211,#4239,.T.);
#4237 = VERTEX_POINT('',#4238);
#4238 = CARTESIAN_POINT('',(-1.689525699419,-6.066969476744,-0.2));
#4239 = B_SPLINE_CURVE_WITH_KNOTS('',2,(#4240,#4241,#4242),
  .UNSPECIFIED.,.F.,.F.,(3,3),(0.,1.),.PIECEWISE_BEZIER_KNOTS.);
#4240 = CARTESIAN_POINT('',(-1.689525699419,-6.066969476744,-0.2));
#4241 = CARTESIAN_POINT('',(-1.609810946512,-5.945639534884,-0.2));
#4242 = CARTESIAN_POINT('',(-1.49453115,-5.886773255814,-0.2));
#4243 = ORIENTED_EDGE('',*,*,#4244,.T.);
#4244 = EDGE_CURVE('',#4237,#598,#4245,.T.);
#4245 = LINE('',#4246,#4247);
#4246 = CARTESIAN_POINT('',(-1.689525699419,-6.066969476744,-0.2));
#4247 = VECTOR('',#4248,1.);
#4248 = DIRECTION('',(0.,0.,1.));
#4249 = ORIENTED_EDGE('',*,*,#609,.F.);
#4250 = ORIENTED_EDGE('',*,*,#4218,.F.);
#4251 = SURFACE_OF_LINEAR_EXTRUSION('',#4252,#4256);
#4252 = B_SPLINE_CURVE_WITH_KNOTS('',2,(#4253,#4254,#4255),
  .UNSPECIFIED.,.F.,.F.,(3,3),(0.,1.),.PIECEWISE_BEZIER_KNOTS.);
#4253 = CARTESIAN_POINT('',(-1.689525699419,-6.066969476744,-0.2));
#4254 = CARTESIAN_POINT('',(-1.609810946512,-5.945639534884,-0.2));
#4255 = CARTESIAN_POINT('',(-1.49453115,-5.886773255814,-0.2));
#4256 = VECTOR('',#4257,1.);
#4257 = DIRECTION('',(-0.,-0.,-1.));
#4258 = ADVANCED_FACE('',(#4259),#4277,.F.);
#4259 = FACE_BOUND('',#4260,.F.);
#4260 = EDGE_LOOP('',(#4261,#4269,#4275,#4276));
#4261 = ORIENTED_EDGE('',*,*,#4262,.F.);
#4262 = EDGE_CURVE('',#4263,#4237,#4265,.T.);
#4263 = VERTEX_POINT('',#4264);
#4264 = CARTESIAN_POINT('',(-1.626980277907,-5.653352107558,-0.2));
#4265 = B_SPLINE_CURVE_WITH_KNOTS('',2,(#4266,#4267,#4268),
  .UNSPECIFIED.,.F.,.F.,(3,3),(0.,1.),.PIECEWISE_BEZIER_KNOTS.);
#4266 = CARTESIAN_POINT('',(-1.626980277907,-5.653352107558,-0.2));
#4267 = CARTESIAN_POINT('',(-1.687072937791,-5.79855559593,-0.2));
#4268 = CARTESIAN_POINT('',(-1.689525699419,-6.066969476744,-0.2));
#4269 = ORIENTED_EDGE('',*,*,#4270,.T.);
#4270 = EDGE_CURVE('',#4263,#587,#4271,.T.);
#4271 = LINE('',#4272,#4273);
#4272 = CARTESIAN_POINT('',(-1.626980277907,-5.653352107558,-0.2));
#4273 = VECTOR('',#4274,1.);
#4274 = DIRECTION('',(0.,0.,1.));
#4275 = ORIENTED_EDGE('',*,*,#597,.F.);
#4276 = ORIENTED_EDGE('',*,*,#4244,.F.);
#4277 = SURFACE_OF_LINEAR_EXTRUSION('',#4278,#4282);
#4278 = B_SPLINE_CURVE_WITH_KNOTS('',2,(#4279,#4280,#4281),
  .UNSPECIFIED.,.F.,.F.,(3,3),(0.,1.),.PIECEWISE_BEZIER_KNOTS.);
#4279 = CARTESIAN_POINT('',(-1.626980277907,-5.653352107558,-0.2));
#4280 = CARTESIAN_POINT('',(-1.687072937791,-5.79855559593,-0.2));
#4281 = CARTESIAN_POINT('',(-1.689525699419,-6.066969476744,-0.2));
#4282 = VECTOR('',#4283,1.);
#4283 = DIRECTION('',(-0.,-0.,-1.));
#4284 = ADVANCED_FACE('',(#4285),#4303,.F.);
#4285 = FACE_BOUND('',#4286,.F.);
#4286 = EDGE_LOOP('',(#4287,#4295,#4301,#4302));
#4287 = ORIENTED_EDGE('',*,*,#4288,.F.);
#4288 = EDGE_CURVE('',#4289,#4263,#4291,.T.);
#4289 = VERTEX_POINT('',#4290);
#4290 = CARTESIAN_POINT('',(-1.462645248837,-5.432521802326,-0.2));
#4291 = B_SPLINE_CURVE_WITH_KNOTS('',2,(#4292,#4293,#4294),
  .UNSPECIFIED.,.F.,.F.,(3,3),(0.,1.),.PIECEWISE_BEZIER_KNOTS.);
#4292 = CARTESIAN_POINT('',(-1.462645248837,-5.432521802326,-0.2));
#4293 = CARTESIAN_POINT('',(-1.566887618023,-5.508148619186,-0.2));
#4294 = CARTESIAN_POINT('',(-1.626980277907,-5.653352107558,-0.2));
#4295 = ORIENTED_EDGE('',*,*,#4296,.T.);
#4296 = EDGE_CURVE('',#4289,#574,#4297,.T.);
#4297 = LINE('',#4298,#4299);
#4298 = CARTESIAN_POINT('',(-1.462645248837,-5.432521802326,-0.2));
#4299 = VECTOR('',#4300,1.);
#4300 = DIRECTION('',(0.,0.,1.));
#4301 = ORIENTED_EDGE('',*,*,#586,.F.);
#4302 = ORIENTED_EDGE('',*,*,#4270,.F.);
#4303 = SURFACE_OF_LINEAR_EXTRUSION('',#4304,#4308);
#4304 = B_SPLINE_CURVE_WITH_KNOTS('',2,(#4305,#4306,#4307),
  .UNSPECIFIED.,.F.,.F.,(3,3),(0.,1.),.PIECEWISE_BEZIER_KNOTS.);
#4305 = CARTESIAN_POINT('',(-1.462645248837,-5.432521802326,-0.2));
#4306 = CARTESIAN_POINT('',(-1.566887618023,-5.508148619186,-0.2));
#4307 = CARTESIAN_POINT('',(-1.626980277907,-5.653352107558,-0.2));
#4308 = VECTOR('',#4309,1.);
#4309 = DIRECTION('',(-0.,-0.,-1.));
#4310 = ADVANCED_FACE('',(#4311),#4329,.F.);
#4311 = FACE_BOUND('',#4312,.F.);
#4312 = EDGE_LOOP('',(#4313,#4321,#4327,#4328));
#4313 = ORIENTED_EDGE('',*,*,#4314,.F.);
#4314 = EDGE_CURVE('',#4315,#4289,#4317,.T.);
#4315 = VERTEX_POINT('',#4316);
#4316 = CARTESIAN_POINT('',(-1.27746174593,-5.37398255814,-0.2));
#4317 = B_SPLINE_CURVE_WITH_KNOTS('',2,(#4318,#4319,#4320),
  .UNSPECIFIED.,.F.,.F.,(3,3),(0.,1.),.PIECEWISE_BEZIER_KNOTS.);
#4318 = CARTESIAN_POINT('',(-1.27746174593,-5.37398255814,-0.2));
#4319 = CARTESIAN_POINT('',(-1.38293049593,-5.37398255814,-0.2));
#4320 = CARTESIAN_POINT('',(-1.462645248837,-5.432521802326,-0.2));
#4321 = ORIENTED_EDGE('',*,*,#4322,.T.);
#4322 = EDGE_CURVE('',#4315,#561,#4323,.T.);
#4323 = LINE('',#4324,#4325);
#4324 = CARTESIAN_POINT('',(-1.27746174593,-5.37398255814,-0.2));
#4325 = VECTOR('',#4326,1.);
#4326 = DIRECTION('',(0.,0.,1.));
#4327 = ORIENTED_EDGE('',*,*,#573,.F.);
#4328 = ORIENTED_EDGE('',*,*,#4296,.F.);
#4329 = SURFACE_OF_LINEAR_EXTRUSION('',#4330,#4334);
#4330 = B_SPLINE_CURVE_WITH_KNOTS('',2,(#4331,#4332,#4333),
  .UNSPECIFIED.,.F.,.F.,(3,3),(0.,1.),.PIECEWISE_BEZIER_KNOTS.);
#4331 = CARTESIAN_POINT('',(-1.27746174593,-5.37398255814,-0.2));
#4332 = CARTESIAN_POINT('',(-1.38293049593,-5.37398255814,-0.2));
#4333 = CARTESIAN_POINT('',(-1.462645248837,-5.432521802326,-0.2));
#4334 = VECTOR('',#4335,1.);
#4335 = DIRECTION('',(-0.,-0.,-1.));
#4336 = ADVANCED_FACE('',(#4337),#4355,.F.);
#4337 = FACE_BOUND('',#4338,.F.);
#4338 = EDGE_LOOP('',(#4339,#4347,#4353,#4354));
#4339 = ORIENTED_EDGE('',*,*,#4340,.F.);
#4340 = EDGE_CURVE('',#4341,#4315,#4343,.T.);
#4341 = VERTEX_POINT('',#4342);
#4342 = CARTESIAN_POINT('',(-1.056713199419,-5.467759811047,-0.2));
#4343 = B_SPLINE_CURVE_WITH_KNOTS('',2,(#4344,#4345,#4346),
  .UNSPECIFIED.,.F.,.F.,(3,3),(0.,1.),.PIECEWISE_BEZIER_KNOTS.);
#4344 = CARTESIAN_POINT('',(-1.056713199419,-5.467759811047,-0.2));
#4345 = CARTESIAN_POINT('',(-1.146238998837,-5.37398255814,-0.2));
#4346 = CARTESIAN_POINT('',(-1.27746174593,-5.37398255814,-0.2));
#4347 = ORIENTED_EDGE('',*,*,#4348,.T.);
#4348 = EDGE_CURVE('',#4341,#550,#4349,.T.);
#4349 = LINE('',#4350,#4351);
#4350 = CARTESIAN_POINT('',(-1.056713199419,-5.467759811047,-0.2));
#4351 = VECTOR('',#4352,1.);
#4352 = DIRECTION('',(0.,0.,1.));
#4353 = ORIENTED_EDGE('',*,*,#560,.F.);
#4354 = ORIENTED_EDGE('',*,*,#4322,.F.);
#4355 = SURFACE_OF_LINEAR_EXTRUSION('',#4356,#4360);
#4356 = B_SPLINE_CURVE_WITH_KNOTS('',2,(#4357,#4358,#4359),
  .UNSPECIFIED.,.F.,.F.,(3,3),(0.,1.),.PIECEWISE_BEZIER_KNOTS.);
#4357 = CARTESIAN_POINT('',(-1.056713199419,-5.467759811047,-0.2));
#4358 = CARTESIAN_POINT('',(-1.146238998837,-5.37398255814,-0.2));
#4359 = CARTESIAN_POINT('',(-1.27746174593,-5.37398255814,-0.2));
#4360 = VECTOR('',#4361,1.);
#4361 = DIRECTION('',(-0.,-0.,-1.));
#4362 = ADVANCED_FACE('',(#4363),#4374,.F.);
#4363 = FACE_BOUND('',#4364,.F.);
#4364 = EDGE_LOOP('',(#4365,#4371,#4372,#4373));
#4365 = ORIENTED_EDGE('',*,*,#4366,.F.);
#4366 = EDGE_CURVE('',#3896,#4341,#4367,.T.);
#4367 = B_SPLINE_CURVE_WITH_KNOTS('',2,(#4368,#4369,#4370),
  .UNSPECIFIED.,.F.,.F.,(3,3),(0.,1.),.PIECEWISE_BEZIER_KNOTS.);
#4368 = CARTESIAN_POINT('',(-0.97331930407,-5.65523255814,-0.2));
#4369 = CARTESIAN_POINT('',(-1.002752443605,-5.526135537791,-0.2));
#4370 = CARTESIAN_POINT('',(-1.056713199419,-5.467759811047,-0.2));
#4371 = ORIENTED_EDGE('',*,*,#3910,.T.);
#4372 = ORIENTED_EDGE('',*,*,#549,.F.);
#4373 = ORIENTED_EDGE('',*,*,#4348,.F.);
#4374 = SURFACE_OF_LINEAR_EXTRUSION('',#4375,#4379);
#4375 = B_SPLINE_CURVE_WITH_KNOTS('',2,(#4376,#4377,#4378),
  .UNSPECIFIED.,.F.,.F.,(3,3),(0.,1.),.PIECEWISE_BEZIER_KNOTS.);
#4376 = CARTESIAN_POINT('',(-0.97331930407,-5.65523255814,-0.2));
#4377 = CARTESIAN_POINT('',(-1.002752443605,-5.526135537791,-0.2));
#4378 = CARTESIAN_POINT('',(-1.056713199419,-5.467759811047,-0.2));
#4379 = VECTOR('',#4380,1.);
#4380 = DIRECTION('',(-0.,-0.,-1.));
#4381 = ADVANCED_FACE('',(#4382),#4417,.F.);
#4382 = FACE_BOUND('',#4383,.T.);
#4383 = EDGE_LOOP('',(#4384,#4393,#4401,#4408,#4409,#4416));
#4384 = ORIENTED_EDGE('',*,*,#4385,.T.);
#4385 = EDGE_CURVE('',#807,#4386,#4388,.T.);
#4386 = VERTEX_POINT('',#4387);
#4387 = CARTESIAN_POINT('',(-9.4,0.,-0.15));
#4388 = HYPERBOLA('',#4389,3.35,3.35);
#4389 = AXIS2_PLACEMENT_3D('',#4390,#4391,#4392);
#4390 = CARTESIAN_POINT('',(-9.4,0.,-3.5));
#4391 = DIRECTION('',(-1.,0.,0.));
#4392 = DIRECTION('',(0.,0.,1.));
#4393 = ORIENTED_EDGE('',*,*,#4394,.T.);
#4394 = EDGE_CURVE('',#4386,#4395,#4397,.T.);
#4395 = VERTEX_POINT('',#4396);
#4396 = CARTESIAN_POINT('',(-11.25,0.,-2.));
#4397 = LINE('',#4398,#4399);
#4398 = CARTESIAN_POINT('',(-9.25,0.,0.));
#4399 = VECTOR('',#4400,1.);
#4400 = DIRECTION('',(-0.707106781187,0.,-0.707106781187));
#4401 = ORIENTED_EDGE('',*,*,#4402,.F.);
#4402 = EDGE_CURVE('',#4395,#4395,#4403,.T.);
#4403 = CIRCLE('',#4404,1.5);
#4404 = AXIS2_PLACEMENT_3D('',#4405,#4406,#4407);
#4405 = CARTESIAN_POINT('',(-12.75,0.,-2.));
#4406 = DIRECTION('',(0.,0.,1.));
#4407 = DIRECTION('',(1.,0.,0.));
#4408 = ORIENTED_EDGE('',*,*,#4394,.F.);
#4409 = ORIENTED_EDGE('',*,*,#4410,.T.);
#4410 = EDGE_CURVE('',#4386,#805,#4411,.T.);
#4411 = HYPERBOLA('',#4412,3.35,3.35);
#4412 = AXIS2_PLACEMENT_3D('',#4413,#4414,#4415);
#4413 = CARTESIAN_POINT('',(-9.4,0.,-3.5));
#4414 = DIRECTION('',(-1.,0.,0.));
#4415 = DIRECTION('',(0.,0.,1.));
#4416 = ORIENTED_EDGE('',*,*,#804,.T.);
#4417 = CONICAL_SURFACE('',#4418,3.5,0.785398163397);
#4418 = AXIS2_PLACEMENT_3D('',#4419,#4420,#4421);
#4419 = CARTESIAN_POINT('',(-12.75,0.,0.));
#4420 = DIRECTION('',(0.,0.,1.));
#4421 = DIRECTION('',(1.,0.,0.));
#4422 = ADVANCED_FACE('',(#4423),#4428,.T.);
#4423 = FACE_BOUND('',#4424,.T.);
#4424 = EDGE_LOOP('',(#4425,#4426,#4427));
#4425 = ORIENTED_EDGE('',*,*,#815,.F.);
#4426 = ORIENTED_EDGE('',*,*,#4410,.F.);
#4427 = ORIENTED_EDGE('',*,*,#4385,.F.);
#4428 = PLANE('',#4429);
#4429 = AXIS2_PLACEMENT_3D('',#4430,#4431,#4432);
#4430 = CARTESIAN_POINT('',(-9.4,5.85,0.));
#4431 = DIRECTION('',(-1.,0.,0.));
#4432 = DIRECTION('',(0.,-1.,0.));
#4433 = ADVANCED_FACE('',(#4434),#4459,.F.);
#4434 = FACE_BOUND('',#4435,.F.);
#4435 = EDGE_LOOP('',(#4436,#4446,#4452,#4453));
#4436 = ORIENTED_EDGE('',*,*,#4437,.F.);
#4437 = EDGE_CURVE('',#4438,#4440,#4442,.T.);
#4438 = VERTEX_POINT('',#4439);
#4439 = CARTESIAN_POINT('',(2.544840216279,-6.455813953488,-0.2));
#4440 = VERTEX_POINT('',#4441);
#4441 = CARTESIAN_POINT('',(2.544840216279,-6.236046511628,-0.2));
#4442 = LINE('',#4443,#4444);
#4443 = CARTESIAN_POINT('',(2.544840216279,-6.455813953488,-0.2));
#4444 = VECTOR('',#4445,1.);
#4445 = DIRECTION('',(0.,1.,0.));
#4446 = ORIENTED_EDGE('',*,*,#4447,.T.);
#4447 = EDGE_CURVE('',#4438,#826,#4448,.T.);
#4448 = LINE('',#4449,#4450);
#4449 = CARTESIAN_POINT('',(2.544840216279,-6.455813953488,-0.2));
#4450 = VECTOR('',#4451,1.);
#4451 = DIRECTION('',(0.,0.,1.));
#4452 = ORIENTED_EDGE('',*,*,#823,.F.);
#4453 = ORIENTED_EDGE('',*,*,#4454,.F.);
#4454 = EDGE_CURVE('',#4440,#824,#4455,.T.);
#4455 = LINE('',#4456,#4457);
#4456 = CARTESIAN_POINT('',(2.544840216279,-6.236046511628,-0.2));
#4457 = VECTOR('',#4458,1.);
#4458 = DIRECTION('',(0.,0.,1.));
#4459 = PLANE('',#4460);
#4460 = AXIS2_PLACEMENT_3D('',#4461,#4462,#4463);
#4461 = CARTESIAN_POINT('',(2.544840216279,-6.455813953488,-0.2));
#4462 = DIRECTION('',(-1.,0.,0.));
#4463 = DIRECTION('',(0.,1.,0.));
#4464 = ADVANCED_FACE('',(#4465),#4483,.F.);
#4465 = FACE_BOUND('',#4466,.F.);
#4466 = EDGE_LOOP('',(#4467,#4475,#4481,#4482));
#4467 = ORIENTED_EDGE('',*,*,#4468,.F.);
#4468 = EDGE_CURVE('',#4469,#4438,#4471,.T.);
#4469 = VERTEX_POINT('',#4470);
#4470 = CARTESIAN_POINT('',(3.223028806395,-6.455813953488,-0.2));
#4471 = LINE('',#4472,#4473);
#4472 = CARTESIAN_POINT('',(3.223028806395,-6.455813953488,-0.2));
#4473 = VECTOR('',#4474,1.);
#4474 = DIRECTION('',(-1.,0.,0.));
#4475 = ORIENTED_EDGE('',*,*,#4476,.T.);
#4476 = EDGE_CURVE('',#4469,#842,#4477,.T.);
#4477 = LINE('',#4478,#4479);
#4478 = CARTESIAN_POINT('',(3.223028806395,-6.455813953488,-0.2));
#4479 = VECTOR('',#4480,1.);
#4480 = DIRECTION('',(0.,0.,1.));
#4481 = ORIENTED_EDGE('',*,*,#849,.F.);
#4482 = ORIENTED_EDGE('',*,*,#4447,.F.);
#4483 = PLANE('',#4484);
#4484 = AXIS2_PLACEMENT_3D('',#4485,#4486,#4487);
#4485 = CARTESIAN_POINT('',(3.223028806395,-6.455813953488,-0.2));
#4486 = DIRECTION('',(0.,-1.,0.));
#4487 = DIRECTION('',(-1.,0.,0.));
#4488 = ADVANCED_FACE('',(#4489),#4507,.F.);
#4489 = FACE_BOUND('',#4490,.F.);
#4490 = EDGE_LOOP('',(#4491,#4499,#4505,#4506));
#4491 = ORIENTED_EDGE('',*,*,#4492,.F.);
#4492 = EDGE_CURVE('',#4493,#4469,#4495,.T.);
#4493 = VERTEX_POINT('',#4494);
#4494 = CARTESIAN_POINT('',(3.223028806395,-6.236046511628,-0.2));
#4495 = LINE('',#4496,#4497);
#4496 = CARTESIAN_POINT('',(3.223028806395,-6.236046511628,-0.2));
#4497 = VECTOR('',#4498,1.);
#4498 = DIRECTION('',(0.,-1.,0.));
#4499 = ORIENTED_EDGE('',*,*,#4500,.T.);
#4500 = EDGE_CURVE('',#4493,#834,#4501,.T.);
#4501 = LINE('',#4502,#4503);
#4502 = CARTESIAN_POINT('',(3.223028806395,-6.236046511628,-0.2));
#4503 = VECTOR('',#4504,1.);
#4504 = DIRECTION('',(0.,0.,1.));
#4505 = ORIENTED_EDGE('',*,*,#841,.F.);
#4506 = ORIENTED_EDGE('',*,*,#4476,.F.);
#4507 = PLANE('',#4508);
#4508 = AXIS2_PLACEMENT_3D('',#4509,#4510,#4511);
#4509 = CARTESIAN_POINT('',(3.223028806395,-6.236046511628,-0.2));
#4510 = DIRECTION('',(1.,0.,0.));
#4511 = DIRECTION('',(0.,-1.,0.));
#4512 = ADVANCED_FACE('',(#4513),#4524,.F.);
#4513 = FACE_BOUND('',#4514,.F.);
#4514 = EDGE_LOOP('',(#4515,#4521,#4522,#4523));
#4515 = ORIENTED_EDGE('',*,*,#4516,.F.);
#4516 = EDGE_CURVE('',#4440,#4493,#4517,.T.);
#4517 = LINE('',#4518,#4519);
#4518 = CARTESIAN_POINT('',(2.544840216279,-6.236046511628,-0.2));
#4519 = VECTOR('',#4520,1.);
#4520 = DIRECTION('',(1.,0.,0.));
#4521 = ORIENTED_EDGE('',*,*,#4454,.T.);
#4522 = ORIENTED_EDGE('',*,*,#833,.F.);
#4523 = ORIENTED_EDGE('',*,*,#4500,.F.);
#4524 = PLANE('',#4525);
#4525 = AXIS2_PLACEMENT_3D('',#4526,#4527,#4528);
#4526 = CARTESIAN_POINT('',(2.544840216279,-6.236046511628,-0.2));
#4527 = DIRECTION('',(0.,1.,0.));
#4528 = DIRECTION('',(1.,0.,0.));
#4529 = ADVANCED_FACE('',(#4530),#4555,.F.);
#4530 = FACE_BOUND('',#4531,.F.);
#4531 = EDGE_LOOP('',(#4532,#4542,#4548,#4549));
#4532 = ORIENTED_EDGE('',*,*,#4533,.F.);
#4533 = EDGE_CURVE('',#4534,#4536,#4538,.T.);
#4534 = VERTEX_POINT('',#4535);
#4535 = CARTESIAN_POINT('',(-0.502143795349,-6.111119186047,-0.2));
#4536 = VERTEX_POINT('',#4537);
#4537 = CARTESIAN_POINT('',(-0.436573301163,-5.596202761628,-0.2));
#4538 = B_SPLINE_CURVE_WITH_KNOTS('',2,(#4539,#4540,#4541),
  .UNSPECIFIED.,.F.,.F.,(3,3),(0.,1.),.PIECEWISE_BEZIER_KNOTS.);
#4539 = CARTESIAN_POINT('',(-0.502143795349,-6.111119186047,-0.2));
#4540 = CARTESIAN_POINT('',(-0.502143795349,-5.791197311047,-0.2));
#4541 = CARTESIAN_POINT('',(-0.436573301163,-5.596202761628,-0.2));
#4542 = ORIENTED_EDGE('',*,*,#4543,.T.);
#4543 = EDGE_CURVE('',#4534,#860,#4544,.T.);
#4544 = LINE('',#4545,#4546);
#4545 = CARTESIAN_POINT('',(-0.502143795349,-6.111119186047,-0.2));
#4546 = VECTOR('',#4547,1.);
#4547 = DIRECTION('',(0.,0.,1.));
#4548 = ORIENTED_EDGE('',*,*,#857,.F.);
#4549 = ORIENTED_EDGE('',*,*,#4550,.F.);
#4550 = EDGE_CURVE('',#4536,#858,#4551,.T.);
#4551 = LINE('',#4552,#4553);
#4552 = CARTESIAN_POINT('',(-0.436573301163,-5.596202761628,-0.2));
#4553 = VECTOR('',#4554,1.);
#4554 = DIRECTION('',(0.,0.,1.));
#4555 = SURFACE_OF_LINEAR_EXTRUSION('',#4556,#4560);
#4556 = B_SPLINE_CURVE_WITH_KNOTS('',2,(#4557,#4558,#4559),
  .UNSPECIFIED.,.F.,.F.,(3,3),(0.,1.),.PIECEWISE_BEZIER_KNOTS.);
#4557 = CARTESIAN_POINT('',(-0.502143795349,-6.111119186047,-0.2));
#4558 = CARTESIAN_POINT('',(-0.502143795349,-5.791197311047,-0.2));
#4559 = CARTESIAN_POINT('',(-0.436573301163,-5.596202761628,-0.2));
#4560 = VECTOR('',#4561,1.);
#4561 = DIRECTION('',(-0.,-0.,-1.));
#4562 = ADVANCED_FACE('',(#4563),#4581,.F.);
#4563 = FACE_BOUND('',#4564,.F.);
#4564 = EDGE_LOOP('',(#4565,#4573,#4579,#4580));
#4565 = ORIENTED_EDGE('',*,*,#4566,.F.);
#4566 = EDGE_CURVE('',#4567,#4534,#4569,.T.);
#4567 = VERTEX_POINT('',#4568);
#4568 = CARTESIAN_POINT('',(-0.324318577326,-6.84441315407,-0.2));
#4569 = B_SPLINE_CURVE_WITH_KNOTS('',2,(#4570,#4571,#4572),
  .UNSPECIFIED.,.F.,.F.,(3,3),(0.,1.),.PIECEWISE_BEZIER_KNOTS.);
#4570 = CARTESIAN_POINT('',(-0.324318577326,-6.84441315407,-0.2));
#4571 = CARTESIAN_POINT('',(-0.502143795349,-6.619249636628,-0.2));
#4572 = CARTESIAN_POINT('',(-0.502143795349,-6.111119186047,-0.2));
#4573 = ORIENTED_EDGE('',*,*,#4574,.T.);
#4574 = EDGE_CURVE('',#4567,#982,#4575,.T.);
#4575 = LINE('',#4576,#4577);
#4576 = CARTESIAN_POINT('',(-0.324318577326,-6.84441315407,-0.2));
#4577 = VECTOR('',#4578,1.);
#4578 = DIRECTION('',(0.,0.,1.));
#4579 = ORIENTED_EDGE('',*,*,#996,.F.);
#4580 = ORIENTED_EDGE('',*,*,#4543,.F.);
#4581 = SURFACE_OF_LINEAR_EXTRUSION('',#4582,#4586);
#4582 = B_SPLINE_CURVE_WITH_KNOTS('',2,(#4583,#4584,#4585),
  .UNSPECIFIED.,.F.,.F.,(3,3),(0.,1.),.PIECEWISE_BEZIER_KNOTS.);
#4583 = CARTESIAN_POINT('',(-0.324318577326,-6.84441315407,-0.2));
#4584 = CARTESIAN_POINT('',(-0.502143795349,-6.619249636628,-0.2));
#4585 = CARTESIAN_POINT('',(-0.502143795349,-6.111119186047,-0.2));
#4586 = VECTOR('',#4587,1.);
#4587 = DIRECTION('',(-0.,-0.,-1.));
#4588 = ADVANCED_FACE('',(#4589),#4607,.F.);
#4589 = FACE_BOUND('',#4590,.F.);
#4590 = EDGE_LOOP('',(#4591,#4599,#4605,#4606));
#4591 = ORIENTED_EDGE('',*,*,#4592,.F.);
#4592 = EDGE_CURVE('',#4593,#4567,#4595,.T.);
#4593 = VERTEX_POINT('',#4594);
#4594 = CARTESIAN_POINT('',(8.406623372093E-02,-7.031395348837,-0.2));
#4595 = B_SPLINE_CURVE_WITH_KNOTS('',2,(#4596,#4597,#4598),
  .UNSPECIFIED.,.F.,.F.,(3,3),(0.,1.),.PIECEWISE_BEZIER_KNOTS.);
#4596 = CARTESIAN_POINT('',(8.406623372093E-02,-7.031395348837,-0.2));
#4597 = CARTESIAN_POINT('',(-0.175926498837,-7.031395348837,-0.2));
#4598 = CARTESIAN_POINT('',(-0.324318577326,-6.84441315407,-0.2));
#4599 = ORIENTED_EDGE('',*,*,#4600,.T.);
#4600 = EDGE_CURVE('',#4593,#967,#4601,.T.);
#4601 = LINE('',#4602,#4603);
#4602 = CARTESIAN_POINT('',(8.406623372093E-02,-7.031395348837,-0.2));
#4603 = VECTOR('',#4604,1.);
#4604 = DIRECTION('',(0.,0.,1.));
#4605 = ORIENTED_EDGE('',*,*,#981,.F.);
#4606 = ORIENTED_EDGE('',*,*,#4574,.F.);
#4607 = SURFACE_OF_LINEAR_EXTRUSION('',#4608,#4612);
#4608 = B_SPLINE_CURVE_WITH_KNOTS('',2,(#4609,#4610,#4611),
  .UNSPECIFIED.,.F.,.F.,(3,3),(0.,1.),.PIECEWISE_BEZIER_KNOTS.);
#4609 = CARTESIAN_POINT('',(8.406623372093E-02,-7.031395348837,-0.2));
#4610 = CARTESIAN_POINT('',(-0.175926498837,-7.031395348837,-0.2));
#4611 = CARTESIAN_POINT('',(-0.324318577326,-6.84441315407,-0.2));
#4612 = VECTOR('',#4613,1.);
#4613 = DIRECTION('',(-0.,-0.,-1.));
#4614 = ADVANCED_FACE('',(#4615),#4633,.F.);
#4615 = FACE_BOUND('',#4616,.F.);
#4616 = EDGE_LOOP('',(#4617,#4625,#4631,#4632));
#4617 = ORIENTED_EDGE('',*,*,#4618,.F.);
#4618 = EDGE_CURVE('',#4619,#4593,#4621,.T.);
#4619 = VERTEX_POINT('',#4620);
#4620 = CARTESIAN_POINT('',(0.410855841279,-6.925027252907,-0.2));
#4621 = B_SPLINE_CURVE_WITH_KNOTS('',2,(#4622,#4623,#4624),
  .UNSPECIFIED.,.F.,.F.,(3,3),(0.,1.),.PIECEWISE_BEZIER_KNOTS.);
#4622 = CARTESIAN_POINT('',(0.410855841279,-6.925027252907,-0.2));
#4623 = CARTESIAN_POINT('',(0.281513544767,-7.031395348837,-0.2));
#4624 = CARTESIAN_POINT('',(8.406623372093E-02,-7.031395348837,-0.2));
#4625 = ORIENTED_EDGE('',*,*,#4626,.T.);
#4626 = EDGE_CURVE('',#4619,#956,#4627,.T.);
#4627 = LINE('',#4628,#4629);
#4628 = CARTESIAN_POINT('',(0.410855841279,-6.925027252907,-0.2));
#4629 = VECTOR('',#4630,1.);
#4630 = DIRECTION('',(0.,0.,1.));
#4631 = ORIENTED_EDGE('',*,*,#966,.F.);
#4632 = ORIENTED_EDGE('',*,*,#4600,.F.);
#4633 = SURFACE_OF_LINEAR_EXTRUSION('',#4634,#4638);
#4634 = B_SPLINE_CURVE_WITH_KNOTS('',2,(#4635,#4636,#4637),
  .UNSPECIFIED.,.F.,.F.,(3,3),(0.,1.),.PIECEWISE_BEZIER_KNOTS.);
#4635 = CARTESIAN_POINT('',(0.410855841279,-6.925027252907,-0.2));
#4636 = CARTESIAN_POINT('',(0.281513544767,-7.031395348837,-0.2));
#4637 = CARTESIAN_POINT('',(8.406623372093E-02,-7.031395348837,-0.2));
#4638 = VECTOR('',#4639,1.);
#4639 = DIRECTION('',(-0.,-0.,-1.));
#4640 = ADVANCED_FACE('',(#4641),#4659,.F.);
#4641 = FACE_BOUND('',#4642,.F.);
#4642 = EDGE_LOOP('',(#4643,#4651,#4657,#4658));
#4643 = ORIENTED_EDGE('',*,*,#4644,.F.);
#4644 = EDGE_CURVE('',#4645,#4619,#4647,.T.);
#4645 = VERTEX_POINT('',#4646);
#4646 = CARTESIAN_POINT('',(0.605278079651,-6.623582848837,-0.2));
#4647 = B_SPLINE_CURVE_WITH_KNOTS('',2,(#4648,#4649,#4650),
  .UNSPECIFIED.,.F.,.F.,(3,3),(0.,1.),.PIECEWISE_BEZIER_KNOTS.);
#4648 = CARTESIAN_POINT('',(0.605278079651,-6.623582848837,-0.2));
#4649 = CARTESIAN_POINT('',(0.540279896512,-6.818577398256,-0.2));
#4650 = CARTESIAN_POINT('',(0.410855841279,-6.925027252907,-0.2));
#4651 = ORIENTED_EDGE('',*,*,#4652,.T.);
#4652 = EDGE_CURVE('',#4645,#944,#4653,.T.);
#4653 = LINE('',#4654,#4655);
#4654 = CARTESIAN_POINT('',(0.605278079651,-6.623582848837,-0.2));
#4655 = VECTOR('',#4656,1.);
#4656 = DIRECTION('',(0.,0.,1.));
#4657 = ORIENTED_EDGE('',*,*,#955,.F.);
#4658 = ORIENTED_EDGE('',*,*,#4626,.F.);
#4659 = SURFACE_OF_LINEAR_EXTRUSION('',#4660,#4664);
#4660 = B_SPLINE_CURVE_WITH_KNOTS('',2,(#4661,#4662,#4663),
  .UNSPECIFIED.,.F.,.F.,(3,3),(0.,1.),.PIECEWISE_BEZIER_KNOTS.);
#4661 = CARTESIAN_POINT('',(0.605278079651,-6.623582848837,-0.2));
#4662 = CARTESIAN_POINT('',(0.540279896512,-6.818577398256,-0.2));
#4663 = CARTESIAN_POINT('',(0.410855841279,-6.925027252907,-0.2));
#4664 = VECTOR('',#4665,1.);
#4665 = DIRECTION('',(-0.,-0.,-1.));
#4666 = ADVANCED_FACE('',(#4667),#4685,.F.);
#4667 = FACE_BOUND('',#4668,.F.);
#4668 = EDGE_LOOP('',(#4669,#4677,#4683,#4684));
#4669 = ORIENTED_EDGE('',*,*,#4670,.F.);
#4670 = EDGE_CURVE('',#4671,#4645,#4673,.T.);
#4671 = VERTEX_POINT('',#4672);
#4672 = CARTESIAN_POINT('',(0.670276262791,-6.111119186047,-0.2));
#4673 = B_SPLINE_CURVE_WITH_KNOTS('',2,(#4674,#4675,#4676),
  .UNSPECIFIED.,.F.,.F.,(3,3),(0.,1.),.PIECEWISE_BEZIER_KNOTS.);
#4674 = CARTESIAN_POINT('',(0.670276262791,-6.111119186047,-0.2));
#4675 = CARTESIAN_POINT('',(0.670276262791,-6.428506540698,-0.2));
#4676 = CARTESIAN_POINT('',(0.605278079651,-6.623582848837,-0.2));
#4677 = ORIENTED_EDGE('',*,*,#4678,.T.);
#4678 = EDGE_CURVE('',#4671,#933,#4679,.T.);
#4679 = LINE('',#4680,#4681);
#4680 = CARTESIAN_POINT('',(0.670276262791,-6.111119186047,-0.2));
#4681 = VECTOR('',#4682,1.);
#4682 = DIRECTION('',(0.,0.,1.));
#4683 = ORIENTED_EDGE('',*,*,#943,.F.);
#4684 = ORIENTED_EDGE('',*,*,#4652,.F.);
#4685 = SURFACE_OF_LINEAR_EXTRUSION('',#4686,#4690);
#4686 = B_SPLINE_CURVE_WITH_KNOTS('',2,(#4687,#4688,#4689),
  .UNSPECIFIED.,.F.,.F.,(3,3),(0.,1.),.PIECEWISE_BEZIER_KNOTS.);
#4687 = CARTESIAN_POINT('',(0.670276262791,-6.111119186047,-0.2));
#4688 = CARTESIAN_POINT('',(0.670276262791,-6.428506540698,-0.2));
#4689 = CARTESIAN_POINT('',(0.605278079651,-6.623582848837,-0.2));
#4690 = VECTOR('',#4691,1.);
#4691 = DIRECTION('',(-0.,-0.,-1.));
#4692 = ADVANCED_FACE('',(#4693),#4711,.F.);
#4693 = FACE_BOUND('',#4694,.F.);
#4694 = EDGE_LOOP('',(#4695,#4703,#4709,#4710));
#4695 = ORIENTED_EDGE('',*,*,#4696,.F.);
#4696 = EDGE_CURVE('',#4697,#4671,#4699,.T.);
#4697 = VERTEX_POINT('',#4698);
#4698 = CARTESIAN_POINT('',(0.62980569593,-5.684747456395,-0.2));
#4699 = B_SPLINE_CURVE_WITH_KNOTS('',2,(#4700,#4701,#4702),
  .UNSPECIFIED.,.F.,.F.,(3,3),(0.,1.),.PIECEWISE_BEZIER_KNOTS.);
#4700 = CARTESIAN_POINT('',(0.62980569593,-5.684747456395,-0.2));
#4701 = CARTESIAN_POINT('',(0.670276262791,-5.842868822674,-0.2));
#4702 = CARTESIAN_POINT('',(0.670276262791,-6.111119186047,-0.2));
#4703 = ORIENTED_EDGE('',*,*,#4704,.T.);
#4704 = EDGE_CURVE('',#4697,#922,#4705,.T.);
#4705 = LINE('',#4706,#4707);
#4706 = CARTESIAN_POINT('',(0.62980569593,-5.684747456395,-0.2));
#4707 = VECTOR('',#4708,1.);
#4708 = DIRECTION('',(0.,0.,1.));
#4709 = ORIENTED_EDGE('',*,*,#932,.F.);
#4710 = ORIENTED_EDGE('',*,*,#4678,.F.);
#4711 = SURFACE_OF_LINEAR_EXTRUSION('',#4712,#4716);
#4712 = B_SPLINE_CURVE_WITH_KNOTS('',2,(#4713,#4714,#4715),
  .UNSPECIFIED.,.F.,.F.,(3,3),(0.,1.),.PIECEWISE_BEZIER_KNOTS.);
#4713 = CARTESIAN_POINT('',(0.62980569593,-5.684747456395,-0.2));
#4714 = CARTESIAN_POINT('',(0.670276262791,-5.842868822674,-0.2));
#4715 = CARTESIAN_POINT('',(0.670276262791,-6.111119186047,-0.2));
#4716 = VECTOR('',#4717,1.);
#4717 = DIRECTION('',(-0.,-0.,-1.));
#4718 = ADVANCED_FACE('',(#4719),#4737,.F.);
#4719 = FACE_BOUND('',#4720,.F.);
#4720 = EDGE_LOOP('',(#4721,#4729,#4735,#4736));
#4721 = ORIENTED_EDGE('',*,*,#4722,.F.);
#4722 = EDGE_CURVE('',#4723,#4697,#4725,.T.);
#4723 = VERTEX_POINT('',#4724);
#4724 = CARTESIAN_POINT('',(0.51820504186,-5.416578851744,-0.2));
#4725 = B_SPLINE_CURVE_WITH_KNOTS('',2,(#4726,#4727,#4728),
  .UNSPECIFIED.,.F.,.F.,(3,3),(0.,1.),.PIECEWISE_BEZIER_KNOTS.);
#4726 = CARTESIAN_POINT('',(0.51820504186,-5.416578851744,-0.2));
#4727 = CARTESIAN_POINT('',(0.58933512907,-5.526626090116,-0.2));
#4728 = CARTESIAN_POINT('',(0.62980569593,-5.684747456395,-0.2));
#4729 = ORIENTED_EDGE('',*,*,#4730,.T.);
#4730 = EDGE_CURVE('',#4723,#909,#4731,.T.);
#4731 = LINE('',#4732,#4733);
#4732 = CARTESIAN_POINT('',(0.51820504186,-5.416578851744,-0.2));
#4733 = VECTOR('',#4734,1.);
#4734 = DIRECTION('',(0.,0.,1.));
#4735 = ORIENTED_EDGE('',*,*,#921,.F.);
#4736 = ORIENTED_EDGE('',*,*,#4704,.F.);
#4737 = SURFACE_OF_LINEAR_EXTRUSION('',#4738,#4742);
#4738 = B_SPLINE_CURVE_WITH_KNOTS('',2,(#4739,#4740,#4741),
  .UNSPECIFIED.,.F.,.F.,(3,3),(0.,1.),.PIECEWISE_BEZIER_KNOTS.);
#4739 = CARTESIAN_POINT('',(0.51820504186,-5.416578851744,-0.2));
#4740 = CARTESIAN_POINT('',(0.58933512907,-5.526626090116,-0.2));
#4741 = CARTESIAN_POINT('',(0.62980569593,-5.684747456395,-0.2));
#4742 = VECTOR('',#4743,1.);
#4743 = DIRECTION('',(-0.,-0.,-1.));
#4744 = ADVANCED_FACE('',(#4745),#4763,.F.);
#4745 = FACE_BOUND('',#4746,.F.);
#4746 = EDGE_LOOP('',(#4747,#4755,#4761,#4762));
#4747 = ORIENTED_EDGE('',*,*,#4748,.F.);
#4748 = EDGE_CURVE('',#4749,#4723,#4751,.T.);
#4749 = VERTEX_POINT('',#4750);
#4750 = CARTESIAN_POINT('',(0.337927062209,-5.247992369186,-0.2));
#4751 = B_SPLINE_CURVE_WITH_KNOTS('',2,(#4752,#4753,#4754),
  .UNSPECIFIED.,.F.,.F.,(3,3),(0.,1.),.PIECEWISE_BEZIER_KNOTS.);
#4752 = CARTESIAN_POINT('',(0.337927062209,-5.247992369186,-0.2));
#4753 = CARTESIAN_POINT('',(0.447074954651,-5.306449854651,-0.2));
#4754 = CARTESIAN_POINT('',(0.51820504186,-5.416578851744,-0.2));
#4755 = ORIENTED_EDGE('',*,*,#4756,.T.);
#4756 = EDGE_CURVE('',#4749,#898,#4757,.T.);
#4757 = LINE('',#4758,#4759);
#4758 = CARTESIAN_POINT('',(0.337927062209,-5.247992369186,-0.2));
#4759 = VECTOR('',#4760,1.);
#4760 = DIRECTION('',(0.,0.,1.));
#4761 = ORIENTED_EDGE('',*,*,#908,.F.);
#4762 = ORIENTED_EDGE('',*,*,#4730,.F.);
#4763 = SURFACE_OF_LINEAR_EXTRUSION('',#4764,#4768);
#4764 = B_SPLINE_CURVE_WITH_KNOTS('',2,(#4765,#4766,#4767),
  .UNSPECIFIED.,.F.,.F.,(3,3),(0.,1.),.PIECEWISE_BEZIER_KNOTS.);
#4765 = CARTESIAN_POINT('',(0.337927062209,-5.247992369186,-0.2));
#4766 = CARTESIAN_POINT('',(0.447074954651,-5.306449854651,-0.2));
#4767 = CARTESIAN_POINT('',(0.51820504186,-5.416578851744,-0.2));
#4768 = VECTOR('',#4769,1.);
#4769 = DIRECTION('',(-0.,-0.,-1.));
#4770 = ADVANCED_FACE('',(#4771),#4789,.F.);
#4771 = FACE_BOUND('',#4772,.F.);
#4772 = EDGE_LOOP('',(#4773,#4781,#4787,#4788));
#4773 = ORIENTED_EDGE('',*,*,#4774,.F.);
#4774 = EDGE_CURVE('',#4775,#4749,#4777,.T.);
#4775 = VERTEX_POINT('',#4776);
#4776 = CARTESIAN_POINT('',(8.406623372093E-02,-5.189534883721,-0.2));
#4777 = B_SPLINE_CURVE_WITH_KNOTS('',2,(#4778,#4779,#4780),
  .UNSPECIFIED.,.F.,.F.,(3,3),(0.,1.),.PIECEWISE_BEZIER_KNOTS.);
#4778 = CARTESIAN_POINT('',(8.406623372093E-02,-5.189534883721,-0.2));
#4779 = CARTESIAN_POINT('',(0.228779169767,-5.189534883721,-0.2));
#4780 = CARTESIAN_POINT('',(0.337927062209,-5.247992369186,-0.2));
#4781 = ORIENTED_EDGE('',*,*,#4782,.T.);
#4782 = EDGE_CURVE('',#4775,#883,#4783,.T.);
#4783 = LINE('',#4784,#4785);
#4784 = CARTESIAN_POINT('',(8.406623372093E-02,-5.189534883721,-0.2));
#4785 = VECTOR('',#4786,1.);
#4786 = DIRECTION('',(0.,0.,1.));
#4787 = ORIENTED_EDGE('',*,*,#897,.F.);
#4788 = ORIENTED_EDGE('',*,*,#4756,.F.);
#4789 = SURFACE_OF_LINEAR_EXTRUSION('',#4790,#4794);
#4790 = B_SPLINE_CURVE_WITH_KNOTS('',2,(#4791,#4792,#4793),
  .UNSPECIFIED.,.F.,.F.,(3,3),(0.,1.),.PIECEWISE_BEZIER_KNOTS.);
#4791 = CARTESIAN_POINT('',(8.406623372093E-02,-5.189534883721,-0.2));
#4792 = CARTESIAN_POINT('',(0.228779169767,-5.189534883721,-0.2));
#4793 = CARTESIAN_POINT('',(0.337927062209,-5.247992369186,-0.2));
#4794 = VECTOR('',#4795,1.);
#4795 = DIRECTION('',(-0.,-0.,-1.));
#4796 = ADVANCED_FACE('',(#4797),#4815,.F.);
#4797 = FACE_BOUND('',#4798,.F.);
#4798 = EDGE_LOOP('',(#4799,#4807,#4813,#4814));
#4799 = ORIENTED_EDGE('',*,*,#4800,.F.);
#4800 = EDGE_CURVE('',#4801,#4775,#4803,.T.);
#4801 = VERTEX_POINT('',#4802);
#4802 = CARTESIAN_POINT('',(-0.241578751744,-5.295330668605,-0.2));
#4803 = B_SPLINE_CURVE_WITH_KNOTS('',2,(#4804,#4805,#4806),
  .UNSPECIFIED.,.F.,.F.,(3,3),(0.,1.),.PIECEWISE_BEZIER_KNOTS.);
#4804 = CARTESIAN_POINT('',(-0.241578751744,-5.295330668605,-0.2));
#4805 = CARTESIAN_POINT('',(-0.112154696512,-5.189534883721,-0.2));
#4806 = CARTESIAN_POINT('',(8.406623372093E-02,-5.189534883721,-0.2));
#4807 = ORIENTED_EDGE('',*,*,#4808,.T.);
#4808 = EDGE_CURVE('',#4801,#872,#4809,.T.);
#4809 = LINE('',#4810,#4811);
#4810 = CARTESIAN_POINT('',(-0.241578751744,-5.295330668605,-0.2));
#4811 = VECTOR('',#4812,1.);
#4812 = DIRECTION('',(0.,0.,1.));
#4813 = ORIENTED_EDGE('',*,*,#882,.F.);
#4814 = ORIENTED_EDGE('',*,*,#4782,.F.);
#4815 = SURFACE_OF_LINEAR_EXTRUSION('',#4816,#4820);
#4816 = B_SPLINE_CURVE_WITH_KNOTS('',2,(#4817,#4818,#4819),
  .UNSPECIFIED.,.F.,.F.,(3,3),(0.,1.),.PIECEWISE_BEZIER_KNOTS.);
#4817 = CARTESIAN_POINT('',(-0.241578751744,-5.295330668605,-0.2));
#4818 = CARTESIAN_POINT('',(-0.112154696512,-5.189534883721,-0.2));
#4819 = CARTESIAN_POINT('',(8.406623372093E-02,-5.189534883721,-0.2));
#4820 = VECTOR('',#4821,1.);
#4821 = DIRECTION('',(-0.,-0.,-1.));
#4822 = ADVANCED_FACE('',(#4823),#4834,.F.);
#4823 = FACE_BOUND('',#4824,.F.);
#4824 = EDGE_LOOP('',(#4825,#4831,#4832,#4833));
#4825 = ORIENTED_EDGE('',*,*,#4826,.F.);
#4826 = EDGE_CURVE('',#4536,#4801,#4827,.T.);
#4827 = B_SPLINE_CURVE_WITH_KNOTS('',2,(#4828,#4829,#4830),
  .UNSPECIFIED.,.F.,.F.,(3,3),(0.,1.),.PIECEWISE_BEZIER_KNOTS.);
#4828 = CARTESIAN_POINT('',(-0.436573301163,-5.596202761628,-0.2));
#4829 = CARTESIAN_POINT('',(-0.370921048256,-5.401126453488,-0.2));
#4830 = CARTESIAN_POINT('',(-0.241578751744,-5.295330668605,-0.2));
#4831 = ORIENTED_EDGE('',*,*,#4550,.T.);
#4832 = ORIENTED_EDGE('',*,*,#871,.F.);
#4833 = ORIENTED_EDGE('',*,*,#4808,.F.);
#4834 = SURFACE_OF_LINEAR_EXTRUSION('',#4835,#4839);
#4835 = B_SPLINE_CURVE_WITH_KNOTS('',2,(#4836,#4837,#4838),
  .UNSPECIFIED.,.F.,.F.,(3,3),(0.,1.),.PIECEWISE_BEZIER_KNOTS.);
#4836 = CARTESIAN_POINT('',(-0.436573301163,-5.596202761628,-0.2));
#4837 = CARTESIAN_POINT('',(-0.370921048256,-5.401126453488,-0.2));
#4838 = CARTESIAN_POINT('',(-0.241578751744,-5.295330668605,-0.2));
#4839 = VECTOR('',#4840,1.);
#4840 = DIRECTION('',(-0.,-0.,-1.));
#4841 = ADVANCED_FACE('',(#4842),#4867,.F.);
#4842 = FACE_BOUND('',#4843,.F.);
#4843 = EDGE_LOOP('',(#4844,#4854,#4860,#4861));
#4844 = ORIENTED_EDGE('',*,*,#4845,.F.);
#4845 = EDGE_CURVE('',#4846,#4848,#4850,.T.);
#4846 = VERTEX_POINT('',#4847);
#4847 = CARTESIAN_POINT('',(0.989380550581,-7.,-0.2));
#4848 = VERTEX_POINT('',#4849);
#4849 = CARTESIAN_POINT('',(0.989380550581,-5.2,-0.2));
#4850 = LINE('',#4851,#4852);
#4851 = CARTESIAN_POINT('',(0.989380550581,-7.,-0.2));
#4852 = VECTOR('',#4853,1.);
#4853 = DIRECTION('',(0.,1.,0.));
#4854 = ORIENTED_EDGE('',*,*,#4855,.T.);
#4855 = EDGE_CURVE('',#4846,#1016,#4856,.T.);
#4856 = LINE('',#4857,#4858);
#4857 = CARTESIAN_POINT('',(0.989380550581,-7.,-0.2));
#4858 = VECTOR('',#4859,1.);
#4859 = DIRECTION('',(0.,0.,1.));
#4860 = ORIENTED_EDGE('',*,*,#1013,.F.);
#4861 = ORIENTED_EDGE('',*,*,#4862,.F.);
#4862 = EDGE_CURVE('',#4848,#1014,#4863,.T.);
#4863 = LINE('',#4864,#4865);
#4864 = CARTESIAN_POINT('',(0.989380550581,-5.2,-0.2));
#4865 = VECTOR('',#4866,1.);
#4866 = DIRECTION('',(0.,0.,1.));
#4867 = PLANE('',#4868);
#4868 = AXIS2_PLACEMENT_3D('',#4869,#4870,#4871);
#4869 = CARTESIAN_POINT('',(0.989380550581,-7.,-0.2));
#4870 = DIRECTION('',(-1.,0.,0.));
#4871 = DIRECTION('',(0.,1.,0.));
#4872 = ADVANCED_FACE('',(#4873),#4891,.F.);
#4873 = FACE_BOUND('',#4874,.F.);
#4874 = EDGE_LOOP('',(#4875,#4883,#4889,#4890));
#4875 = ORIENTED_EDGE('',*,*,#4876,.F.);
#4876 = EDGE_CURVE('',#4877,#4846,#4879,.T.);
#4877 = VERTEX_POINT('',#4878);
#4878 = CARTESIAN_POINT('',(2.331041161047,-7.,-0.2));
#4879 = LINE('',#4880,#4881);
#4880 = CARTESIAN_POINT('',(2.331041161047,-7.,-0.2));
#4881 = VECTOR('',#4882,1.);
#4882 = DIRECTION('',(-1.,0.,0.));
#4883 = ORIENTED_EDGE('',*,*,#4884,.T.);
#4884 = EDGE_CURVE('',#4877,#1096,#4885,.T.);
#4885 = LINE('',#4886,#4887);
#4886 = CARTESIAN_POINT('',(2.331041161047,-7.,-0.2));
#4887 = VECTOR('',#4888,1.);
#4888 = DIRECTION('',(0.,0.,1.));
#4889 = ORIENTED_EDGE('',*,*,#1103,.F.);
#4890 = ORIENTED_EDGE('',*,*,#4855,.F.);
#4891 = PLANE('',#4892);
#4892 = AXIS2_PLACEMENT_3D('',#4893,#4894,#4895);
#4893 = CARTESIAN_POINT('',(2.331041161047,-7.,-0.2));
#4894 = DIRECTION('',(0.,-1.,0.));
#4895 = DIRECTION('',(-1.,0.,0.));
#4896 = ADVANCED_FACE('',(#4897),#4915,.F.);
#4897 = FACE_BOUND('',#4898,.F.);
#4898 = EDGE_LOOP('',(#4899,#4907,#4913,#4914));
#4899 = ORIENTED_EDGE('',*,*,#4900,.F.);
#4900 = EDGE_CURVE('',#4901,#4877,#4903,.T.);
#4901 = VERTEX_POINT('',#4902);
#4902 = CARTESIAN_POINT('',(2.331041161047,-6.792005813953,-0.2));
#4903 = LINE('',#4904,#4905);
#4904 = CARTESIAN_POINT('',(2.331041161047,-6.792005813953,-0.2));
#4905 = VECTOR('',#4906,1.);
#4906 = DIRECTION('',(0.,-1.,0.));
#4907 = ORIENTED_EDGE('',*,*,#4908,.T.);
#4908 = EDGE_CURVE('',#4901,#1088,#4909,.T.);
#4909 = LINE('',#4910,#4911);
#4910 = CARTESIAN_POINT('',(2.331041161047,-6.792005813953,-0.2));
#4911 = VECTOR('',#4912,1.);
#4912 = DIRECTION('',(0.,0.,1.));
#4913 = ORIENTED_EDGE('',*,*,#1095,.F.);
#4914 = ORIENTED_EDGE('',*,*,#4884,.F.);
#4915 = PLANE('',#4916);
#4916 = AXIS2_PLACEMENT_3D('',#4917,#4918,#4919);
#4917 = CARTESIAN_POINT('',(2.331041161047,-6.792005813953,-0.2));
#4918 = DIRECTION('',(1.,0.,0.));
#4919 = DIRECTION('',(0.,-1.,0.));
#4920 = ADVANCED_FACE('',(#4921),#4939,.F.);
#4921 = FACE_BOUND('',#4922,.F.);
#4922 = EDGE_LOOP('',(#4923,#4931,#4937,#4938));
#4923 = ORIENTED_EDGE('',*,*,#4924,.F.);
#4924 = EDGE_CURVE('',#4925,#4901,#4927,.T.);
#4925 = VERTEX_POINT('',#4926);
#4926 = CARTESIAN_POINT('',(1.227298428488,-6.792005813953,-0.2));
#4927 = LINE('',#4928,#4929);
#4928 = CARTESIAN_POINT('',(1.227298428488,-6.792005813953,-0.2));
#4929 = VECTOR('',#4930,1.);
#4930 = DIRECTION('',(1.,0.,0.));
#4931 = ORIENTED_EDGE('',*,*,#4932,.T.);
#4932 = EDGE_CURVE('',#4925,#1080,#4933,.T.);
#4933 = LINE('',#4934,#4935);
#4934 = CARTESIAN_POINT('',(1.227298428488,-6.792005813953,-0.2));
#4935 = VECTOR('',#4936,1.);
#4936 = DIRECTION('',(0.,0.,1.));
#4937 = ORIENTED_EDGE('',*,*,#1087,.F.);
#4938 = ORIENTED_EDGE('',*,*,#4908,.F.);
#4939 = PLANE('',#4940);
#4940 = AXIS2_PLACEMENT_3D('',#4941,#4942,#4943);
#4941 = CARTESIAN_POINT('',(1.227298428488,-6.792005813953,-0.2));
#4942 = DIRECTION('',(0.,1.,0.));
#4943 = DIRECTION('',(1.,0.,0.));
#4944 = ADVANCED_FACE('',(#4945),#4963,.F.);
#4945 = FACE_BOUND('',#4946,.F.);
#4946 = EDGE_LOOP('',(#4947,#4955,#4961,#4962));
#4947 = ORIENTED_EDGE('',*,*,#4948,.F.);
#4948 = EDGE_CURVE('',#4949,#4925,#4951,.T.);
#4949 = VERTEX_POINT('',#4950);
#4950 = CARTESIAN_POINT('',(1.227298428488,-6.171947674419,-0.2));
#4951 = LINE('',#4952,#4953);
#4952 = CARTESIAN_POINT('',(1.227298428488,-6.171947674419,-0.2));
#4953 = VECTOR('',#4954,1.);
#4954 = DIRECTION('',(0.,-1.,0.));
#4955 = ORIENTED_EDGE('',*,*,#4956,.T.);
#4956 = EDGE_CURVE('',#4949,#1072,#4957,.T.);
#4957 = LINE('',#4958,#4959);
#4958 = CARTESIAN_POINT('',(1.227298428488,-6.171947674419,-0.2));
#4959 = VECTOR('',#4960,1.);
#4960 = DIRECTION('',(0.,0.,1.));
#4961 = ORIENTED_EDGE('',*,*,#1079,.F.);
#4962 = ORIENTED_EDGE('',*,*,#4932,.F.);
#4963 = PLANE('',#4964);
#4964 = AXIS2_PLACEMENT_3D('',#4965,#4966,#4967);
#4965 = CARTESIAN_POINT('',(1.227298428488,-6.171947674419,-0.2));
#4966 = DIRECTION('',(1.,0.,0.));
#4967 = DIRECTION('',(0.,-1.,0.));
#4968 = ADVANCED_FACE('',(#4969),#4987,.F.);
#4969 = FACE_BOUND('',#4970,.F.);
#4970 = EDGE_LOOP('',(#4971,#4979,#4985,#4986));
#4971 = ORIENTED_EDGE('',*,*,#4972,.F.);
#4972 = EDGE_CURVE('',#4973,#4949,#4975,.T.);
#4973 = VERTEX_POINT('',#4974);
#4974 = CARTESIAN_POINT('',(2.221893268605,-6.171947674419,-0.2));
#4975 = LINE('',#4976,#4977);
#4976 = CARTESIAN_POINT('',(2.221893268605,-6.171947674419,-0.2));
#4977 = VECTOR('',#4978,1.);
#4978 = DIRECTION('',(-1.,0.,0.));
#4979 = ORIENTED_EDGE('',*,*,#4980,.T.);
#4980 = EDGE_CURVE('',#4973,#1064,#4981,.T.);
#4981 = LINE('',#4982,#4983);
#4982 = CARTESIAN_POINT('',(2.221893268605,-6.171947674419,-0.2));
#4983 = VECTOR('',#4984,1.);
#4984 = DIRECTION('',(0.,0.,1.));
#4985 = ORIENTED_EDGE('',*,*,#1071,.F.);
#4986 = ORIENTED_EDGE('',*,*,#4956,.F.);
#4987 = PLANE('',#4988);
#4988 = AXIS2_PLACEMENT_3D('',#4989,#4990,#4991);
#4989 = CARTESIAN_POINT('',(2.221893268605,-6.171947674419,-0.2));
#4990 = DIRECTION('',(0.,-1.,0.));
#4991 = DIRECTION('',(-1.,0.,0.));
#4992 = ADVANCED_FACE('',(#4993),#5011,.F.);
#4993 = FACE_BOUND('',#4994,.F.);
#4994 = EDGE_LOOP('',(#4995,#5003,#5009,#5010));
#4995 = ORIENTED_EDGE('',*,*,#4996,.F.);
#4996 = EDGE_CURVE('',#4997,#4973,#4999,.T.);
#4997 = VERTEX_POINT('',#4998);
#4998 = CARTESIAN_POINT('',(2.221893268605,-5.963953488372,-0.2));
#4999 = LINE('',#5000,#5001);
#5000 = CARTESIAN_POINT('',(2.221893268605,-5.963953488372,-0.2));
#5001 = VECTOR('',#5002,1.);
#5002 = DIRECTION('',(0.,-1.,0.));
#5003 = ORIENTED_EDGE('',*,*,#5004,.T.);
#5004 = EDGE_CURVE('',#4997,#1056,#5005,.T.);
#5005 = LINE('',#5006,#5007);
#5006 = CARTESIAN_POINT('',(2.221893268605,-5.963953488372,-0.2));
#5007 = VECTOR('',#5008,1.);
#5008 = DIRECTION('',(0.,0.,1.));
#5009 = ORIENTED_EDGE('',*,*,#1063,.F.);
#5010 = ORIENTED_EDGE('',*,*,#4980,.F.);
#5011 = PLANE('',#5012);
#5012 = AXIS2_PLACEMENT_3D('',#5013,#5014,#5015);
#5013 = CARTESIAN_POINT('',(2.221893268605,-5.963953488372,-0.2));
#5014 = DIRECTION('',(1.,0.,0.));
#5015 = DIRECTION('',(0.,-1.,0.));
#5016 = ADVANCED_FACE('',(#5017),#5035,.F.);
#5017 = FACE_BOUND('',#5018,.F.);
#5018 = EDGE_LOOP('',(#5019,#5027,#5033,#5034));
#5019 = ORIENTED_EDGE('',*,*,#5020,.F.);
#5020 = EDGE_CURVE('',#5021,#4997,#5023,.T.);
#5021 = VERTEX_POINT('',#5022);
#5022 = CARTESIAN_POINT('',(1.227298428488,-5.963953488372,-0.2));
#5023 = LINE('',#5024,#5025);
#5024 = CARTESIAN_POINT('',(1.227298428488,-5.963953488372,-0.2));
#5025 = VECTOR('',#5026,1.);
#5026 = DIRECTION('',(1.,0.,0.));
#5027 = ORIENTED_EDGE('',*,*,#5028,.T.);
#5028 = EDGE_CURVE('',#5021,#1048,#5029,.T.);
#5029 = LINE('',#5030,#5031);
#5030 = CARTESIAN_POINT('',(1.227298428488,-5.963953488372,-0.2));
#5031 = VECTOR('',#5032,1.);
#5032 = DIRECTION('',(0.,0.,1.));
#5033 = ORIENTED_EDGE('',*,*,#1055,.F.);
#5034 = ORIENTED_EDGE('',*,*,#5004,.F.);
#5035 = PLANE('',#5036);
#5036 = AXIS2_PLACEMENT_3D('',#5037,#5038,#5039);
#5037 = CARTESIAN_POINT('',(1.227298428488,-5.963953488372,-0.2));
#5038 = DIRECTION('',(0.,1.,0.));
#5039 = DIRECTION('',(1.,0.,0.));
#5040 = ADVANCED_FACE('',(#5041),#5059,.F.);
#5041 = FACE_BOUND('',#5042,.F.);
#5042 = EDGE_LOOP('',(#5043,#5051,#5057,#5058));
#5043 = ORIENTED_EDGE('',*,*,#5044,.F.);
#5044 = EDGE_CURVE('',#5045,#5021,#5047,.T.);
#5045 = VERTEX_POINT('',#5046);
#5046 = CARTESIAN_POINT('',(1.227298428488,-5.407994186047,-0.2));
#5047 = LINE('',#5048,#5049);
#5048 = CARTESIAN_POINT('',(1.227298428488,-5.407994186047,-0.2));
#5049 = VECTOR('',#5050,1.);
#5050 = DIRECTION('',(0.,-1.,0.));
#5051 = ORIENTED_EDGE('',*,*,#5052,.T.);
#5052 = EDGE_CURVE('',#5045,#1040,#5053,.T.);
#5053 = LINE('',#5054,#5055);
#5054 = CARTESIAN_POINT('',(1.227298428488,-5.407994186047,-0.2));
#5055 = VECTOR('',#5056,1.);
#5056 = DIRECTION('',(0.,0.,1.));
#5057 = ORIENTED_EDGE('',*,*,#1047,.F.);
#5058 = ORIENTED_EDGE('',*,*,#5028,.F.);
#5059 = PLANE('',#5060);
#5060 = AXIS2_PLACEMENT_3D('',#5061,#5062,#5063);
#5061 = CARTESIAN_POINT('',(1.227298428488,-5.407994186047,-0.2));
#5062 = DIRECTION('',(1.,0.,0.));
#5063 = DIRECTION('',(0.,-1.,0.));
#5064 = ADVANCED_FACE('',(#5065),#5083,.F.);
#5065 = FACE_BOUND('',#5066,.F.);
#5066 = EDGE_LOOP('',(#5067,#5075,#5081,#5082));
#5067 = ORIENTED_EDGE('',*,*,#5068,.F.);
#5068 = EDGE_CURVE('',#5069,#5045,#5071,.T.);
#5069 = VERTEX_POINT('',#5070);
#5070 = CARTESIAN_POINT('',(2.289344213372,-5.407994186047,-0.2));
#5071 = LINE('',#5072,#5073);
#5072 = CARTESIAN_POINT('',(2.289344213372,-5.407994186047,-0.2));
#5073 = VECTOR('',#5074,1.);
#5074 = DIRECTION('',(-1.,0.,0.));
#5075 = ORIENTED_EDGE('',*,*,#5076,.T.);
#5076 = EDGE_CURVE('',#5069,#1032,#5077,.T.);
#5077 = LINE('',#5078,#5079);
#5078 = CARTESIAN_POINT('',(2.289344213372,-5.407994186047,-0.2));
#5079 = VECTOR('',#5080,1.);
#5080 = DIRECTION('',(0.,0.,1.));
#5081 = ORIENTED_EDGE('',*,*,#1039,.F.);
#5082 = ORIENTED_EDGE('',*,*,#5052,.F.);
#5083 = PLANE('',#5084);
#5084 = AXIS2_PLACEMENT_3D('',#5085,#5086,#5087);
#5085 = CARTESIAN_POINT('',(2.289344213372,-5.407994186047,-0.2));
#5086 = DIRECTION('',(0.,-1.,0.));
#5087 = DIRECTION('',(-1.,0.,0.));
#5088 = ADVANCED_FACE('',(#5089),#5107,.F.);
#5089 = FACE_BOUND('',#5090,.F.);
#5090 = EDGE_LOOP('',(#5091,#5099,#5105,#5106));
#5091 = ORIENTED_EDGE('',*,*,#5092,.F.);
#5092 = EDGE_CURVE('',#5093,#5069,#5095,.T.);
#5093 = VERTEX_POINT('',#5094);
#5094 = CARTESIAN_POINT('',(2.289344213372,-5.2,-0.2));
#5095 = LINE('',#5096,#5097);
#5096 = CARTESIAN_POINT('',(2.289344213372,-5.2,-0.2));
#5097 = VECTOR('',#5098,1.);
#5098 = DIRECTION('',(0.,-1.,0.));
#5099 = ORIENTED_EDGE('',*,*,#5100,.T.);
#5100 = EDGE_CURVE('',#5093,#1024,#5101,.T.);
#5101 = LINE('',#5102,#5103);
#5102 = CARTESIAN_POINT('',(2.289344213372,-5.2,-0.2));
#5103 = VECTOR('',#5104,1.);
#5104 = DIRECTION('',(0.,0.,1.));
#5105 = ORIENTED_EDGE('',*,*,#1031,.F.);
#5106 = ORIENTED_EDGE('',*,*,#5076,.F.);
#5107 = PLANE('',#5108);
#5108 = AXIS2_PLACEMENT_3D('',#5109,#5110,#5111);
#5109 = CARTESIAN_POINT('',(2.289344213372,-5.2,-0.2));
#5110 = DIRECTION('',(1.,0.,0.));
#5111 = DIRECTION('',(0.,-1.,0.));
#5112 = ADVANCED_FACE('',(#5113),#5124,.F.);
#5113 = FACE_BOUND('',#5114,.F.);
#5114 = EDGE_LOOP('',(#5115,#5121,#5122,#5123));
#5115 = ORIENTED_EDGE('',*,*,#5116,.F.);
#5116 = EDGE_CURVE('',#4848,#5093,#5117,.T.);
#5117 = LINE('',#5118,#5119);
#5118 = CARTESIAN_POINT('',(0.989380550581,-5.2,-0.2));
#5119 = VECTOR('',#5120,1.);
#5120 = DIRECTION('',(1.,0.,0.));
#5121 = ORIENTED_EDGE('',*,*,#4862,.T.);
#5122 = ORIENTED_EDGE('',*,*,#1023,.F.);
#5123 = ORIENTED_EDGE('',*,*,#5100,.F.);
#5124 = PLANE('',#5125);
#5125 = AXIS2_PLACEMENT_3D('',#5126,#5127,#5128);
#5126 = CARTESIAN_POINT('',(0.989380550581,-5.2,-0.2));
#5127 = DIRECTION('',(0.,1.,0.));
#5128 = DIRECTION('',(1.,0.,0.));
#5129 = ADVANCED_FACE('',(#5130),#5155,.F.);
#5130 = FACE_BOUND('',#5131,.F.);
#5131 = EDGE_LOOP('',(#5132,#5142,#5148,#5149));
#5132 = ORIENTED_EDGE('',*,*,#5133,.F.);
#5133 = EDGE_CURVE('',#5134,#5136,#5138,.T.);
#5134 = VERTEX_POINT('',#5135);
#5135 = CARTESIAN_POINT('',(3.508366742442,-7.,-0.2));
#5136 = VERTEX_POINT('',#5137);
#5137 = CARTESIAN_POINT('',(3.508366742442,-5.2,-0.2));
#5138 = LINE('',#5139,#5140);
#5139 = CARTESIAN_POINT('',(3.508366742442,-7.,-0.2));
#5140 = VECTOR('',#5141,1.);
#5141 = DIRECTION('',(0.,1.,0.));
#5142 = ORIENTED_EDGE('',*,*,#5143,.T.);
#5143 = EDGE_CURVE('',#5134,#1114,#5144,.T.);
#5144 = LINE('',#5145,#5146);
#5145 = CARTESIAN_POINT('',(3.508366742442,-7.,-0.2));
#5146 = VECTOR('',#5147,1.);
#5147 = DIRECTION('',(0.,0.,1.));
#5148 = ORIENTED_EDGE('',*,*,#1111,.F.);
#5149 = ORIENTED_EDGE('',*,*,#5150,.F.);
#5150 = EDGE_CURVE('',#5136,#1112,#5151,.T.);
#5151 = LINE('',#5152,#5153);
#5152 = CARTESIAN_POINT('',(3.508366742442,-5.2,-0.2));
#5153 = VECTOR('',#5154,1.);
#5154 = DIRECTION('',(0.,0.,1.));
#5155 = PLANE('',#5156);
#5156 = AXIS2_PLACEMENT_3D('',#5157,#5158,#5159);
#5157 = CARTESIAN_POINT('',(3.508366742442,-7.,-0.2));
#5158 = DIRECTION('',(-1.,0.,0.));
#5159 = DIRECTION('',(0.,1.,0.));
#5160 = ADVANCED_FACE('',(#5161),#5179,.F.);
#5161 = FACE_BOUND('',#5162,.F.);
#5162 = EDGE_LOOP('',(#5163,#5171,#5177,#5178));
#5163 = ORIENTED_EDGE('',*,*,#5164,.F.);
#5164 = EDGE_CURVE('',#5165,#5134,#5167,.T.);
#5165 = VERTEX_POINT('',#5166);
#5166 = CARTESIAN_POINT('',(3.746284620349,-7.,-0.2));
#5167 = LINE('',#5168,#5169);
#5168 = CARTESIAN_POINT('',(3.746284620349,-7.,-0.2));
#5169 = VECTOR('',#5170,1.);
#5170 = DIRECTION('',(-1.,0.,0.));
#5171 = ORIENTED_EDGE('',*,*,#5172,.T.);
#5172 = EDGE_CURVE('',#5165,#1178,#5173,.T.);
#5173 = LINE('',#5174,#5175);
#5174 = CARTESIAN_POINT('',(3.746284620349,-7.,-0.2));
#5175 = VECTOR('',#5176,1.);
#5176 = DIRECTION('',(0.,0.,1.));
#5177 = ORIENTED_EDGE('',*,*,#1185,.F.);
#5178 = ORIENTED_EDGE('',*,*,#5143,.F.);
#5179 = PLANE('',#5180);
#5180 = AXIS2_PLACEMENT_3D('',#5181,#5182,#5183);
#5181 = CARTESIAN_POINT('',(3.746284620349,-7.,-0.2));
#5182 = DIRECTION('',(0.,-1.,0.));
#5183 = DIRECTION('',(-1.,0.,0.));
#5184 = ADVANCED_FACE('',(#5185),#5203,.F.);
#5185 = FACE_BOUND('',#5186,.F.);
#5186 = EDGE_LOOP('',(#5187,#5195,#5201,#5202));
#5187 = ORIENTED_EDGE('',*,*,#5188,.F.);
#5188 = EDGE_CURVE('',#5189,#5165,#5191,.T.);
#5189 = VERTEX_POINT('',#5190);
#5190 = CARTESIAN_POINT('',(3.746284620349,-6.177180232558,-0.2));
#5191 = LINE('',#5192,#5193);
#5192 = CARTESIAN_POINT('',(3.746284620349,-6.177180232558,-0.2));
#5193 = VECTOR('',#5194,1.);
#5194 = DIRECTION('',(0.,-1.,0.));
#5195 = ORIENTED_EDGE('',*,*,#5196,.T.);
#5196 = EDGE_CURVE('',#5189,#1170,#5197,.T.);
#5197 = LINE('',#5198,#5199);
#5198 = CARTESIAN_POINT('',(3.746284620349,-6.177180232558,-0.2));
#5199 = VECTOR('',#5200,1.);
#5200 = DIRECTION('',(0.,0.,1.));
#5201 = ORIENTED_EDGE('',*,*,#1177,.F.);
#5202 = ORIENTED_EDGE('',*,*,#5172,.F.);
#5203 = PLANE('',#5204);
#5204 = AXIS2_PLACEMENT_3D('',#5205,#5206,#5207);
#5205 = CARTESIAN_POINT('',(3.746284620349,-6.177180232558,-0.2));
#5206 = DIRECTION('',(1.,0.,0.));
#5207 = DIRECTION('',(0.,-1.,0.));
#5208 = ADVANCED_FACE('',(#5209),#5227,.F.);
#5209 = FACE_BOUND('',#5210,.F.);
#5210 = EDGE_LOOP('',(#5211,#5219,#5225,#5226));
#5211 = ORIENTED_EDGE('',*,*,#5212,.F.);
#5212 = EDGE_CURVE('',#5213,#5189,#5215,.T.);
#5213 = VERTEX_POINT('',#5214);
#5214 = CARTESIAN_POINT('',(4.590034620349,-6.177180232558,-0.2));
#5215 = LINE('',#5216,#5217);
#5216 = CARTESIAN_POINT('',(4.590034620349,-6.177180232558,-0.2));
#5217 = VECTOR('',#5218,1.);
#5218 = DIRECTION('',(-1.,0.,0.));
#5219 = ORIENTED_EDGE('',*,*,#5220,.T.);
#5220 = EDGE_CURVE('',#5213,#1162,#5221,.T.);
#5221 = LINE('',#5222,#5223);
#5222 = CARTESIAN_POINT('',(4.590034620349,-6.177180232558,-0.2));
#5223 = VECTOR('',#5224,1.);
#5224 = DIRECTION('',(0.,0.,1.));
#5225 = ORIENTED_EDGE('',*,*,#1169,.F.);
#5226 = ORIENTED_EDGE('',*,*,#5196,.F.);
#5227 = PLANE('',#5228);
#5228 = AXIS2_PLACEMENT_3D('',#5229,#5230,#5231);
#5229 = CARTESIAN_POINT('',(4.590034620349,-6.177180232558,-0.2));
#5230 = DIRECTION('',(0.,-1.,0.));
#5231 = DIRECTION('',(-1.,0.,0.));
#5232 = ADVANCED_FACE('',(#5233),#5251,.F.);
#5233 = FACE_BOUND('',#5234,.F.);
#5234 = EDGE_LOOP('',(#5235,#5243,#5249,#5250));
#5235 = ORIENTED_EDGE('',*,*,#5236,.F.);
#5236 = EDGE_CURVE('',#5237,#5213,#5239,.T.);
#5237 = VERTEX_POINT('',#5238);
#5238 = CARTESIAN_POINT('',(4.590034620349,-5.969186046512,-0.2));
#5239 = LINE('',#5240,#5241);
#5240 = CARTESIAN_POINT('',(4.590034620349,-5.969186046512,-0.2));
#5241 = VECTOR('',#5242,1.);
#5242 = DIRECTION('',(0.,-1.,0.));
#5243 = ORIENTED_EDGE('',*,*,#5244,.T.);
#5244 = EDGE_CURVE('',#5237,#1154,#5245,.T.);
#5245 = LINE('',#5246,#5247);
#5246 = CARTESIAN_POINT('',(4.590034620349,-5.969186046512,-0.2));
#5247 = VECTOR('',#5248,1.);
#5248 = DIRECTION('',(0.,0.,1.));
#5249 = ORIENTED_EDGE('',*,*,#1161,.F.);
#5250 = ORIENTED_EDGE('',*,*,#5220,.F.);
#5251 = PLANE('',#5252);
#5252 = AXIS2_PLACEMENT_3D('',#5253,#5254,#5255);
#5253 = CARTESIAN_POINT('',(4.590034620349,-5.969186046512,-0.2));
#5254 = DIRECTION('',(1.,0.,0.));
#5255 = DIRECTION('',(0.,-1.,0.));
#5256 = ADVANCED_FACE('',(#5257),#5275,.F.);
#5257 = FACE_BOUND('',#5258,.F.);
#5258 = EDGE_LOOP('',(#5259,#5267,#5273,#5274));
#5259 = ORIENTED_EDGE('',*,*,#5260,.F.);
#5260 = EDGE_CURVE('',#5261,#5237,#5263,.T.);
#5261 = VERTEX_POINT('',#5262);
#5262 = CARTESIAN_POINT('',(3.746284620349,-5.969186046512,-0.2));
#5263 = LINE('',#5264,#5265);
#5264 = CARTESIAN_POINT('',(3.746284620349,-5.969186046512,-0.2));
#5265 = VECTOR('',#5266,1.);
#5266 = DIRECTION('',(1.,0.,0.));
#5267 = ORIENTED_EDGE('',*,*,#5268,.T.);
#5268 = EDGE_CURVE('',#5261,#1146,#5269,.T.);
#5269 = LINE('',#5270,#5271);
#5270 = CARTESIAN_POINT('',(3.746284620349,-5.969186046512,-0.2));
#5271 = VECTOR('',#5272,1.);
#5272 = DIRECTION('',(0.,0.,1.));
#5273 = ORIENTED_EDGE('',*,*,#1153,.F.);
#5274 = ORIENTED_EDGE('',*,*,#5244,.F.);
#5275 = PLANE('',#5276);
#5276 = AXIS2_PLACEMENT_3D('',#5277,#5278,#5279);
#5277 = CARTESIAN_POINT('',(3.746284620349,-5.969186046512,-0.2));
#5278 = DIRECTION('',(0.,1.,0.));
#5279 = DIRECTION('',(1.,0.,0.));
#5280 = ADVANCED_FACE('',(#5281),#5299,.F.);
#5281 = FACE_BOUND('',#5282,.F.);
#5282 = EDGE_LOOP('',(#5283,#5291,#5297,#5298));
#5283 = ORIENTED_EDGE('',*,*,#5284,.F.);
#5284 = EDGE_CURVE('',#5285,#5261,#5287,.T.);
#5285 = VERTEX_POINT('',#5286);
#5286 = CARTESIAN_POINT('',(3.746284620349,-5.407994186047,-0.2));
#5287 = LINE('',#5288,#5289);
#5288 = CARTESIAN_POINT('',(3.746284620349,-5.407994186047,-0.2));
#5289 = VECTOR('',#5290,1.);
#5290 = DIRECTION('',(0.,-1.,0.));
#5291 = ORIENTED_EDGE('',*,*,#5292,.T.);
#5292 = EDGE_CURVE('',#5285,#1138,#5293,.T.);
#5293 = LINE('',#5294,#5295);
#5294 = CARTESIAN_POINT('',(3.746284620349,-5.407994186047,-0.2));
#5295 = VECTOR('',#5296,1.);
#5296 = DIRECTION('',(0.,0.,1.));
#5297 = ORIENTED_EDGE('',*,*,#1145,.F.);
#5298 = ORIENTED_EDGE('',*,*,#5268,.F.);
#5299 = PLANE('',#5300);
#5300 = AXIS2_PLACEMENT_3D('',#5301,#5302,#5303);
#5301 = CARTESIAN_POINT('',(3.746284620349,-5.407994186047,-0.2));
#5302 = DIRECTION('',(1.,0.,0.));
#5303 = DIRECTION('',(0.,-1.,0.));
#5304 = ADVANCED_FACE('',(#5305),#5323,.F.);
#5305 = FACE_BOUND('',#5306,.F.);
#5306 = EDGE_LOOP('',(#5307,#5315,#5321,#5322));
#5307 = ORIENTED_EDGE('',*,*,#5308,.F.);
#5308 = EDGE_CURVE('',#5309,#5285,#5311,.T.);
#5309 = VERTEX_POINT('',#5310);
#5310 = CARTESIAN_POINT('',(4.721257367442,-5.407994186047,-0.2));
#5311 = LINE('',#5312,#5313);
#5312 = CARTESIAN_POINT('',(4.721257367442,-5.407994186047,-0.2));
#5313 = VECTOR('',#5314,1.);
#5314 = DIRECTION('',(-1.,0.,0.));
#5315 = ORIENTED_EDGE('',*,*,#5316,.T.);
#5316 = EDGE_CURVE('',#5309,#1130,#5317,.T.);
#5317 = LINE('',#5318,#5319);
#5318 = CARTESIAN_POINT('',(4.721257367442,-5.407994186047,-0.2));
#5319 = VECTOR('',#5320,1.);
#5320 = DIRECTION('',(0.,0.,1.));
#5321 = ORIENTED_EDGE('',*,*,#1137,.F.);
#5322 = ORIENTED_EDGE('',*,*,#5292,.F.);
#5323 = PLANE('',#5324);
#5324 = AXIS2_PLACEMENT_3D('',#5325,#5326,#5327);
#5325 = CARTESIAN_POINT('',(4.721257367442,-5.407994186047,-0.2));
#5326 = DIRECTION('',(0.,-1.,0.));
#5327 = DIRECTION('',(-1.,0.,0.));
#5328 = ADVANCED_FACE('',(#5329),#5347,.F.);
#5329 = FACE_BOUND('',#5330,.F.);
#5330 = EDGE_LOOP('',(#5331,#5339,#5345,#5346));
#5331 = ORIENTED_EDGE('',*,*,#5332,.F.);
#5332 = EDGE_CURVE('',#5333,#5309,#5335,.T.);
#5333 = VERTEX_POINT('',#5334);
#5334 = CARTESIAN_POINT('',(4.721257367442,-5.2,-0.2));
#5335 = LINE('',#5336,#5337);
#5336 = CARTESIAN_POINT('',(4.721257367442,-5.2,-0.2));
#5337 = VECTOR('',#5338,1.);
#5338 = DIRECTION('',(0.,-1.,0.));
#5339 = ORIENTED_EDGE('',*,*,#5340,.T.);
#5340 = EDGE_CURVE('',#5333,#1122,#5341,.T.);
#5341 = LINE('',#5342,#5343);
#5342 = CARTESIAN_POINT('',(4.721257367442,-5.2,-0.2));
#5343 = VECTOR('',#5344,1.);
#5344 = DIRECTION('',(0.,0.,1.));
#5345 = ORIENTED_EDGE('',*,*,#1129,.F.);
#5346 = ORIENTED_EDGE('',*,*,#5316,.F.);
#5347 = PLANE('',#5348);
#5348 = AXIS2_PLACEMENT_3D('',#5349,#5350,#5351);
#5349 = CARTESIAN_POINT('',(4.721257367442,-5.2,-0.2));
#5350 = DIRECTION('',(1.,0.,0.));
#5351 = DIRECTION('',(0.,-1.,0.));
#5352 = ADVANCED_FACE('',(#5353),#5364,.F.);
#5353 = FACE_BOUND('',#5354,.F.);
#5354 = EDGE_LOOP('',(#5355,#5361,#5362,#5363));
#5355 = ORIENTED_EDGE('',*,*,#5356,.F.);
#5356 = EDGE_CURVE('',#5136,#5333,#5357,.T.);
#5357 = LINE('',#5358,#5359);
#5358 = CARTESIAN_POINT('',(3.508366742442,-5.2,-0.2));
#5359 = VECTOR('',#5360,1.);
#5360 = DIRECTION('',(1.,0.,0.));
#5361 = ORIENTED_EDGE('',*,*,#5150,.T.);
#5362 = ORIENTED_EDGE('',*,*,#1121,.F.);
#5363 = ORIENTED_EDGE('',*,*,#5340,.F.);
#5364 = PLANE('',#5365);
#5365 = AXIS2_PLACEMENT_3D('',#5366,#5367,#5368);
#5366 = CARTESIAN_POINT('',(3.508366742442,-5.2,-0.2));
#5367 = DIRECTION('',(0.,1.,0.));
#5368 = DIRECTION('',(1.,0.,0.));
#5369 = ADVANCED_FACE('',(#5370),#5396,.F.);
#5370 = FACE_BOUND('',#5371,.F.);
#5371 = EDGE_LOOP('',(#5372,#5380,#5389,#5395));
#5372 = ORIENTED_EDGE('',*,*,#5373,.T.);
#5373 = EDGE_CURVE('',#1194,#5374,#5376,.T.);
#5374 = VERTEX_POINT('',#5375);
#5375 = CARTESIAN_POINT('',(8.,1.8,-9.1));
#5376 = LINE('',#5377,#5378);
#5377 = CARTESIAN_POINT('',(8.,1.8,0.));
#5378 = VECTOR('',#5379,1.);
#5379 = DIRECTION('',(-0.,-0.,-1.));
#5380 = ORIENTED_EDGE('',*,*,#5381,.T.);
#5381 = EDGE_CURVE('',#5374,#5382,#5384,.T.);
#5382 = VERTEX_POINT('',#5383);
#5383 = CARTESIAN_POINT('',(5.5,4.3,-9.1));
#5384 = CIRCLE('',#5385,2.5);
#5385 = AXIS2_PLACEMENT_3D('',#5386,#5387,#5388);
#5386 = CARTESIAN_POINT('',(5.5,1.8,-9.1));
#5387 = DIRECTION('',(0.,0.,1.));
#5388 = DIRECTION('',(1.,0.,0.));
#5389 = ORIENTED_EDGE('',*,*,#5390,.F.);
#5390 = EDGE_CURVE('',#1196,#5382,#5391,.T.);
#5391 = LINE('',#5392,#5393);
#5392 = CARTESIAN_POINT('',(5.5,4.3,0.));
#5393 = VECTOR('',#5394,1.);
#5394 = DIRECTION('',(-0.,-0.,-1.));
#5395 = ORIENTED_EDGE('',*,*,#1193,.F.);
#5396 = CYLINDRICAL_SURFACE('',#5397,2.5);
#5397 = AXIS2_PLACEMENT_3D('',#5398,#5399,#5400);
#5398 = CARTESIAN_POINT('',(5.5,1.8,0.));
#5399 = DIRECTION('',(0.,0.,1.));
#5400 = DIRECTION('',(1.,0.,0.));
#5401 = ADVANCED_FACE('',(#5402),#5420,.T.);
#5402 = FACE_BOUND('',#5403,.T.);
#5403 = EDGE_LOOP('',(#5404,#5405,#5413,#5419));
#5404 = ORIENTED_EDGE('',*,*,#5373,.T.);
#5405 = ORIENTED_EDGE('',*,*,#5406,.T.);
#5406 = EDGE_CURVE('',#5374,#5407,#5409,.T.);
#5407 = VERTEX_POINT('',#5408);
#5408 = CARTESIAN_POINT('',(8.,-1.8,-9.1));
#5409 = LINE('',#5410,#5411);
#5410 = CARTESIAN_POINT('',(8.,1.8,-9.1));
#5411 = VECTOR('',#5412,1.);
#5412 = DIRECTION('',(0.,-1.,0.));
#5413 = ORIENTED_EDGE('',*,*,#5414,.F.);
#5414 = EDGE_CURVE('',#1205,#5407,#5415,.T.);
#5415 = LINE('',#5416,#5417);
#5416 = CARTESIAN_POINT('',(8.,-1.8,0.));
#5417 = VECTOR('',#5418,1.);
#5418 = DIRECTION('',(-0.,-0.,-1.));
#5419 = ORIENTED_EDGE('',*,*,#1204,.F.);
#5420 = PLANE('',#5421);
#5421 = AXIS2_PLACEMENT_3D('',#5422,#5423,#5424);
#5422 = CARTESIAN_POINT('',(8.,1.8,0.));
#5423 = DIRECTION('',(-1.,0.,0.));
#5424 = DIRECTION('',(0.,-1.,0.));
#5425 = ADVANCED_FACE('',(#5426),#5444,.T.);
#5426 = FACE_BOUND('',#5427,.T.);
#5427 = EDGE_LOOP('',(#5428,#5436,#5442,#5443));
#5428 = ORIENTED_EDGE('',*,*,#5429,.T.);
#5429 = EDGE_CURVE('',#1230,#5430,#5432,.T.);
#5430 = VERTEX_POINT('',#5431);
#5431 = CARTESIAN_POINT('',(-8.,4.3,-9.1));
#5432 = LINE('',#5433,#5434);
#5433 = CARTESIAN_POINT('',(-8.,4.3,0.));
#5434 = VECTOR('',#5435,1.);
#5435 = DIRECTION('',(-0.,-0.,-1.));
#5436 = ORIENTED_EDGE('',*,*,#5437,.T.);
#5437 = EDGE_CURVE('',#5430,#5382,#5438,.T.);
#5438 = LINE('',#5439,#5440);
#5439 = CARTESIAN_POINT('',(-8.,4.3,-9.1));
#5440 = VECTOR('',#5441,1.);
#5441 = DIRECTION('',(1.,0.,0.));
#5442 = ORIENTED_EDGE('',*,*,#5390,.F.);
#5443 = ORIENTED_EDGE('',*,*,#1237,.F.);
#5444 = PLANE('',#5445);
#5445 = AXIS2_PLACEMENT_3D('',#5446,#5447,#5448);
#5446 = CARTESIAN_POINT('',(-8.,4.3,0.));
#5447 = DIRECTION('',(0.,-1.,0.));
#5448 = DIRECTION('',(1.,0.,0.));
#5449 = ADVANCED_FACE('',(#5450),#5469,.F.);
#5450 = FACE_BOUND('',#5451,.F.);
#5451 = EDGE_LOOP('',(#5452,#5460,#5467,#5468));
#5452 = ORIENTED_EDGE('',*,*,#5453,.T.);
#5453 = EDGE_CURVE('',#1213,#5454,#5456,.T.);
#5454 = VERTEX_POINT('',#5455);
#5455 = CARTESIAN_POINT('',(5.5,-4.3,-9.1));
#5456 = LINE('',#5457,#5458);
#5457 = CARTESIAN_POINT('',(5.5,-4.3,0.));
#5458 = VECTOR('',#5459,1.);
#5459 = DIRECTION('',(-0.,-0.,-1.));
#5460 = ORIENTED_EDGE('',*,*,#5461,.T.);
#5461 = EDGE_CURVE('',#5454,#5407,#5462,.T.);
#5462 = CIRCLE('',#5463,2.5);
#5463 = AXIS2_PLACEMENT_3D('',#5464,#5465,#5466);
#5464 = CARTESIAN_POINT('',(5.5,-1.8,-9.1));
#5465 = DIRECTION('',(0.,0.,1.));
#5466 = DIRECTION('',(1.,0.,0.));
#5467 = ORIENTED_EDGE('',*,*,#5414,.F.);
#5468 = ORIENTED_EDGE('',*,*,#1212,.F.);
#5469 = CYLINDRICAL_SURFACE('',#5470,2.5);
#5470 = AXIS2_PLACEMENT_3D('',#5471,#5472,#5473);
#5471 = CARTESIAN_POINT('',(5.5,-1.8,0.));
#5472 = DIRECTION('',(0.,0.,1.));
#5473 = DIRECTION('',(1.,0.,0.));
#5474 = ADVANCED_FACE('',(#5475),#5493,.F.);
#5475 = FACE_BOUND('',#5476,.F.);
#5476 = EDGE_LOOP('',(#5477,#5478,#5486,#5492));
#5477 = ORIENTED_EDGE('',*,*,#5429,.T.);
#5478 = ORIENTED_EDGE('',*,*,#5479,.T.);
#5479 = EDGE_CURVE('',#5430,#5480,#5482,.T.);
#5480 = VERTEX_POINT('',#5481);
#5481 = CARTESIAN_POINT('',(-8.,-4.3,-9.1));
#5482 = LINE('',#5483,#5484);
#5483 = CARTESIAN_POINT('',(-8.,4.3,-9.1));
#5484 = VECTOR('',#5485,1.);
#5485 = DIRECTION('',(0.,-1.,0.));
#5486 = ORIENTED_EDGE('',*,*,#5487,.F.);
#5487 = EDGE_CURVE('',#1222,#5480,#5488,.T.);
#5488 = LINE('',#5489,#5490);
#5489 = CARTESIAN_POINT('',(-8.,-4.3,0.));
#5490 = VECTOR('',#5491,1.);
#5491 = DIRECTION('',(-0.,-0.,-1.));
#5492 = ORIENTED_EDGE('',*,*,#1229,.F.);
#5493 = PLANE('',#5494);
#5494 = AXIS2_PLACEMENT_3D('',#5495,#5496,#5497);
#5495 = CARTESIAN_POINT('',(-8.,4.3,0.));
#5496 = DIRECTION('',(-1.,0.,0.));
#5497 = DIRECTION('',(0.,-1.,0.));
#5498 = ADVANCED_FACE('',(#5499),#5510,.F.);
#5499 = FACE_BOUND('',#5500,.F.);
#5500 = EDGE_LOOP('',(#5501,#5502,#5508,#5509));
#5501 = ORIENTED_EDGE('',*,*,#5487,.T.);
#5502 = ORIENTED_EDGE('',*,*,#5503,.T.);
#5503 = EDGE_CURVE('',#5480,#5454,#5504,.T.);
#5504 = LINE('',#5505,#5506);
#5505 = CARTESIAN_POINT('',(-8.,-4.3,-9.1));
#5506 = VECTOR('',#5507,1.);
#5507 = DIRECTION('',(1.,0.,0.));
#5508 = ORIENTED_EDGE('',*,*,#5453,.F.);
#5509 = ORIENTED_EDGE('',*,*,#1221,.F.);
#5510 = PLANE('',#5511);
#5511 = AXIS2_PLACEMENT_3D('',#5512,#5513,#5514);
#5512 = CARTESIAN_POINT('',(-8.,-4.3,0.));
#5513 = DIRECTION('',(0.,-1.,0.));
#5514 = DIRECTION('',(1.,0.,0.));
#5515 = ADVANCED_FACE('',(#5516),#5543,.F.);
#5516 = FACE_BOUND('',#5517,.T.);
#5517 = EDGE_LOOP('',(#5518,#5519,#5527,#5534,#5535,#5536));
#5518 = ORIENTED_EDGE('',*,*,#1245,.T.);
#5519 = ORIENTED_EDGE('',*,*,#5520,.T.);
#5520 = EDGE_CURVE('',#1248,#5521,#5523,.T.);
#5521 = VERTEX_POINT('',#5522);
#5522 = CARTESIAN_POINT('',(14.25,0.,-2.));
#5523 = LINE('',#5524,#5525);
#5524 = CARTESIAN_POINT('',(16.25,0.,0.));
#5525 = VECTOR('',#5526,1.);
#5526 = DIRECTION('',(-0.707106781187,0.,-0.707106781187));
#5527 = ORIENTED_EDGE('',*,*,#5528,.F.);
#5528 = EDGE_CURVE('',#5521,#5521,#5529,.T.);
#5529 = CIRCLE('',#5530,1.5);
#5530 = AXIS2_PLACEMENT_3D('',#5531,#5532,#5533);
#5531 = CARTESIAN_POINT('',(12.75,0.,-2.));
#5532 = DIRECTION('',(0.,0.,1.));
#5533 = DIRECTION('',(1.,0.,0.));
#5534 = ORIENTED_EDGE('',*,*,#5520,.F.);
#5535 = ORIENTED_EDGE('',*,*,#1264,.T.);
#5536 = ORIENTED_EDGE('',*,*,#5537,.T.);
#5537 = EDGE_CURVE('',#1257,#1246,#5538,.T.);
#5538 = HYPERBOLA('',#5539,3.35,3.35);
#5539 = AXIS2_PLACEMENT_3D('',#5540,#5541,#5542);
#5540 = CARTESIAN_POINT('',(9.4,0.,-3.5));
#5541 = DIRECTION('',(1.,0.,-0.));
#5542 = DIRECTION('',(0.,0.,1.));
#5543 = CONICAL_SURFACE('',#5544,3.5,0.785398163397);
#5544 = AXIS2_PLACEMENT_3D('',#5545,#5546,#5547);
#5545 = CARTESIAN_POINT('',(12.75,0.,0.));
#5546 = DIRECTION('',(0.,0.,1.));
#5547 = DIRECTION('',(1.,0.,0.));
#5548 = ADVANCED_FACE('',(#5549),#5553,.T.);
#5549 = FACE_BOUND('',#5550,.T.);
#5550 = EDGE_LOOP('',(#5551,#5552));
#5551 = ORIENTED_EDGE('',*,*,#1256,.F.);
#5552 = ORIENTED_EDGE('',*,*,#5537,.F.);
#5553 = PLANE('',#5554);
#5554 = AXIS2_PLACEMENT_3D('',#5555,#5556,#5557);
#5555 = CARTESIAN_POINT('',(9.4,-3.350000000002,0.));
#5556 = DIRECTION('',(1.,0.,0.));
#5557 = DIRECTION('',(0.,1.,0.));
#5558 = ADVANCED_FACE('',(#5559),#5584,.F.);
#5559 = FACE_BOUND('',#5560,.F.);
#5560 = EDGE_LOOP('',(#5561,#5571,#5577,#5578));
#5561 = ORIENTED_EDGE('',*,*,#5562,.F.);
#5562 = EDGE_CURVE('',#5563,#5565,#5567,.T.);
#5563 = VERTEX_POINT('',#5564);
#5564 = CARTESIAN_POINT('',(-3.9499999,5.4,-0.2));
#5565 = VERTEX_POINT('',#5566);
#5566 = CARTESIAN_POINT('',(-3.259547501744,7.2,-0.2));
#5567 = LINE('',#5568,#5569);
#5568 = CARTESIAN_POINT('',(-3.9499999,5.4,-0.2));
#5569 = VECTOR('',#5570,1.);
#5570 = DIRECTION('',(0.358140599612,0.933667666201,0.));
#5571 = ORIENTED_EDGE('',*,*,#5572,.T.);
#5572 = EDGE_CURVE('',#5563,#1276,#5573,.T.);
#5573 = LINE('',#5574,#5575);
#5574 = CARTESIAN_POINT('',(-3.9499999,5.4,-0.2));
#5575 = VECTOR('',#5576,1.);
#5576 = DIRECTION('',(0.,0.,1.));
#5577 = ORIENTED_EDGE('',*,*,#1273,.F.);
#5578 = ORIENTED_EDGE('',*,*,#5579,.F.);
#5579 = EDGE_CURVE('',#5565,#1274,#5580,.T.);
#5580 = LINE('',#5581,#5582);
#5581 = CARTESIAN_POINT('',(-3.259547501744,7.2,-0.2));
#5582 = VECTOR('',#5583,1.);
#5583 = DIRECTION('',(0.,0.,1.));
#5584 = PLANE('',#5585);
#5585 = AXIS2_PLACEMENT_3D('',#5586,#5587,#5588);
#5586 = CARTESIAN_POINT('',(-3.9499999,5.4,-0.2));
#5587 = DIRECTION('',(-0.933667666201,0.358140599612,0.));
#5588 = DIRECTION('',(0.358140599612,0.933667666201,0.));
#5589 = ADVANCED_FACE('',(#5590),#5608,.F.);
#5590 = FACE_BOUND('',#5591,.F.);
#5591 = EDGE_LOOP('',(#5592,#5600,#5606,#5607));
#5592 = ORIENTED_EDGE('',*,*,#5593,.F.);
#5593 = EDGE_CURVE('',#5594,#5563,#5596,.T.);
#5594 = VERTEX_POINT('',#5595);
#5595 = CARTESIAN_POINT('',(-3.697365452326,5.4,-0.2));
#5596 = LINE('',#5597,#5598);
#5597 = CARTESIAN_POINT('',(-3.697365452326,5.4,-0.2));
#5598 = VECTOR('',#5599,1.);
#5599 = DIRECTION('',(-1.,0.,0.));
#5600 = ORIENTED_EDGE('',*,*,#5601,.T.);
#5601 = EDGE_CURVE('',#5594,#1324,#5602,.T.);
#5602 = LINE('',#5603,#5604);
#5603 = CARTESIAN_POINT('',(-3.697365452326,5.4,-0.2));
#5604 = VECTOR('',#5605,1.);
#5605 = DIRECTION('',(0.,0.,1.));
#5606 = ORIENTED_EDGE('',*,*,#1331,.F.);
#5607 = ORIENTED_EDGE('',*,*,#5572,.F.);
#5608 = PLANE('',#5609);
#5609 = AXIS2_PLACEMENT_3D('',#5610,#5611,#5612);
#5610 = CARTESIAN_POINT('',(-3.697365452326,5.4,-0.2));
#5611 = DIRECTION('',(0.,-1.,0.));
#5612 = DIRECTION('',(-1.,0.,0.));
#5613 = ADVANCED_FACE('',(#5614),#5632,.F.);
#5614 = FACE_BOUND('',#5615,.F.);
#5615 = EDGE_LOOP('',(#5616,#5624,#5630,#5631));
#5616 = ORIENTED_EDGE('',*,*,#5617,.F.);
#5617 = EDGE_CURVE('',#5618,#5594,#5620,.T.);
#5618 = VERTEX_POINT('',#5619);
#5619 = CARTESIAN_POINT('',(-3.499918141279,5.941569767442,-0.2));
#5620 = LINE('',#5621,#5622);
#5621 = CARTESIAN_POINT('',(-3.499918141279,5.941569767442,-0.2));
#5622 = VECTOR('',#5623,1.);
#5623 = DIRECTION('',(-0.342528723811,-0.939507356738,0.));
#5624 = ORIENTED_EDGE('',*,*,#5625,.T.);
#5625 = EDGE_CURVE('',#5618,#1316,#5626,.T.);
#5626 = LINE('',#5627,#5628);
#5627 = CARTESIAN_POINT('',(-3.499918141279,5.941569767442,-0.2));
#5628 = VECTOR('',#5629,1.);
#5629 = DIRECTION('',(0.,0.,1.));
#5630 = ORIENTED_EDGE('',*,*,#1323,.F.);
#5631 = ORIENTED_EDGE('',*,*,#5601,.F.);
#5632 = PLANE('',#5633);
#5633 = AXIS2_PLACEMENT_3D('',#5634,#5635,#5636);
#5634 = CARTESIAN_POINT('',(-3.499918141279,5.941569767442,-0.2));
#5635 = DIRECTION('',(0.939507356738,-0.342528723811,0.));
#5636 = DIRECTION('',(-0.342528723811,-0.939507356738,0.));
#5637 = ADVANCED_FACE('',(#5638),#5656,.F.);
#5638 = FACE_BOUND('',#5639,.F.);
#5639 = EDGE_LOOP('',(#5640,#5648,#5654,#5655));
#5640 = ORIENTED_EDGE('',*,*,#5641,.F.);
#5641 = EDGE_CURVE('',#5642,#5618,#5644,.T.);
#5642 = VERTEX_POINT('',#5643);
#5643 = CARTESIAN_POINT('',(-2.748146702326,5.941569767442,-0.2));
#5644 = LINE('',#5645,#5646);
#5645 = CARTESIAN_POINT('',(-2.748146702326,5.941569767442,-0.2));
#5646 = VECTOR('',#5647,1.);
#5647 = DIRECTION('',(-1.,0.,0.));
#5648 = ORIENTED_EDGE('',*,*,#5649,.T.);
#5649 = EDGE_CURVE('',#5642,#1308,#5650,.T.);
#5650 = LINE('',#5651,#5652);
#5651 = CARTESIAN_POINT('',(-2.748146702326,5.941569767442,-0.2));
#5652 = VECTOR('',#5653,1.);
#5653 = DIRECTION('',(0.,0.,1.));
#5654 = ORIENTED_EDGE('',*,*,#1315,.F.);
#5655 = ORIENTED_EDGE('',*,*,#5625,.F.);
#5656 = PLANE('',#5657);
#5657 = AXIS2_PLACEMENT_3D('',#5658,#5659,#5660);
#5658 = CARTESIAN_POINT('',(-2.748146702326,5.941569767442,-0.2));
#5659 = DIRECTION('',(0.,-1.,0.));
#5660 = DIRECTION('',(-1.,0.,0.));
#5661 = ADVANCED_FACE('',(#5662),#5680,.F.);
#5662 = FACE_BOUND('',#5663,.F.);
#5663 = EDGE_LOOP('',(#5664,#5672,#5678,#5679));
#5664 = ORIENTED_EDGE('',*,*,#5665,.F.);
#5665 = EDGE_CURVE('',#5666,#5642,#5668,.T.);
#5666 = VERTEX_POINT('',#5667);
#5667 = CARTESIAN_POINT('',(-2.53843558314,5.4,-0.2));
#5668 = LINE('',#5669,#5670);
#5669 = CARTESIAN_POINT('',(-2.53843558314,5.4,-0.2));
#5670 = VECTOR('',#5671,1.);
#5671 = DIRECTION('',(-0.361100736281,0.932526813694,0.));
#5672 = ORIENTED_EDGE('',*,*,#5673,.T.);
#5673 = EDGE_CURVE('',#5666,#1300,#5674,.T.);
#5674 = LINE('',#5675,#5676);
#5675 = CARTESIAN_POINT('',(-2.53843558314,5.4,-0.2));
#5676 = VECTOR('',#5677,1.);
#5677 = DIRECTION('',(0.,0.,1.));
#5678 = ORIENTED_EDGE('',*,*,#1307,.F.);
#5679 = ORIENTED_EDGE('',*,*,#5649,.F.);
#5680 = PLANE('',#5681);
#5681 = AXIS2_PLACEMENT_3D('',#5682,#5683,#5684);
#5682 = CARTESIAN_POINT('',(-2.53843558314,5.4,-0.2));
#5683 = DIRECTION('',(-0.932526813694,-0.361100736281,0.));
#5684 = DIRECTION('',(-0.361100736281,0.932526813694,0.));
#5685 = ADVANCED_FACE('',(#5686),#5704,.F.);
#5686 = FACE_BOUND('',#5687,.F.);
#5687 = EDGE_LOOP('',(#5688,#5696,#5702,#5703));
#5688 = ORIENTED_EDGE('',*,*,#5689,.F.);
#5689 = EDGE_CURVE('',#5690,#5666,#5692,.T.);
#5690 = VERTEX_POINT('',#5691);
#5691 = CARTESIAN_POINT('',(-2.267405423256,5.4,-0.2));
#5692 = LINE('',#5693,#5694);
#5693 = CARTESIAN_POINT('',(-2.267405423256,5.4,-0.2));
#5694 = VECTOR('',#5695,1.);
#5695 = DIRECTION('',(-1.,0.,0.));
#5696 = ORIENTED_EDGE('',*,*,#5697,.T.);
#5697 = EDGE_CURVE('',#5690,#1292,#5698,.T.);
#5698 = LINE('',#5699,#5700);
#5699 = CARTESIAN_POINT('',(-2.267405423256,5.4,-0.2));
#5700 = VECTOR('',#5701,1.);
#5701 = DIRECTION('',(0.,0.,1.));
#5702 = ORIENTED_EDGE('',*,*,#1299,.F.);
#5703 = ORIENTED_EDGE('',*,*,#5673,.F.);
#5704 = PLANE('',#5705);
#5705 = AXIS2_PLACEMENT_3D('',#5706,#5707,#5708);
#5706 = CARTESIAN_POINT('',(-2.267405423256,5.4,-0.2));
#5707 = DIRECTION('',(0.,-1.,0.));
#5708 = DIRECTION('',(-1.,0.,0.));
#5709 = ADVANCED_FACE('',(#5710),#5728,.F.);
#5710 = FACE_BOUND('',#5711,.F.);
#5711 = EDGE_LOOP('',(#5712,#5720,#5726,#5727));
#5712 = ORIENTED_EDGE('',*,*,#5713,.F.);
#5713 = EDGE_CURVE('',#5714,#5690,#5716,.T.);
#5714 = VERTEX_POINT('',#5715);
#5715 = CARTESIAN_POINT('',(-3.003233911628,7.2,-0.2));
#5716 = LINE('',#5717,#5718);
#5717 = CARTESIAN_POINT('',(-3.003233911628,7.2,-0.2));
#5718 = VECTOR('',#5719,1.);
#5719 = DIRECTION('',(0.378397088703,-0.92564336721,0.));
#5720 = ORIENTED_EDGE('',*,*,#5721,.T.);
#5721 = EDGE_CURVE('',#5714,#1284,#5722,.T.);
#5722 = LINE('',#5723,#5724);
#5723 = CARTESIAN_POINT('',(-3.003233911628,7.2,-0.2));
#5724 = VECTOR('',#5725,1.);
#5725 = DIRECTION('',(0.,0.,1.));
#5726 = ORIENTED_EDGE('',*,*,#1291,.F.);
#5727 = ORIENTED_EDGE('',*,*,#5697,.F.);
#5728 = PLANE('',#5729);
#5729 = AXIS2_PLACEMENT_3D('',#5730,#5731,#5732);
#5730 = CARTESIAN_POINT('',(-3.003233911628,7.2,-0.2));
#5731 = DIRECTION('',(0.92564336721,0.378397088703,0.));
#5732 = DIRECTION('',(0.378397088703,-0.92564336721,0.));
#5733 = ADVANCED_FACE('',(#5734),#5745,.F.);
#5734 = FACE_BOUND('',#5735,.F.);
#5735 = EDGE_LOOP('',(#5736,#5742,#5743,#5744));
#5736 = ORIENTED_EDGE('',*,*,#5737,.F.);
#5737 = EDGE_CURVE('',#5565,#5714,#5738,.T.);
#5738 = LINE('',#5739,#5740);
#5739 = CARTESIAN_POINT('',(-3.259547501744,7.2,-0.2));
#5740 = VECTOR('',#5741,1.);
#5741 = DIRECTION('',(1.,0.,0.));
#5742 = ORIENTED_EDGE('',*,*,#5579,.T.);
#5743 = ORIENTED_EDGE('',*,*,#1283,.F.);
#5744 = ORIENTED_EDGE('',*,*,#5721,.F.);
#5745 = PLANE('',#5746);
#5746 = AXIS2_PLACEMENT_3D('',#5747,#5748,#5749);
#5747 = CARTESIAN_POINT('',(-3.259547501744,7.2,-0.2));
#5748 = DIRECTION('',(0.,1.,0.));
#5749 = DIRECTION('',(1.,0.,0.));
#5750 = ADVANCED_FACE('',(#5751),#5776,.F.);
#5751 = FACE_BOUND('',#5752,.F.);
#5752 = EDGE_LOOP('',(#5753,#5763,#5769,#5770));
#5753 = ORIENTED_EDGE('',*,*,#5754,.F.);
#5754 = EDGE_CURVE('',#5755,#5757,#5759,.T.);
#5755 = VERTEX_POINT('',#5756);
#5756 = CARTESIAN_POINT('',(-2.106340743023,5.4,-0.2));
#5757 = VERTEX_POINT('',#5758);
#5758 = CARTESIAN_POINT('',(-2.106340743023,6.702906976744,-0.2));
#5759 = LINE('',#5760,#5761);
#5760 = CARTESIAN_POINT('',(-2.106340743023,5.4,-0.2));
#5761 = VECTOR('',#5762,1.);
#5762 = DIRECTION('',(0.,1.,0.));
#5763 = ORIENTED_EDGE('',*,*,#5764,.T.);
#5764 = EDGE_CURVE('',#5755,#1342,#5765,.T.);
#5765 = LINE('',#5766,#5767);
#5766 = CARTESIAN_POINT('',(-2.106340743023,5.4,-0.2));
#5767 = VECTOR('',#5768,1.);
#5768 = DIRECTION('',(0.,0.,1.));
#5769 = ORIENTED_EDGE('',*,*,#1339,.F.);
#5770 = ORIENTED_EDGE('',*,*,#5771,.F.);
#5771 = EDGE_CURVE('',#5757,#1340,#5772,.T.);
#5772 = LINE('',#5773,#5774);
#5773 = CARTESIAN_POINT('',(-2.106340743023,6.702906976744,-0.2));
#5774 = VECTOR('',#5775,1.);
#5775 = DIRECTION('',(0.,0.,1.));
#5776 = PLANE('',#5777);
#5777 = AXIS2_PLACEMENT_3D('',#5778,#5779,#5780);
#5778 = CARTESIAN_POINT('',(-2.106340743023,5.4,-0.2));
#5779 = DIRECTION('',(-1.,0.,0.));
#5780 = DIRECTION('',(0.,1.,0.));
#5781 = ADVANCED_FACE('',(#5782),#5800,.F.);
#5782 = FACE_BOUND('',#5783,.F.);
#5783 = EDGE_LOOP('',(#5784,#5792,#5798,#5799));
#5784 = ORIENTED_EDGE('',*,*,#5785,.F.);
#5785 = EDGE_CURVE('',#5786,#5755,#5788,.T.);
#5786 = VERTEX_POINT('',#5787);
#5787 = CARTESIAN_POINT('',(-1.885592196512,5.4,-0.2));
#5788 = LINE('',#5789,#5790);
#5789 = CARTESIAN_POINT('',(-1.885592196512,5.4,-0.2));
#5790 = VECTOR('',#5791,1.);
#5791 = DIRECTION('',(-1.,0.,0.));
#5792 = ORIENTED_EDGE('',*,*,#5793,.T.);
#5793 = EDGE_CURVE('',#5786,#1623,#5794,.T.);
#5794 = LINE('',#5795,#5796);
#5795 = CARTESIAN_POINT('',(-1.885592196512,5.4,-0.2));
#5796 = VECTOR('',#5797,1.);
#5797 = DIRECTION('',(0.,0.,1.));
#5798 = ORIENTED_EDGE('',*,*,#1630,.F.);
#5799 = ORIENTED_EDGE('',*,*,#5764,.F.);
#5800 = PLANE('',#5801);
#5801 = AXIS2_PLACEMENT_3D('',#5802,#5803,#5804);
#5802 = CARTESIAN_POINT('',(-1.885592196512,5.4,-0.2));
#5803 = DIRECTION('',(0.,-1.,0.));
#5804 = DIRECTION('',(-1.,0.,0.));
#5805 = ADVANCED_FACE('',(#5806),#5824,.F.);
#5806 = FACE_BOUND('',#5807,.F.);
#5807 = EDGE_LOOP('',(#5808,#5816,#5822,#5823));
#5808 = ORIENTED_EDGE('',*,*,#5809,.F.);
#5809 = EDGE_CURVE('',#5810,#5786,#5812,.T.);
#5810 = VERTEX_POINT('',#5811);
#5811 = CARTESIAN_POINT('',(-1.885592196512,6.075081758721,-0.2));
#5812 = LINE('',#5813,#5814);
#5813 = CARTESIAN_POINT('',(-1.885592196512,6.075081758721,-0.2));
#5814 = VECTOR('',#5815,1.);
#5815 = DIRECTION('',(0.,-1.,0.));
#5816 = ORIENTED_EDGE('',*,*,#5817,.T.);
#5817 = EDGE_CURVE('',#5810,#1612,#5818,.T.);
#5818 = LINE('',#5819,#5820);
#5819 = CARTESIAN_POINT('',(-1.885592196512,6.075081758721,-0.2));
#5820 = VECTOR('',#5821,1.);
#5821 = DIRECTION('',(0.,0.,1.));
#5822 = ORIENTED_EDGE('',*,*,#1622,.F.);
#5823 = ORIENTED_EDGE('',*,*,#5793,.F.);
#5824 = PLANE('',#5825);
#5825 = AXIS2_PLACEMENT_3D('',#5826,#5827,#5828);
#5826 = CARTESIAN_POINT('',(-1.885592196512,6.075081758721,-0.2));
#5827 = DIRECTION('',(1.,0.,0.));
#5828 = DIRECTION('',(0.,-1.,0.));
#5829 = ADVANCED_FACE('',(#5830),#5848,.F.);
#5830 = FACE_BOUND('',#5831,.F.);
#5831 = EDGE_LOOP('',(#5832,#5840,#5846,#5847));
#5832 = ORIENTED_EDGE('',*,*,#5833,.F.);
#5833 = EDGE_CURVE('',#5834,#5810,#5836,.T.);
#5834 = VERTEX_POINT('',#5835);
#5835 = CARTESIAN_POINT('',(-1.850027152907,6.347011264535,-0.2));
#5836 = B_SPLINE_CURVE_WITH_KNOTS('',2,(#5837,#5838,#5839),
  .UNSPECIFIED.,.F.,.F.,(3,3),(0.,1.),.PIECEWISE_BEZIER_KNOTS.);
#5837 = CARTESIAN_POINT('',(-1.850027152907,6.347011264535,-0.2));
#5838 = CARTESIAN_POINT('',(-1.885592196512,6.252743459302,-0.2));
#5839 = CARTESIAN_POINT('',(-1.885592196512,6.075081758721,-0.2));
#5840 = ORIENTED_EDGE('',*,*,#5841,.T.);
#5841 = EDGE_CURVE('',#5834,#1599,#5842,.T.);
#5842 = LINE('',#5843,#5844);
#5843 = CARTESIAN_POINT('',(-1.850027152907,6.347011264535,-0.2));
#5844 = VECTOR('',#5845,1.);
#5845 = DIRECTION('',(0.,0.,1.));
#5846 = ORIENTED_EDGE('',*,*,#1611,.F.);
#5847 = ORIENTED_EDGE('',*,*,#5817,.F.);
#5848 = SURFACE_OF_LINEAR_EXTRUSION('',#5849,#5853);
#5849 = B_SPLINE_CURVE_WITH_KNOTS('',2,(#5850,#5851,#5852),
  .UNSPECIFIED.,.F.,.F.,(3,3),(0.,1.),.PIECEWISE_BEZIER_KNOTS.);
#5850 = CARTESIAN_POINT('',(-1.850027152907,6.347011264535,-0.2));
#5851 = CARTESIAN_POINT('',(-1.885592196512,6.252743459302,-0.2));
#5852 = CARTESIAN_POINT('',(-1.885592196512,6.075081758721,-0.2));
#5853 = VECTOR('',#5854,1.);
#5854 = DIRECTION('',(-0.,-0.,-1.));
#5855 = ADVANCED_FACE('',(#5856),#5874,.F.);
#5856 = FACE_BOUND('',#5857,.F.);
#5857 = EDGE_LOOP('',(#5858,#5866,#5872,#5873));
#5858 = ORIENTED_EDGE('',*,*,#5859,.F.);
#5859 = EDGE_CURVE('',#5860,#5834,#5862,.T.);
#5860 = VERTEX_POINT('',#5861);
#5861 = CARTESIAN_POINT('',(-1.735401426163,6.490334302326,-0.2));
#5862 = B_SPLINE_CURVE_WITH_KNOTS('',2,(#5863,#5864,#5865),
  .UNSPECIFIED.,.F.,.F.,(3,3),(0.,1.),.PIECEWISE_BEZIER_KNOTS.);
#5863 = CARTESIAN_POINT('',(-1.735401426163,6.490334302326,-0.2));
#5864 = CARTESIAN_POINT('',(-1.814462109302,6.441360828488,-0.2));
#5865 = CARTESIAN_POINT('',(-1.850027152907,6.347011264535,-0.2));
#5866 = ORIENTED_EDGE('',*,*,#5867,.T.);
#5867 = EDGE_CURVE('',#5860,#1586,#5868,.T.);
#5868 = LINE('',#5869,#5870);
#5869 = CARTESIAN_POINT('',(-1.735401426163,6.490334302326,-0.2));
#5870 = VECTOR('',#5871,1.);
#5871 = DIRECTION('',(0.,0.,1.));
#5872 = ORIENTED_EDGE('',*,*,#1598,.F.);
#5873 = ORIENTED_EDGE('',*,*,#5841,.F.);
#5874 = SURFACE_OF_LINEAR_EXTRUSION('',#5875,#5879);
#5875 = B_SPLINE_CURVE_WITH_KNOTS('',2,(#5876,#5877,#5878),
  .UNSPECIFIED.,.F.,.F.,(3,3),(0.,1.),.PIECEWISE_BEZIER_KNOTS.);
#5876 = CARTESIAN_POINT('',(-1.735401426163,6.490334302326,-0.2));
#5877 = CARTESIAN_POINT('',(-1.814462109302,6.441360828488,-0.2));
#5878 = CARTESIAN_POINT('',(-1.850027152907,6.347011264535,-0.2));
#5879 = VECTOR('',#5880,1.);
#5880 = DIRECTION('',(-0.,-0.,-1.));
#5881 = ADVANCED_FACE('',(#5882),#5900,.F.);
#5882 = FACE_BOUND('',#5883,.F.);
#5883 = EDGE_LOOP('',(#5884,#5892,#5898,#5899));
#5884 = ORIENTED_EDGE('',*,*,#5885,.F.);
#5885 = EDGE_CURVE('',#5886,#5860,#5888,.T.);
#5886 = VERTEX_POINT('',#5887);
#5887 = CARTESIAN_POINT('',(-1.563054042442,6.539389534884,-0.2));
#5888 = B_SPLINE_CURVE_WITH_KNOTS('',2,(#5889,#5890,#5891),
  .UNSPECIFIED.,.F.,.F.,(3,3),(0.,1.),.PIECEWISE_BEZIER_KNOTS.);
#5889 = CARTESIAN_POINT('',(-1.563054042442,6.539389534884,-0.2));
#5890 = CARTESIAN_POINT('',(-1.656258984302,6.539389534884,-0.2));
#5891 = CARTESIAN_POINT('',(-1.735401426163,6.490334302326,-0.2));
#5892 = ORIENTED_EDGE('',*,*,#5893,.T.);
#5893 = EDGE_CURVE('',#5886,#1571,#5894,.T.);
#5894 = LINE('',#5895,#5896);
#5895 = CARTESIAN_POINT('',(-1.563054042442,6.539389534884,-0.2));
#5896 = VECTOR('',#5897,1.);
#5897 = DIRECTION('',(0.,0.,1.));
#5898 = ORIENTED_EDGE('',*,*,#1585,.F.);
#5899 = ORIENTED_EDGE('',*,*,#5867,.F.);
#5900 = SURFACE_OF_LINEAR_EXTRUSION('',#5901,#5905);
#5901 = B_SPLINE_CURVE_WITH_KNOTS('',2,(#5902,#5903,#5904),
  .UNSPECIFIED.,.F.,.F.,(3,3),(0.,1.),.PIECEWISE_BEZIER_KNOTS.);
#5902 = CARTESIAN_POINT('',(-1.563054042442,6.539389534884,-0.2));
#5903 = CARTESIAN_POINT('',(-1.656258984302,6.539389534884,-0.2));
#5904 = CARTESIAN_POINT('',(-1.735401426163,6.490334302326,-0.2));
#5905 = VECTOR('',#5906,1.);
#5906 = DIRECTION('',(-0.,-0.,-1.));
#5907 = ADVANCED_FACE('',(#5908),#5926,.F.);
#5908 = FACE_BOUND('',#5909,.F.);
#5909 = EDGE_LOOP('',(#5910,#5918,#5924,#5925));
#5910 = ORIENTED_EDGE('',*,*,#5911,.F.);
#5911 = EDGE_CURVE('',#5912,#5886,#5914,.T.);
#5912 = VERTEX_POINT('',#5913);
#5913 = CARTESIAN_POINT('',(-1.386455205233,6.465888444767,-0.2));
#5914 = B_SPLINE_CURVE_WITH_KNOTS('',2,(#5915,#5916,#5917),
  .UNSPECIFIED.,.F.,.F.,(3,3),(0.,1.),.PIECEWISE_BEZIER_KNOTS.);
#5915 = CARTESIAN_POINT('',(-1.386455205233,6.465888444767,-0.2));
#5916 = CARTESIAN_POINT('',(-1.440415961047,6.539389534884,-0.2));
#5917 = CARTESIAN_POINT('',(-1.563054042442,6.539389534884,-0.2));
#5918 = ORIENTED_EDGE('',*,*,#5919,.T.);
#5919 = EDGE_CURVE('',#5912,#1560,#5920,.T.);
#5920 = LINE('',#5921,#5922);
#5921 = CARTESIAN_POINT('',(-1.386455205233,6.465888444767,-0.2));
#5922 = VECTOR('',#5923,1.);
#5923 = DIRECTION('',(0.,0.,1.));
#5924 = ORIENTED_EDGE('',*,*,#1570,.F.);
#5925 = ORIENTED_EDGE('',*,*,#5893,.F.);
#5926 = SURFACE_OF_LINEAR_EXTRUSION('',#5927,#5931);
#5927 = B_SPLINE_CURVE_WITH_KNOTS('',2,(#5928,#5929,#5930),
  .UNSPECIFIED.,.F.,.F.,(3,3),(0.,1.),.PIECEWISE_BEZIER_KNOTS.);
#5928 = CARTESIAN_POINT('',(-1.386455205233,6.465888444767,-0.2));
#5929 = CARTESIAN_POINT('',(-1.440415961047,6.539389534884,-0.2));
#5930 = CARTESIAN_POINT('',(-1.563054042442,6.539389534884,-0.2));
#5931 = VECTOR('',#5932,1.);
#5932 = DIRECTION('',(-0.,-0.,-1.));
#5933 = ADVANCED_FACE('',(#5934),#5952,.F.);
#5934 = FACE_BOUND('',#5935,.F.);
#5935 = EDGE_LOOP('',(#5936,#5944,#5950,#5951));
#5936 = ORIENTED_EDGE('',*,*,#5937,.F.);
#5937 = EDGE_CURVE('',#5938,#5912,#5940,.T.);
#5938 = VERTEX_POINT('',#5939);
#5939 = CARTESIAN_POINT('',(-1.332494449419,6.245385174419,-0.2));
#5940 = B_SPLINE_CURVE_WITH_KNOTS('',2,(#5941,#5942,#5943),
  .UNSPECIFIED.,.F.,.F.,(3,3),(0.,1.),.PIECEWISE_BEZIER_KNOTS.);
#5941 = CARTESIAN_POINT('',(-1.332494449419,6.245385174419,-0.2));
#5942 = CARTESIAN_POINT('',(-1.332494449419,6.392387354651,-0.2));
#5943 = CARTESIAN_POINT('',(-1.386455205233,6.465888444767,-0.2));
#5944 = ORIENTED_EDGE('',*,*,#5945,.T.);
#5945 = EDGE_CURVE('',#5938,#1552,#5946,.T.);
#5946 = LINE('',#5947,#5948);
#5947 = CARTESIAN_POINT('',(-1.332494449419,6.245385174419,-0.2));
#5948 = VECTOR('',#5949,1.);
#5949 = DIRECTION('',(0.,0.,1.));
#5950 = ORIENTED_EDGE('',*,*,#1559,.F.);
#5951 = ORIENTED_EDGE('',*,*,#5919,.F.);
#5952 = SURFACE_OF_LINEAR_EXTRUSION('',#5953,#5957);
#5953 = B_SPLINE_CURVE_WITH_KNOTS('',2,(#5954,#5955,#5956),
  .UNSPECIFIED.,.F.,.F.,(3,3),(0.,1.),.PIECEWISE_BEZIER_KNOTS.);
#5954 = CARTESIAN_POINT('',(-1.332494449419,6.245385174419,-0.2));
#5955 = CARTESIAN_POINT('',(-1.332494449419,6.392387354651,-0.2));
#5956 = CARTESIAN_POINT('',(-1.386455205233,6.465888444767,-0.2));
#5957 = VECTOR('',#5958,1.);
#5958 = DIRECTION('',(-0.,-0.,-1.));
#5959 = ADVANCED_FACE('',(#5960),#5978,.F.);
#5960 = FACE_BOUND('',#5961,.F.);
#5961 = EDGE_LOOP('',(#5962,#5970,#5976,#5977));
#5962 = ORIENTED_EDGE('',*,*,#5963,.F.);
#5963 = EDGE_CURVE('',#5964,#5938,#5966,.T.);
#5964 = VERTEX_POINT('',#5965);
#5965 = CARTESIAN_POINT('',(-1.332494449419,5.4,-0.2));
#5966 = LINE('',#5967,#5968);
#5967 = CARTESIAN_POINT('',(-1.332494449419,5.4,-0.2));
#5968 = VECTOR('',#5969,1.);
#5969 = DIRECTION('',(0.,1.,0.));
#5970 = ORIENTED_EDGE('',*,*,#5971,.T.);
#5971 = EDGE_CURVE('',#5964,#1544,#5972,.T.);
#5972 = LINE('',#5973,#5974);
#5973 = CARTESIAN_POINT('',(-1.332494449419,5.4,-0.2));
#5974 = VECTOR('',#5975,1.);
#5975 = DIRECTION('',(0.,0.,1.));
#5976 = ORIENTED_EDGE('',*,*,#1551,.F.);
#5977 = ORIENTED_EDGE('',*,*,#5945,.F.);
#5978 = PLANE('',#5979);
#5979 = AXIS2_PLACEMENT_3D('',#5980,#5981,#5982);
#5980 = CARTESIAN_POINT('',(-1.332494449419,5.4,-0.2));
#5981 = DIRECTION('',(-1.,0.,0.));
#5982 = DIRECTION('',(0.,1.,0.));
#5983 = ADVANCED_FACE('',(#5984),#6002,.F.);
#5984 = FACE_BOUND('',#5985,.F.);
#5985 = EDGE_LOOP('',(#5986,#5994,#6000,#6001));
#5986 = ORIENTED_EDGE('',*,*,#5987,.F.);
#5987 = EDGE_CURVE('',#5988,#5964,#5990,.T.);
#5988 = VERTEX_POINT('',#5989);
#5989 = CARTESIAN_POINT('',(-1.111745902907,5.4,-0.2));
#5990 = LINE('',#5991,#5992);
#5991 = CARTESIAN_POINT('',(-1.111745902907,5.4,-0.2));
#5992 = VECTOR('',#5993,1.);
#5993 = DIRECTION('',(-1.,0.,0.));
#5994 = ORIENTED_EDGE('',*,*,#5995,.T.);
#5995 = EDGE_CURVE('',#5988,#1536,#5996,.T.);
#5996 = LINE('',#5997,#5998);
#5997 = CARTESIAN_POINT('',(-1.111745902907,5.4,-0.2));
#5998 = VECTOR('',#5999,1.);
#5999 = DIRECTION('',(0.,0.,1.));
#6000 = ORIENTED_EDGE('',*,*,#1543,.F.);
#6001 = ORIENTED_EDGE('',*,*,#5971,.F.);
#6002 = PLANE('',#6003);
#6003 = AXIS2_PLACEMENT_3D('',#6004,#6005,#6006);
#6004 = CARTESIAN_POINT('',(-1.111745902907,5.4,-0.2));
#6005 = DIRECTION('',(0.,-1.,0.));
#6006 = DIRECTION('',(-1.,0.,0.));
#6007 = ADVANCED_FACE('',(#6008),#6026,.F.);
#6008 = FACE_BOUND('',#6009,.F.);
#6009 = EDGE_LOOP('',(#6010,#6018,#6024,#6025));
#6010 = ORIENTED_EDGE('',*,*,#6011,.F.);
#6011 = EDGE_CURVE('',#6012,#5988,#6014,.T.);
#6012 = VERTEX_POINT('',#6013);
#6013 = CARTESIAN_POINT('',(-1.111745902907,6.155941133721,-0.2));
#6014 = LINE('',#6015,#6016);
#6015 = CARTESIAN_POINT('',(-1.111745902907,6.155941133721,-0.2));
#6016 = VECTOR('',#6017,1.);
#6017 = DIRECTION('',(0.,-1.,0.));
#6018 = ORIENTED_EDGE('',*,*,#6019,.T.);
#6019 = EDGE_CURVE('',#6012,#1525,#6020,.T.);
#6020 = LINE('',#6021,#6022);
#6021 = CARTESIAN_POINT('',(-1.111745902907,6.155941133721,-0.2));
#6022 = VECTOR('',#6023,1.);
#6023 = DIRECTION('',(0.,0.,1.));
#6024 = ORIENTED_EDGE('',*,*,#1535,.F.);
#6025 = ORIENTED_EDGE('',*,*,#5995,.F.);
#6026 = PLANE('',#6027);
#6027 = AXIS2_PLACEMENT_3D('',#6028,#6029,#6030);
#6028 = CARTESIAN_POINT('',(-1.111745902907,6.155941133721,-0.2));
#6029 = DIRECTION('',(1.,0.,0.));
#6030 = DIRECTION('',(0.,-1.,0.));
#6031 = ADVANCED_FACE('',(#6032),#6050,.F.);
#6032 = FACE_BOUND('',#6033,.F.);
#6033 = EDGE_LOOP('',(#6034,#6042,#6048,#6049));
#6034 = ORIENTED_EDGE('',*,*,#6035,.F.);
#6035 = EDGE_CURVE('',#6036,#6012,#6038,.T.);
#6036 = VERTEX_POINT('',#6037);
#6037 = CARTESIAN_POINT('',(-1.020993722674,6.448065043605,-0.2));
#6038 = B_SPLINE_CURVE_WITH_KNOTS('',2,(#6039,#6040,#6041),
  .UNSPECIFIED.,.F.,.F.,(3,3),(0.,1.),.PIECEWISE_BEZIER_KNOTS.);
#6039 = CARTESIAN_POINT('',(-1.020993722674,6.448065043605,-0.2));
#6040 = CARTESIAN_POINT('',(-1.111745902907,6.356822311047,-0.2));
#6041 = CARTESIAN_POINT('',(-1.111745902907,6.155941133721,-0.2));
#6042 = ORIENTED_EDGE('',*,*,#6043,.T.);
#6043 = EDGE_CURVE('',#6036,#1512,#6044,.T.);
#6044 = LINE('',#6045,#6046);
#6045 = CARTESIAN_POINT('',(-1.020993722674,6.448065043605,-0.2));
#6046 = VECTOR('',#6047,1.);
#6047 = DIRECTION('',(0.,0.,1.));
#6048 = ORIENTED_EDGE('',*,*,#1524,.F.);
#6049 = ORIENTED_EDGE('',*,*,#6019,.F.);
#6050 = SURFACE_OF_LINEAR_EXTRUSION('',#6051,#6055);
#6051 = B_SPLINE_CURVE_WITH_KNOTS('',2,(#6052,#6053,#6054),
  .UNSPECIFIED.,.F.,.F.,(3,3),(0.,1.),.PIECEWISE_BEZIER_KNOTS.);
#6052 = CARTESIAN_POINT('',(-1.020993722674,6.448065043605,-0.2));
#6053 = CARTESIAN_POINT('',(-1.111745902907,6.356822311047,-0.2));
#6054 = CARTESIAN_POINT('',(-1.111745902907,6.155941133721,-0.2));
#6055 = VECTOR('',#6056,1.);
#6056 = DIRECTION('',(-0.,-0.,-1.));
#6057 = ADVANCED_FACE('',(#6058),#6076,.F.);
#6058 = FACE_BOUND('',#6059,.F.);
#6059 = EDGE_LOOP('',(#6060,#6068,#6074,#6075));
#6060 = ORIENTED_EDGE('',*,*,#6061,.F.);
#6061 = EDGE_CURVE('',#6062,#6036,#6064,.T.);
#6062 = VERTEX_POINT('',#6063);
#6063 = CARTESIAN_POINT('',(-0.792886891279,6.539389534884,-0.2));
#6064 = B_SPLINE_CURVE_WITH_KNOTS('',2,(#6065,#6066,#6067),
  .UNSPECIFIED.,.F.,.F.,(3,3),(0.,1.),.PIECEWISE_BEZIER_KNOTS.);
#6065 = CARTESIAN_POINT('',(-0.792886891279,6.539389534884,-0.2));
#6066 = CARTESIAN_POINT('',(-0.930241542442,6.539389534884,-0.2));
#6067 = CARTESIAN_POINT('',(-1.020993722674,6.448065043605,-0.2));
#6068 = ORIENTED_EDGE('',*,*,#6069,.T.);
#6069 = EDGE_CURVE('',#6062,#1502,#6070,.T.);
#6070 = LINE('',#6071,#6072);
#6071 = CARTESIAN_POINT('',(-0.792886891279,6.539389534884,-0.2));
#6072 = VECTOR('',#6073,1.);
#6073 = DIRECTION('',(0.,0.,1.));
#6074 = ORIENTED_EDGE('',*,*,#1511,.F.);
#6075 = ORIENTED_EDGE('',*,*,#6043,.F.);
#6076 = SURFACE_OF_LINEAR_EXTRUSION('',#6077,#6081);
#6077 = B_SPLINE_CURVE_WITH_KNOTS('',2,(#6078,#6079,#6080),
  .UNSPECIFIED.,.F.,.F.,(3,3),(0.,1.),.PIECEWISE_BEZIER_KNOTS.);
#6078 = CARTESIAN_POINT('',(-0.792886891279,6.539389534884,-0.2));
#6079 = CARTESIAN_POINT('',(-0.930241542442,6.539389534884,-0.2));
#6080 = CARTESIAN_POINT('',(-1.020993722674,6.448065043605,-0.2));
#6081 = VECTOR('',#6082,1.);
#6082 = DIRECTION('',(-0.,-0.,-1.));
#6083 = ADVANCED_FACE('',(#6084),#6102,.F.);
#6084 = FACE_BOUND('',#6085,.F.);
#6085 = EDGE_LOOP('',(#6086,#6094,#6100,#6101));
#6086 = ORIENTED_EDGE('',*,*,#6087,.F.);
#6087 = EDGE_CURVE('',#6088,#6062,#6090,.T.);
#6088 = VERTEX_POINT('',#6089);
#6089 = CARTESIAN_POINT('',(-0.660437763372,6.503824491279,-0.2));
#6090 = B_SPLINE_CURVE_WITH_KNOTS('',2,(#6091,#6092,#6093),
  .UNSPECIFIED.,.F.,.F.,(3,3),(0.,1.),.PIECEWISE_BEZIER_KNOTS.);
#6091 = CARTESIAN_POINT('',(-0.660437763372,6.503824491279,-0.2));
#6092 = CARTESIAN_POINT('',(-0.716851280814,6.539389534884,-0.2));
#6093 = CARTESIAN_POINT('',(-0.792886891279,6.539389534884,-0.2));
#6094 = ORIENTED_EDGE('',*,*,#6095,.T.);
#6095 = EDGE_CURVE('',#6088,#1489,#6096,.T.);
#6096 = LINE('',#6097,#6098);
#6097 = CARTESIAN_POINT('',(-0.660437763372,6.503824491279,-0.2));
#6098 = VECTOR('',#6099,1.);
#6099 = DIRECTION('',(0.,0.,1.));
#6100 = ORIENTED_EDGE('',*,*,#1501,.F.);
#6101 = ORIENTED_EDGE('',*,*,#6069,.F.);
#6102 = SURFACE_OF_LINEAR_EXTRUSION('',#6103,#6107);
#6103 = B_SPLINE_CURVE_WITH_KNOTS('',2,(#6104,#6105,#6106),
  .UNSPECIFIED.,.F.,.F.,(3,3),(0.,1.),.PIECEWISE_BEZIER_KNOTS.);
#6104 = CARTESIAN_POINT('',(-0.660437763372,6.503824491279,-0.2));
#6105 = CARTESIAN_POINT('',(-0.716851280814,6.539389534884,-0.2));
#6106 = CARTESIAN_POINT('',(-0.792886891279,6.539389534884,-0.2));
#6107 = VECTOR('',#6108,1.);
#6108 = DIRECTION('',(-0.,-0.,-1.));
#6109 = ADVANCED_FACE('',(#6110),#6128,.F.);
#6110 = FACE_BOUND('',#6111,.F.);
#6111 = EDGE_LOOP('',(#6112,#6120,#6126,#6127));
#6112 = ORIENTED_EDGE('',*,*,#6113,.F.);
#6113 = EDGE_CURVE('',#6114,#6088,#6116,.T.);
#6114 = VERTEX_POINT('',#6115);
#6115 = CARTESIAN_POINT('',(-0.582603461047,6.410128997093,-0.2));
#6116 = B_SPLINE_CURVE_WITH_KNOTS('',2,(#6117,#6118,#6119),
  .UNSPECIFIED.,.F.,.F.,(3,3),(0.,1.),.PIECEWISE_BEZIER_KNOTS.);
#6117 = CARTESIAN_POINT('',(-0.582603461047,6.410128997093,-0.2));
#6118 = CARTESIAN_POINT('',(-0.60402424593,6.468341206395,-0.2));
#6119 = CARTESIAN_POINT('',(-0.660437763372,6.503824491279,-0.2));
#6120 = ORIENTED_EDGE('',*,*,#6121,.T.);
#6121 = EDGE_CURVE('',#6114,#1478,#6122,.T.);
#6122 = LINE('',#6123,#6124);
#6123 = CARTESIAN_POINT('',(-0.582603461047,6.410128997093,-0.2));
#6124 = VECTOR('',#6125,1.);
#6125 = DIRECTION('',(0.,0.,1.));
#6126 = ORIENTED_EDGE('',*,*,#1488,.F.);
#6127 = ORIENTED_EDGE('',*,*,#6095,.F.);
#6128 = SURFACE_OF_LINEAR_EXTRUSION('',#6129,#6133);
#6129 = B_SPLINE_CURVE_WITH_KNOTS('',2,(#6130,#6131,#6132),
  .UNSPECIFIED.,.F.,.F.,(3,3),(0.,1.),.PIECEWISE_BEZIER_KNOTS.);
#6130 = CARTESIAN_POINT('',(-0.582603461047,6.410128997093,-0.2));
#6131 = CARTESIAN_POINT('',(-0.60402424593,6.468341206395,-0.2));
#6132 = CARTESIAN_POINT('',(-0.660437763372,6.503824491279,-0.2));
#6133 = VECTOR('',#6134,1.);
#6134 = DIRECTION('',(-0.,-0.,-1.));
#6135 = ADVANCED_FACE('',(#6136),#6154,.F.);
#6136 = FACE_BOUND('',#6137,.F.);
#6137 = EDGE_LOOP('',(#6138,#6146,#6152,#6153));
#6138 = ORIENTED_EDGE('',*,*,#6139,.F.);
#6139 = EDGE_CURVE('',#6140,#6114,#6142,.T.);
#6140 = VERTEX_POINT('',#6141);
#6141 = CARTESIAN_POINT('',(-0.561100917442,6.219631177326,-0.2));
#6142 = B_SPLINE_CURVE_WITH_KNOTS('',2,(#6143,#6144,#6145),
  .UNSPECIFIED.,.F.,.F.,(3,3),(0.,1.),.PIECEWISE_BEZIER_KNOTS.);
#6143 = CARTESIAN_POINT('',(-0.561100917442,6.219631177326,-0.2));
#6144 = CARTESIAN_POINT('',(-0.561100917442,6.351916787791,-0.2));
#6145 = CARTESIAN_POINT('',(-0.582603461047,6.410128997093,-0.2));
#6146 = ORIENTED_EDGE('',*,*,#6147,.T.);
#6147 = EDGE_CURVE('',#6140,#1470,#6148,.T.);
#6148 = LINE('',#6149,#6150);
#6149 = CARTESIAN_POINT('',(-0.561100917442,6.219631177326,-0.2));
#6150 = VECTOR('',#6151,1.);
#6151 = DIRECTION('',(0.,0.,1.));
#6152 = ORIENTED_EDGE('',*,*,#1477,.F.);
#6153 = ORIENTED_EDGE('',*,*,#6121,.F.);
#6154 = SURFACE_OF_LINEAR_EXTRUSION('',#6155,#6159);
#6155 = B_SPLINE_CURVE_WITH_KNOTS('',2,(#6156,#6157,#6158),
  .UNSPECIFIED.,.F.,.F.,(3,3),(0.,1.),.PIECEWISE_BEZIER_KNOTS.);
#6156 = CARTESIAN_POINT('',(-0.561100917442,6.219631177326,-0.2));
#6157 = CARTESIAN_POINT('',(-0.561100917442,6.351916787791,-0.2));
#6158 = CARTESIAN_POINT('',(-0.582603461047,6.410128997093,-0.2));
#6159 = VECTOR('',#6160,1.);
#6160 = DIRECTION('',(-0.,-0.,-1.));
#6161 = ADVANCED_FACE('',(#6162),#6180,.F.);
#6162 = FACE_BOUND('',#6163,.F.);
#6163 = EDGE_LOOP('',(#6164,#6172,#6178,#6179));
#6164 = ORIENTED_EDGE('',*,*,#6165,.F.);
#6165 = EDGE_CURVE('',#6166,#6140,#6168,.T.);
#6166 = VERTEX_POINT('',#6167);
#6167 = CARTESIAN_POINT('',(-0.561100917442,5.4,-0.2));
#6168 = LINE('',#6169,#6170);
#6169 = CARTESIAN_POINT('',(-0.561100917442,5.4,-0.2));
#6170 = VECTOR('',#6171,1.);
#6171 = DIRECTION('',(0.,1.,0.));
#6172 = ORIENTED_EDGE('',*,*,#6173,.T.);
#6173 = EDGE_CURVE('',#6166,#1462,#6174,.T.);
#6174 = LINE('',#6175,#6176);
#6175 = CARTESIAN_POINT('',(-0.561100917442,5.4,-0.2));
#6176 = VECTOR('',#6177,1.);
#6177 = DIRECTION('',(0.,0.,1.));
#6178 = ORIENTED_EDGE('',*,*,#1469,.F.);
#6179 = ORIENTED_EDGE('',*,*,#6147,.F.);
#6180 = PLANE('',#6181);
#6181 = AXIS2_PLACEMENT_3D('',#6182,#6183,#6184);
#6182 = CARTESIAN_POINT('',(-0.561100917442,5.4,-0.2));
#6183 = DIRECTION('',(-1.,0.,0.));
#6184 = DIRECTION('',(0.,1.,0.));
#6185 = ADVANCED_FACE('',(#6186),#6204,.F.);
#6186 = FACE_BOUND('',#6187,.F.);
#6187 = EDGE_LOOP('',(#6188,#6196,#6202,#6203));
#6188 = ORIENTED_EDGE('',*,*,#6189,.F.);
#6189 = EDGE_CURVE('',#6190,#6166,#6192,.T.);
#6190 = VERTEX_POINT('',#6191);
#6191 = CARTESIAN_POINT('',(-0.341578751744,5.4,-0.2));
#6192 = LINE('',#6193,#6194);
#6193 = CARTESIAN_POINT('',(-0.341578751744,5.4,-0.2));
#6194 = VECTOR('',#6195,1.);
#6195 = DIRECTION('',(-1.,0.,0.));
#6196 = ORIENTED_EDGE('',*,*,#6197,.T.);
#6197 = EDGE_CURVE('',#6190,#1454,#6198,.T.);
#6198 = LINE('',#6199,#6200);
#6199 = CARTESIAN_POINT('',(-0.341578751744,5.4,-0.2));
#6200 = VECTOR('',#6201,1.);
#6201 = DIRECTION('',(0.,0.,1.));
#6202 = ORIENTED_EDGE('',*,*,#1461,.F.);
#6203 = ORIENTED_EDGE('',*,*,#6173,.F.);
#6204 = PLANE('',#6205);
#6205 = AXIS2_PLACEMENT_3D('',#6206,#6207,#6208);
#6206 = CARTESIAN_POINT('',(-0.341578751744,5.4,-0.2));
#6207 = DIRECTION('',(0.,-1.,0.));
#6208 = DIRECTION('',(-1.,0.,0.));
#6209 = ADVANCED_FACE('',(#6210),#6228,.F.);
#6210 = FACE_BOUND('',#6211,.F.);
#6211 = EDGE_LOOP('',(#6212,#6220,#6226,#6227));
#6212 = ORIENTED_EDGE('',*,*,#6213,.F.);
#6213 = EDGE_CURVE('',#6214,#6190,#6216,.T.);
#6214 = VERTEX_POINT('',#6215);
#6215 = CARTESIAN_POINT('',(-0.341578751744,6.292151162791,-0.2));
#6216 = LINE('',#6217,#6218);
#6217 = CARTESIAN_POINT('',(-0.341578751744,6.292151162791,-0.2));
#6218 = VECTOR('',#6219,1.);
#6219 = DIRECTION('',(0.,-1.,0.));
#6220 = ORIENTED_EDGE('',*,*,#6221,.T.);
#6221 = EDGE_CURVE('',#6214,#1443,#6222,.T.);
#6222 = LINE('',#6223,#6224);
#6223 = CARTESIAN_POINT('',(-0.341578751744,6.292151162791,-0.2));
#6224 = VECTOR('',#6225,1.);
#6225 = DIRECTION('',(0.,0.,1.));
#6226 = ORIENTED_EDGE('',*,*,#1453,.F.);
#6227 = ORIENTED_EDGE('',*,*,#6197,.F.);
#6228 = PLANE('',#6229);
#6229 = AXIS2_PLACEMENT_3D('',#6230,#6231,#6232);
#6230 = CARTESIAN_POINT('',(-0.341578751744,6.292151162791,-0.2));
#6231 = DIRECTION('',(1.,0.,0.));
#6232 = DIRECTION('',(0.,-1.,0.));
#6233 = ADVANCED_FACE('',(#6234),#6252,.F.);
#6234 = FACE_BOUND('',#6235,.F.);
#6235 = EDGE_LOOP('',(#6236,#6244,#6250,#6251));
#6236 = ORIENTED_EDGE('',*,*,#6237,.F.);
#6237 = EDGE_CURVE('',#6238,#6214,#6240,.T.);
#6238 = VERTEX_POINT('',#6239);
#6239 = CARTESIAN_POINT('',(-0.44582112093,6.621965843023,-0.2));
#6240 = B_SPLINE_CURVE_WITH_KNOTS('',2,(#6241,#6242,#6243),
  .UNSPECIFIED.,.F.,.F.,(3,3),(0.,1.),.PIECEWISE_BEZIER_KNOTS.);
#6241 = CARTESIAN_POINT('',(-0.44582112093,6.621965843023,-0.2));
#6242 = CARTESIAN_POINT('',(-0.341578751744,6.514861918605,-0.2));
#6243 = CARTESIAN_POINT('',(-0.341578751744,6.292151162791,-0.2));
#6244 = ORIENTED_EDGE('',*,*,#6245,.T.);
#6245 = EDGE_CURVE('',#6238,#1428,#6246,.T.);
#6246 = LINE('',#6247,#6248);
#6247 = CARTESIAN_POINT('',(-0.44582112093,6.621965843023,-0.2));
#6248 = VECTOR('',#6249,1.);
#6249 = DIRECTION('',(0.,0.,1.));
#6250 = ORIENTED_EDGE('',*,*,#1442,.F.);
#6251 = ORIENTED_EDGE('',*,*,#6221,.F.);
#6252 = SURFACE_OF_LINEAR_EXTRUSION('',#6253,#6257);
#6253 = B_SPLINE_CURVE_WITH_KNOTS('',2,(#6254,#6255,#6256),
  .UNSPECIFIED.,.F.,.F.,(3,3),(0.,1.),.PIECEWISE_BEZIER_KNOTS.);
#6254 = CARTESIAN_POINT('',(-0.44582112093,6.621965843023,-0.2));
#6255 = CARTESIAN_POINT('',(-0.341578751744,6.514861918605,-0.2));
#6256 = CARTESIAN_POINT('',(-0.341578751744,6.292151162791,-0.2));
#6257 = VECTOR('',#6258,1.);
#6258 = DIRECTION('',(-0.,-0.,-1.));
#6259 = ADVANCED_FACE('',(#6260),#6278,.F.);
#6260 = FACE_BOUND('',#6261,.F.);
#6261 = EDGE_LOOP('',(#6262,#6270,#6276,#6277));
#6262 = ORIENTED_EDGE('',*,*,#6263,.F.);
#6263 = EDGE_CURVE('',#6264,#6238,#6266,.T.);
#6264 = VERTEX_POINT('',#6265);
#6265 = CARTESIAN_POINT('',(-0.743831658721,6.729069767442,-0.2));
#6266 = B_SPLINE_CURVE_WITH_KNOTS('',2,(#6267,#6268,#6269),
  .UNSPECIFIED.,.F.,.F.,(3,3),(0.,1.),.PIECEWISE_BEZIER_KNOTS.);
#6267 = CARTESIAN_POINT('',(-0.743831658721,6.729069767442,-0.2));
#6268 = CARTESIAN_POINT('',(-0.550063490116,6.729069767442,-0.2));
#6269 = CARTESIAN_POINT('',(-0.44582112093,6.621965843023,-0.2));
#6270 = ORIENTED_EDGE('',*,*,#6271,.T.);
#6271 = EDGE_CURVE('',#6264,#1413,#6272,.T.);
#6272 = LINE('',#6273,#6274);
#6273 = CARTESIAN_POINT('',(-0.743831658721,6.729069767442,-0.2));
#6274 = VECTOR('',#6275,1.);
#6275 = DIRECTION('',(0.,0.,1.));
#6276 = ORIENTED_EDGE('',*,*,#1427,.F.);
#6277 = ORIENTED_EDGE('',*,*,#6245,.F.);
#6278 = SURFACE_OF_LINEAR_EXTRUSION('',#6279,#6283);
#6279 = B_SPLINE_CURVE_WITH_KNOTS('',2,(#6280,#6281,#6282),
  .UNSPECIFIED.,.F.,.F.,(3,3),(0.,1.),.PIECEWISE_BEZIER_KNOTS.);
#6280 = CARTESIAN_POINT('',(-0.743831658721,6.729069767442,-0.2));
#6281 = CARTESIAN_POINT('',(-0.550063490116,6.729069767442,-0.2));
#6282 = CARTESIAN_POINT('',(-0.44582112093,6.621965843023,-0.2));
#6283 = VECTOR('',#6284,1.);
#6284 = DIRECTION('',(-0.,-0.,-1.));
#6285 = ADVANCED_FACE('',(#6286),#6304,.F.);
#6286 = FACE_BOUND('',#6287,.F.);
#6287 = EDGE_LOOP('',(#6288,#6296,#6302,#6303));
#6288 = ORIENTED_EDGE('',*,*,#6289,.F.);
#6289 = EDGE_CURVE('',#6290,#6264,#6292,.T.);
#6290 = VERTEX_POINT('',#6291);
#6291 = CARTESIAN_POINT('',(-1.146084565698,6.502598110465,-0.2));
#6292 = B_SPLINE_CURVE_WITH_KNOTS('',2,(#6293,#6294,#6295),
  .UNSPECIFIED.,.F.,.F.,(3,3),(0.,1.),.PIECEWISE_BEZIER_KNOTS.);
#6293 = CARTESIAN_POINT('',(-1.146084565698,6.502598110465,-0.2));
#6294 = CARTESIAN_POINT('',(-0.99156058314,6.729069767442,-0.2));
#6295 = CARTESIAN_POINT('',(-0.743831658721,6.729069767442,-0.2));
#6296 = ORIENTED_EDGE('',*,*,#6297,.T.);
#6297 = EDGE_CURVE('',#6290,#1400,#6298,.T.);
#6298 = LINE('',#6299,#6300);
#6299 = CARTESIAN_POINT('',(-1.146084565698,6.502598110465,-0.2));
#6300 = VECTOR('',#6301,1.);
#6301 = DIRECTION('',(0.,0.,1.));
#6302 = ORIENTED_EDGE('',*,*,#1412,.F.);
#6303 = ORIENTED_EDGE('',*,*,#6271,.F.);
#6304 = SURFACE_OF_LINEAR_EXTRUSION('',#6305,#6309);
#6305 = B_SPLINE_CURVE_WITH_KNOTS('',2,(#6306,#6307,#6308),
  .UNSPECIFIED.,.F.,.F.,(3,3),(0.,1.),.PIECEWISE_BEZIER_KNOTS.);
#6306 = CARTESIAN_POINT('',(-1.146084565698,6.502598110465,-0.2));
#6307 = CARTESIAN_POINT('',(-0.99156058314,6.729069767442,-0.2));
#6308 = CARTESIAN_POINT('',(-0.743831658721,6.729069767442,-0.2));
#6309 = VECTOR('',#6310,1.);
#6310 = DIRECTION('',(-0.,-0.,-1.));
#6311 = ADVANCED_FACE('',(#6312),#6330,.F.);
#6312 = FACE_BOUND('',#6313,.F.);
#6313 = EDGE_LOOP('',(#6314,#6322,#6328,#6329));
#6314 = ORIENTED_EDGE('',*,*,#6315,.F.);
#6315 = EDGE_CURVE('',#6316,#6290,#6318,.T.);
#6316 = VERTEX_POINT('',#6317);
#6317 = CARTESIAN_POINT('',(-1.276735001744,6.669385901163,-0.2));
#6318 = B_SPLINE_CURVE_WITH_KNOTS('',2,(#6319,#6320,#6321),
  .UNSPECIFIED.,.F.,.F.,(3,3),(0.,1.),.PIECEWISE_BEZIER_KNOTS.);
#6319 = CARTESIAN_POINT('',(-1.276735001744,6.669385901163,-0.2));
#6320 = CARTESIAN_POINT('',(-1.18410237093,6.609783793605,-0.2));
#6321 = CARTESIAN_POINT('',(-1.146084565698,6.502598110465,-0.2));
#6322 = ORIENTED_EDGE('',*,*,#6323,.T.);
#6323 = EDGE_CURVE('',#6316,#1389,#6324,.T.);
#6324 = LINE('',#6325,#6326);
#6325 = CARTESIAN_POINT('',(-1.276735001744,6.669385901163,-0.2));
#6326 = VECTOR('',#6327,1.);
#6327 = DIRECTION('',(0.,0.,1.));
#6328 = ORIENTED_EDGE('',*,*,#1399,.F.);
#6329 = ORIENTED_EDGE('',*,*,#6297,.F.);
#6330 = SURFACE_OF_LINEAR_EXTRUSION('',#6331,#6335);
#6331 = B_SPLINE_CURVE_WITH_KNOTS('',2,(#6332,#6333,#6334),
  .UNSPECIFIED.,.F.,.F.,(3,3),(0.,1.),.PIECEWISE_BEZIER_KNOTS.);
#6332 = CARTESIAN_POINT('',(-1.276735001744,6.669385901163,-0.2));
#6333 = CARTESIAN_POINT('',(-1.18410237093,6.609783793605,-0.2));
#6334 = CARTESIAN_POINT('',(-1.146084565698,6.502598110465,-0.2));
#6335 = VECTOR('',#6336,1.);
#6336 = DIRECTION('',(-0.,-0.,-1.));
#6337 = ADVANCED_FACE('',(#6338),#6356,.F.);
#6338 = FACE_BOUND('',#6339,.F.);
#6339 = EDGE_LOOP('',(#6340,#6348,#6354,#6355));
#6340 = ORIENTED_EDGE('',*,*,#6341,.F.);
#6341 = EDGE_CURVE('',#6342,#6316,#6344,.T.);
#6342 = VERTEX_POINT('',#6343);
#6343 = CARTESIAN_POINT('',(-1.513998809884,6.729069767442,-0.2));
#6344 = B_SPLINE_CURVE_WITH_KNOTS('',2,(#6345,#6346,#6347),
  .UNSPECIFIED.,.F.,.F.,(3,3),(0.,1.),.PIECEWISE_BEZIER_KNOTS.);
#6345 = CARTESIAN_POINT('',(-1.513998809884,6.729069767442,-0.2));
#6346 = CARTESIAN_POINT('',(-1.369285873837,6.729069767442,-0.2));
#6347 = CARTESIAN_POINT('',(-1.276735001744,6.669385901163,-0.2));
#6348 = ORIENTED_EDGE('',*,*,#6349,.T.);
#6349 = EDGE_CURVE('',#6342,#1379,#6350,.T.);
#6350 = LINE('',#6351,#6352);
#6351 = CARTESIAN_POINT('',(-1.513998809884,6.729069767442,-0.2));
#6352 = VECTOR('',#6353,1.);
#6353 = DIRECTION('',(0.,0.,1.));
#6354 = ORIENTED_EDGE('',*,*,#1388,.F.);
#6355 = ORIENTED_EDGE('',*,*,#6323,.F.);
#6356 = SURFACE_OF_LINEAR_EXTRUSION('',#6357,#6361);
#6357 = B_SPLINE_CURVE_WITH_KNOTS('',2,(#6358,#6359,#6360),
  .UNSPECIFIED.,.F.,.F.,(3,3),(0.,1.),.PIECEWISE_BEZIER_KNOTS.);
#6358 = CARTESIAN_POINT('',(-1.513998809884,6.729069767442,-0.2));
#6359 = CARTESIAN_POINT('',(-1.369285873837,6.729069767442,-0.2));
#6360 = CARTESIAN_POINT('',(-1.276735001744,6.669385901163,-0.2));
#6361 = VECTOR('',#6362,1.);
#6362 = DIRECTION('',(-0.,-0.,-1.));
#6363 = ADVANCED_FACE('',(#6364),#6382,.F.);
#6364 = FACE_BOUND('',#6365,.F.);
#6365 = EDGE_LOOP('',(#6366,#6374,#6380,#6381));
#6366 = ORIENTED_EDGE('',*,*,#6367,.F.);
#6367 = EDGE_CURVE('',#6368,#6342,#6370,.T.);
#6368 = VERTEX_POINT('',#6369);
#6369 = CARTESIAN_POINT('',(-1.745784783721,6.671266351744,-0.2));
#6370 = B_SPLINE_CURVE_WITH_KNOTS('',2,(#6371,#6372,#6373),
  .UNSPECIFIED.,.F.,.F.,(3,3),(0.,1.),.PIECEWISE_BEZIER_KNOTS.);
#6371 = CARTESIAN_POINT('',(-1.745784783721,6.671266351744,-0.2));
#6372 = CARTESIAN_POINT('',(-1.643995176163,6.729069767442,-0.2));
#6373 = CARTESIAN_POINT('',(-1.513998809884,6.729069767442,-0.2));
#6374 = ORIENTED_EDGE('',*,*,#6375,.T.);
#6375 = EDGE_CURVE('',#6368,#1366,#6376,.T.);
#6376 = LINE('',#6377,#6378);
#6377 = CARTESIAN_POINT('',(-1.745784783721,6.671266351744,-0.2));
#6378 = VECTOR('',#6379,1.);
#6379 = DIRECTION('',(0.,0.,1.));
#6380 = ORIENTED_EDGE('',*,*,#1378,.F.);
#6381 = ORIENTED_EDGE('',*,*,#6349,.F.);
#6382 = SURFACE_OF_LINEAR_EXTRUSION('',#6383,#6387);
#6383 = B_SPLINE_CURVE_WITH_KNOTS('',2,(#6384,#6385,#6386),
  .UNSPECIFIED.,.F.,.F.,(3,3),(0.,1.),.PIECEWISE_BEZIER_KNOTS.);
#6384 = CARTESIAN_POINT('',(-1.745784783721,6.671266351744,-0.2));
#6385 = CARTESIAN_POINT('',(-1.643995176163,6.729069767442,-0.2));
#6386 = CARTESIAN_POINT('',(-1.513998809884,6.729069767442,-0.2));
#6387 = VECTOR('',#6388,1.);
#6388 = DIRECTION('',(-0.,-0.,-1.));
#6389 = ADVANCED_FACE('',(#6390),#6408,.F.);
#6390 = FACE_BOUND('',#6391,.F.);
#6391 = EDGE_LOOP('',(#6392,#6400,#6406,#6407));
#6392 = ORIENTED_EDGE('',*,*,#6393,.F.);
#6393 = EDGE_CURVE('',#6394,#6368,#6396,.T.);
#6394 = VERTEX_POINT('',#6395);
#6395 = CARTESIAN_POINT('',(-1.908893431977,6.518541061047,-0.2));
#6396 = B_SPLINE_CURVE_WITH_KNOTS('',2,(#6397,#6398,#6399),
  .UNSPECIFIED.,.F.,.F.,(3,3),(0.,1.),.PIECEWISE_BEZIER_KNOTS.);
#6397 = CARTESIAN_POINT('',(-1.908893431977,6.518541061047,-0.2));
#6398 = CARTESIAN_POINT('',(-1.847574391279,6.613462936047,-0.2));
#6399 = CARTESIAN_POINT('',(-1.745784783721,6.671266351744,-0.2));
#6400 = ORIENTED_EDGE('',*,*,#6401,.T.);
#6401 = EDGE_CURVE('',#6394,#1358,#6402,.T.);
#6402 = LINE('',#6403,#6404);
#6403 = CARTESIAN_POINT('',(-1.908893431977,6.518541061047,-0.2));
#6404 = VECTOR('',#6405,1.);
#6405 = DIRECTION('',(0.,0.,1.));
#6406 = ORIENTED_EDGE('',*,*,#1365,.F.);
#6407 = ORIENTED_EDGE('',*,*,#6375,.F.);
#6408 = SURFACE_OF_LINEAR_EXTRUSION('',#6409,#6413);
#6409 = B_SPLINE_CURVE_WITH_KNOTS('',2,(#6410,#6411,#6412),
  .UNSPECIFIED.,.F.,.F.,(3,3),(0.,1.),.PIECEWISE_BEZIER_KNOTS.);
#6410 = CARTESIAN_POINT('',(-1.908893431977,6.518541061047,-0.2));
#6411 = CARTESIAN_POINT('',(-1.847574391279,6.613462936047,-0.2));
#6412 = CARTESIAN_POINT('',(-1.745784783721,6.671266351744,-0.2));
#6413 = VECTOR('',#6414,1.);
#6414 = DIRECTION('',(-0.,-0.,-1.));
#6415 = ADVANCED_FACE('',(#6416),#6434,.F.);
#6416 = FACE_BOUND('',#6417,.F.);
#6417 = EDGE_LOOP('',(#6418,#6426,#6432,#6433));
#6418 = ORIENTED_EDGE('',*,*,#6419,.F.);
#6419 = EDGE_CURVE('',#6420,#6394,#6422,.T.);
#6420 = VERTEX_POINT('',#6421);
#6421 = CARTESIAN_POINT('',(-1.908893431977,6.702906976744,-0.2));
#6422 = LINE('',#6423,#6424);
#6423 = CARTESIAN_POINT('',(-1.908893431977,6.702906976744,-0.2));
#6424 = VECTOR('',#6425,1.);
#6425 = DIRECTION('',(0.,-1.,0.));
#6426 = ORIENTED_EDGE('',*,*,#6427,.T.);
#6427 = EDGE_CURVE('',#6420,#1350,#6428,.T.);
#6428 = LINE('',#6429,#6430);
#6429 = CARTESIAN_POINT('',(-1.908893431977,6.702906976744,-0.2));
#6430 = VECTOR('',#6431,1.);
#6431 = DIRECTION('',(0.,0.,1.));
#6432 = ORIENTED_EDGE('',*,*,#1357,.F.);
#6433 = ORIENTED_EDGE('',*,*,#6401,.F.);
#6434 = PLANE('',#6435);
#6435 = AXIS2_PLACEMENT_3D('',#6436,#6437,#6438);
#6436 = CARTESIAN_POINT('',(-1.908893431977,6.702906976744,-0.2));
#6437 = DIRECTION('',(1.,0.,0.));
#6438 = DIRECTION('',(0.,-1.,0.));
#6439 = ADVANCED_FACE('',(#6440),#6451,.F.);
#6440 = FACE_BOUND('',#6441,.F.);
#6441 = EDGE_LOOP('',(#6442,#6448,#6449,#6450));
#6442 = ORIENTED_EDGE('',*,*,#6443,.F.);
#6443 = EDGE_CURVE('',#5757,#6420,#6444,.T.);
#6444 = LINE('',#6445,#6446);
#6445 = CARTESIAN_POINT('',(-2.106340743023,6.702906976744,-0.2));
#6446 = VECTOR('',#6447,1.);
#6447 = DIRECTION('',(1.,0.,0.));
#6448 = ORIENTED_EDGE('',*,*,#5771,.T.);
#6449 = ORIENTED_EDGE('',*,*,#1349,.F.);
#6450 = ORIENTED_EDGE('',*,*,#6427,.F.);
#6451 = PLANE('',#6452);
#6452 = AXIS2_PLACEMENT_3D('',#6453,#6454,#6455);
#6453 = CARTESIAN_POINT('',(-2.106340743023,6.702906976744,-0.2));
#6454 = DIRECTION('',(0.,1.,0.));
#6455 = DIRECTION('',(1.,0.,0.));
#6456 = ADVANCED_FACE('',(#6457),#6482,.F.);
#6457 = FACE_BOUND('',#6458,.F.);
#6458 = EDGE_LOOP('',(#6459,#6469,#6475,#6476));
#6459 = ORIENTED_EDGE('',*,*,#6460,.F.);
#6460 = EDGE_CURVE('',#6461,#6463,#6465,.T.);
#6461 = VERTEX_POINT('',#6462);
#6462 = CARTESIAN_POINT('',(0.83656441686,5.563108648256,-0.2));
#6463 = VERTEX_POINT('',#6464);
#6464 = CARTESIAN_POINT('',(0.600445230814,5.416515261628,-0.2));
#6465 = B_SPLINE_CURVE_WITH_KNOTS('',2,(#6466,#6467,#6468),
  .UNSPECIFIED.,.F.,.F.,(3,3),(0.,1.),.PIECEWISE_BEZIER_KNOTS.);
#6466 = CARTESIAN_POINT('',(0.83656441686,5.563108648256,-0.2));
#6467 = CARTESIAN_POINT('',(0.713926335465,5.459275072674,-0.2));
#6468 = CARTESIAN_POINT('',(0.600445230814,5.416515261628,-0.2));
#6469 = ORIENTED_EDGE('',*,*,#6470,.T.);
#6470 = EDGE_CURVE('',#6461,#1641,#6471,.T.);
#6471 = LINE('',#6472,#6473);
#6472 = CARTESIAN_POINT('',(0.83656441686,5.563108648256,-0.2));
#6473 = VECTOR('',#6474,1.);
#6474 = DIRECTION('',(0.,0.,1.));
#6475 = ORIENTED_EDGE('',*,*,#1638,.F.);
#6476 = ORIENTED_EDGE('',*,*,#6477,.F.);
#6477 = EDGE_CURVE('',#6463,#1639,#6478,.T.);
#6478 = LINE('',#6479,#6480);
#6479 = CARTESIAN_POINT('',(0.600445230814,5.416515261628,-0.2));
#6480 = VECTOR('',#6481,1.);
#6481 = DIRECTION('',(0.,0.,1.));
#6482 = SURFACE_OF_LINEAR_EXTRUSION('',#6483,#6487);
#6483 = B_SPLINE_CURVE_WITH_KNOTS('',2,(#6484,#6485,#6486),
  .UNSPECIFIED.,.F.,.F.,(3,3),(0.,1.),.PIECEWISE_BEZIER_KNOTS.);
#6484 = CARTESIAN_POINT('',(0.83656441686,5.563108648256,-0.2));
#6485 = CARTESIAN_POINT('',(0.713926335465,5.459275072674,-0.2));
#6486 = CARTESIAN_POINT('',(0.600445230814,5.416515261628,-0.2));
#6487 = VECTOR('',#6488,1.);
#6488 = DIRECTION('',(-0.,-0.,-1.));
#6489 = ADVANCED_FACE('',(#6490),#6508,.F.);
#6490 = FACE_BOUND('',#6491,.F.);
#6491 = EDGE_LOOP('',(#6492,#6500,#6506,#6507));
#6492 = ORIENTED_EDGE('',*,*,#6493,.F.);
#6493 = EDGE_CURVE('',#6494,#6461,#6496,.T.);
#6494 = VERTEX_POINT('',#6495);
#6495 = CARTESIAN_POINT('',(0.880714126163,5.4,-0.2));
#6496 = B_SPLINE_CURVE_WITH_KNOTS('',2,(#6497,#6498,#6499),
  .UNSPECIFIED.,.F.,.F.,(3,3),(0.,1.),.PIECEWISE_BEZIER_KNOTS.);
#6497 = CARTESIAN_POINT('',(0.880714126163,5.4,-0.2));
#6498 = CARTESIAN_POINT('',(0.846375463372,5.469740188953,-0.2));
#6499 = CARTESIAN_POINT('',(0.83656441686,5.563108648256,-0.2));
#6500 = ORIENTED_EDGE('',*,*,#6501,.T.);
#6501 = EDGE_CURVE('',#6494,#1918,#6502,.T.);
#6502 = LINE('',#6503,#6504);
#6503 = CARTESIAN_POINT('',(0.880714126163,5.4,-0.2));
#6504 = VECTOR('',#6505,1.);
#6505 = DIRECTION('',(0.,0.,1.));
#6506 = ORIENTED_EDGE('',*,*,#1925,.F.);
#6507 = ORIENTED_EDGE('',*,*,#6470,.F.);
#6508 = SURFACE_OF_LINEAR_EXTRUSION('',#6509,#6513);
#6509 = B_SPLINE_CURVE_WITH_KNOTS('',2,(#6510,#6511,#6512),
  .UNSPECIFIED.,.F.,.F.,(3,3),(0.,1.),.PIECEWISE_BEZIER_KNOTS.);
#6510 = CARTESIAN_POINT('',(0.880714126163,5.4,-0.2));
#6511 = CARTESIAN_POINT('',(0.846375463372,5.469740188953,-0.2));
#6512 = CARTESIAN_POINT('',(0.83656441686,5.563108648256,-0.2));
#6513 = VECTOR('',#6514,1.);
#6514 = DIRECTION('',(-0.,-0.,-1.));
#6515 = ADVANCED_FACE('',(#6516),#6534,.F.);
#6516 = FACE_BOUND('',#6517,.F.);
#6517 = EDGE_LOOP('',(#6518,#6526,#6532,#6533));
#6518 = ORIENTED_EDGE('',*,*,#6519,.F.);
#6519 = EDGE_CURVE('',#6520,#6494,#6522,.T.);
#6520 = VERTEX_POINT('',#6521);
#6521 = CARTESIAN_POINT('',(1.111273719186,5.4,-0.2));
#6522 = LINE('',#6523,#6524);
#6523 = CARTESIAN_POINT('',(1.111273719186,5.4,-0.2));
#6524 = VECTOR('',#6525,1.);
#6525 = DIRECTION('',(-1.,0.,0.));
#6526 = ORIENTED_EDGE('',*,*,#6527,.T.);
#6527 = EDGE_CURVE('',#6520,#1905,#6528,.T.);
#6528 = LINE('',#6529,#6530);
#6529 = CARTESIAN_POINT('',(1.111273719186,5.4,-0.2));
#6530 = VECTOR('',#6531,1.);
#6531 = DIRECTION('',(0.,0.,1.));
#6532 = ORIENTED_EDGE('',*,*,#1917,.F.);
#6533 = ORIENTED_EDGE('',*,*,#6501,.F.);
#6534 = PLANE('',#6535);
#6535 = AXIS2_PLACEMENT_3D('',#6536,#6537,#6538);
#6536 = CARTESIAN_POINT('',(1.111273719186,5.4,-0.2));
#6537 = DIRECTION('',(0.,-1.,0.));
#6538 = DIRECTION('',(-1.,0.,0.));
#6539 = ADVANCED_FACE('',(#6540),#6558,.F.);
#6540 = FACE_BOUND('',#6541,.F.);
#6541 = EDGE_LOOP('',(#6542,#6550,#6556,#6557));
#6542 = ORIENTED_EDGE('',*,*,#6543,.F.);
#6543 = EDGE_CURVE('',#6544,#6520,#6546,.T.);
#6544 = VERTEX_POINT('',#6545);
#6545 = CARTESIAN_POINT('',(1.055432512791,5.555995639535,-0.2));
#6546 = B_SPLINE_CURVE_WITH_KNOTS('',2,(#6547,#6548,#6549),
  .UNSPECIFIED.,.F.,.F.,(3,3),(0.,1.),.PIECEWISE_BEZIER_KNOTS.);
#6547 = CARTESIAN_POINT('',(1.055432512791,5.555995639535,-0.2));
#6548 = CARTESIAN_POINT('',(1.069576771512,5.474645712209,-0.2));
#6549 = CARTESIAN_POINT('',(1.111273719186,5.4,-0.2));
#6550 = ORIENTED_EDGE('',*,*,#6551,.T.);
#6551 = EDGE_CURVE('',#6544,#1893,#6552,.T.);
#6552 = LINE('',#6553,#6554);
#6553 = CARTESIAN_POINT('',(1.055432512791,5.555995639535,-0.2));
#6554 = VECTOR('',#6555,1.);
#6555 = DIRECTION('',(0.,0.,1.));
#6556 = ORIENTED_EDGE('',*,*,#1904,.F.);
#6557 = ORIENTED_EDGE('',*,*,#6527,.F.);
#6558 = SURFACE_OF_LINEAR_EXTRUSION('',#6559,#6563);
#6559 = B_SPLINE_CURVE_WITH_KNOTS('',2,(#6560,#6561,#6562),
  .UNSPECIFIED.,.F.,.F.,(3,3),(0.,1.),.PIECEWISE_BEZIER_KNOTS.);
#6560 = CARTESIAN_POINT('',(1.055432512791,5.555995639535,-0.2));
#6561 = CARTESIAN_POINT('',(1.069576771512,5.474645712209,-0.2));
#6562 = CARTESIAN_POINT('',(1.111273719186,5.4,-0.2));
#6563 = VECTOR('',#6564,1.);
#6564 = DIRECTION('',(-0.,-0.,-1.));
#6565 = ADVANCED_FACE('',(#6566),#6584,.F.);
#6566 = FACE_BOUND('',#6567,.F.);
#6567 = EDGE_LOOP('',(#6568,#6576,#6582,#6583));
#6568 = ORIENTED_EDGE('',*,*,#6569,.F.);
#6569 = EDGE_CURVE('',#6570,#6544,#6572,.T.);
#6570 = VERTEX_POINT('',#6571);
#6571 = CARTESIAN_POINT('',(1.041370012791,5.944594840116,-0.2));
#6572 = B_SPLINE_CURVE_WITH_KNOTS('',2,(#6573,#6574,#6575),
  .UNSPECIFIED.,.F.,.F.,(3,3),(0.,1.),.PIECEWISE_BEZIER_KNOTS.);
#6573 = CARTESIAN_POINT('',(1.041370012791,5.944594840116,-0.2));
#6574 = CARTESIAN_POINT('',(1.041370012791,5.637427325581,-0.2));
#6575 = CARTESIAN_POINT('',(1.055432512791,5.555995639535,-0.2));
#6576 = ORIENTED_EDGE('',*,*,#6577,.T.);
#6577 = EDGE_CURVE('',#6570,#1885,#6578,.T.);
#6578 = LINE('',#6579,#6580);
#6579 = CARTESIAN_POINT('',(1.041370012791,5.944594840116,-0.2));
#6580 = VECTOR('',#6581,1.);
#6581 = DIRECTION('',(0.,0.,1.));
#6582 = ORIENTED_EDGE('',*,*,#1892,.F.);
#6583 = ORIENTED_EDGE('',*,*,#6551,.F.);
#6584 = SURFACE_OF_LINEAR_EXTRUSION('',#6585,#6589);
#6585 = B_SPLINE_CURVE_WITH_KNOTS('',2,(#6586,#6587,#6588),
  .UNSPECIFIED.,.F.,.F.,(3,3),(0.,1.),.PIECEWISE_BEZIER_KNOTS.);
#6586 = CARTESIAN_POINT('',(1.041370012791,5.944594840116,-0.2));
#6587 = CARTESIAN_POINT('',(1.041370012791,5.637427325581,-0.2));
#6588 = CARTESIAN_POINT('',(1.055432512791,5.555995639535,-0.2));
#6589 = VECTOR('',#6590,1.);
#6590 = DIRECTION('',(-0.,-0.,-1.));
#6591 = ADVANCED_FACE('',(#6592),#6610,.F.);
#6592 = FACE_BOUND('',#6593,.F.);
#6593 = EDGE_LOOP('',(#6594,#6602,#6608,#6609));
#6594 = ORIENTED_EDGE('',*,*,#6595,.F.);
#6595 = EDGE_CURVE('',#6596,#6570,#6598,.T.);
#6596 = VERTEX_POINT('',#6597);
#6597 = CARTESIAN_POINT('',(1.041370012791,6.238353924419,-0.2));
#6598 = LINE('',#6599,#6600);
#6599 = CARTESIAN_POINT('',(1.041370012791,6.238353924419,-0.2));
#6600 = VECTOR('',#6601,1.);
#6601 = DIRECTION('',(0.,-1.,0.));
#6602 = ORIENTED_EDGE('',*,*,#6603,.T.);
#6603 = EDGE_CURVE('',#6596,#1874,#6604,.T.);
#6604 = LINE('',#6605,#6606);
#6605 = CARTESIAN_POINT('',(1.041370012791,6.238353924419,-0.2));
#6606 = VECTOR('',#6607,1.);
#6607 = DIRECTION('',(0.,0.,1.));
#6608 = ORIENTED_EDGE('',*,*,#1884,.F.);
#6609 = ORIENTED_EDGE('',*,*,#6577,.F.);
#6610 = PLANE('',#6611);
#6611 = AXIS2_PLACEMENT_3D('',#6612,#6613,#6614);
#6612 = CARTESIAN_POINT('',(1.041370012791,6.238353924419,-0.2));
#6613 = DIRECTION('',(1.,0.,0.));
#6614 = DIRECTION('',(0.,-1.,0.));
#6615 = ADVANCED_FACE('',(#6616),#6634,.F.);
#6616 = FACE_BOUND('',#6617,.F.);
#6617 = EDGE_LOOP('',(#6618,#6626,#6632,#6633));
#6618 = ORIENTED_EDGE('',*,*,#6619,.F.);
#6619 = EDGE_CURVE('',#6620,#6596,#6622,.T.);
#6620 = VERTEX_POINT('',#6621);
#6621 = CARTESIAN_POINT('',(1.030332585465,6.441442587209,-0.2));
#6622 = B_SPLINE_CURVE_WITH_KNOTS('',2,(#6623,#6624,#6625),
  .UNSPECIFIED.,.F.,.F.,(3,3),(0.,1.),.PIECEWISE_BEZIER_KNOTS.);
#6623 = CARTESIAN_POINT('',(1.030332585465,6.441442587209,-0.2));
#6624 = CARTESIAN_POINT('',(1.041370012791,6.385192587209,-0.2));
#6625 = CARTESIAN_POINT('',(1.041370012791,6.238353924419,-0.2));
#6626 = ORIENTED_EDGE('',*,*,#6627,.T.);
#6627 = EDGE_CURVE('',#6620,#1864,#6628,.T.);
#6628 = LINE('',#6629,#6630);
#6629 = CARTESIAN_POINT('',(1.030332585465,6.441442587209,-0.2));
#6630 = VECTOR('',#6631,1.);
#6631 = DIRECTION('',(0.,0.,1.));
#6632 = ORIENTED_EDGE('',*,*,#1873,.F.);
#6633 = ORIENTED_EDGE('',*,*,#6603,.F.);
#6634 = SURFACE_OF_LINEAR_EXTRUSION('',#6635,#6639);
#6635 = B_SPLINE_CURVE_WITH_KNOTS('',2,(#6636,#6637,#6638),
  .UNSPECIFIED.,.F.,.F.,(3,3),(0.,1.),.PIECEWISE_BEZIER_KNOTS.);
#6636 = CARTESIAN_POINT('',(1.030332585465,6.441442587209,-0.2));
#6637 = CARTESIAN_POINT('',(1.041370012791,6.385192587209,-0.2));
#6638 = CARTESIAN_POINT('',(1.041370012791,6.238353924419,-0.2));
#6639 = VECTOR('',#6640,1.);
#6640 = DIRECTION('',(-0.,-0.,-1.));
#6641 = ADVANCED_FACE('',(#6642),#6660,.F.);
#6642 = FACE_BOUND('',#6643,.F.);
#6643 = EDGE_LOOP('',(#6644,#6652,#6658,#6659));
#6644 = ORIENTED_EDGE('',*,*,#6645,.F.);
#6645 = EDGE_CURVE('',#6646,#6620,#6648,.T.);
#6646 = VERTEX_POINT('',#6647);
#6647 = CARTESIAN_POINT('',(0.961655259884,6.591388081395,-0.2));
#6648 = B_SPLINE_CURVE_WITH_KNOTS('',2,(#6649,#6650,#6651),
  .UNSPECIFIED.,.F.,.F.,(3,3),(0.,1.),.PIECEWISE_BEZIER_KNOTS.);
#6649 = CARTESIAN_POINT('',(0.961655259884,6.591388081395,-0.2));
#6650 = CARTESIAN_POINT('',(1.010710492442,6.53203125,-0.2));
#6651 = CARTESIAN_POINT('',(1.030332585465,6.441442587209,-0.2));
#6652 = ORIENTED_EDGE('',*,*,#6653,.T.);
#6653 = EDGE_CURVE('',#6646,#1853,#6654,.T.);
#6654 = LINE('',#6655,#6656);
#6655 = CARTESIAN_POINT('',(0.961655259884,6.591388081395,-0.2));
#6656 = VECTOR('',#6657,1.);
#6657 = DIRECTION('',(0.,0.,1.));
#6658 = ORIENTED_EDGE('',*,*,#1863,.F.);
#6659 = ORIENTED_EDGE('',*,*,#6627,.F.);
#6660 = SURFACE_OF_LINEAR_EXTRUSION('',#6661,#6665);
#6661 = B_SPLINE_CURVE_WITH_KNOTS('',2,(#6662,#6663,#6664),
  .UNSPECIFIED.,.F.,.F.,(3,3),(0.,1.),.PIECEWISE_BEZIER_KNOTS.);
#6662 = CARTESIAN_POINT('',(0.961655259884,6.591388081395,-0.2));
#6663 = CARTESIAN_POINT('',(1.010710492442,6.53203125,-0.2));
#6664 = CARTESIAN_POINT('',(1.030332585465,6.441442587209,-0.2));
#6665 = VECTOR('',#6666,1.);
#6666 = DIRECTION('',(-0.,-0.,-1.));
#6667 = ADVANCED_FACE('',(#6668),#6686,.F.);
#6668 = FACE_BOUND('',#6669,.F.);
#6669 = EDGE_LOOP('',(#6670,#6678,#6684,#6685));
#6670 = ORIENTED_EDGE('',*,*,#6671,.F.);
#6671 = EDGE_CURVE('',#6672,#6646,#6674,.T.);
#6672 = VERTEX_POINT('',#6673);
#6673 = CARTESIAN_POINT('',(0.80835765814,6.689907340116,-0.2));
#6674 = B_SPLINE_CURVE_WITH_KNOTS('',2,(#6675,#6676,#6677),
  .UNSPECIFIED.,.F.,.F.,(3,3),(0.,1.),.PIECEWISE_BEZIER_KNOTS.);
#6675 = CARTESIAN_POINT('',(0.80835765814,6.689907340116,-0.2));
#6676 = CARTESIAN_POINT('',(0.912600027326,6.650744912791,-0.2));
#6677 = CARTESIAN_POINT('',(0.961655259884,6.591388081395,-0.2));
#6678 = ORIENTED_EDGE('',*,*,#6679,.T.);
#6679 = EDGE_CURVE('',#6672,#1842,#6680,.T.);
#6680 = LINE('',#6681,#6682);
#6681 = CARTESIAN_POINT('',(0.80835765814,6.689907340116,-0.2));
#6682 = VECTOR('',#6683,1.);
#6683 = DIRECTION('',(0.,0.,1.));
#6684 = ORIENTED_EDGE('',*,*,#1852,.F.);
#6685 = ORIENTED_EDGE('',*,*,#6653,.F.);
#6686 = SURFACE_OF_LINEAR_EXTRUSION('',#6687,#6691);
#6687 = B_SPLINE_CURVE_WITH_KNOTS('',2,(#6688,#6689,#6690),
  .UNSPECIFIED.,.F.,.F.,(3,3),(0.,1.),.PIECEWISE_BEZIER_KNOTS.);
#6688 = CARTESIAN_POINT('',(0.80835765814,6.689907340116,-0.2));
#6689 = CARTESIAN_POINT('',(0.912600027326,6.650744912791,-0.2));
#6690 = CARTESIAN_POINT('',(0.961655259884,6.591388081395,-0.2));
#6691 = VECTOR('',#6692,1.);
#6692 = DIRECTION('',(-0.,-0.,-1.));
#6693 = ADVANCED_FACE('',(#6694),#6712,.F.);
#6694 = FACE_BOUND('',#6695,.F.);
#6695 = EDGE_LOOP('',(#6696,#6704,#6710,#6711));
#6696 = ORIENTED_EDGE('',*,*,#6697,.F.);
#6697 = EDGE_CURVE('',#6698,#6672,#6700,.T.);
#6698 = VERTEX_POINT('',#6699);
#6699 = CARTESIAN_POINT('',(0.537327498256,6.729069767442,-0.2));
#6700 = B_SPLINE_CURVE_WITH_KNOTS('',2,(#6701,#6702,#6703),
  .UNSPECIFIED.,.F.,.F.,(3,3),(0.,1.),.PIECEWISE_BEZIER_KNOTS.);
#6701 = CARTESIAN_POINT('',(0.537327498256,6.729069767442,-0.2));
#6702 = CARTESIAN_POINT('',(0.704115288953,6.729069767442,-0.2));
#6703 = CARTESIAN_POINT('',(0.80835765814,6.689907340116,-0.2));
#6704 = ORIENTED_EDGE('',*,*,#6705,.T.);
#6705 = EDGE_CURVE('',#6698,#1831,#6706,.T.);
#6706 = LINE('',#6707,#6708);
#6707 = CARTESIAN_POINT('',(0.537327498256,6.729069767442,-0.2));
#6708 = VECTOR('',#6709,1.);
#6709 = DIRECTION('',(0.,0.,1.));
#6710 = ORIENTED_EDGE('',*,*,#1841,.F.);
#6711 = ORIENTED_EDGE('',*,*,#6679,.F.);
#6712 = SURFACE_OF_LINEAR_EXTRUSION('',#6713,#6717);
#6713 = B_SPLINE_CURVE_WITH_KNOTS('',2,(#6714,#6715,#6716),
  .UNSPECIFIED.,.F.,.F.,(3,3),(0.,1.),.PIECEWISE_BEZIER_KNOTS.);
#6714 = CARTESIAN_POINT('',(0.537327498256,6.729069767442,-0.2));
#6715 = CARTESIAN_POINT('',(0.704115288953,6.729069767442,-0.2));
#6716 = CARTESIAN_POINT('',(0.80835765814,6.689907340116,-0.2));
#6717 = VECTOR('',#6718,1.);
#6718 = DIRECTION('',(-0.,-0.,-1.));
#6719 = ADVANCED_FACE('',(#6720),#6738,.F.);
#6720 = FACE_BOUND('',#6721,.F.);
#6721 = EDGE_LOOP('',(#6722,#6730,#6736,#6737));
#6722 = ORIENTED_EDGE('',*,*,#6723,.F.);
#6723 = EDGE_CURVE('',#6724,#6698,#6726,.T.);
#6724 = VERTEX_POINT('',#6725);
#6725 = CARTESIAN_POINT('',(0.241769722093,6.682630813953,-0.2));
#6726 = B_SPLINE_CURVE_WITH_KNOTS('',2,(#6727,#6728,#6729),
  .UNSPECIFIED.,.F.,.F.,(3,3),(0.,1.),.PIECEWISE_BEZIER_KNOTS.);
#6727 = CARTESIAN_POINT('',(0.241769722093,6.682630813953,-0.2));
#6728 = CARTESIAN_POINT('',(0.369313326744,6.729069767442,-0.2));
#6729 = CARTESIAN_POINT('',(0.537327498256,6.729069767442,-0.2));
#6730 = ORIENTED_EDGE('',*,*,#6731,.T.);
#6731 = EDGE_CURVE('',#6724,#1820,#6732,.T.);
#6732 = LINE('',#6733,#6734);
#6733 = CARTESIAN_POINT('',(0.241769722093,6.682630813953,-0.2));
#6734 = VECTOR('',#6735,1.);
#6735 = DIRECTION('',(0.,0.,1.));
#6736 = ORIENTED_EDGE('',*,*,#1830,.F.);
#6737 = ORIENTED_EDGE('',*,*,#6705,.F.);
#6738 = SURFACE_OF_LINEAR_EXTRUSION('',#6739,#6743);
#6739 = B_SPLINE_CURVE_WITH_KNOTS('',2,(#6740,#6741,#6742),
  .UNSPECIFIED.,.F.,.F.,(3,3),(0.,1.),.PIECEWISE_BEZIER_KNOTS.);
#6740 = CARTESIAN_POINT('',(0.241769722093,6.682630813953,-0.2));
#6741 = CARTESIAN_POINT('',(0.369313326744,6.729069767442,-0.2));
#6742 = CARTESIAN_POINT('',(0.537327498256,6.729069767442,-0.2));
#6743 = VECTOR('',#6744,1.);
#6744 = DIRECTION('',(-0.,-0.,-1.));
#6745 = ADVANCED_FACE('',(#6746),#6764,.F.);
#6746 = FACE_BOUND('',#6747,.F.);
#6747 = EDGE_LOOP('',(#6748,#6756,#6762,#6763));
#6748 = ORIENTED_EDGE('',*,*,#6749,.F.);
#6749 = EDGE_CURVE('',#6750,#6724,#6752,.T.);
#6750 = VERTEX_POINT('',#6751);
#6751 = CARTESIAN_POINT('',(4.677517267442E-02,6.550099927326,-0.2));
#6752 = B_SPLINE_CURVE_WITH_KNOTS('',2,(#6753,#6754,#6755),
  .UNSPECIFIED.,.F.,.F.,(3,3),(0.,1.),.PIECEWISE_BEZIER_KNOTS.);
#6753 = CARTESIAN_POINT('',(4.677517267442E-02,6.550099927326,-0.2));
#6754 = CARTESIAN_POINT('',(0.114226117442,6.636191860465,-0.2));
#6755 = CARTESIAN_POINT('',(0.241769722093,6.682630813953,-0.2));
#6756 = ORIENTED_EDGE('',*,*,#6757,.T.);
#6757 = EDGE_CURVE('',#6750,#1809,#6758,.T.);
#6758 = LINE('',#6759,#6760);
#6759 = CARTESIAN_POINT('',(4.677517267442E-02,6.550099927326,-0.2));
#6760 = VECTOR('',#6761,1.);
#6761 = DIRECTION('',(0.,0.,1.));
#6762 = ORIENTED_EDGE('',*,*,#1819,.F.);
#6763 = ORIENTED_EDGE('',*,*,#6731,.F.);
#6764 = SURFACE_OF_LINEAR_EXTRUSION('',#6765,#6769);
#6765 = B_SPLINE_CURVE_WITH_KNOTS('',2,(#6766,#6767,#6768),
  .UNSPECIFIED.,.F.,.F.,(3,3),(0.,1.),.PIECEWISE_BEZIER_KNOTS.);
#6766 = CARTESIAN_POINT('',(4.677517267442E-02,6.550099927326,-0.2));
#6767 = CARTESIAN_POINT('',(0.114226117442,6.636191860465,-0.2));
#6768 = CARTESIAN_POINT('',(0.241769722093,6.682630813953,-0.2));
#6769 = VECTOR('',#6770,1.);
#6770 = DIRECTION('',(-0.,-0.,-1.));
#6771 = ADVANCED_FACE('',(#6772),#6790,.F.);
#6772 = FACE_BOUND('',#6773,.F.);
#6773 = EDGE_LOOP('',(#6774,#6782,#6788,#6789));
#6774 = ORIENTED_EDGE('',*,*,#6775,.F.);
#6775 = EDGE_CURVE('',#6776,#6750,#6778,.T.);
#6776 = VERTEX_POINT('',#6777);
#6777 = CARTESIAN_POINT('',(-5.010891162791E-02,6.324200581395,-0.2));
#6778 = B_SPLINE_CURVE_WITH_KNOTS('',2,(#6779,#6780,#6781),
  .UNSPECIFIED.,.F.,.F.,(3,3),(0.,1.),.PIECEWISE_BEZIER_KNOTS.);
#6779 = CARTESIAN_POINT('',(-5.010891162791E-02,6.324200581395,-0.2));
#6780 = CARTESIAN_POINT('',(-2.067577209302E-02,6.464089752907,-0.2));
#6781 = CARTESIAN_POINT('',(4.677517267442E-02,6.550099927326,-0.2));
#6782 = ORIENTED_EDGE('',*,*,#6783,.T.);
#6783 = EDGE_CURVE('',#6776,#1801,#6784,.T.);
#6784 = LINE('',#6785,#6786);
#6785 = CARTESIAN_POINT('',(-5.010891162791E-02,6.324200581395,-0.2));
#6786 = VECTOR('',#6787,1.);
#6787 = DIRECTION('',(0.,0.,1.));
#6788 = ORIENTED_EDGE('',*,*,#1808,.F.);
#6789 = ORIENTED_EDGE('',*,*,#6757,.F.);
#6790 = SURFACE_OF_LINEAR_EXTRUSION('',#6791,#6795);
#6791 = B_SPLINE_CURVE_WITH_KNOTS('',2,(#6792,#6793,#6794),
  .UNSPECIFIED.,.F.,.F.,(3,3),(0.,1.),.PIECEWISE_BEZIER_KNOTS.);
#6792 = CARTESIAN_POINT('',(-5.010891162791E-02,6.324200581395,-0.2));
#6793 = CARTESIAN_POINT('',(-2.067577209302E-02,6.464089752907,-0.2));
#6794 = CARTESIAN_POINT('',(4.677517267442E-02,6.550099927326,-0.2));
#6795 = VECTOR('',#6796,1.);
#6796 = DIRECTION('',(-0.,-0.,-1.));
#6797 = ADVANCED_FACE('',(#6798),#6816,.F.);
#6798 = FACE_BOUND('',#6799,.F.);
#6799 = EDGE_LOOP('',(#6800,#6808,#6814,#6815));
#6800 = ORIENTED_EDGE('',*,*,#6801,.F.);
#6801 = EDGE_CURVE('',#6802,#6776,#6804,.T.);
#6802 = VERTEX_POINT('',#6803);
#6803 = CARTESIAN_POINT('',(0.165734111628,6.29476744186,-0.2));
#6804 = LINE('',#6805,#6806);
#6805 = CARTESIAN_POINT('',(0.165734111628,6.29476744186,-0.2));
#6806 = VECTOR('',#6807,1.);
#6807 = DIRECTION('',(-0.990830168044,0.135113204733,0.));
#6808 = ORIENTED_EDGE('',*,*,#6809,.T.);
#6809 = EDGE_CURVE('',#6802,#1790,#6810,.T.);
#6810 = LINE('',#6811,#6812);
#6811 = CARTESIAN_POINT('',(0.165734111628,6.29476744186,-0.2));
#6812 = VECTOR('',#6813,1.);
#6813 = DIRECTION('',(0.,0.,1.));
#6814 = ORIENTED_EDGE('',*,*,#1800,.F.);
#6815 = ORIENTED_EDGE('',*,*,#6783,.F.);
#6816 = PLANE('',#6817);
#6817 = AXIS2_PLACEMENT_3D('',#6818,#6819,#6820);
#6818 = CARTESIAN_POINT('',(0.165734111628,6.29476744186,-0.2));
#6819 = DIRECTION('',(-0.135113204733,-0.990830168044,0.));
#6820 = DIRECTION('',(-0.990830168044,0.135113204733,0.));
#6821 = ADVANCED_FACE('',(#6822),#6840,.F.);
#6822 = FACE_BOUND('',#6823,.F.);
#6823 = EDGE_LOOP('',(#6824,#6832,#6838,#6839));
#6824 = ORIENTED_EDGE('',*,*,#6825,.F.);
#6825 = EDGE_CURVE('',#6826,#6802,#6828,.T.);
#6826 = VERTEX_POINT('',#6827);
#6827 = CARTESIAN_POINT('',(0.275454315116,6.489598473837,-0.2));
#6828 = B_SPLINE_CURVE_WITH_KNOTS('',2,(#6829,#6830,#6831),
  .UNSPECIFIED.,.F.,.F.,(3,3),(0.,1.),.PIECEWISE_BEZIER_KNOTS.);
#6829 = CARTESIAN_POINT('',(0.275454315116,6.489598473837,-0.2));
#6830 = CARTESIAN_POINT('',(0.201299155233,6.434574854651,-0.2));
#6831 = CARTESIAN_POINT('',(0.165734111628,6.29476744186,-0.2));
#6832 = ORIENTED_EDGE('',*,*,#6833,.T.);
#6833 = EDGE_CURVE('',#6826,#1779,#6834,.T.);
#6834 = LINE('',#6835,#6836);
#6835 = CARTESIAN_POINT('',(0.275454315116,6.489598473837,-0.2));
#6836 = VECTOR('',#6837,1.);
#6837 = DIRECTION('',(0.,0.,1.));
#6838 = ORIENTED_EDGE('',*,*,#1789,.F.);
#6839 = ORIENTED_EDGE('',*,*,#6809,.F.);
#6840 = SURFACE_OF_LINEAR_EXTRUSION('',#6841,#6845);
#6841 = B_SPLINE_CURVE_WITH_KNOTS('',2,(#6842,#6843,#6844),
  .UNSPECIFIED.,.F.,.F.,(3,3),(0.,1.),.PIECEWISE_BEZIER_KNOTS.);
#6842 = CARTESIAN_POINT('',(0.275454315116,6.489598473837,-0.2));
#6843 = CARTESIAN_POINT('',(0.201299155233,6.434574854651,-0.2));
#6844 = CARTESIAN_POINT('',(0.165734111628,6.29476744186,-0.2));
#6845 = VECTOR('',#6846,1.);
#6846 = DIRECTION('',(-0.,-0.,-1.));
#6847 = ADVANCED_FACE('',(#6848),#6866,.F.);
#6848 = FACE_BOUND('',#6849,.F.);
#6849 = EDGE_LOOP('',(#6850,#6858,#6864,#6865));
#6850 = ORIENTED_EDGE('',*,*,#6851,.F.);
#6851 = EDGE_CURVE('',#6852,#6826,#6854,.T.);
#6852 = VERTEX_POINT('',#6853);
#6853 = CARTESIAN_POINT('',(0.505441597093,6.544622093023,-0.2));
#6854 = B_SPLINE_CURVE_WITH_KNOTS('',2,(#6855,#6856,#6857),
  .UNSPECIFIED.,.F.,.F.,(3,3),(0.,1.),.PIECEWISE_BEZIER_KNOTS.);
#6855 = CARTESIAN_POINT('',(0.505441597093,6.544622093023,-0.2));
#6856 = CARTESIAN_POINT('',(0.349691233721,6.544622093023,-0.2));
#6857 = CARTESIAN_POINT('',(0.275454315116,6.489598473837,-0.2));
#6858 = ORIENTED_EDGE('',*,*,#6859,.T.);
#6859 = EDGE_CURVE('',#6852,#1768,#6860,.T.);
#6860 = LINE('',#6861,#6862);
#6861 = CARTESIAN_POINT('',(0.505441597093,6.544622093023,-0.2));
#6862 = VECTOR('',#6863,1.);
#6863 = DIRECTION('',(0.,0.,1.));
#6864 = ORIENTED_EDGE('',*,*,#1778,.F.);
#6865 = ORIENTED_EDGE('',*,*,#6833,.F.);
#6866 = SURFACE_OF_LINEAR_EXTRUSION('',#6867,#6871);
#6867 = B_SPLINE_CURVE_WITH_KNOTS('',2,(#6868,#6869,#6870),
  .UNSPECIFIED.,.F.,.F.,(3,3),(0.,1.),.PIECEWISE_BEZIER_KNOTS.);
#6868 = CARTESIAN_POINT('',(0.505441597093,6.544622093023,-0.2));
#6869 = CARTESIAN_POINT('',(0.349691233721,6.544622093023,-0.2));
#6870 = CARTESIAN_POINT('',(0.275454315116,6.489598473837,-0.2));
#6871 = VECTOR('',#6872,1.);
#6872 = DIRECTION('',(-0.,-0.,-1.));
#6873 = ADVANCED_FACE('',(#6874),#6892,.F.);
#6874 = FACE_BOUND('',#6875,.F.);
#6875 = EDGE_LOOP('',(#6876,#6884,#6890,#6891));
#6876 = ORIENTED_EDGE('',*,*,#6877,.F.);
#6877 = EDGE_CURVE('',#6878,#6852,#6880,.T.);
#6878 = VERTEX_POINT('',#6879);
#6879 = CARTESIAN_POINT('',(0.756849663953,6.470875726744,-0.2));
#6880 = B_SPLINE_CURVE_WITH_KNOTS('',2,(#6881,#6882,#6883),
  .UNSPECIFIED.,.F.,.F.,(3,3),(0.,1.),.PIECEWISE_BEZIER_KNOTS.);
#6881 = CARTESIAN_POINT('',(0.756849663953,6.470875726744,-0.2));
#6882 = CARTESIAN_POINT('',(0.672229387791,6.544622093023,-0.2));
#6883 = CARTESIAN_POINT('',(0.505441597093,6.544622093023,-0.2));
#6884 = ORIENTED_EDGE('',*,*,#6885,.T.);
#6885 = EDGE_CURVE('',#6878,#1757,#6886,.T.);
#6886 = LINE('',#6887,#6888);
#6887 = CARTESIAN_POINT('',(0.756849663953,6.470875726744,-0.2));
#6888 = VECTOR('',#6889,1.);
#6889 = DIRECTION('',(0.,0.,1.));
#6890 = ORIENTED_EDGE('',*,*,#1767,.F.);
#6891 = ORIENTED_EDGE('',*,*,#6859,.F.);
#6892 = SURFACE_OF_LINEAR_EXTRUSION('',#6893,#6897);
#6893 = B_SPLINE_CURVE_WITH_KNOTS('',2,(#6894,#6895,#6896),
  .UNSPECIFIED.,.F.,.F.,(3,3),(0.,1.),.PIECEWISE_BEZIER_KNOTS.);
#6894 = CARTESIAN_POINT('',(0.756849663953,6.470875726744,-0.2));
#6895 = CARTESIAN_POINT('',(0.672229387791,6.544622093023,-0.2));
#6896 = CARTESIAN_POINT('',(0.505441597093,6.544622093023,-0.2));
#6897 = VECTOR('',#6898,1.);
#6898 = DIRECTION('',(-0.,-0.,-1.));
#6899 = ADVANCED_FACE('',(#6900),#6918,.F.);
#6900 = FACE_BOUND('',#6901,.F.);
#6901 = EDGE_LOOP('',(#6902,#6910,#6916,#6917));
#6902 = ORIENTED_EDGE('',*,*,#6903,.F.);
#6903 = EDGE_CURVE('',#6904,#6878,#6906,.T.);
#6904 = VERTEX_POINT('',#6905);
#6905 = CARTESIAN_POINT('',(0.819395085465,6.283566497093,-0.2));
#6906 = B_SPLINE_CURVE_WITH_KNOTS('',2,(#6907,#6908,#6909),
  .UNSPECIFIED.,.F.,.F.,(3,3),(0.,1.),.PIECEWISE_BEZIER_KNOTS.);
#6907 = CARTESIAN_POINT('',(0.819395085465,6.283566497093,-0.2));
#6908 = CARTESIAN_POINT('',(0.819395085465,6.416506177326,-0.2));
#6909 = CARTESIAN_POINT('',(0.756849663953,6.470875726744,-0.2));
#6910 = ORIENTED_EDGE('',*,*,#6911,.T.);
#6911 = EDGE_CURVE('',#6904,#1747,#6912,.T.);
#6912 = LINE('',#6913,#6914);
#6913 = CARTESIAN_POINT('',(0.819395085465,6.283566497093,-0.2));
#6914 = VECTOR('',#6915,1.);
#6915 = DIRECTION('',(0.,0.,1.));
#6916 = ORIENTED_EDGE('',*,*,#1756,.F.);
#6917 = ORIENTED_EDGE('',*,*,#6885,.F.);
#6918 = SURFACE_OF_LINEAR_EXTRUSION('',#6919,#6923);
#6919 = B_SPLINE_CURVE_WITH_KNOTS('',2,(#6920,#6921,#6922),
  .UNSPECIFIED.,.F.,.F.,(3,3),(0.,1.),.PIECEWISE_BEZIER_KNOTS.);
#6920 = CARTESIAN_POINT('',(0.819395085465,6.283566497093,-0.2));
#6921 = CARTESIAN_POINT('',(0.819395085465,6.416506177326,-0.2));
#6922 = CARTESIAN_POINT('',(0.756849663953,6.470875726744,-0.2));
#6923 = VECTOR('',#6924,1.);
#6924 = DIRECTION('',(-0.,-0.,-1.));
#6925 = ADVANCED_FACE('',(#6926),#6944,.F.);
#6926 = FACE_BOUND('',#6927,.F.);
#6927 = EDGE_LOOP('',(#6928,#6936,#6942,#6943));
#6928 = ORIENTED_EDGE('',*,*,#6929,.F.);
#6929 = EDGE_CURVE('',#6930,#6904,#6932,.T.);
#6930 = VERTEX_POINT('',#6931);
#6931 = CARTESIAN_POINT('',(0.818168704651,6.226744186047,-0.2));
#6932 = B_SPLINE_CURVE_WITH_KNOTS('',2,(#6933,#6934,#6935),
  .UNSPECIFIED.,.F.,.F.,(3,3),(0.,1.),.PIECEWISE_BEZIER_KNOTS.);
#6933 = CARTESIAN_POINT('',(0.818168704651,6.226744186047,-0.2));
#6934 = CARTESIAN_POINT('',(0.819395085465,6.271466206395,-0.2));
#6935 = CARTESIAN_POINT('',(0.819395085465,6.283566497093,-0.2));
#6936 = ORIENTED_EDGE('',*,*,#6937,.T.);
#6937 = EDGE_CURVE('',#6930,#1735,#6938,.T.);
#6938 = LINE('',#6939,#6940);
#6939 = CARTESIAN_POINT('',(0.818168704651,6.226744186047,-0.2));
#6940 = VECTOR('',#6941,1.);
#6941 = DIRECTION('',(0.,0.,1.));
#6942 = ORIENTED_EDGE('',*,*,#1746,.F.);
#6943 = ORIENTED_EDGE('',*,*,#6911,.F.);
#6944 = SURFACE_OF_LINEAR_EXTRUSION('',#6945,#6949);
#6945 = B_SPLINE_CURVE_WITH_KNOTS('',2,(#6946,#6947,#6948),
  .UNSPECIFIED.,.F.,.F.,(3,3),(0.,1.),.PIECEWISE_BEZIER_KNOTS.);
#6946 = CARTESIAN_POINT('',(0.818168704651,6.226744186047,-0.2));
#6947 = CARTESIAN_POINT('',(0.819395085465,6.271466206395,-0.2));
#6948 = CARTESIAN_POINT('',(0.819395085465,6.283566497093,-0.2));
#6949 = VECTOR('',#6950,1.);
#6950 = DIRECTION('',(-0.,-0.,-1.));
#6951 = ADVANCED_FACE('',(#6952),#6970,.F.);
#6952 = FACE_BOUND('',#6953,.F.);
#6953 = EDGE_LOOP('',(#6954,#6962,#6968,#6969));
#6954 = ORIENTED_EDGE('',*,*,#6955,.F.);
#6955 = EDGE_CURVE('',#6956,#6930,#6958,.T.);
#6956 = VERTEX_POINT('',#6957);
#6957 = CARTESIAN_POINT('',(0.424500463372,6.151362645349,-0.2));
#6958 = B_SPLINE_CURVE_WITH_KNOTS('',2,(#6959,#6960,#6961),
  .UNSPECIFIED.,.F.,.F.,(3,3),(0.,1.),.PIECEWISE_BEZIER_KNOTS.);
#6959 = CARTESIAN_POINT('',(0.424500463372,6.151362645349,-0.2));
#6960 = CARTESIAN_POINT('',(0.691851480814,6.183003270349,-0.2));
#6961 = CARTESIAN_POINT('',(0.818168704651,6.226744186047,-0.2));
#6962 = ORIENTED_EDGE('',*,*,#6963,.T.);
#6963 = EDGE_CURVE('',#6956,#1724,#6964,.T.);
#6964 = LINE('',#6965,#6966);
#6965 = CARTESIAN_POINT('',(0.424500463372,6.151362645349,-0.2));
#6966 = VECTOR('',#6967,1.);
#6967 = DIRECTION('',(0.,0.,1.));
#6968 = ORIENTED_EDGE('',*,*,#1734,.F.);
#6969 = ORIENTED_EDGE('',*,*,#6937,.F.);
#6970 = SURFACE_OF_LINEAR_EXTRUSION('',#6971,#6975);
#6971 = B_SPLINE_CURVE_WITH_KNOTS('',2,(#6972,#6973,#6974),
  .UNSPECIFIED.,.F.,.F.,(3,3),(0.,1.),.PIECEWISE_BEZIER_KNOTS.);
#6972 = CARTESIAN_POINT('',(0.424500463372,6.151362645349,-0.2));
#6973 = CARTESIAN_POINT('',(0.691851480814,6.183003270349,-0.2));
#6974 = CARTESIAN_POINT('',(0.818168704651,6.226744186047,-0.2));
#6975 = VECTOR('',#6976,1.);
#6976 = DIRECTION('',(-0.,-0.,-1.));
#6977 = ADVANCED_FACE('',(#6978),#6996,.F.);
#6978 = FACE_BOUND('',#6979,.F.);
#6979 = EDGE_LOOP('',(#6980,#6988,#6994,#6995));
#6980 = ORIENTED_EDGE('',*,*,#6981,.F.);
#6981 = EDGE_CURVE('',#6982,#6956,#6984,.T.);
#6982 = VERTEX_POINT('',#6983);
#6983 = CARTESIAN_POINT('',(0.22827953314,6.118332122093,-0.2));
#6984 = B_SPLINE_CURVE_WITH_KNOTS('',2,(#6985,#6986,#6987),
  .UNSPECIFIED.,.F.,.F.,(3,3),(0.,1.),.PIECEWISE_BEZIER_KNOTS.);
#6985 = CARTESIAN_POINT('',(0.22827953314,6.118332122093,-0.2));
#6986 = CARTESIAN_POINT('',(0.293277716279,6.135501453488,-0.2));
#6987 = CARTESIAN_POINT('',(0.424500463372,6.151362645349,-0.2));
#6988 = ORIENTED_EDGE('',*,*,#6989,.T.);
#6989 = EDGE_CURVE('',#6982,#1714,#6990,.T.);
#6990 = LINE('',#6991,#6992);
#6991 = CARTESIAN_POINT('',(0.22827953314,6.118332122093,-0.2));
#6992 = VECTOR('',#6993,1.);
#6993 = DIRECTION('',(0.,0.,1.));
#6994 = ORIENTED_EDGE('',*,*,#1723,.F.);
#6995 = ORIENTED_EDGE('',*,*,#6963,.F.);
#6996 = SURFACE_OF_LINEAR_EXTRUSION('',#6997,#7001);
#6997 = B_SPLINE_CURVE_WITH_KNOTS('',2,(#6998,#6999,#7000),
  .UNSPECIFIED.,.F.,.F.,(3,3),(0.,1.),.PIECEWISE_BEZIER_KNOTS.);
#6998 = CARTESIAN_POINT('',(0.22827953314,6.118332122093,-0.2));
#6999 = CARTESIAN_POINT('',(0.293277716279,6.135501453488,-0.2));
#7000 = CARTESIAN_POINT('',(0.424500463372,6.151362645349,-0.2));
#7001 = VECTOR('',#7002,1.);
#7002 = DIRECTION('',(-0.,-0.,-1.));
#7003 = ADVANCED_FACE('',(#7004),#7022,.F.);
#7004 = FACE_BOUND('',#7005,.F.);
#7005 = EDGE_LOOP('',(#7006,#7014,#7020,#7021));
#7006 = ORIENTED_EDGE('',*,*,#7007,.F.);
#7007 = EDGE_CURVE('',#7008,#6982,#7010,.T.);
#7008 = VERTEX_POINT('',#7009);
#7009 = CARTESIAN_POINT('',(6.942233837209E-02,6.046220930233,-0.2));
#7010 = B_SPLINE_CURVE_WITH_KNOTS('',2,(#7011,#7012,#7013),
  .UNSPECIFIED.,.F.,.F.,(3,3),(0.,1.),.PIECEWISE_BEZIER_KNOTS.);
#7011 = CARTESIAN_POINT('',(6.942233837209E-02,6.046220930233,-0.2));
#7012 = CARTESIAN_POINT('',(0.139980114535,6.093886264535,-0.2));
#7013 = CARTESIAN_POINT('',(0.22827953314,6.118332122093,-0.2));
#7014 = ORIENTED_EDGE('',*,*,#7015,.T.);
#7015 = EDGE_CURVE('',#7008,#1701,#7016,.T.);
#7016 = LINE('',#7017,#7018);
#7017 = CARTESIAN_POINT('',(6.942233837209E-02,6.046220930233,-0.2));
#7018 = VECTOR('',#7019,1.);
#7019 = DIRECTION('',(0.,0.,1.));
#7020 = ORIENTED_EDGE('',*,*,#1713,.F.);
#7021 = ORIENTED_EDGE('',*,*,#6989,.F.);
#7022 = SURFACE_OF_LINEAR_EXTRUSION('',#7023,#7027);
#7023 = B_SPLINE_CURVE_WITH_KNOTS('',2,(#7024,#7025,#7026),
  .UNSPECIFIED.,.F.,.F.,(3,3),(0.,1.),.PIECEWISE_BEZIER_KNOTS.);
#7024 = CARTESIAN_POINT('',(6.942233837209E-02,6.046220930233,-0.2));
#7025 = CARTESIAN_POINT('',(0.139980114535,6.093886264535,-0.2));
#7026 = CARTESIAN_POINT('',(0.22827953314,6.118332122093,-0.2));
#7027 = VECTOR('',#7028,1.);
#7028 = DIRECTION('',(-0.,-0.,-1.));
#7029 = ADVANCED_FACE('',(#7030),#7048,.F.);
#7030 = FACE_BOUND('',#7031,.F.);
#7031 = EDGE_LOOP('',(#7032,#7040,#7046,#7047));
#7032 = ORIENTED_EDGE('',*,*,#7033,.F.);
#7033 = EDGE_CURVE('',#7034,#7008,#7036,.T.);
#7034 = VERTEX_POINT('',#7035);
#7035 = CARTESIAN_POINT('',(-4.463107732558E-02,5.919658430233,-0.2));
#7036 = B_SPLINE_CURVE_WITH_KNOTS('',2,(#7037,#7038,#7039),
  .UNSPECIFIED.,.F.,.F.,(3,3),(0.,1.),.PIECEWISE_BEZIER_KNOTS.);
#7037 = CARTESIAN_POINT('',(-4.463107732558E-02,5.919658430233,-0.2));
#7038 = CARTESIAN_POINT('',(-1.053679069767E-03,5.99855559593,-0.2));
#7039 = CARTESIAN_POINT('',(6.942233837209E-02,6.046220930233,-0.2));
#7040 = ORIENTED_EDGE('',*,*,#7041,.T.);
#7041 = EDGE_CURVE('',#7034,#1688,#7042,.T.);
#7042 = LINE('',#7043,#7044);
#7043 = CARTESIAN_POINT('',(-4.463107732558E-02,5.919658430233,-0.2));
#7044 = VECTOR('',#7045,1.);
#7045 = DIRECTION('',(0.,0.,1.));
#7046 = ORIENTED_EDGE('',*,*,#1700,.F.);
#7047 = ORIENTED_EDGE('',*,*,#7015,.F.);
#7048 = SURFACE_OF_LINEAR_EXTRUSION('',#7049,#7053);
#7049 = B_SPLINE_CURVE_WITH_KNOTS('',2,(#7050,#7051,#7052),
  .UNSPECIFIED.,.F.,.F.,(3,3),(0.,1.),.PIECEWISE_BEZIER_KNOTS.);
#7050 = CARTESIAN_POINT('',(-4.463107732558E-02,5.919658430233,-0.2));
#7051 = CARTESIAN_POINT('',(-1.053679069767E-03,5.99855559593,-0.2));
#7052 = CARTESIAN_POINT('',(6.942233837209E-02,6.046220930233,-0.2));
#7053 = VECTOR('',#7054,1.);
#7054 = DIRECTION('',(-0.,-0.,-1.));
#7055 = ADVANCED_FACE('',(#7056),#7074,.F.);
#7056 = FACE_BOUND('',#7057,.F.);
#7057 = EDGE_LOOP('',(#7058,#7066,#7072,#7073));
#7058 = ORIENTED_EDGE('',*,*,#7059,.F.);
#7059 = EDGE_CURVE('',#7060,#7034,#7062,.T.);
#7060 = VERTEX_POINT('',#7061);
#7061 = CARTESIAN_POINT('',(-8.812671686047E-02,5.745512354651,-0.2));
#7062 = B_SPLINE_CURVE_WITH_KNOTS('',2,(#7063,#7064,#7065),
  .UNSPECIFIED.,.F.,.F.,(3,3),(0.,1.),.PIECEWISE_BEZIER_KNOTS.);
#7063 = CARTESIAN_POINT('',(-8.812671686047E-02,5.745512354651,-0.2));
#7064 = CARTESIAN_POINT('',(-8.812671686047E-02,5.840843023256,-0.2));
#7065 = CARTESIAN_POINT('',(-4.463107732558E-02,5.919658430233,-0.2));
#7066 = ORIENTED_EDGE('',*,*,#7067,.T.);
#7067 = EDGE_CURVE('',#7060,#1673,#7068,.T.);
#7068 = LINE('',#7069,#7070);
#7069 = CARTESIAN_POINT('',(-8.812671686047E-02,5.745512354651,-0.2));
#7070 = VECTOR('',#7071,1.);
#7071 = DIRECTION('',(0.,0.,1.));
#7072 = ORIENTED_EDGE('',*,*,#1687,.F.);
#7073 = ORIENTED_EDGE('',*,*,#7041,.F.);
#7074 = SURFACE_OF_LINEAR_EXTRUSION('',#7075,#7079);
#7075 = B_SPLINE_CURVE_WITH_KNOTS('',2,(#7076,#7077,#7078),
  .UNSPECIFIED.,.F.,.F.,(3,3),(0.,1.),.PIECEWISE_BEZIER_KNOTS.);
#7076 = CARTESIAN_POINT('',(-8.812671686047E-02,5.745512354651,-0.2));
#7077 = CARTESIAN_POINT('',(-8.812671686047E-02,5.840843023256,-0.2));
#7078 = CARTESIAN_POINT('',(-4.463107732558E-02,5.919658430233,-0.2));
#7079 = VECTOR('',#7080,1.);
#7080 = DIRECTION('',(-0.,-0.,-1.));
#7081 = ADVANCED_FACE('',(#7082),#7100,.F.);
#7082 = FACE_BOUND('',#7083,.F.);
#7083 = EDGE_LOOP('',(#7084,#7092,#7098,#7099));
#7084 = ORIENTED_EDGE('',*,*,#7085,.F.);
#7085 = EDGE_CURVE('',#7086,#7060,#7088,.T.);
#7086 = VERTEX_POINT('',#7087);
#7087 = CARTESIAN_POINT('',(2.715307965116E-02,5.478324854651,-0.2));
#7088 = B_SPLINE_CURVE_WITH_KNOTS('',2,(#7089,#7090,#7091),
  .UNSPECIFIED.,.F.,.F.,(3,3),(0.,1.),.PIECEWISE_BEZIER_KNOTS.);
#7089 = CARTESIAN_POINT('',(2.715307965116E-02,5.478324854651,-0.2));
#7090 = CARTESIAN_POINT('',(-8.812671686047E-02,5.582894258721,-0.2));
#7091 = CARTESIAN_POINT('',(-8.812671686047E-02,5.745512354651,-0.2));
#7092 = ORIENTED_EDGE('',*,*,#7093,.T.);
#7093 = EDGE_CURVE('',#7086,#1662,#7094,.T.);
#7094 = LINE('',#7095,#7096);
#7095 = CARTESIAN_POINT('',(2.715307965116E-02,5.478324854651,-0.2));
#7096 = VECTOR('',#7097,1.);
#7097 = DIRECTION('',(0.,0.,1.));
#7098 = ORIENTED_EDGE('',*,*,#1672,.F.);
#7099 = ORIENTED_EDGE('',*,*,#7067,.F.);
#7100 = SURFACE_OF_LINEAR_EXTRUSION('',#7101,#7105);
#7101 = B_SPLINE_CURVE_WITH_KNOTS('',2,(#7102,#7103,#7104),
  .UNSPECIFIED.,.F.,.F.,(3,3),(0.,1.),.PIECEWISE_BEZIER_KNOTS.);
#7102 = CARTESIAN_POINT('',(2.715307965116E-02,5.478324854651,-0.2));
#7103 = CARTESIAN_POINT('',(-8.812671686047E-02,5.582894258721,-0.2));
#7104 = CARTESIAN_POINT('',(-8.812671686047E-02,5.745512354651,-0.2));
#7105 = VECTOR('',#7106,1.);
#7106 = DIRECTION('',(-0.,-0.,-1.));
#7107 = ADVANCED_FACE('',(#7108),#7126,.F.);
#7108 = FACE_BOUND('',#7109,.F.);
#7109 = EDGE_LOOP('',(#7110,#7118,#7124,#7125));
#7110 = ORIENTED_EDGE('',*,*,#7111,.F.);
#7111 = EDGE_CURVE('',#7112,#7086,#7114,.T.);
#7112 = VERTEX_POINT('',#7113);
#7113 = CARTESIAN_POINT('',(0.357049518605,5.373837209302,-0.2));
#7114 = B_SPLINE_CURVE_WITH_KNOTS('',2,(#7115,#7116,#7117),
  .UNSPECIFIED.,.F.,.F.,(3,3),(0.,1.),.PIECEWISE_BEZIER_KNOTS.);
#7115 = CARTESIAN_POINT('',(0.357049518605,5.373837209302,-0.2));
#7116 = CARTESIAN_POINT('',(0.142432876163,5.373837209302,-0.2));
#7117 = CARTESIAN_POINT('',(2.715307965116E-02,5.478324854651,-0.2));
#7118 = ORIENTED_EDGE('',*,*,#7119,.T.);
#7119 = EDGE_CURVE('',#7112,#1652,#7120,.T.);
#7120 = LINE('',#7121,#7122);
#7121 = CARTESIAN_POINT('',(0.357049518605,5.373837209302,-0.2));
#7122 = VECTOR('',#7123,1.);
#7123 = DIRECTION('',(0.,0.,1.));
#7124 = ORIENTED_EDGE('',*,*,#1661,.F.);
#7125 = ORIENTED_EDGE('',*,*,#7093,.F.);
#7126 = SURFACE_OF_LINEAR_EXTRUSION('',#7127,#7131);
#7127 = B_SPLINE_CURVE_WITH_KNOTS('',2,(#7128,#7129,#7130),
  .UNSPECIFIED.,.F.,.F.,(3,3),(0.,1.),.PIECEWISE_BEZIER_KNOTS.);
#7128 = CARTESIAN_POINT('',(0.357049518605,5.373837209302,-0.2));
#7129 = CARTESIAN_POINT('',(0.142432876163,5.373837209302,-0.2));
#7130 = CARTESIAN_POINT('',(2.715307965116E-02,5.478324854651,-0.2));
#7131 = VECTOR('',#7132,1.);
#7132 = DIRECTION('',(-0.,-0.,-1.));
#7133 = ADVANCED_FACE('',(#7134),#7145,.F.);
#7134 = FACE_BOUND('',#7135,.F.);
#7135 = EDGE_LOOP('',(#7136,#7142,#7143,#7144));
#7136 = ORIENTED_EDGE('',*,*,#7137,.F.);
#7137 = EDGE_CURVE('',#6463,#7112,#7138,.T.);
#7138 = B_SPLINE_CURVE_WITH_KNOTS('',2,(#7139,#7140,#7141),
  .UNSPECIFIED.,.F.,.F.,(3,3),(0.,1.),.PIECEWISE_BEZIER_KNOTS.);
#7139 = CARTESIAN_POINT('',(0.600445230814,5.416515261628,-0.2));
#7140 = CARTESIAN_POINT('',(0.487045884884,5.373837209302,-0.2));
#7141 = CARTESIAN_POINT('',(0.357049518605,5.373837209302,-0.2));
#7142 = ORIENTED_EDGE('',*,*,#6477,.T.);
#7143 = ORIENTED_EDGE('',*,*,#1651,.F.);
#7144 = ORIENTED_EDGE('',*,*,#7119,.F.);
#7145 = SURFACE_OF_LINEAR_EXTRUSION('',#7146,#7150);
#7146 = B_SPLINE_CURVE_WITH_KNOTS('',2,(#7147,#7148,#7149),
  .UNSPECIFIED.,.F.,.F.,(3,3),(0.,1.),.PIECEWISE_BEZIER_KNOTS.);
#7147 = CARTESIAN_POINT('',(0.600445230814,5.416515261628,-0.2));
#7148 = CARTESIAN_POINT('',(0.487045884884,5.373837209302,-0.2));
#7149 = CARTESIAN_POINT('',(0.357049518605,5.373837209302,-0.2));
#7150 = VECTOR('',#7151,1.);
#7151 = DIRECTION('',(-0.,-0.,-1.));
#7152 = ADVANCED_FACE('',(#7153),#7178,.F.);
#7153 = FACE_BOUND('',#7154,.F.);
#7154 = EDGE_LOOP('',(#7155,#7165,#7171,#7172));
#7155 = ORIENTED_EDGE('',*,*,#7156,.F.);
#7156 = EDGE_CURVE('',#7157,#7159,#7161,.T.);
#7157 = VERTEX_POINT('',#7158);
#7158 = CARTESIAN_POINT('',(1.295476117442,5.789498546512,-0.2));
#7159 = VERTEX_POINT('',#7160);
#7160 = CARTESIAN_POINT('',(1.513771902326,5.823837209302,-0.2));
#7161 = LINE('',#7162,#7163);
#7162 = CARTESIAN_POINT('',(1.295476117442,5.789498546512,-0.2));
#7163 = VECTOR('',#7164,1.);
#7164 = DIRECTION('',(0.987852796582,0.155392574743,0.));
#7165 = ORIENTED_EDGE('',*,*,#7166,.T.);
#7166 = EDGE_CURVE('',#7157,#1938,#7167,.T.);
#7167 = LINE('',#7168,#7169);
#7168 = CARTESIAN_POINT('',(1.295476117442,5.789498546512,-0.2));
#7169 = VECTOR('',#7170,1.);
#7170 = DIRECTION('',(0.,0.,1.));
#7171 = ORIENTED_EDGE('',*,*,#1935,.F.);
#7172 = ORIENTED_EDGE('',*,*,#7173,.F.);
#7173 = EDGE_CURVE('',#7159,#1936,#7174,.T.);
#7174 = LINE('',#7175,#7176);
#7175 = CARTESIAN_POINT('',(1.513771902326,5.823837209302,-0.2));
#7176 = VECTOR('',#7177,1.);
#7177 = DIRECTION('',(0.,0.,1.));
#7178 = PLANE('',#7179);
#7179 = AXIS2_PLACEMENT_3D('',#7180,#7181,#7182);
#7180 = CARTESIAN_POINT('',(1.295476117442,5.789498546512,-0.2));
#7181 = DIRECTION('',(-0.155392574743,0.987852796582,0.));
#7182 = DIRECTION('',(0.987852796582,0.155392574743,0.));
#7183 = ADVANCED_FACE('',(#7184),#7202,.F.);
#7184 = FACE_BOUND('',#7185,.F.);
#7185 = EDGE_LOOP('',(#7186,#7194,#7200,#7201));
#7186 = ORIENTED_EDGE('',*,*,#7187,.F.);
#7187 = EDGE_CURVE('',#7188,#7157,#7190,.T.);
#7188 = VERTEX_POINT('',#7189);
#7189 = CARTESIAN_POINT('',(1.465288980814,5.478651889535,-0.2));
#7190 = B_SPLINE_CURVE_WITH_KNOTS('',2,(#7191,#7192,#7193),
  .UNSPECIFIED.,.F.,.F.,(3,3),(0.,1.),.PIECEWISE_BEZIER_KNOTS.);
#7191 = CARTESIAN_POINT('',(1.465288980814,5.478651889535,-0.2));
#7192 = CARTESIAN_POINT('',(1.33226754186,5.583466569767,-0.2));
#7193 = CARTESIAN_POINT('',(1.295476117442,5.789498546512,-0.2));
#7194 = ORIENTED_EDGE('',*,*,#7195,.T.);
#7195 = EDGE_CURVE('',#7188,#2286,#7196,.T.);
#7196 = LINE('',#7197,#7198);
#7197 = CARTESIAN_POINT('',(1.465288980814,5.478651889535,-0.2));
#7198 = VECTOR('',#7199,1.);
#7199 = DIRECTION('',(0.,0.,1.));
#7200 = ORIENTED_EDGE('',*,*,#2297,.F.);
#7201 = ORIENTED_EDGE('',*,*,#7166,.F.);
#7202 = SURFACE_OF_LINEAR_EXTRUSION('',#7203,#7207);
#7203 = B_SPLINE_CURVE_WITH_KNOTS('',2,(#7204,#7205,#7206),
  .UNSPECIFIED.,.F.,.F.,(3,3),(0.,1.),.PIECEWISE_BEZIER_KNOTS.);
#7204 = CARTESIAN_POINT('',(1.465288980814,5.478651889535,-0.2));
#7205 = CARTESIAN_POINT('',(1.33226754186,5.583466569767,-0.2));
#7206 = CARTESIAN_POINT('',(1.295476117442,5.789498546512,-0.2));
#7207 = VECTOR('',#7208,1.);
#7208 = DIRECTION('',(-0.,-0.,-1.));
#7209 = ADVANCED_FACE('',(#7210),#7228,.F.);
#7210 = FACE_BOUND('',#7211,.F.);
#7211 = EDGE_LOOP('',(#7212,#7220,#7226,#7227));
#7212 = ORIENTED_EDGE('',*,*,#7213,.F.);
#7213 = EDGE_CURVE('',#7214,#7188,#7216,.T.);
#7214 = VERTEX_POINT('',#7215);
#7215 = CARTESIAN_POINT('',(1.852253006977,5.373837209302,-0.2));
#7216 = B_SPLINE_CURVE_WITH_KNOTS('',2,(#7217,#7218,#7219),
  .UNSPECIFIED.,.F.,.F.,(3,3),(0.,1.),.PIECEWISE_BEZIER_KNOTS.);
#7217 = CARTESIAN_POINT('',(1.852253006977,5.373837209302,-0.2));
#7218 = CARTESIAN_POINT('',(1.598392178488,5.373837209302,-0.2));
#7219 = CARTESIAN_POINT('',(1.465288980814,5.478651889535,-0.2));
#7220 = ORIENTED_EDGE('',*,*,#7221,.T.);
#7221 = EDGE_CURVE('',#7214,#2275,#7222,.T.);
#7222 = LINE('',#7223,#7224);
#7223 = CARTESIAN_POINT('',(1.852253006977,5.373837209302,-0.2));
#7224 = VECTOR('',#7225,1.);
#7225 = DIRECTION('',(0.,0.,1.));
#7226 = ORIENTED_EDGE('',*,*,#2285,.F.);
#7227 = ORIENTED_EDGE('',*,*,#7195,.F.);
#7228 = SURFACE_OF_LINEAR_EXTRUSION('',#7229,#7233);
#7229 = B_SPLINE_CURVE_WITH_KNOTS('',2,(#7230,#7231,#7232),
  .UNSPECIFIED.,.F.,.F.,(3,3),(0.,1.),.PIECEWISE_BEZIER_KNOTS.);
#7230 = CARTESIAN_POINT('',(1.852253006977,5.373837209302,-0.2));
#7231 = CARTESIAN_POINT('',(1.598392178488,5.373837209302,-0.2));
#7232 = CARTESIAN_POINT('',(1.465288980814,5.478651889535,-0.2));
#7233 = VECTOR('',#7234,1.);
#7234 = DIRECTION('',(-0.,-0.,-1.));
#7235 = ADVANCED_FACE('',(#7236),#7254,.F.);
#7236 = FACE_BOUND('',#7237,.F.);
#7237 = EDGE_LOOP('',(#7238,#7246,#7252,#7253));
#7238 = ORIENTED_EDGE('',*,*,#7239,.F.);
#7239 = EDGE_CURVE('',#7240,#7214,#7242,.T.);
#7240 = VERTEX_POINT('',#7241);
#7241 = CARTESIAN_POINT('',(2.126962309302,5.426898619186,-0.2));
#7242 = B_SPLINE_CURVE_WITH_KNOTS('',2,(#7243,#7244,#7245),
  .UNSPECIFIED.,.F.,.F.,(3,3),(0.,1.),.PIECEWISE_BEZIER_KNOTS.);
#7243 = CARTESIAN_POINT('',(2.126962309302,5.426898619186,-0.2));
#7244 = CARTESIAN_POINT('',(2.005550608721,5.373837209302,-0.2));
#7245 = CARTESIAN_POINT('',(1.852253006977,5.373837209302,-0.2));
#7246 = ORIENTED_EDGE('',*,*,#7247,.T.);
#7247 = EDGE_CURVE('',#7240,#2264,#7248,.T.);
#7248 = LINE('',#7249,#7250);
#7249 = CARTESIAN_POINT('',(2.126962309302,5.426898619186,-0.2));
#7250 = VECTOR('',#7251,1.);
#7251 = DIRECTION('',(0.,0.,1.));
#7252 = ORIENTED_EDGE('',*,*,#2274,.F.);
#7253 = ORIENTED_EDGE('',*,*,#7221,.F.);
#7254 = SURFACE_OF_LINEAR_EXTRUSION('',#7255,#7259);
#7255 = B_SPLINE_CURVE_WITH_KNOTS('',2,(#7256,#7257,#7258),
  .UNSPECIFIED.,.F.,.F.,(3,3),(0.,1.),.PIECEWISE_BEZIER_KNOTS.);
#7256 = CARTESIAN_POINT('',(2.126962309302,5.426898619186,-0.2));
#7257 = CARTESIAN_POINT('',(2.005550608721,5.373837209302,-0.2));
#7258 = CARTESIAN_POINT('',(1.852253006977,5.373837209302,-0.2));
#7259 = VECTOR('',#7260,1.);
#7260 = DIRECTION('',(-0.,-0.,-1.));
#7261 = ADVANCED_FACE('',(#7262),#7280,.F.);
#7262 = FACE_BOUND('',#7263,.F.);
#7263 = EDGE_LOOP('',(#7264,#7272,#7278,#7279));
#7264 = ORIENTED_EDGE('',*,*,#7265,.F.);
#7265 = EDGE_CURVE('',#7266,#7240,#7268,.T.);
#7266 = VERTEX_POINT('',#7267);
#7267 = CARTESIAN_POINT('',(2.312718123256,5.576844113372,-0.2));
#7268 = B_SPLINE_CURVE_WITH_KNOTS('',2,(#7269,#7270,#7271),
  .UNSPECIFIED.,.F.,.F.,(3,3),(0.,1.),.PIECEWISE_BEZIER_KNOTS.);
#7269 = CARTESIAN_POINT('',(2.312718123256,5.576844113372,-0.2));
#7270 = CARTESIAN_POINT('',(2.248374009884,5.47996002907,-0.2));
#7271 = CARTESIAN_POINT('',(2.126962309302,5.426898619186,-0.2));
#7272 = ORIENTED_EDGE('',*,*,#7273,.T.);
#7273 = EDGE_CURVE('',#7266,#2251,#7274,.T.);
#7274 = LINE('',#7275,#7276);
#7275 = CARTESIAN_POINT('',(2.312718123256,5.576844113372,-0.2));
#7276 = VECTOR('',#7277,1.);
#7277 = DIRECTION('',(0.,0.,1.));
#7278 = ORIENTED_EDGE('',*,*,#2263,.F.);
#7279 = ORIENTED_EDGE('',*,*,#7247,.F.);
#7280 = SURFACE_OF_LINEAR_EXTRUSION('',#7281,#7285);
#7281 = B_SPLINE_CURVE_WITH_KNOTS('',2,(#7282,#7283,#7284),
  .UNSPECIFIED.,.F.,.F.,(3,3),(0.,1.),.PIECEWISE_BEZIER_KNOTS.);
#7282 = CARTESIAN_POINT('',(2.312718123256,5.576844113372,-0.2));
#7283 = CARTESIAN_POINT('',(2.248374009884,5.47996002907,-0.2));
#7284 = CARTESIAN_POINT('',(2.126962309302,5.426898619186,-0.2));
#7285 = VECTOR('',#7286,1.);
#7286 = DIRECTION('',(-0.,-0.,-1.));
#7287 = ADVANCED_FACE('',(#7288),#7306,.F.);
#7288 = FACE_BOUND('',#7289,.F.);
#7289 = EDGE_LOOP('',(#7290,#7298,#7304,#7305));
#7290 = ORIENTED_EDGE('',*,*,#7291,.F.);
#7291 = EDGE_CURVE('',#7292,#7266,#7294,.T.);
#7292 = VERTEX_POINT('',#7293);
#7293 = CARTESIAN_POINT('',(2.377143995349,5.783530159884,-0.2));
#7294 = B_SPLINE_CURVE_WITH_KNOTS('',2,(#7295,#7296,#7297),
  .UNSPECIFIED.,.F.,.F.,(3,3),(0.,1.),.PIECEWISE_BEZIER_KNOTS.);
#7295 = CARTESIAN_POINT('',(2.377143995349,5.783530159884,-0.2));
#7296 = CARTESIAN_POINT('',(2.377143995349,5.673809956395,-0.2));
#7297 = CARTESIAN_POINT('',(2.312718123256,5.576844113372,-0.2));
#7298 = ORIENTED_EDGE('',*,*,#7299,.T.);
#7299 = EDGE_CURVE('',#7292,#2240,#7300,.T.);
#7300 = LINE('',#7301,#7302);
#7301 = CARTESIAN_POINT('',(2.377143995349,5.783530159884,-0.2));
#7302 = VECTOR('',#7303,1.);
#7303 = DIRECTION('',(0.,0.,1.));
#7304 = ORIENTED_EDGE('',*,*,#2250,.F.);
#7305 = ORIENTED_EDGE('',*,*,#7273,.F.);
#7306 = SURFACE_OF_LINEAR_EXTRUSION('',#7307,#7311);
#7307 = B_SPLINE_CURVE_WITH_KNOTS('',2,(#7308,#7309,#7310),
  .UNSPECIFIED.,.F.,.F.,(3,3),(0.,1.),.PIECEWISE_BEZIER_KNOTS.);
#7308 = CARTESIAN_POINT('',(2.377143995349,5.783530159884,-0.2));
#7309 = CARTESIAN_POINT('',(2.377143995349,5.673809956395,-0.2));
#7310 = CARTESIAN_POINT('',(2.312718123256,5.576844113372,-0.2));
#7311 = VECTOR('',#7312,1.);
#7312 = DIRECTION('',(-0.,-0.,-1.));
#7313 = ADVANCED_FACE('',(#7314),#7332,.F.);
#7314 = FACE_BOUND('',#7315,.F.);
#7315 = EDGE_LOOP('',(#7316,#7324,#7330,#7331));
#7316 = ORIENTED_EDGE('',*,*,#7317,.F.);
#7317 = EDGE_CURVE('',#7318,#7292,#7320,.T.);
#7318 = VERTEX_POINT('',#7319);
#7319 = CARTESIAN_POINT('',(2.324409620349,5.97132994186,-0.2));
#7320 = B_SPLINE_CURVE_WITH_KNOTS('',2,(#7321,#7322,#7323),
  .UNSPECIFIED.,.F.,.F.,(3,3),(0.,1.),.PIECEWISE_BEZIER_KNOTS.);
#7321 = CARTESIAN_POINT('',(2.324409620349,5.97132994186,-0.2));
#7322 = CARTESIAN_POINT('',(2.377143995349,5.895703125,-0.2));
#7323 = CARTESIAN_POINT('',(2.377143995349,5.783530159884,-0.2));
#7324 = ORIENTED_EDGE('',*,*,#7325,.T.);
#7325 = EDGE_CURVE('',#7318,#2227,#7326,.T.);
#7326 = LINE('',#7327,#7328);
#7327 = CARTESIAN_POINT('',(2.324409620349,5.97132994186,-0.2));
#7328 = VECTOR('',#7329,1.);
#7329 = DIRECTION('',(0.,0.,1.));
#7330 = ORIENTED_EDGE('',*,*,#2239,.F.);
#7331 = ORIENTED_EDGE('',*,*,#7299,.F.);
#7332 = SURFACE_OF_LINEAR_EXTRUSION('',#7333,#7337);
#7333 = B_SPLINE_CURVE_WITH_KNOTS('',2,(#7334,#7335,#7336),
  .UNSPECIFIED.,.F.,.F.,(3,3),(0.,1.),.PIECEWISE_BEZIER_KNOTS.);
#7334 = CARTESIAN_POINT('',(2.324409620349,5.97132994186,-0.2));
#7335 = CARTESIAN_POINT('',(2.377143995349,5.895703125,-0.2));
#7336 = CARTESIAN_POINT('',(2.377143995349,5.783530159884,-0.2));
#7337 = VECTOR('',#7338,1.);
#7338 = DIRECTION('',(-0.,-0.,-1.));
#7339 = ADVANCED_FACE('',(#7340),#7358,.F.);
#7340 = FACE_BOUND('',#7341,.F.);
#7341 = EDGE_LOOP('',(#7342,#7350,#7356,#7357));
#7342 = ORIENTED_EDGE('',*,*,#7343,.F.);
#7343 = EDGE_CURVE('',#7344,#7318,#7346,.T.);
#7344 = VERTEX_POINT('',#7345);
#7345 = CARTESIAN_POINT('',(2.179042614535,6.086527979651,-0.2));
#7346 = B_SPLINE_CURVE_WITH_KNOTS('',2,(#7347,#7348,#7349),
  .UNSPECIFIED.,.F.,.F.,(3,3),(0.,1.),.PIECEWISE_BEZIER_KNOTS.);
#7347 = CARTESIAN_POINT('',(2.179042614535,6.086527979651,-0.2));
#7348 = CARTESIAN_POINT('',(2.271675245349,6.046956758721,-0.2));
#7349 = CARTESIAN_POINT('',(2.324409620349,5.97132994186,-0.2));
#7350 = ORIENTED_EDGE('',*,*,#7351,.T.);
#7351 = EDGE_CURVE('',#7344,#2215,#7352,.T.);
#7352 = LINE('',#7353,#7354);
#7353 = CARTESIAN_POINT('',(2.179042614535,6.086527979651,-0.2));
#7354 = VECTOR('',#7355,1.);
#7355 = DIRECTION('',(0.,0.,1.));
#7356 = ORIENTED_EDGE('',*,*,#2226,.F.);
#7357 = ORIENTED_EDGE('',*,*,#7325,.F.);
#7358 = SURFACE_OF_LINEAR_EXTRUSION('',#7359,#7363);
#7359 = B_SPLINE_CURVE_WITH_KNOTS('',2,(#7360,#7361,#7362),
  .UNSPECIFIED.,.F.,.F.,(3,3),(0.,1.),.PIECEWISE_BEZIER_KNOTS.);
#7360 = CARTESIAN_POINT('',(2.179042614535,6.086527979651,-0.2));
#7361 = CARTESIAN_POINT('',(2.271675245349,6.046956758721,-0.2));
#7362 = CARTESIAN_POINT('',(2.324409620349,5.97132994186,-0.2));
#7363 = VECTOR('',#7364,1.);
#7364 = DIRECTION('',(-0.,-0.,-1.));
#7365 = ADVANCED_FACE('',(#7366),#7384,.F.);
#7366 = FACE_BOUND('',#7367,.F.);
#7367 = EDGE_LOOP('',(#7368,#7376,#7382,#7383));
#7368 = ORIENTED_EDGE('',*,*,#7369,.F.);
#7369 = EDGE_CURVE('',#7370,#7344,#7372,.T.);
#7370 = VERTEX_POINT('',#7371);
#7371 = CARTESIAN_POINT('',(1.852253006977,6.18839934593,-0.2));
#7372 = B_SPLINE_CURVE_WITH_KNOTS('',2,(#7373,#7374,#7375),
  .UNSPECIFIED.,.F.,.F.,(3,3),(0.,1.),.PIECEWISE_BEZIER_KNOTS.);
#7373 = CARTESIAN_POINT('',(1.852253006977,6.18839934593,-0.2));
#7374 = CARTESIAN_POINT('',(2.086491742442,6.126180959302,-0.2));
#7375 = CARTESIAN_POINT('',(2.179042614535,6.086527979651,-0.2));
#7376 = ORIENTED_EDGE('',*,*,#7377,.T.);
#7377 = EDGE_CURVE('',#7370,#2204,#7378,.T.);
#7378 = LINE('',#7379,#7380);
#7379 = CARTESIAN_POINT('',(1.852253006977,6.18839934593,-0.2));
#7380 = VECTOR('',#7381,1.);
#7381 = DIRECTION('',(0.,0.,1.));
#7382 = ORIENTED_EDGE('',*,*,#2214,.F.);
#7383 = ORIENTED_EDGE('',*,*,#7351,.F.);
#7384 = SURFACE_OF_LINEAR_EXTRUSION('',#7385,#7389);
#7385 = B_SPLINE_CURVE_WITH_KNOTS('',2,(#7386,#7387,#7388),
  .UNSPECIFIED.,.F.,.F.,(3,3),(0.,1.),.PIECEWISE_BEZIER_KNOTS.);
#7386 = CARTESIAN_POINT('',(1.852253006977,6.18839934593,-0.2));
#7387 = CARTESIAN_POINT('',(2.086491742442,6.126180959302,-0.2));
#7388 = CARTESIAN_POINT('',(2.179042614535,6.086527979651,-0.2));
#7389 = VECTOR('',#7390,1.);
#7390 = DIRECTION('',(-0.,-0.,-1.));
#7391 = ADVANCED_FACE('',(#7392),#7410,.F.);
#7392 = FACE_BOUND('',#7393,.F.);
#7393 = EDGE_LOOP('',(#7394,#7402,#7408,#7409));
#7394 = ORIENTED_EDGE('',*,*,#7395,.F.);
#7395 = EDGE_CURVE('',#7396,#7370,#7398,.T.);
#7396 = VERTEX_POINT('',#7397);
#7397 = CARTESIAN_POINT('',(1.657258457558,6.244158793605,-0.2));
#7398 = B_SPLINE_CURVE_WITH_KNOTS('',2,(#7399,#7400,#7401),
  .UNSPECIFIED.,.F.,.F.,(3,3),(0.,1.),.PIECEWISE_BEZIER_KNOTS.);
#7399 = CARTESIAN_POINT('',(1.657258457558,6.244158793605,-0.2));
#7400 = CARTESIAN_POINT('',(1.690370739535,6.232058502907,-0.2));
#7401 = CARTESIAN_POINT('',(1.852253006977,6.18839934593,-0.2));
#7402 = ORIENTED_EDGE('',*,*,#7403,.T.);
#7403 = EDGE_CURVE('',#7396,#2194,#7404,.T.);
#7404 = LINE('',#7405,#7406);
#7405 = CARTESIAN_POINT('',(1.657258457558,6.244158793605,-0.2));
#7406 = VECTOR('',#7407,1.);
#7407 = DIRECTION('',(0.,0.,1.));
#7408 = ORIENTED_EDGE('',*,*,#2203,.F.);
#7409 = ORIENTED_EDGE('',*,*,#7377,.F.);
#7410 = SURFACE_OF_LINEAR_EXTRUSION('',#7411,#7415);
#7411 = B_SPLINE_CURVE_WITH_KNOTS('',2,(#7412,#7413,#7414),
  .UNSPECIFIED.,.F.,.F.,(3,3),(0.,1.),.PIECEWISE_BEZIER_KNOTS.);
#7412 = CARTESIAN_POINT('',(1.657258457558,6.244158793605,-0.2));
#7413 = CARTESIAN_POINT('',(1.690370739535,6.232058502907,-0.2));
#7414 = CARTESIAN_POINT('',(1.852253006977,6.18839934593,-0.2));
#7415 = VECTOR('',#7416,1.);
#7416 = DIRECTION('',(-0.,-0.,-1.));
#7417 = ADVANCED_FACE('',(#7418),#7436,.F.);
#7418 = FACE_BOUND('',#7419,.F.);
#7419 = EDGE_LOOP('',(#7420,#7428,#7434,#7435));
#7420 = ORIENTED_EDGE('',*,*,#7421,.F.);
#7421 = EDGE_CURVE('',#7422,#7396,#7424,.T.);
#7422 = VERTEX_POINT('',#7423);
#7423 = CARTESIAN_POINT('',(1.572638181395,6.302289244186,-0.2));
#7424 = B_SPLINE_CURVE_WITH_KNOTS('',2,(#7425,#7426,#7427),
  .UNSPECIFIED.,.F.,.F.,(3,3),(0.,1.),.PIECEWISE_BEZIER_KNOTS.);
#7425 = CARTESIAN_POINT('',(1.572638181395,6.302289244186,-0.2));
#7426 = CARTESIAN_POINT('',(1.599618559302,6.267132994186,-0.2));
#7427 = CARTESIAN_POINT('',(1.657258457558,6.244158793605,-0.2));
#7428 = ORIENTED_EDGE('',*,*,#7429,.T.);
#7429 = EDGE_CURVE('',#7422,#2184,#7430,.T.);
#7430 = LINE('',#7431,#7432);
#7431 = CARTESIAN_POINT('',(1.572638181395,6.302289244186,-0.2));
#7432 = VECTOR('',#7433,1.);
#7433 = DIRECTION('',(0.,0.,1.));
#7434 = ORIENTED_EDGE('',*,*,#2193,.F.);
#7435 = ORIENTED_EDGE('',*,*,#7403,.F.);
#7436 = SURFACE_OF_LINEAR_EXTRUSION('',#7437,#7441);
#7437 = B_SPLINE_CURVE_WITH_KNOTS('',2,(#7438,#7439,#7440),
  .UNSPECIFIED.,.F.,.F.,(3,3),(0.,1.),.PIECEWISE_BEZIER_KNOTS.);
#7438 = CARTESIAN_POINT('',(1.572638181395,6.302289244186,-0.2));
#7439 = CARTESIAN_POINT('',(1.599618559302,6.267132994186,-0.2));
#7440 = CARTESIAN_POINT('',(1.657258457558,6.244158793605,-0.2));
#7441 = VECTOR('',#7442,1.);
#7442 = DIRECTION('',(-0.,-0.,-1.));
#7443 = ADVANCED_FACE('',(#7444),#7462,.F.);
#7444 = FACE_BOUND('',#7445,.F.);
#7445 = EDGE_LOOP('',(#7446,#7454,#7460,#7461));
#7446 = ORIENTED_EDGE('',*,*,#7447,.F.);
#7447 = EDGE_CURVE('',#7448,#7422,#7450,.T.);
#7448 = VERTEX_POINT('',#7449);
#7449 = CARTESIAN_POINT('',(1.545657803488,6.378651889535,-0.2));
#7450 = B_SPLINE_CURVE_WITH_KNOTS('',2,(#7451,#7452,#7453),
  .UNSPECIFIED.,.F.,.F.,(3,3),(0.,1.),.PIECEWISE_BEZIER_KNOTS.);
#7451 = CARTESIAN_POINT('',(1.545657803488,6.378651889535,-0.2));
#7452 = CARTESIAN_POINT('',(1.545657803488,6.336219113372,-0.2));
#7453 = CARTESIAN_POINT('',(1.572638181395,6.302289244186,-0.2));
#7454 = ORIENTED_EDGE('',*,*,#7455,.T.);
#7455 = EDGE_CURVE('',#7448,#2171,#7456,.T.);
#7456 = LINE('',#7457,#7458);
#7457 = CARTESIAN_POINT('',(1.545657803488,6.378651889535,-0.2));
#7458 = VECTOR('',#7459,1.);
#7459 = DIRECTION('',(0.,0.,1.));
#7460 = ORIENTED_EDGE('',*,*,#2183,.F.);
#7461 = ORIENTED_EDGE('',*,*,#7429,.F.);
#7462 = SURFACE_OF_LINEAR_EXTRUSION('',#7463,#7467);
#7463 = B_SPLINE_CURVE_WITH_KNOTS('',2,(#7464,#7465,#7466),
  .UNSPECIFIED.,.F.,.F.,(3,3),(0.,1.),.PIECEWISE_BEZIER_KNOTS.);
#7464 = CARTESIAN_POINT('',(1.545657803488,6.378651889535,-0.2));
#7465 = CARTESIAN_POINT('',(1.545657803488,6.336219113372,-0.2));
#7466 = CARTESIAN_POINT('',(1.572638181395,6.302289244186,-0.2));
#7467 = VECTOR('',#7468,1.);
#7468 = DIRECTION('',(-0.,-0.,-1.));
#7469 = ADVANCED_FACE('',(#7470),#7488,.F.);
#7470 = FACE_BOUND('',#7471,.F.);
#7471 = EDGE_LOOP('',(#7472,#7480,#7486,#7487));
#7472 = ORIENTED_EDGE('',*,*,#7473,.F.);
#7473 = EDGE_CURVE('',#7474,#7448,#7476,.T.);
#7474 = VERTEX_POINT('',#7475);
#7475 = CARTESIAN_POINT('',(1.610655986628,6.494912790698,-0.2));
#7476 = B_SPLINE_CURVE_WITH_KNOTS('',2,(#7477,#7478,#7479),
  .UNSPECIFIED.,.F.,.F.,(3,3),(0.,1.),.PIECEWISE_BEZIER_KNOTS.);
#7477 = CARTESIAN_POINT('',(1.610655986628,6.494912790698,-0.2));
#7478 = CARTESIAN_POINT('',(1.545657803488,6.445285247093,-0.2));
#7479 = CARTESIAN_POINT('',(1.545657803488,6.378651889535,-0.2));
#7480 = ORIENTED_EDGE('',*,*,#7481,.T.);
#7481 = EDGE_CURVE('',#7474,#2160,#7482,.T.);
#7482 = LINE('',#7483,#7484);
#7483 = CARTESIAN_POINT('',(1.610655986628,6.494912790698,-0.2));
#7484 = VECTOR('',#7485,1.);
#7485 = DIRECTION('',(0.,0.,1.));
#7486 = ORIENTED_EDGE('',*,*,#2170,.F.);
#7487 = ORIENTED_EDGE('',*,*,#7455,.F.);
#7488 = SURFACE_OF_LINEAR_EXTRUSION('',#7489,#7493);
#7489 = B_SPLINE_CURVE_WITH_KNOTS('',2,(#7490,#7491,#7492),
  .UNSPECIFIED.,.F.,.F.,(3,3),(0.,1.),.PIECEWISE_BEZIER_KNOTS.);
#7490 = CARTESIAN_POINT('',(1.610655986628,6.494912790698,-0.2));
#7491 = CARTESIAN_POINT('',(1.545657803488,6.445285247093,-0.2));
#7492 = CARTESIAN_POINT('',(1.545657803488,6.378651889535,-0.2));
#7493 = VECTOR('',#7494,1.);
#7494 = DIRECTION('',(-0.,-0.,-1.));
#7495 = ADVANCED_FACE('',(#7496),#7514,.F.);
#7496 = FACE_BOUND('',#7497,.F.);
#7497 = EDGE_LOOP('',(#7498,#7506,#7512,#7513));
#7498 = ORIENTED_EDGE('',*,*,#7499,.F.);
#7499 = EDGE_CURVE('',#7500,#7474,#7502,.T.);
#7500 = VERTEX_POINT('',#7501);
#7501 = CARTESIAN_POINT('',(1.827725390698,6.544622093023,-0.2));
#7502 = B_SPLINE_CURVE_WITH_KNOTS('',2,(#7503,#7504,#7505),
  .UNSPECIFIED.,.F.,.F.,(3,3),(0.,1.),.PIECEWISE_BEZIER_KNOTS.);
#7503 = CARTESIAN_POINT('',(1.827725390698,6.544622093023,-0.2));
#7504 = CARTESIAN_POINT('',(1.675654169767,6.544622093023,-0.2));
#7505 = CARTESIAN_POINT('',(1.610655986628,6.494912790698,-0.2));
#7506 = ORIENTED_EDGE('',*,*,#7507,.T.);
#7507 = EDGE_CURVE('',#7500,#2149,#7508,.T.);
#7508 = LINE('',#7509,#7510);
#7509 = CARTESIAN_POINT('',(1.827725390698,6.544622093023,-0.2));
#7510 = VECTOR('',#7511,1.);
#7511 = DIRECTION('',(0.,0.,1.));
#7512 = ORIENTED_EDGE('',*,*,#2159,.F.);
#7513 = ORIENTED_EDGE('',*,*,#7481,.F.);
#7514 = SURFACE_OF_LINEAR_EXTRUSION('',#7515,#7519);
#7515 = B_SPLINE_CURVE_WITH_KNOTS('',2,(#7516,#7517,#7518),
  .UNSPECIFIED.,.F.,.F.,(3,3),(0.,1.),.PIECEWISE_BEZIER_KNOTS.);
#7516 = CARTESIAN_POINT('',(1.827725390698,6.544622093023,-0.2));
#7517 = CARTESIAN_POINT('',(1.675654169767,6.544622093023,-0.2));
#7518 = CARTESIAN_POINT('',(1.610655986628,6.494912790698,-0.2));
#7519 = VECTOR('',#7520,1.);
#7520 = DIRECTION('',(-0.,-0.,-1.));
#7521 = ADVANCED_FACE('',(#7522),#7540,.F.);
#7522 = FACE_BOUND('',#7523,.F.);
#7523 = EDGE_LOOP('',(#7524,#7532,#7538,#7539));
#7524 = ORIENTED_EDGE('',*,*,#7525,.F.);
#7525 = EDGE_CURVE('',#7526,#7500,#7528,.T.);
#7526 = VERTEX_POINT('',#7527);
#7527 = CARTESIAN_POINT('',(2.026971393605,6.488208575581,-0.2));
#7528 = B_SPLINE_CURVE_WITH_KNOTS('',2,(#7529,#7530,#7531),
  .UNSPECIFIED.,.F.,.F.,(3,3),(0.,1.),.PIECEWISE_BEZIER_KNOTS.);
#7529 = CARTESIAN_POINT('',(2.026971393605,6.488208575581,-0.2));
#7530 = CARTESIAN_POINT('',(1.956495376163,6.544622093023,-0.2));
#7531 = CARTESIAN_POINT('',(1.827725390698,6.544622093023,-0.2));
#7532 = ORIENTED_EDGE('',*,*,#7533,.T.);
#7533 = EDGE_CURVE('',#7526,#2136,#7534,.T.);
#7534 = LINE('',#7535,#7536);
#7535 = CARTESIAN_POINT('',(2.026971393605,6.488208575581,-0.2));
#7536 = VECTOR('',#7537,1.);
#7537 = DIRECTION('',(0.,0.,1.));
#7538 = ORIENTED_EDGE('',*,*,#2148,.F.);
#7539 = ORIENTED_EDGE('',*,*,#7507,.F.);
#7540 = SURFACE_OF_LINEAR_EXTRUSION('',#7541,#7545);
#7541 = B_SPLINE_CURVE_WITH_KNOTS('',2,(#7542,#7543,#7544),
  .UNSPECIFIED.,.F.,.F.,(3,3),(0.,1.),.PIECEWISE_BEZIER_KNOTS.);
#7542 = CARTESIAN_POINT('',(2.026971393605,6.488208575581,-0.2));
#7543 = CARTESIAN_POINT('',(1.956495376163,6.544622093023,-0.2));
#7544 = CARTESIAN_POINT('',(1.827725390698,6.544622093023,-0.2));
#7545 = VECTOR('',#7546,1.);
#7546 = DIRECTION('',(-0.,-0.,-1.));
#7547 = ADVANCED_FACE('',(#7548),#7566,.F.);
#7548 = FACE_BOUND('',#7549,.F.);
#7549 = EDGE_LOOP('',(#7550,#7558,#7564,#7565));
#7550 = ORIENTED_EDGE('',*,*,#7551,.F.);
#7551 = EDGE_CURVE('',#7552,#7526,#7554,.T.);
#7552 = VERTEX_POINT('',#7553);
#7553 = CARTESIAN_POINT('',(2.112245739535,6.331395348837,-0.2));
#7554 = B_SPLINE_CURVE_WITH_KNOTS('',2,(#7555,#7556,#7557),
  .UNSPECIFIED.,.F.,.F.,(3,3),(0.,1.),.PIECEWISE_BEZIER_KNOTS.);
#7555 = CARTESIAN_POINT('',(2.112245739535,6.331395348837,-0.2));
#7556 = CARTESIAN_POINT('',(2.097529169767,6.43187681686,-0.2));
#7557 = CARTESIAN_POINT('',(2.026971393605,6.488208575581,-0.2));
#7558 = ORIENTED_EDGE('',*,*,#7559,.T.);
#7559 = EDGE_CURVE('',#7552,#2128,#7560,.T.);
#7560 = LINE('',#7561,#7562);
#7561 = CARTESIAN_POINT('',(2.112245739535,6.331395348837,-0.2));
#7562 = VECTOR('',#7563,1.);
#7563 = DIRECTION('',(0.,0.,1.));
#7564 = ORIENTED_EDGE('',*,*,#2135,.F.);
#7565 = ORIENTED_EDGE('',*,*,#7533,.F.);
#7566 = SURFACE_OF_LINEAR_EXTRUSION('',#7567,#7571);
#7567 = B_SPLINE_CURVE_WITH_KNOTS('',2,(#7568,#7569,#7570),
  .UNSPECIFIED.,.F.,.F.,(3,3),(0.,1.),.PIECEWISE_BEZIER_KNOTS.);
#7568 = CARTESIAN_POINT('',(2.112245739535,6.331395348837,-0.2));
#7569 = CARTESIAN_POINT('',(2.097529169767,6.43187681686,-0.2));
#7570 = CARTESIAN_POINT('',(2.026971393605,6.488208575581,-0.2));
#7571 = VECTOR('',#7572,1.);
#7572 = DIRECTION('',(-0.,-0.,-1.));
#7573 = ADVANCED_FACE('',(#7574),#7592,.F.);
#7574 = FACE_BOUND('',#7575,.F.);
#7575 = EDGE_LOOP('',(#7576,#7584,#7590,#7591));
#7576 = ORIENTED_EDGE('',*,*,#7577,.F.);
#7577 = EDGE_CURVE('',#7578,#7552,#7580,.T.);
#7578 = VERTEX_POINT('',#7579);
#7579 = CARTESIAN_POINT('',(2.328088762791,6.360828488372,-0.2));
#7580 = LINE('',#7581,#7582);
#7581 = CARTESIAN_POINT('',(2.328088762791,6.360828488372,-0.2));
#7582 = VECTOR('',#7583,1.);
#7583 = DIRECTION('',(-0.990830168044,-0.135113204733,0.));
#7584 = ORIENTED_EDGE('',*,*,#7585,.T.);
#7585 = EDGE_CURVE('',#7578,#2117,#7586,.T.);
#7586 = LINE('',#7587,#7588);
#7587 = CARTESIAN_POINT('',(2.328088762791,6.360828488372,-0.2));
#7588 = VECTOR('',#7589,1.);
#7589 = DIRECTION('',(0.,0.,1.));
#7590 = ORIENTED_EDGE('',*,*,#2127,.F.);
#7591 = ORIENTED_EDGE('',*,*,#7559,.F.);
#7592 = PLANE('',#7593);
#7593 = AXIS2_PLACEMENT_3D('',#7594,#7595,#7596);
#7594 = CARTESIAN_POINT('',(2.328088762791,6.360828488372,-0.2));
#7595 = DIRECTION('',(0.135113204733,-0.990830168044,0.));
#7596 = DIRECTION('',(-0.990830168044,-0.135113204733,0.));
#7597 = ADVANCED_FACE('',(#7598),#7616,.F.);
#7598 = FACE_BOUND('',#7599,.F.);
#7599 = EDGE_LOOP('',(#7600,#7608,#7614,#7615));
#7600 = ORIENTED_EDGE('',*,*,#7601,.F.);
#7601 = EDGE_CURVE('',#7602,#7578,#7604,.T.);
#7602 = VERTEX_POINT('',#7603);
#7603 = CARTESIAN_POINT('',(2.252053152326,6.564080668605,-0.2));
#7604 = B_SPLINE_CURVE_WITH_KNOTS('',2,(#7605,#7606,#7607),
  .UNSPECIFIED.,.F.,.F.,(3,3),(0.,1.),.PIECEWISE_BEZIER_KNOTS.);
#7605 = CARTESIAN_POINT('',(2.252053152326,6.564080668605,-0.2));
#7606 = CARTESIAN_POINT('',(2.307240288953,6.48812681686,-0.2));
#7607 = CARTESIAN_POINT('',(2.328088762791,6.360828488372,-0.2));
#7608 = ORIENTED_EDGE('',*,*,#7609,.T.);
#7609 = EDGE_CURVE('',#7602,#2106,#7610,.T.);
#7610 = LINE('',#7611,#7612);
#7611 = CARTESIAN_POINT('',(2.252053152326,6.564080668605,-0.2));
#7612 = VECTOR('',#7613,1.);
#7613 = DIRECTION('',(0.,0.,1.));
#7614 = ORIENTED_EDGE('',*,*,#2116,.F.);
#7615 = ORIENTED_EDGE('',*,*,#7585,.F.);
#7616 = SURFACE_OF_LINEAR_EXTRUSION('',#7617,#7621);
#7617 = B_SPLINE_CURVE_WITH_KNOTS('',2,(#7618,#7619,#7620),
  .UNSPECIFIED.,.F.,.F.,(3,3),(0.,1.),.PIECEWISE_BEZIER_KNOTS.);
#7618 = CARTESIAN_POINT('',(2.252053152326,6.564080668605,-0.2));
#7619 = CARTESIAN_POINT('',(2.307240288953,6.48812681686,-0.2));
#7620 = CARTESIAN_POINT('',(2.328088762791,6.360828488372,-0.2));
#7621 = VECTOR('',#7622,1.);
#7622 = DIRECTION('',(-0.,-0.,-1.));
#7623 = ADVANCED_FACE('',(#7624),#7642,.F.);
#7624 = FACE_BOUND('',#7625,.F.);
#7625 = EDGE_LOOP('',(#7626,#7634,#7640,#7641));
#7626 = ORIENTED_EDGE('',*,*,#7627,.F.);
#7627 = EDGE_CURVE('',#7628,#7602,#7630,.T.);
#7628 = VERTEX_POINT('',#7629);
#7629 = CARTESIAN_POINT('',(2.080932149419,6.684593023256,-0.2));
#7630 = B_SPLINE_CURVE_WITH_KNOTS('',2,(#7631,#7632,#7633),
  .UNSPECIFIED.,.F.,.F.,(3,3),(0.,1.),.PIECEWISE_BEZIER_KNOTS.);
#7631 = CARTESIAN_POINT('',(2.080932149419,6.684593023256,-0.2));
#7632 = CARTESIAN_POINT('',(2.196866015698,6.64011627907,-0.2));
#7633 = CARTESIAN_POINT('',(2.252053152326,6.564080668605,-0.2));
#7634 = ORIENTED_EDGE('',*,*,#7635,.T.);
#7635 = EDGE_CURVE('',#7628,#2095,#7636,.T.);
#7636 = LINE('',#7637,#7638);
#7637 = CARTESIAN_POINT('',(2.080932149419,6.684593023256,-0.2));
#7638 = VECTOR('',#7639,1.);
#7639 = DIRECTION('',(0.,0.,1.));
#7640 = ORIENTED_EDGE('',*,*,#2105,.F.);
#7641 = ORIENTED_EDGE('',*,*,#7609,.F.);
#7642 = SURFACE_OF_LINEAR_EXTRUSION('',#7643,#7647);
#7643 = B_SPLINE_CURVE_WITH_KNOTS('',2,(#7644,#7645,#7646),
  .UNSPECIFIED.,.F.,.F.,(3,3),(0.,1.),.PIECEWISE_BEZIER_KNOTS.);
#7644 = CARTESIAN_POINT('',(2.080932149419,6.684593023256,-0.2));
#7645 = CARTESIAN_POINT('',(2.196866015698,6.64011627907,-0.2));
#7646 = CARTESIAN_POINT('',(2.252053152326,6.564080668605,-0.2));
#7647 = VECTOR('',#7648,1.);
#7648 = DIRECTION('',(-0.,-0.,-1.));
#7649 = ADVANCED_FACE('',(#7650),#7668,.F.);
#7650 = FACE_BOUND('',#7651,.F.);
#7651 = EDGE_LOOP('',(#7652,#7660,#7666,#7667));
#7652 = ORIENTED_EDGE('',*,*,#7653,.F.);
#7653 = EDGE_CURVE('',#7654,#7628,#7656,.T.);
#7654 = VERTEX_POINT('',#7655);
#7655 = CARTESIAN_POINT('',(1.811782440116,6.729069767442,-0.2));
#7656 = B_SPLINE_CURVE_WITH_KNOTS('',2,(#7657,#7658,#7659),
  .UNSPECIFIED.,.F.,.F.,(3,3),(0.,1.),.PIECEWISE_BEZIER_KNOTS.);
#7657 = CARTESIAN_POINT('',(1.811782440116,6.729069767442,-0.2));
#7658 = CARTESIAN_POINT('',(1.96508004186,6.729069767442,-0.2));
#7659 = CARTESIAN_POINT('',(2.080932149419,6.684593023256,-0.2));
#7660 = ORIENTED_EDGE('',*,*,#7661,.T.);
#7661 = EDGE_CURVE('',#7654,#2085,#7662,.T.);
#7662 = LINE('',#7663,#7664);
#7663 = CARTESIAN_POINT('',(1.811782440116,6.729069767442,-0.2));
#7664 = VECTOR('',#7665,1.);
#7665 = DIRECTION('',(0.,0.,1.));
#7666 = ORIENTED_EDGE('',*,*,#2094,.F.);
#7667 = ORIENTED_EDGE('',*,*,#7635,.F.);
#7668 = SURFACE_OF_LINEAR_EXTRUSION('',#7669,#7673);
#7669 = B_SPLINE_CURVE_WITH_KNOTS('',2,(#7670,#7671,#7672),
  .UNSPECIFIED.,.F.,.F.,(3,3),(0.,1.),.PIECEWISE_BEZIER_KNOTS.);
#7670 = CARTESIAN_POINT('',(1.811782440116,6.729069767442,-0.2));
#7671 = CARTESIAN_POINT('',(1.96508004186,6.729069767442,-0.2));
#7672 = CARTESIAN_POINT('',(2.080932149419,6.684593023256,-0.2));
#7673 = VECTOR('',#7674,1.);
#7674 = DIRECTION('',(-0.,-0.,-1.));
#7675 = ADVANCED_FACE('',(#7676),#7694,.F.);
#7676 = FACE_BOUND('',#7677,.F.);
#7677 = EDGE_LOOP('',(#7678,#7686,#7692,#7693));
#7678 = ORIENTED_EDGE('',*,*,#7679,.F.);
#7679 = EDGE_CURVE('',#7680,#7654,#7682,.T.);
#7680 = VERTEX_POINT('',#7681);
#7681 = CARTESIAN_POINT('',(1.621039344186,6.702743459302,-0.2));
#7682 = B_SPLINE_CURVE_WITH_KNOTS('',2,(#7683,#7684,#7685),
  .UNSPECIFIED.,.F.,.F.,(3,3),(0.,1.),.PIECEWISE_BEZIER_KNOTS.);
#7683 = CARTESIAN_POINT('',(1.621039344186,6.702743459302,-0.2));
#7684 = CARTESIAN_POINT('',(1.709992832558,6.729069767442,-0.2));
#7685 = CARTESIAN_POINT('',(1.811782440116,6.729069767442,-0.2));
#7686 = ORIENTED_EDGE('',*,*,#7687,.T.);
#7687 = EDGE_CURVE('',#7680,#2075,#7688,.T.);
#7688 = LINE('',#7689,#7690);
#7689 = CARTESIAN_POINT('',(1.621039344186,6.702743459302,-0.2));
#7690 = VECTOR('',#7691,1.);
#7691 = DIRECTION('',(0.,0.,1.));
#7692 = ORIENTED_EDGE('',*,*,#2084,.F.);
#7693 = ORIENTED_EDGE('',*,*,#7661,.F.);
#7694 = SURFACE_OF_LINEAR_EXTRUSION('',#7695,#7699);
#7695 = B_SPLINE_CURVE_WITH_KNOTS('',2,(#7696,#7697,#7698),
  .UNSPECIFIED.,.F.,.F.,(3,3),(0.,1.),.PIECEWISE_BEZIER_KNOTS.);
#7696 = CARTESIAN_POINT('',(1.621039344186,6.702743459302,-0.2));
#7697 = CARTESIAN_POINT('',(1.709992832558,6.729069767442,-0.2));
#7698 = CARTESIAN_POINT('',(1.811782440116,6.729069767442,-0.2));
#7699 = VECTOR('',#7700,1.);
#7700 = DIRECTION('',(-0.,-0.,-1.));
#7701 = ADVANCED_FACE('',(#7702),#7720,.F.);
#7702 = FACE_BOUND('',#7703,.F.);
#7703 = EDGE_LOOP('',(#7704,#7712,#7718,#7719));
#7704 = ORIENTED_EDGE('',*,*,#7705,.F.);
#7705 = EDGE_CURVE('',#7706,#7680,#7708,.T.);
#7706 = VERTEX_POINT('',#7707);
#7707 = CARTESIAN_POINT('',(1.480659620349,6.638481104651,-0.2));
#7708 = B_SPLINE_CURVE_WITH_KNOTS('',2,(#7709,#7710,#7711),
  .UNSPECIFIED.,.F.,.F.,(3,3),(0.,1.),.PIECEWISE_BEZIER_KNOTS.);
#7709 = CARTESIAN_POINT('',(1.480659620349,6.638481104651,-0.2));
#7710 = CARTESIAN_POINT('',(1.532167614535,6.676417151163,-0.2));
#7711 = CARTESIAN_POINT('',(1.621039344186,6.702743459302,-0.2));
#7712 = ORIENTED_EDGE('',*,*,#7713,.T.);
#7713 = EDGE_CURVE('',#7706,#2065,#7714,.T.);
#7714 = LINE('',#7715,#7716);
#7715 = CARTESIAN_POINT('',(1.480659620349,6.638481104651,-0.2));
#7716 = VECTOR('',#7717,1.);
#7717 = DIRECTION('',(0.,0.,1.));
#7718 = ORIENTED_EDGE('',*,*,#2074,.F.);
#7719 = ORIENTED_EDGE('',*,*,#7687,.F.);
#7720 = SURFACE_OF_LINEAR_EXTRUSION('',#7721,#7725);
#7721 = B_SPLINE_CURVE_WITH_KNOTS('',2,(#7722,#7723,#7724),
  .UNSPECIFIED.,.F.,.F.,(3,3),(0.,1.),.PIECEWISE_BEZIER_KNOTS.);
#7722 = CARTESIAN_POINT('',(1.480659620349,6.638481104651,-0.2));
#7723 = CARTESIAN_POINT('',(1.532167614535,6.676417151163,-0.2));
#7724 = CARTESIAN_POINT('',(1.621039344186,6.702743459302,-0.2));
#7725 = VECTOR('',#7726,1.);
#7726 = DIRECTION('',(-0.,-0.,-1.));
#7727 = ADVANCED_FACE('',(#7728),#7746,.F.);
#7728 = FACE_BOUND('',#7729,.F.);
#7729 = EDGE_LOOP('',(#7730,#7738,#7744,#7745));
#7730 = ORIENTED_EDGE('',*,*,#7731,.F.);
#7731 = EDGE_CURVE('',#7732,#7706,#7734,.T.);
#7732 = VERTEX_POINT('',#7733);
#7733 = CARTESIAN_POINT('',(1.372084038953,6.515434229651,-0.2));
#7734 = B_SPLINE_CURVE_WITH_KNOTS('',2,(#7735,#7736,#7737),
  .UNSPECIFIED.,.F.,.F.,(3,3),(0.,1.),.PIECEWISE_BEZIER_KNOTS.);
#7735 = CARTESIAN_POINT('',(1.372084038953,6.515434229651,-0.2));
#7736 = CARTESIAN_POINT('',(1.411982294767,6.589507630814,-0.2));
#7737 = CARTESIAN_POINT('',(1.480659620349,6.638481104651,-0.2));
#7738 = ORIENTED_EDGE('',*,*,#7739,.T.);
#7739 = EDGE_CURVE('',#7732,#2055,#7740,.T.);
#7740 = LINE('',#7741,#7742);
#7741 = CARTESIAN_POINT('',(1.372084038953,6.515434229651,-0.2));
#7742 = VECTOR('',#7743,1.);
#7743 = DIRECTION('',(0.,0.,1.));
#7744 = ORIENTED_EDGE('',*,*,#2064,.F.);
#7745 = ORIENTED_EDGE('',*,*,#7713,.F.);
#7746 = SURFACE_OF_LINEAR_EXTRUSION('',#7747,#7751);
#7747 = B_SPLINE_CURVE_WITH_KNOTS('',2,(#7748,#7749,#7750),
  .UNSPECIFIED.,.F.,.F.,(3,3),(0.,1.),.PIECEWISE_BEZIER_KNOTS.);
#7748 = CARTESIAN_POINT('',(1.372084038953,6.515434229651,-0.2));
#7749 = CARTESIAN_POINT('',(1.411982294767,6.589507630814,-0.2));
#7750 = CARTESIAN_POINT('',(1.480659620349,6.638481104651,-0.2));
#7751 = VECTOR('',#7752,1.);
#7752 = DIRECTION('',(-0.,-0.,-1.));
#7753 = ADVANCED_FACE('',(#7754),#7772,.F.);
#7754 = FACE_BOUND('',#7755,.F.);
#7755 = EDGE_LOOP('',(#7756,#7764,#7770,#7771));
#7756 = ORIENTED_EDGE('',*,*,#7757,.F.);
#7757 = EDGE_CURVE('',#7758,#7732,#7760,.T.);
#7758 = VERTEX_POINT('',#7759);
#7759 = CARTESIAN_POINT('',(1.33226754186,6.35445130814,-0.2));
#7760 = B_SPLINE_CURVE_WITH_KNOTS('',2,(#7761,#7762,#7763),
  .UNSPECIFIED.,.F.,.F.,(3,3),(0.,1.),.PIECEWISE_BEZIER_KNOTS.);
#7761 = CARTESIAN_POINT('',(1.33226754186,6.35445130814,-0.2));
#7762 = CARTESIAN_POINT('',(1.33226754186,6.441360828488,-0.2));
#7763 = CARTESIAN_POINT('',(1.372084038953,6.515434229651,-0.2));
#7764 = ORIENTED_EDGE('',*,*,#7765,.T.);
#7765 = EDGE_CURVE('',#7758,#2045,#7766,.T.);
#7766 = LINE('',#7767,#7768);
#7767 = CARTESIAN_POINT('',(1.33226754186,6.35445130814,-0.2));
#7768 = VECTOR('',#7769,1.);
#7769 = DIRECTION('',(0.,0.,1.));
#7770 = ORIENTED_EDGE('',*,*,#2054,.F.);
#7771 = ORIENTED_EDGE('',*,*,#7739,.F.);
#7772 = SURFACE_OF_LINEAR_EXTRUSION('',#7773,#7777);
#7773 = B_SPLINE_CURVE_WITH_KNOTS('',2,(#7774,#7775,#7776),
  .UNSPECIFIED.,.F.,.F.,(3,3),(0.,1.),.PIECEWISE_BEZIER_KNOTS.);
#7774 = CARTESIAN_POINT('',(1.33226754186,6.35445130814,-0.2));
#7775 = CARTESIAN_POINT('',(1.33226754186,6.441360828488,-0.2));
#7776 = CARTESIAN_POINT('',(1.372084038953,6.515434229651,-0.2));
#7777 = VECTOR('',#7778,1.);
#7778 = DIRECTION('',(-0.,-0.,-1.));
#7779 = ADVANCED_FACE('',(#7780),#7798,.F.);
#7780 = FACE_BOUND('',#7781,.F.);
#7781 = EDGE_LOOP('',(#7782,#7790,#7796,#7797));
#7782 = ORIENTED_EDGE('',*,*,#7783,.F.);
#7783 = EDGE_CURVE('',#7784,#7758,#7786,.T.);
#7784 = VERTEX_POINT('',#7785);
#7785 = CARTESIAN_POINT('',(1.380668704651,6.179978197674,-0.2));
#7786 = B_SPLINE_CURVE_WITH_KNOTS('',2,(#7787,#7788,#7789),
  .UNSPECIFIED.,.F.,.F.,(3,3),(0.,1.),.PIECEWISE_BEZIER_KNOTS.);
#7787 = CARTESIAN_POINT('',(1.380668704651,6.179978197674,-0.2));
#7788 = CARTESIAN_POINT('',(1.33226754186,6.258957122093,-0.2));
#7789 = CARTESIAN_POINT('',(1.33226754186,6.35445130814,-0.2));
#7790 = ORIENTED_EDGE('',*,*,#7791,.T.);
#7791 = EDGE_CURVE('',#7784,#2032,#7792,.T.);
#7792 = LINE('',#7793,#7794);
#7793 = CARTESIAN_POINT('',(1.380668704651,6.179978197674,-0.2));
#7794 = VECTOR('',#7795,1.);
#7795 = DIRECTION('',(0.,0.,1.));
#7796 = ORIENTED_EDGE('',*,*,#2044,.F.);
#7797 = ORIENTED_EDGE('',*,*,#7765,.F.);
#7798 = SURFACE_OF_LINEAR_EXTRUSION('',#7799,#7803);
#7799 = B_SPLINE_CURVE_WITH_KNOTS('',2,(#7800,#7801,#7802),
  .UNSPECIFIED.,.F.,.F.,(3,3),(0.,1.),.PIECEWISE_BEZIER_KNOTS.);
#7800 = CARTESIAN_POINT('',(1.380668704651,6.179978197674,-0.2));
#7801 = CARTESIAN_POINT('',(1.33226754186,6.258957122093,-0.2));
#7802 = CARTESIAN_POINT('',(1.33226754186,6.35445130814,-0.2));
#7803 = VECTOR('',#7804,1.);
#7804 = DIRECTION('',(-0.,-0.,-1.));
#7805 = ADVANCED_FACE('',(#7806),#7824,.F.);
#7806 = FACE_BOUND('',#7807,.F.);
#7807 = EDGE_LOOP('',(#7808,#7816,#7822,#7823));
#7808 = ORIENTED_EDGE('',*,*,#7809,.F.);
#7809 = EDGE_CURVE('',#7810,#7784,#7812,.T.);
#7810 = VERTEX_POINT('',#7811);
#7811 = CARTESIAN_POINT('',(1.52292887907,6.056359011628,-0.2));
#7812 = B_SPLINE_CURVE_WITH_KNOTS('',2,(#7813,#7814,#7815),
  .UNSPECIFIED.,.F.,.F.,(3,3),(0.,1.),.PIECEWISE_BEZIER_KNOTS.);
#7813 = CARTESIAN_POINT('',(1.52292887907,6.056359011628,-0.2));
#7814 = CARTESIAN_POINT('',(1.429151626163,6.101081031977,-0.2));
#7815 = CARTESIAN_POINT('',(1.380668704651,6.179978197674,-0.2));
#7816 = ORIENTED_EDGE('',*,*,#7817,.T.);
#7817 = EDGE_CURVE('',#7810,#2020,#7818,.T.);
#7818 = LINE('',#7819,#7820);
#7819 = CARTESIAN_POINT('',(1.52292887907,6.056359011628,-0.2));
#7820 = VECTOR('',#7821,1.);
#7821 = DIRECTION('',(0.,0.,1.));
#7822 = ORIENTED_EDGE('',*,*,#2031,.F.);
#7823 = ORIENTED_EDGE('',*,*,#7791,.F.);
#7824 = SURFACE_OF_LINEAR_EXTRUSION('',#7825,#7829);
#7825 = B_SPLINE_CURVE_WITH_KNOTS('',2,(#7826,#7827,#7828),
  .UNSPECIFIED.,.F.,.F.,(3,3),(0.,1.),.PIECEWISE_BEZIER_KNOTS.);
#7826 = CARTESIAN_POINT('',(1.52292887907,6.056359011628,-0.2));
#7827 = CARTESIAN_POINT('',(1.429151626163,6.101081031977,-0.2));
#7828 = CARTESIAN_POINT('',(1.380668704651,6.179978197674,-0.2));
#7829 = VECTOR('',#7830,1.);
#7830 = DIRECTION('',(-0.,-0.,-1.));
#7831 = ADVANCED_FACE('',(#7832),#7850,.F.);
#7832 = FACE_BOUND('',#7833,.F.);
#7833 = EDGE_LOOP('',(#7834,#7842,#7848,#7849));
#7834 = ORIENTED_EDGE('',*,*,#7835,.F.);
#7835 = EDGE_CURVE('',#7836,#7810,#7838,.T.);
#7836 = VERTEX_POINT('',#7837);
#7837 = CARTESIAN_POINT('',(1.85961129186,5.950481468023,-0.2));
#7838 = B_SPLINE_CURVE_WITH_KNOTS('',2,(#7839,#7840,#7841),
  .UNSPECIFIED.,.F.,.F.,(3,3),(0.,1.),.PIECEWISE_BEZIER_KNOTS.);
#7839 = CARTESIAN_POINT('',(1.85961129186,5.950481468023,-0.2));
#7840 = CARTESIAN_POINT('',(1.616787890698,6.01171875,-0.2));
#7841 = CARTESIAN_POINT('',(1.52292887907,6.056359011628,-0.2));
#7842 = ORIENTED_EDGE('',*,*,#7843,.T.);
#7843 = EDGE_CURVE('',#7836,#2009,#7844,.T.);
#7844 = LINE('',#7845,#7846);
#7845 = CARTESIAN_POINT('',(1.85961129186,5.950481468023,-0.2));
#7846 = VECTOR('',#7847,1.);
#7847 = DIRECTION('',(0.,0.,1.));
#7848 = ORIENTED_EDGE('',*,*,#2019,.F.);
#7849 = ORIENTED_EDGE('',*,*,#7817,.F.);
#7850 = SURFACE_OF_LINEAR_EXTRUSION('',#7851,#7855);
#7851 = B_SPLINE_CURVE_WITH_KNOTS('',2,(#7852,#7853,#7854),
  .UNSPECIFIED.,.F.,.F.,(3,3),(0.,1.),.PIECEWISE_BEZIER_KNOTS.);
#7852 = CARTESIAN_POINT('',(1.85961129186,5.950481468023,-0.2));
#7853 = CARTESIAN_POINT('',(1.616787890698,6.01171875,-0.2));
#7854 = CARTESIAN_POINT('',(1.52292887907,6.056359011628,-0.2));
#7855 = VECTOR('',#7856,1.);
#7856 = DIRECTION('',(-0.,-0.,-1.));
#7857 = ADVANCED_FACE('',(#7858),#7876,.F.);
#7858 = FACE_BOUND('',#7859,.F.);
#7859 = EDGE_LOOP('',(#7860,#7868,#7874,#7875));
#7860 = ORIENTED_EDGE('',*,*,#7861,.F.);
#7861 = EDGE_CURVE('',#7862,#7836,#7864,.T.);
#7862 = VERTEX_POINT('',#7863);
#7863 = CARTESIAN_POINT('',(2.085265361628,5.877062136628,-0.2));
#7864 = B_SPLINE_CURVE_WITH_KNOTS('',2,(#7865,#7866,#7867),
  .UNSPECIFIED.,.F.,.F.,(3,3),(0.,1.),.PIECEWISE_BEZIER_KNOTS.);
#7865 = CARTESIAN_POINT('',(2.085265361628,5.877062136628,-0.2));
#7866 = CARTESIAN_POINT('',(2.039889271512,5.906004723837,-0.2));
#7867 = CARTESIAN_POINT('',(1.85961129186,5.950481468023,-0.2));
#7868 = ORIENTED_EDGE('',*,*,#7869,.T.);
#7869 = EDGE_CURVE('',#7862,#1996,#7870,.T.);
#7870 = LINE('',#7871,#7872);
#7871 = CARTESIAN_POINT('',(2.085265361628,5.877062136628,-0.2));
#7872 = VECTOR('',#7873,1.);
#7873 = DIRECTION('',(0.,0.,1.));
#7874 = ORIENTED_EDGE('',*,*,#2008,.F.);
#7875 = ORIENTED_EDGE('',*,*,#7843,.F.);
#7876 = SURFACE_OF_LINEAR_EXTRUSION('',#7877,#7881);
#7877 = B_SPLINE_CURVE_WITH_KNOTS('',2,(#7878,#7879,#7880),
  .UNSPECIFIED.,.F.,.F.,(3,3),(0.,1.),.PIECEWISE_BEZIER_KNOTS.);
#7878 = CARTESIAN_POINT('',(2.085265361628,5.877062136628,-0.2));
#7879 = CARTESIAN_POINT('',(2.039889271512,5.906004723837,-0.2));
#7880 = CARTESIAN_POINT('',(1.85961129186,5.950481468023,-0.2));
#7881 = VECTOR('',#7882,1.);
#7882 = DIRECTION('',(-0.,-0.,-1.));
#7883 = ADVANCED_FACE('',(#7884),#7902,.F.);
#7884 = FACE_BOUND('',#7885,.F.);
#7885 = EDGE_LOOP('',(#7886,#7894,#7900,#7901));
#7886 = ORIENTED_EDGE('',*,*,#7887,.F.);
#7887 = EDGE_CURVE('',#7888,#7862,#7890,.T.);
#7888 = VERTEX_POINT('',#7889);
#7889 = CARTESIAN_POINT('',(2.150263544767,5.761618822674,-0.2));
#7890 = B_SPLINE_CURVE_WITH_KNOTS('',2,(#7891,#7892,#7893),
  .UNSPECIFIED.,.F.,.F.,(3,3),(0.,1.),.PIECEWISE_BEZIER_KNOTS.);
#7891 = CARTESIAN_POINT('',(2.150263544767,5.761618822674,-0.2));
#7892 = CARTESIAN_POINT('',(2.150263544767,5.834956395349,-0.2));
#7893 = CARTESIAN_POINT('',(2.085265361628,5.877062136628,-0.2));
#7894 = ORIENTED_EDGE('',*,*,#7895,.T.);
#7895 = EDGE_CURVE('',#7888,#1983,#7896,.T.);
#7896 = LINE('',#7897,#7898);
#7897 = CARTESIAN_POINT('',(2.150263544767,5.761618822674,-0.2));
#7898 = VECTOR('',#7899,1.);
#7899 = DIRECTION('',(0.,0.,1.));
#7900 = ORIENTED_EDGE('',*,*,#1995,.F.);
#7901 = ORIENTED_EDGE('',*,*,#7869,.F.);
#7902 = SURFACE_OF_LINEAR_EXTRUSION('',#7903,#7907);
#7903 = B_SPLINE_CURVE_WITH_KNOTS('',2,(#7904,#7905,#7906),
  .UNSPECIFIED.,.F.,.F.,(3,3),(0.,1.),.PIECEWISE_BEZIER_KNOTS.);
#7904 = CARTESIAN_POINT('',(2.150263544767,5.761618822674,-0.2));
#7905 = CARTESIAN_POINT('',(2.150263544767,5.834956395349,-0.2));
#7906 = CARTESIAN_POINT('',(2.085265361628,5.877062136628,-0.2));
#7907 = VECTOR('',#7908,1.);
#7908 = DIRECTION('',(-0.,-0.,-1.));
#7909 = ADVANCED_FACE('',(#7910),#7928,.F.);
#7910 = FACE_BOUND('',#7911,.F.);
#7911 = EDGE_LOOP('',(#7912,#7920,#7926,#7927));
#7912 = ORIENTED_EDGE('',*,*,#7913,.F.);
#7913 = EDGE_CURVE('',#7914,#7888,#7916,.T.);
#7914 = VERTEX_POINT('',#7915);
#7915 = CARTESIAN_POINT('',(2.07668069593,5.619031613372,-0.2));
#7916 = B_SPLINE_CURVE_WITH_KNOTS('',2,(#7917,#7918,#7919),
  .UNSPECIFIED.,.F.,.F.,(3,3),(0.,1.),.PIECEWISE_BEZIER_KNOTS.);
#7917 = CARTESIAN_POINT('',(2.07668069593,5.619031613372,-0.2));
#7918 = CARTESIAN_POINT('',(2.150263544767,5.679778343023,-0.2));
#7919 = CARTESIAN_POINT('',(2.150263544767,5.761618822674,-0.2));
#7920 = ORIENTED_EDGE('',*,*,#7921,.T.);
#7921 = EDGE_CURVE('',#7914,#1972,#7922,.T.);
#7922 = LINE('',#7923,#7924);
#7923 = CARTESIAN_POINT('',(2.07668069593,5.619031613372,-0.2));
#7924 = VECTOR('',#7925,1.);
#7925 = DIRECTION('',(0.,0.,1.));
#7926 = ORIENTED_EDGE('',*,*,#1982,.F.);
#7927 = ORIENTED_EDGE('',*,*,#7895,.F.);
#7928 = SURFACE_OF_LINEAR_EXTRUSION('',#7929,#7933);
#7929 = B_SPLINE_CURVE_WITH_KNOTS('',2,(#7930,#7931,#7932),
  .UNSPECIFIED.,.F.,.F.,(3,3),(0.,1.),.PIECEWISE_BEZIER_KNOTS.);
#7930 = CARTESIAN_POINT('',(2.07668069593,5.619031613372,-0.2));
#7931 = CARTESIAN_POINT('',(2.150263544767,5.679778343023,-0.2));
#7932 = CARTESIAN_POINT('',(2.150263544767,5.761618822674,-0.2));
#7933 = VECTOR('',#7934,1.);
#7934 = DIRECTION('',(-0.,-0.,-1.));
#7935 = ADVANCED_FACE('',(#7936),#7954,.F.);
#7936 = FACE_BOUND('',#7937,.F.);
#7937 = EDGE_LOOP('',(#7938,#7946,#7952,#7953));
#7938 = ORIENTED_EDGE('',*,*,#7939,.F.);
#7939 = EDGE_CURVE('',#7940,#7914,#7942,.T.);
#7940 = VERTEX_POINT('',#7941);
#7941 = CARTESIAN_POINT('',(1.851026626163,5.558284883721,-0.2));
#7942 = B_SPLINE_CURVE_WITH_KNOTS('',2,(#7943,#7944,#7945),
  .UNSPECIFIED.,.F.,.F.,(3,3),(0.,1.),.PIECEWISE_BEZIER_KNOTS.);
#7943 = CARTESIAN_POINT('',(1.851026626163,5.558284883721,-0.2));
#7944 = CARTESIAN_POINT('',(2.003097847093,5.558284883721,-0.2));
#7945 = CARTESIAN_POINT('',(2.07668069593,5.619031613372,-0.2));
#7946 = ORIENTED_EDGE('',*,*,#7947,.T.);
#7947 = EDGE_CURVE('',#7940,#1961,#7948,.T.);
#7948 = LINE('',#7949,#7950);
#7949 = CARTESIAN_POINT('',(1.851026626163,5.558284883721,-0.2));
#7950 = VECTOR('',#7951,1.);
#7951 = DIRECTION('',(0.,0.,1.));
#7952 = ORIENTED_EDGE('',*,*,#1971,.F.);
#7953 = ORIENTED_EDGE('',*,*,#7921,.F.);
#7954 = SURFACE_OF_LINEAR_EXTRUSION('',#7955,#7959);
#7955 = B_SPLINE_CURVE_WITH_KNOTS('',2,(#7956,#7957,#7958),
  .UNSPECIFIED.,.F.,.F.,(3,3),(0.,1.),.PIECEWISE_BEZIER_KNOTS.);
#7956 = CARTESIAN_POINT('',(1.851026626163,5.558284883721,-0.2));
#7957 = CARTESIAN_POINT('',(2.003097847093,5.558284883721,-0.2));
#7958 = CARTESIAN_POINT('',(2.07668069593,5.619031613372,-0.2));
#7959 = VECTOR('',#7960,1.);
#7960 = DIRECTION('',(-0.,-0.,-1.));
#7961 = ADVANCED_FACE('',(#7962),#7980,.F.);
#7962 = FACE_BOUND('',#7963,.F.);
#7963 = EDGE_LOOP('',(#7964,#7972,#7978,#7979));
#7964 = ORIENTED_EDGE('',*,*,#7965,.F.);
#7965 = EDGE_CURVE('',#7966,#7940,#7968,.T.);
#7966 = VERTEX_POINT('',#7967);
#7967 = CARTESIAN_POINT('',(1.61613382093,5.62671693314,-0.2));
#7968 = B_SPLINE_CURVE_WITH_KNOTS('',2,(#7969,#7970,#7971),
  .UNSPECIFIED.,.F.,.F.,(3,3),(0.,1.),.PIECEWISE_BEZIER_KNOTS.);
#7969 = CARTESIAN_POINT('',(1.61613382093,5.62671693314,-0.2));
#7970 = CARTESIAN_POINT('',(1.700181786047,5.558284883721,-0.2));
#7971 = CARTESIAN_POINT('',(1.851026626163,5.558284883721,-0.2));
#7972 = ORIENTED_EDGE('',*,*,#7973,.T.);
#7973 = EDGE_CURVE('',#7966,#1946,#7974,.T.);
#7974 = LINE('',#7975,#7976);
#7975 = CARTESIAN_POINT('',(1.61613382093,5.62671693314,-0.2));
#7976 = VECTOR('',#7977,1.);
#7977 = DIRECTION('',(0.,0.,1.));
#7978 = ORIENTED_EDGE('',*,*,#1960,.F.);
#7979 = ORIENTED_EDGE('',*,*,#7947,.F.);
#7980 = SURFACE_OF_LINEAR_EXTRUSION('',#7981,#7985);
#7981 = B_SPLINE_CURVE_WITH_KNOTS('',2,(#7982,#7983,#7984),
  .UNSPECIFIED.,.F.,.F.,(3,3),(0.,1.),.PIECEWISE_BEZIER_KNOTS.);
#7982 = CARTESIAN_POINT('',(1.61613382093,5.62671693314,-0.2));
#7983 = CARTESIAN_POINT('',(1.700181786047,5.558284883721,-0.2));
#7984 = CARTESIAN_POINT('',(1.851026626163,5.558284883721,-0.2));
#7985 = VECTOR('',#7986,1.);
#7986 = DIRECTION('',(-0.,-0.,-1.));
#7987 = ADVANCED_FACE('',(#7988),#7999,.F.);
#7988 = FACE_BOUND('',#7989,.F.);
#7989 = EDGE_LOOP('',(#7990,#7996,#7997,#7998));
#7990 = ORIENTED_EDGE('',*,*,#7991,.F.);
#7991 = EDGE_CURVE('',#7159,#7966,#7992,.T.);
#7992 = B_SPLINE_CURVE_WITH_KNOTS('',2,(#7993,#7994,#7995),
  .UNSPECIFIED.,.F.,.F.,(3,3),(0.,1.),.PIECEWISE_BEZIER_KNOTS.);
#7993 = CARTESIAN_POINT('',(1.513771902326,5.823837209302,-0.2));
#7994 = CARTESIAN_POINT('',(1.532167614535,5.695230741279,-0.2));
#7995 = CARTESIAN_POINT('',(1.61613382093,5.62671693314,-0.2));
#7996 = ORIENTED_EDGE('',*,*,#7173,.T.);
#7997 = ORIENTED_EDGE('',*,*,#1945,.F.);
#7998 = ORIENTED_EDGE('',*,*,#7973,.F.);
#7999 = SURFACE_OF_LINEAR_EXTRUSION('',#8000,#8004);
#8000 = B_SPLINE_CURVE_WITH_KNOTS('',2,(#8001,#8002,#8003),
  .UNSPECIFIED.,.F.,.F.,(3,3),(0.,1.),.PIECEWISE_BEZIER_KNOTS.);
#8001 = CARTESIAN_POINT('',(1.513771902326,5.823837209302,-0.2));
#8002 = CARTESIAN_POINT('',(1.532167614535,5.695230741279,-0.2));
#8003 = CARTESIAN_POINT('',(1.61613382093,5.62671693314,-0.2));
#8004 = VECTOR('',#8005,1.);
#8005 = DIRECTION('',(-0.,-0.,-1.));
#8006 = ADVANCED_FACE('',(#8007),#8032,.F.);
#8007 = FACE_BOUND('',#8008,.F.);
#8008 = EDGE_LOOP('',(#8009,#8019,#8025,#8026));
#8009 = ORIENTED_EDGE('',*,*,#8010,.F.);
#8010 = EDGE_CURVE('',#8011,#8013,#8015,.T.);
#8011 = VERTEX_POINT('',#8012);
#8012 = CARTESIAN_POINT('',(2.55129007093,5.789498546512,-0.2));
#8013 = VERTEX_POINT('',#8014);
#8014 = CARTESIAN_POINT('',(2.769585855814,5.823837209302,-0.2));
#8015 = LINE('',#8016,#8017);
#8016 = CARTESIAN_POINT('',(2.55129007093,5.789498546512,-0.2));
#8017 = VECTOR('',#8018,1.);
#8018 = DIRECTION('',(0.987852796582,0.155392574743,0.));
#8019 = ORIENTED_EDGE('',*,*,#8020,.T.);
#8020 = EDGE_CURVE('',#8011,#2315,#8021,.T.);
#8021 = LINE('',#8022,#8023);
#8022 = CARTESIAN_POINT('',(2.55129007093,5.789498546512,-0.2));
#8023 = VECTOR('',#8024,1.);
#8024 = DIRECTION('',(0.,0.,1.));
#8025 = ORIENTED_EDGE('',*,*,#2312,.F.);
#8026 = ORIENTED_EDGE('',*,*,#8027,.F.);
#8027 = EDGE_CURVE('',#8013,#2313,#8028,.T.);
#8028 = LINE('',#8029,#8030);
#8029 = CARTESIAN_POINT('',(2.769585855814,5.823837209302,-0.2));
#8030 = VECTOR('',#8031,1.);
#8031 = DIRECTION('',(0.,0.,1.));
#8032 = PLANE('',#8033);
#8033 = AXIS2_PLACEMENT_3D('',#8034,#8035,#8036);
#8034 = CARTESIAN_POINT('',(2.55129007093,5.789498546512,-0.2));
#8035 = DIRECTION('',(-0.155392574743,0.987852796582,0.));
#8036 = DIRECTION('',(0.987852796582,0.155392574743,0.));
#8037 = ADVANCED_FACE('',(#8038),#8056,.F.);
#8038 = FACE_BOUND('',#8039,.F.);
#8039 = EDGE_LOOP('',(#8040,#8048,#8054,#8055));
#8040 = ORIENTED_EDGE('',*,*,#8041,.F.);
#8041 = EDGE_CURVE('',#8042,#8011,#8044,.T.);
#8042 = VERTEX_POINT('',#8043);
#8043 = CARTESIAN_POINT('',(2.721102934302,5.478651889535,-0.2));
#8044 = B_SPLINE_CURVE_WITH_KNOTS('',2,(#8045,#8046,#8047),
  .UNSPECIFIED.,.F.,.F.,(3,3),(0.,1.),.PIECEWISE_BEZIER_KNOTS.);
#8045 = CARTESIAN_POINT('',(2.721102934302,5.478651889535,-0.2));
#8046 = CARTESIAN_POINT('',(2.588081495349,5.583466569767,-0.2));
#8047 = CARTESIAN_POINT('',(2.55129007093,5.789498546512,-0.2));
#8048 = ORIENTED_EDGE('',*,*,#8049,.T.);
#8049 = EDGE_CURVE('',#8042,#2663,#8050,.T.);
#8050 = LINE('',#8051,#8052);
#8051 = CARTESIAN_POINT('',(2.721102934302,5.478651889535,-0.2));
#8052 = VECTOR('',#8053,1.);
#8053 = DIRECTION('',(0.,0.,1.));
#8054 = ORIENTED_EDGE('',*,*,#2674,.F.);
#8055 = ORIENTED_EDGE('',*,*,#8020,.F.);
#8056 = SURFACE_OF_LINEAR_EXTRUSION('',#8057,#8061);
#8057 = B_SPLINE_CURVE_WITH_KNOTS('',2,(#8058,#8059,#8060),
  .UNSPECIFIED.,.F.,.F.,(3,3),(0.,1.),.PIECEWISE_BEZIER_KNOTS.);
#8058 = CARTESIAN_POINT('',(2.721102934302,5.478651889535,-0.2));
#8059 = CARTESIAN_POINT('',(2.588081495349,5.583466569767,-0.2));
#8060 = CARTESIAN_POINT('',(2.55129007093,5.789498546512,-0.2));
#8061 = VECTOR('',#8062,1.);
#8062 = DIRECTION('',(-0.,-0.,-1.));
#8063 = ADVANCED_FACE('',(#8064),#8082,.F.);
#8064 = FACE_BOUND('',#8065,.F.);
#8065 = EDGE_LOOP('',(#8066,#8074,#8080,#8081));
#8066 = ORIENTED_EDGE('',*,*,#8067,.F.);
#8067 = EDGE_CURVE('',#8068,#8042,#8070,.T.);
#8068 = VERTEX_POINT('',#8069);
#8069 = CARTESIAN_POINT('',(3.108066960465,5.373837209302,-0.2));
#8070 = B_SPLINE_CURVE_WITH_KNOTS('',2,(#8071,#8072,#8073),
  .UNSPECIFIED.,.F.,.F.,(3,3),(0.,1.),.PIECEWISE_BEZIER_KNOTS.);
#8071 = CARTESIAN_POINT('',(3.108066960465,5.373837209302,-0.2));
#8072 = CARTESIAN_POINT('',(2.854206131977,5.373837209302,-0.2));
#8073 = CARTESIAN_POINT('',(2.721102934302,5.478651889535,-0.2));
#8074 = ORIENTED_EDGE('',*,*,#8075,.T.);
#8075 = EDGE_CURVE('',#8068,#2652,#8076,.T.);
#8076 = LINE('',#8077,#8078);
#8077 = CARTESIAN_POINT('',(3.108066960465,5.373837209302,-0.2));
#8078 = VECTOR('',#8079,1.);
#8079 = DIRECTION('',(0.,0.,1.));
#8080 = ORIENTED_EDGE('',*,*,#2662,.F.);
#8081 = ORIENTED_EDGE('',*,*,#8049,.F.);
#8082 = SURFACE_OF_LINEAR_EXTRUSION('',#8083,#8087);
#8083 = B_SPLINE_CURVE_WITH_KNOTS('',2,(#8084,#8085,#8086),
  .UNSPECIFIED.,.F.,.F.,(3,3),(0.,1.),.PIECEWISE_BEZIER_KNOTS.);
#8084 = CARTESIAN_POINT('',(3.108066960465,5.373837209302,-0.2));
#8085 = CARTESIAN_POINT('',(2.854206131977,5.373837209302,-0.2));
#8086 = CARTESIAN_POINT('',(2.721102934302,5.478651889535,-0.2));
#8087 = VECTOR('',#8088,1.);
#8088 = DIRECTION('',(-0.,-0.,-1.));
#8089 = ADVANCED_FACE('',(#8090),#8108,.F.);
#8090 = FACE_BOUND('',#8091,.F.);
#8091 = EDGE_LOOP('',(#8092,#8100,#8106,#8107));
#8092 = ORIENTED_EDGE('',*,*,#8093,.F.);
#8093 = EDGE_CURVE('',#8094,#8068,#8096,.T.);
#8094 = VERTEX_POINT('',#8095);
#8095 = CARTESIAN_POINT('',(3.382776262791,5.426898619186,-0.2));
#8096 = B_SPLINE_CURVE_WITH_KNOTS('',2,(#8097,#8098,#8099),
  .UNSPECIFIED.,.F.,.F.,(3,3),(0.,1.),.PIECEWISE_BEZIER_KNOTS.);
#8097 = CARTESIAN_POINT('',(3.382776262791,5.426898619186,-0.2));
#8098 = CARTESIAN_POINT('',(3.261364562209,5.373837209302,-0.2));
#8099 = CARTESIAN_POINT('',(3.108066960465,5.373837209302,-0.2));
#8100 = ORIENTED_EDGE('',*,*,#8101,.T.);
#8101 = EDGE_CURVE('',#8094,#2641,#8102,.T.);
#8102 = LINE('',#8103,#8104);
#8103 = CARTESIAN_POINT('',(3.382776262791,5.426898619186,-0.2));
#8104 = VECTOR('',#8105,1.);
#8105 = DIRECTION('',(0.,0.,1.));
#8106 = ORIENTED_EDGE('',*,*,#2651,.F.);
#8107 = ORIENTED_EDGE('',*,*,#8075,.F.);
#8108 = SURFACE_OF_LINEAR_EXTRUSION('',#8109,#8113);
#8109 = B_SPLINE_CURVE_WITH_KNOTS('',2,(#8110,#8111,#8112),
  .UNSPECIFIED.,.F.,.F.,(3,3),(0.,1.),.PIECEWISE_BEZIER_KNOTS.);
#8110 = CARTESIAN_POINT('',(3.382776262791,5.426898619186,-0.2));
#8111 = CARTESIAN_POINT('',(3.261364562209,5.373837209302,-0.2));
#8112 = CARTESIAN_POINT('',(3.108066960465,5.373837209302,-0.2));
#8113 = VECTOR('',#8114,1.);
#8114 = DIRECTION('',(-0.,-0.,-1.));
#8115 = ADVANCED_FACE('',(#8116),#8134,.F.);
#8116 = FACE_BOUND('',#8117,.F.);
#8117 = EDGE_LOOP('',(#8118,#8126,#8132,#8133));
#8118 = ORIENTED_EDGE('',*,*,#8119,.F.);
#8119 = EDGE_CURVE('',#8120,#8094,#8122,.T.);
#8120 = VERTEX_POINT('',#8121);
#8121 = CARTESIAN_POINT('',(3.568532076744,5.576844113372,-0.2));
#8122 = B_SPLINE_CURVE_WITH_KNOTS('',2,(#8123,#8124,#8125),
  .UNSPECIFIED.,.F.,.F.,(3,3),(0.,1.),.PIECEWISE_BEZIER_KNOTS.);
#8123 = CARTESIAN_POINT('',(3.568532076744,5.576844113372,-0.2));
#8124 = CARTESIAN_POINT('',(3.504187963372,5.47996002907,-0.2));
#8125 = CARTESIAN_POINT('',(3.382776262791,5.426898619186,-0.2));
#8126 = ORIENTED_EDGE('',*,*,#8127,.T.);
#8127 = EDGE_CURVE('',#8120,#2628,#8128,.T.);
#8128 = LINE('',#8129,#8130);
#8129 = CARTESIAN_POINT('',(3.568532076744,5.576844113372,-0.2));
#8130 = VECTOR('',#8131,1.);
#8131 = DIRECTION('',(0.,0.,1.));
#8132 = ORIENTED_EDGE('',*,*,#2640,.F.);
#8133 = ORIENTED_EDGE('',*,*,#8101,.F.);
#8134 = SURFACE_OF_LINEAR_EXTRUSION('',#8135,#8139);
#8135 = B_SPLINE_CURVE_WITH_KNOTS('',2,(#8136,#8137,#8138),
  .UNSPECIFIED.,.F.,.F.,(3,3),(0.,1.),.PIECEWISE_BEZIER_KNOTS.);
#8136 = CARTESIAN_POINT('',(3.568532076744,5.576844113372,-0.2));
#8137 = CARTESIAN_POINT('',(3.504187963372,5.47996002907,-0.2));
#8138 = CARTESIAN_POINT('',(3.382776262791,5.426898619186,-0.2));
#8139 = VECTOR('',#8140,1.);
#8140 = DIRECTION('',(-0.,-0.,-1.));
#8141 = ADVANCED_FACE('',(#8142),#8160,.F.);
#8142 = FACE_BOUND('',#8143,.F.);
#8143 = EDGE_LOOP('',(#8144,#8152,#8158,#8159));
#8144 = ORIENTED_EDGE('',*,*,#8145,.F.);
#8145 = EDGE_CURVE('',#8146,#8120,#8148,.T.);
#8146 = VERTEX_POINT('',#8147);
#8147 = CARTESIAN_POINT('',(3.632957948837,5.783530159884,-0.2));
#8148 = B_SPLINE_CURVE_WITH_KNOTS('',2,(#8149,#8150,#8151),
  .UNSPECIFIED.,.F.,.F.,(3,3),(0.,1.),.PIECEWISE_BEZIER_KNOTS.);
#8149 = CARTESIAN_POINT('',(3.632957948837,5.783530159884,-0.2));
#8150 = CARTESIAN_POINT('',(3.632957948837,5.673809956395,-0.2));
#8151 = CARTESIAN_POINT('',(3.568532076744,5.576844113372,-0.2));
#8152 = ORIENTED_EDGE('',*,*,#8153,.T.);
#8153 = EDGE_CURVE('',#8146,#2617,#8154,.T.);
#8154 = LINE('',#8155,#8156);
#8155 = CARTESIAN_POINT('',(3.632957948837,5.783530159884,-0.2));
#8156 = VECTOR('',#8157,1.);
#8157 = DIRECTION('',(0.,0.,1.));
#8158 = ORIENTED_EDGE('',*,*,#2627,.F.);
#8159 = ORIENTED_EDGE('',*,*,#8127,.F.);
#8160 = SURFACE_OF_LINEAR_EXTRUSION('',#8161,#8165);
#8161 = B_SPLINE_CURVE_WITH_KNOTS('',2,(#8162,#8163,#8164),
  .UNSPECIFIED.,.F.,.F.,(3,3),(0.,1.),.PIECEWISE_BEZIER_KNOTS.);
#8162 = CARTESIAN_POINT('',(3.632957948837,5.783530159884,-0.2));
#8163 = CARTESIAN_POINT('',(3.632957948837,5.673809956395,-0.2));
#8164 = CARTESIAN_POINT('',(3.568532076744,5.576844113372,-0.2));
#8165 = VECTOR('',#8166,1.);
#8166 = DIRECTION('',(-0.,-0.,-1.));
#8167 = ADVANCED_FACE('',(#8168),#8186,.F.);
#8168 = FACE_BOUND('',#8169,.F.);
#8169 = EDGE_LOOP('',(#8170,#8178,#8184,#8185));
#8170 = ORIENTED_EDGE('',*,*,#8171,.F.);
#8171 = EDGE_CURVE('',#8172,#8146,#8174,.T.);
#8172 = VERTEX_POINT('',#8173);
#8173 = CARTESIAN_POINT('',(3.580223573837,5.97132994186,-0.2));
#8174 = B_SPLINE_CURVE_WITH_KNOTS('',2,(#8175,#8176,#8177),
  .UNSPECIFIED.,.F.,.F.,(3,3),(0.,1.),.PIECEWISE_BEZIER_KNOTS.);
#8175 = CARTESIAN_POINT('',(3.580223573837,5.97132994186,-0.2));
#8176 = CARTESIAN_POINT('',(3.632957948837,5.895703125,-0.2));
#8177 = CARTESIAN_POINT('',(3.632957948837,5.783530159884,-0.2));
#8178 = ORIENTED_EDGE('',*,*,#8179,.T.);
#8179 = EDGE_CURVE('',#8172,#2604,#8180,.T.);
#8180 = LINE('',#8181,#8182);
#8181 = CARTESIAN_POINT('',(3.580223573837,5.97132994186,-0.2));
#8182 = VECTOR('',#8183,1.);
#8183 = DIRECTION('',(0.,0.,1.));
#8184 = ORIENTED_EDGE('',*,*,#2616,.F.);
#8185 = ORIENTED_EDGE('',*,*,#8153,.F.);
#8186 = SURFACE_OF_LINEAR_EXTRUSION('',#8187,#8191);
#8187 = B_SPLINE_CURVE_WITH_KNOTS('',2,(#8188,#8189,#8190),
  .UNSPECIFIED.,.F.,.F.,(3,3),(0.,1.),.PIECEWISE_BEZIER_KNOTS.);
#8188 = CARTESIAN_POINT('',(3.580223573837,5.97132994186,-0.2));
#8189 = CARTESIAN_POINT('',(3.632957948837,5.895703125,-0.2));
#8190 = CARTESIAN_POINT('',(3.632957948837,5.783530159884,-0.2));
#8191 = VECTOR('',#8192,1.);
#8192 = DIRECTION('',(-0.,-0.,-1.));
#8193 = ADVANCED_FACE('',(#8194),#8212,.F.);
#8194 = FACE_BOUND('',#8195,.F.);
#8195 = EDGE_LOOP('',(#8196,#8204,#8210,#8211));
#8196 = ORIENTED_EDGE('',*,*,#8197,.F.);
#8197 = EDGE_CURVE('',#8198,#8172,#8200,.T.);
#8198 = VERTEX_POINT('',#8199);
#8199 = CARTESIAN_POINT('',(3.434856568023,6.086527979651,-0.2));
#8200 = B_SPLINE_CURVE_WITH_KNOTS('',2,(#8201,#8202,#8203),
  .UNSPECIFIED.,.F.,.F.,(3,3),(0.,1.),.PIECEWISE_BEZIER_KNOTS.);
#8201 = CARTESIAN_POINT('',(3.434856568023,6.086527979651,-0.2));
#8202 = CARTESIAN_POINT('',(3.527489198837,6.046956758721,-0.2));
#8203 = CARTESIAN_POINT('',(3.580223573837,5.97132994186,-0.2));
#8204 = ORIENTED_EDGE('',*,*,#8205,.T.);
#8205 = EDGE_CURVE('',#8198,#2592,#8206,.T.);
#8206 = LINE('',#8207,#8208);
#8207 = CARTESIAN_POINT('',(3.434856568023,6.086527979651,-0.2));
#8208 = VECTOR('',#8209,1.);
#8209 = DIRECTION('',(0.,0.,1.));
#8210 = ORIENTED_EDGE('',*,*,#2603,.F.);
#8211 = ORIENTED_EDGE('',*,*,#8179,.F.);
#8212 = SURFACE_OF_LINEAR_EXTRUSION('',#8213,#8217);
#8213 = B_SPLINE_CURVE_WITH_KNOTS('',2,(#8214,#8215,#8216),
  .UNSPECIFIED.,.F.,.F.,(3,3),(0.,1.),.PIECEWISE_BEZIER_KNOTS.);
#8214 = CARTESIAN_POINT('',(3.434856568023,6.086527979651,-0.2));
#8215 = CARTESIAN_POINT('',(3.527489198837,6.046956758721,-0.2));
#8216 = CARTESIAN_POINT('',(3.580223573837,5.97132994186,-0.2));
#8217 = VECTOR('',#8218,1.);
#8218 = DIRECTION('',(-0.,-0.,-1.));
#8219 = ADVANCED_FACE('',(#8220),#8238,.F.);
#8220 = FACE_BOUND('',#8221,.F.);
#8221 = EDGE_LOOP('',(#8222,#8230,#8236,#8237));
#8222 = ORIENTED_EDGE('',*,*,#8223,.F.);
#8223 = EDGE_CURVE('',#8224,#8198,#8226,.T.);
#8224 = VERTEX_POINT('',#8225);
#8225 = CARTESIAN_POINT('',(3.108066960465,6.18839934593,-0.2));
#8226 = B_SPLINE_CURVE_WITH_KNOTS('',2,(#8227,#8228,#8229),
  .UNSPECIFIED.,.F.,.F.,(3,3),(0.,1.),.PIECEWISE_BEZIER_KNOTS.);
#8227 = CARTESIAN_POINT('',(3.108066960465,6.18839934593,-0.2));
#8228 = CARTESIAN_POINT('',(3.34230569593,6.126180959302,-0.2));
#8229 = CARTESIAN_POINT('',(3.434856568023,6.086527979651,-0.2));
#8230 = ORIENTED_EDGE('',*,*,#8231,.T.);
#8231 = EDGE_CURVE('',#8224,#2581,#8232,.T.);
#8232 = LINE('',#8233,#8234);
#8233 = CARTESIAN_POINT('',(3.108066960465,6.18839934593,-0.2));
#8234 = VECTOR('',#8235,1.);
#8235 = DIRECTION('',(0.,0.,1.));
#8236 = ORIENTED_EDGE('',*,*,#2591,.F.);
#8237 = ORIENTED_EDGE('',*,*,#8205,.F.);
#8238 = SURFACE_OF_LINEAR_EXTRUSION('',#8239,#8243);
#8239 = B_SPLINE_CURVE_WITH_KNOTS('',2,(#8240,#8241,#8242),
  .UNSPECIFIED.,.F.,.F.,(3,3),(0.,1.),.PIECEWISE_BEZIER_KNOTS.);
#8240 = CARTESIAN_POINT('',(3.108066960465,6.18839934593,-0.2));
#8241 = CARTESIAN_POINT('',(3.34230569593,6.126180959302,-0.2));
#8242 = CARTESIAN_POINT('',(3.434856568023,6.086527979651,-0.2));
#8243 = VECTOR('',#8244,1.);
#8244 = DIRECTION('',(-0.,-0.,-1.));
#8245 = ADVANCED_FACE('',(#8246),#8264,.F.);
#8246 = FACE_BOUND('',#8247,.F.);
#8247 = EDGE_LOOP('',(#8248,#8256,#8262,#8263));
#8248 = ORIENTED_EDGE('',*,*,#8249,.F.);
#8249 = EDGE_CURVE('',#8250,#8224,#8252,.T.);
#8250 = VERTEX_POINT('',#8251);
#8251 = CARTESIAN_POINT('',(2.913072411047,6.244158793605,-0.2));
#8252 = B_SPLINE_CURVE_WITH_KNOTS('',2,(#8253,#8254,#8255),
  .UNSPECIFIED.,.F.,.F.,(3,3),(0.,1.),.PIECEWISE_BEZIER_KNOTS.);
#8253 = CARTESIAN_POINT('',(2.913072411047,6.244158793605,-0.2));
#8254 = CARTESIAN_POINT('',(2.946184693023,6.232058502907,-0.2));
#8255 = CARTESIAN_POINT('',(3.108066960465,6.18839934593,-0.2));
#8256 = ORIENTED_EDGE('',*,*,#8257,.T.);
#8257 = EDGE_CURVE('',#8250,#2571,#8258,.T.);
#8258 = LINE('',#8259,#8260);
#8259 = CARTESIAN_POINT('',(2.913072411047,6.244158793605,-0.2));
#8260 = VECTOR('',#8261,1.);
#8261 = DIRECTION('',(0.,0.,1.));
#8262 = ORIENTED_EDGE('',*,*,#2580,.F.);
#8263 = ORIENTED_EDGE('',*,*,#8231,.F.);
#8264 = SURFACE_OF_LINEAR_EXTRUSION('',#8265,#8269);
#8265 = B_SPLINE_CURVE_WITH_KNOTS('',2,(#8266,#8267,#8268),
  .UNSPECIFIED.,.F.,.F.,(3,3),(0.,1.),.PIECEWISE_BEZIER_KNOTS.);
#8266 = CARTESIAN_POINT('',(2.913072411047,6.244158793605,-0.2));
#8267 = CARTESIAN_POINT('',(2.946184693023,6.232058502907,-0.2));
#8268 = CARTESIAN_POINT('',(3.108066960465,6.18839934593,-0.2));
#8269 = VECTOR('',#8270,1.);
#8270 = DIRECTION('',(-0.,-0.,-1.));
#8271 = ADVANCED_FACE('',(#8272),#8290,.F.);
#8272 = FACE_BOUND('',#8273,.F.);
#8273 = EDGE_LOOP('',(#8274,#8282,#8288,#8289));
#8274 = ORIENTED_EDGE('',*,*,#8275,.F.);
#8275 = EDGE_CURVE('',#8276,#8250,#8278,.T.);
#8276 = VERTEX_POINT('',#8277);
#8277 = CARTESIAN_POINT('',(2.828452134884,6.302289244186,-0.2));
#8278 = B_SPLINE_CURVE_WITH_KNOTS('',2,(#8279,#8280,#8281),
  .UNSPECIFIED.,.F.,.F.,(3,3),(0.,1.),.PIECEWISE_BEZIER_KNOTS.);
#8279 = CARTESIAN_POINT('',(2.828452134884,6.302289244186,-0.2));
#8280 = CARTESIAN_POINT('',(2.855432512791,6.267132994186,-0.2));
#8281 = CARTESIAN_POINT('',(2.913072411047,6.244158793605,-0.2));
#8282 = ORIENTED_EDGE('',*,*,#8283,.T.);
#8283 = EDGE_CURVE('',#8276,#2561,#8284,.T.);
#8284 = LINE('',#8285,#8286);
#8285 = CARTESIAN_POINT('',(2.828452134884,6.302289244186,-0.2));
#8286 = VECTOR('',#8287,1.);
#8287 = DIRECTION('',(0.,0.,1.));
#8288 = ORIENTED_EDGE('',*,*,#2570,.F.);
#8289 = ORIENTED_EDGE('',*,*,#8257,.F.);
#8290 = SURFACE_OF_LINEAR_EXTRUSION('',#8291,#8295);
#8291 = B_SPLINE_CURVE_WITH_KNOTS('',2,(#8292,#8293,#8294),
  .UNSPECIFIED.,.F.,.F.,(3,3),(0.,1.),.PIECEWISE_BEZIER_KNOTS.);
#8292 = CARTESIAN_POINT('',(2.828452134884,6.302289244186,-0.2));
#8293 = CARTESIAN_POINT('',(2.855432512791,6.267132994186,-0.2));
#8294 = CARTESIAN_POINT('',(2.913072411047,6.244158793605,-0.2));
#8295 = VECTOR('',#8296,1.);
#8296 = DIRECTION('',(-0.,-0.,-1.));
#8297 = ADVANCED_FACE('',(#8298),#8316,.F.);
#8298 = FACE_BOUND('',#8299,.F.);
#8299 = EDGE_LOOP('',(#8300,#8308,#8314,#8315));
#8300 = ORIENTED_EDGE('',*,*,#8301,.F.);
#8301 = EDGE_CURVE('',#8302,#8276,#8304,.T.);
#8302 = VERTEX_POINT('',#8303);
#8303 = CARTESIAN_POINT('',(2.801471756977,6.378651889535,-0.2));
#8304 = B_SPLINE_CURVE_WITH_KNOTS('',2,(#8305,#8306,#8307),
  .UNSPECIFIED.,.F.,.F.,(3,3),(0.,1.),.PIECEWISE_BEZIER_KNOTS.);
#8305 = CARTESIAN_POINT('',(2.801471756977,6.378651889535,-0.2));
#8306 = CARTESIAN_POINT('',(2.801471756977,6.336219113372,-0.2));
#8307 = CARTESIAN_POINT('',(2.828452134884,6.302289244186,-0.2));
#8308 = ORIENTED_EDGE('',*,*,#8309,.T.);
#8309 = EDGE_CURVE('',#8302,#2548,#8310,.T.);
#8310 = LINE('',#8311,#8312);
#8311 = CARTESIAN_POINT('',(2.801471756977,6.378651889535,-0.2));
#8312 = VECTOR('',#8313,1.);
#8313 = DIRECTION('',(0.,0.,1.));
#8314 = ORIENTED_EDGE('',*,*,#2560,.F.);
#8315 = ORIENTED_EDGE('',*,*,#8283,.F.);
#8316 = SURFACE_OF_LINEAR_EXTRUSION('',#8317,#8321);
#8317 = B_SPLINE_CURVE_WITH_KNOTS('',2,(#8318,#8319,#8320),
  .UNSPECIFIED.,.F.,.F.,(3,3),(0.,1.),.PIECEWISE_BEZIER_KNOTS.);
#8318 = CARTESIAN_POINT('',(2.801471756977,6.378651889535,-0.2));
#8319 = CARTESIAN_POINT('',(2.801471756977,6.336219113372,-0.2));
#8320 = CARTESIAN_POINT('',(2.828452134884,6.302289244186,-0.2));
#8321 = VECTOR('',#8322,1.);
#8322 = DIRECTION('',(-0.,-0.,-1.));
#8323 = ADVANCED_FACE('',(#8324),#8342,.F.);
#8324 = FACE_BOUND('',#8325,.F.);
#8325 = EDGE_LOOP('',(#8326,#8334,#8340,#8341));
#8326 = ORIENTED_EDGE('',*,*,#8327,.F.);
#8327 = EDGE_CURVE('',#8328,#8302,#8330,.T.);
#8328 = VERTEX_POINT('',#8329);
#8329 = CARTESIAN_POINT('',(2.866469940116,6.494912790698,-0.2));
#8330 = B_SPLINE_CURVE_WITH_KNOTS('',2,(#8331,#8332,#8333),
  .UNSPECIFIED.,.F.,.F.,(3,3),(0.,1.),.PIECEWISE_BEZIER_KNOTS.);
#8331 = CARTESIAN_POINT('',(2.866469940116,6.494912790698,-0.2));
#8332 = CARTESIAN_POINT('',(2.801471756977,6.445285247093,-0.2));
#8333 = CARTESIAN_POINT('',(2.801471756977,6.378651889535,-0.2));
#8334 = ORIENTED_EDGE('',*,*,#8335,.T.);
#8335 = EDGE_CURVE('',#8328,#2537,#8336,.T.);
#8336 = LINE('',#8337,#8338);
#8337 = CARTESIAN_POINT('',(2.866469940116,6.494912790698,-0.2));
#8338 = VECTOR('',#8339,1.);
#8339 = DIRECTION('',(0.,0.,1.));
#8340 = ORIENTED_EDGE('',*,*,#2547,.F.);
#8341 = ORIENTED_EDGE('',*,*,#8309,.F.);
#8342 = SURFACE_OF_LINEAR_EXTRUSION('',#8343,#8347);
#8343 = B_SPLINE_CURVE_WITH_KNOTS('',2,(#8344,#8345,#8346),
  .UNSPECIFIED.,.F.,.F.,(3,3),(0.,1.),.PIECEWISE_BEZIER_KNOTS.);
#8344 = CARTESIAN_POINT('',(2.866469940116,6.494912790698,-0.2));
#8345 = CARTESIAN_POINT('',(2.801471756977,6.445285247093,-0.2));
#8346 = CARTESIAN_POINT('',(2.801471756977,6.378651889535,-0.2));
#8347 = VECTOR('',#8348,1.);
#8348 = DIRECTION('',(-0.,-0.,-1.));
#8349 = ADVANCED_FACE('',(#8350),#8368,.F.);
#8350 = FACE_BOUND('',#8351,.F.);
#8351 = EDGE_LOOP('',(#8352,#8360,#8366,#8367));
#8352 = ORIENTED_EDGE('',*,*,#8353,.F.);
#8353 = EDGE_CURVE('',#8354,#8328,#8356,.T.);
#8354 = VERTEX_POINT('',#8355);
#8355 = CARTESIAN_POINT('',(3.083539344186,6.544622093023,-0.2));
#8356 = B_SPLINE_CURVE_WITH_KNOTS('',2,(#8357,#8358,#8359),
  .UNSPECIFIED.,.F.,.F.,(3,3),(0.,1.),.PIECEWISE_BEZIER_KNOTS.);
#8357 = CARTESIAN_POINT('',(3.083539344186,6.544622093023,-0.2));
#8358 = CARTESIAN_POINT('',(2.931468123256,6.544622093023,-0.2));
#8359 = CARTESIAN_POINT('',(2.866469940116,6.494912790698,-0.2));
#8360 = ORIENTED_EDGE('',*,*,#8361,.T.);
#8361 = EDGE_CURVE('',#8354,#2526,#8362,.T.);
#8362 = LINE('',#8363,#8364);
#8363 = CARTESIAN_POINT('',(3.083539344186,6.544622093023,-0.2));
#8364 = VECTOR('',#8365,1.);
#8365 = DIRECTION('',(0.,0.,1.));
#8366 = ORIENTED_EDGE('',*,*,#2536,.F.);
#8367 = ORIENTED_EDGE('',*,*,#8335,.F.);
#8368 = SURFACE_OF_LINEAR_EXTRUSION('',#8369,#8373);
#8369 = B_SPLINE_CURVE_WITH_KNOTS('',2,(#8370,#8371,#8372),
  .UNSPECIFIED.,.F.,.F.,(3,3),(0.,1.),.PIECEWISE_BEZIER_KNOTS.);
#8370 = CARTESIAN_POINT('',(3.083539344186,6.544622093023,-0.2));
#8371 = CARTESIAN_POINT('',(2.931468123256,6.544622093023,-0.2));
#8372 = CARTESIAN_POINT('',(2.866469940116,6.494912790698,-0.2));
#8373 = VECTOR('',#8374,1.);
#8374 = DIRECTION('',(-0.,-0.,-1.));
#8375 = ADVANCED_FACE('',(#8376),#8394,.F.);
#8376 = FACE_BOUND('',#8377,.F.);
#8377 = EDGE_LOOP('',(#8378,#8386,#8392,#8393));
#8378 = ORIENTED_EDGE('',*,*,#8379,.F.);
#8379 = EDGE_CURVE('',#8380,#8354,#8382,.T.);
#8380 = VERTEX_POINT('',#8381);
#8381 = CARTESIAN_POINT('',(3.282785347093,6.488208575581,-0.2));
#8382 = B_SPLINE_CURVE_WITH_KNOTS('',2,(#8383,#8384,#8385),
  .UNSPECIFIED.,.F.,.F.,(3,3),(0.,1.),.PIECEWISE_BEZIER_KNOTS.);
#8383 = CARTESIAN_POINT('',(3.282785347093,6.488208575581,-0.2));
#8384 = CARTESIAN_POINT('',(3.212309329651,6.544622093023,-0.2));
#8385 = CARTESIAN_POINT('',(3.083539344186,6.544622093023,-0.2));
#8386 = ORIENTED_EDGE('',*,*,#8387,.T.);
#8387 = EDGE_CURVE('',#8380,#2513,#8388,.T.);
#8388 = LINE('',#8389,#8390);
#8389 = CARTESIAN_POINT('',(3.282785347093,6.488208575581,-0.2));
#8390 = VECTOR('',#8391,1.);
#8391 = DIRECTION('',(0.,0.,1.));
#8392 = ORIENTED_EDGE('',*,*,#2525,.F.);
#8393 = ORIENTED_EDGE('',*,*,#8361,.F.);
#8394 = SURFACE_OF_LINEAR_EXTRUSION('',#8395,#8399);
#8395 = B_SPLINE_CURVE_WITH_KNOTS('',2,(#8396,#8397,#8398),
  .UNSPECIFIED.,.F.,.F.,(3,3),(0.,1.),.PIECEWISE_BEZIER_KNOTS.);
#8396 = CARTESIAN_POINT('',(3.282785347093,6.488208575581,-0.2));
#8397 = CARTESIAN_POINT('',(3.212309329651,6.544622093023,-0.2));
#8398 = CARTESIAN_POINT('',(3.083539344186,6.544622093023,-0.2));
#8399 = VECTOR('',#8400,1.);
#8400 = DIRECTION('',(-0.,-0.,-1.));
#8401 = ADVANCED_FACE('',(#8402),#8420,.F.);
#8402 = FACE_BOUND('',#8403,.F.);
#8403 = EDGE_LOOP('',(#8404,#8412,#8418,#8419));
#8404 = ORIENTED_EDGE('',*,*,#8405,.F.);
#8405 = EDGE_CURVE('',#8406,#8380,#8408,.T.);
#8406 = VERTEX_POINT('',#8407);
#8407 = CARTESIAN_POINT('',(3.368059693023,6.331395348837,-0.2));
#8408 = B_SPLINE_CURVE_WITH_KNOTS('',2,(#8409,#8410,#8411),
  .UNSPECIFIED.,.F.,.F.,(3,3),(0.,1.),.PIECEWISE_BEZIER_KNOTS.);
#8409 = CARTESIAN_POINT('',(3.368059693023,6.331395348837,-0.2));
#8410 = CARTESIAN_POINT('',(3.353343123256,6.43187681686,-0.2));
#8411 = CARTESIAN_POINT('',(3.282785347093,6.488208575581,-0.2));
#8412 = ORIENTED_EDGE('',*,*,#8413,.T.);
#8413 = EDGE_CURVE('',#8406,#2505,#8414,.T.);
#8414 = LINE('',#8415,#8416);
#8415 = CARTESIAN_POINT('',(3.368059693023,6.331395348837,-0.2));
#8416 = VECTOR('',#8417,1.);
#8417 = DIRECTION('',(0.,0.,1.));
#8418 = ORIENTED_EDGE('',*,*,#2512,.F.);
#8419 = ORIENTED_EDGE('',*,*,#8387,.F.);
#8420 = SURFACE_OF_LINEAR_EXTRUSION('',#8421,#8425);
#8421 = B_SPLINE_CURVE_WITH_KNOTS('',2,(#8422,#8423,#8424),
  .UNSPECIFIED.,.F.,.F.,(3,3),(0.,1.),.PIECEWISE_BEZIER_KNOTS.);
#8422 = CARTESIAN_POINT('',(3.368059693023,6.331395348837,-0.2));
#8423 = CARTESIAN_POINT('',(3.353343123256,6.43187681686,-0.2));
#8424 = CARTESIAN_POINT('',(3.282785347093,6.488208575581,-0.2));
#8425 = VECTOR('',#8426,1.);
#8426 = DIRECTION('',(-0.,-0.,-1.));
#8427 = ADVANCED_FACE('',(#8428),#8446,.F.);
#8428 = FACE_BOUND('',#8429,.F.);
#8429 = EDGE_LOOP('',(#8430,#8438,#8444,#8445));
#8430 = ORIENTED_EDGE('',*,*,#8431,.F.);
#8431 = EDGE_CURVE('',#8432,#8406,#8434,.T.);
#8432 = VERTEX_POINT('',#8433);
#8433 = CARTESIAN_POINT('',(3.583902716279,6.360828488372,-0.2));
#8434 = LINE('',#8435,#8436);
#8435 = CARTESIAN_POINT('',(3.583902716279,6.360828488372,-0.2));
#8436 = VECTOR('',#8437,1.);
#8437 = DIRECTION('',(-0.990830168044,-0.135113204733,0.));
#8438 = ORIENTED_EDGE('',*,*,#8439,.T.);
#8439 = EDGE_CURVE('',#8432,#2494,#8440,.T.);
#8440 = LINE('',#8441,#8442);
#8441 = CARTESIAN_POINT('',(3.583902716279,6.360828488372,-0.2));
#8442 = VECTOR('',#8443,1.);
#8443 = DIRECTION('',(0.,0.,1.));
#8444 = ORIENTED_EDGE('',*,*,#2504,.F.);
#8445 = ORIENTED_EDGE('',*,*,#8413,.F.);
#8446 = PLANE('',#8447);
#8447 = AXIS2_PLACEMENT_3D('',#8448,#8449,#8450);
#8448 = CARTESIAN_POINT('',(3.583902716279,6.360828488372,-0.2));
#8449 = DIRECTION('',(0.135113204733,-0.990830168044,0.));
#8450 = DIRECTION('',(-0.990830168044,-0.135113204733,0.));
#8451 = ADVANCED_FACE('',(#8452),#8470,.F.);
#8452 = FACE_BOUND('',#8453,.F.);
#8453 = EDGE_LOOP('',(#8454,#8462,#8468,#8469));
#8454 = ORIENTED_EDGE('',*,*,#8455,.F.);
#8455 = EDGE_CURVE('',#8456,#8432,#8458,.T.);
#8456 = VERTEX_POINT('',#8457);
#8457 = CARTESIAN_POINT('',(3.507867105814,6.564080668605,-0.2));
#8458 = B_SPLINE_CURVE_WITH_KNOTS('',2,(#8459,#8460,#8461),
  .UNSPECIFIED.,.F.,.F.,(3,3),(0.,1.),.PIECEWISE_BEZIER_KNOTS.);
#8459 = CARTESIAN_POINT('',(3.507867105814,6.564080668605,-0.2));
#8460 = CARTESIAN_POINT('',(3.563054242442,6.48812681686,-0.2));
#8461 = CARTESIAN_POINT('',(3.583902716279,6.360828488372,-0.2));
#8462 = ORIENTED_EDGE('',*,*,#8463,.T.);
#8463 = EDGE_CURVE('',#8456,#2483,#8464,.T.);
#8464 = LINE('',#8465,#8466);
#8465 = CARTESIAN_POINT('',(3.507867105814,6.564080668605,-0.2));
#8466 = VECTOR('',#8467,1.);
#8467 = DIRECTION('',(0.,0.,1.));
#8468 = ORIENTED_EDGE('',*,*,#2493,.F.);
#8469 = ORIENTED_EDGE('',*,*,#8439,.F.);
#8470 = SURFACE_OF_LINEAR_EXTRUSION('',#8471,#8475);
#8471 = B_SPLINE_CURVE_WITH_KNOTS('',2,(#8472,#8473,#8474),
  .UNSPECIFIED.,.F.,.F.,(3,3),(0.,1.),.PIECEWISE_BEZIER_KNOTS.);
#8472 = CARTESIAN_POINT('',(3.507867105814,6.564080668605,-0.2));
#8473 = CARTESIAN_POINT('',(3.563054242442,6.48812681686,-0.2));
#8474 = CARTESIAN_POINT('',(3.583902716279,6.360828488372,-0.2));
#8475 = VECTOR('',#8476,1.);
#8476 = DIRECTION('',(-0.,-0.,-1.));
#8477 = ADVANCED_FACE('',(#8478),#8496,.F.);
#8478 = FACE_BOUND('',#8479,.F.);
#8479 = EDGE_LOOP('',(#8480,#8488,#8494,#8495));
#8480 = ORIENTED_EDGE('',*,*,#8481,.F.);
#8481 = EDGE_CURVE('',#8482,#8456,#8484,.T.);
#8482 = VERTEX_POINT('',#8483);
#8483 = CARTESIAN_POINT('',(3.336746102907,6.684593023256,-0.2));
#8484 = B_SPLINE_CURVE_WITH_KNOTS('',2,(#8485,#8486,#8487),
  .UNSPECIFIED.,.F.,.F.,(3,3),(0.,1.),.PIECEWISE_BEZIER_KNOTS.);
#8485 = CARTESIAN_POINT('',(3.336746102907,6.684593023256,-0.2));
#8486 = CARTESIAN_POINT('',(3.452679969186,6.64011627907,-0.2));
#8487 = CARTESIAN_POINT('',(3.507867105814,6.564080668605,-0.2));
#8488 = ORIENTED_EDGE('',*,*,#8489,.T.);
#8489 = EDGE_CURVE('',#8482,#2472,#8490,.T.);
#8490 = LINE('',#8491,#8492);
#8491 = CARTESIAN_POINT('',(3.336746102907,6.684593023256,-0.2));
#8492 = VECTOR('',#8493,1.);
#8493 = DIRECTION('',(0.,0.,1.));
#8494 = ORIENTED_EDGE('',*,*,#2482,.F.);
#8495 = ORIENTED_EDGE('',*,*,#8463,.F.);
#8496 = SURFACE_OF_LINEAR_EXTRUSION('',#8497,#8501);
#8497 = B_SPLINE_CURVE_WITH_KNOTS('',2,(#8498,#8499,#8500),
  .UNSPECIFIED.,.F.,.F.,(3,3),(0.,1.),.PIECEWISE_BEZIER_KNOTS.);
#8498 = CARTESIAN_POINT('',(3.336746102907,6.684593023256,-0.2));
#8499 = CARTESIAN_POINT('',(3.452679969186,6.64011627907,-0.2));
#8500 = CARTESIAN_POINT('',(3.507867105814,6.564080668605,-0.2));
#8501 = VECTOR('',#8502,1.);
#8502 = DIRECTION('',(-0.,-0.,-1.));
#8503 = ADVANCED_FACE('',(#8504),#8522,.F.);
#8504 = FACE_BOUND('',#8505,.F.);
#8505 = EDGE_LOOP('',(#8506,#8514,#8520,#8521));
#8506 = ORIENTED_EDGE('',*,*,#8507,.F.);
#8507 = EDGE_CURVE('',#8508,#8482,#8510,.T.);
#8508 = VERTEX_POINT('',#8509);
#8509 = CARTESIAN_POINT('',(3.067596393605,6.729069767442,-0.2));
#8510 = B_SPLINE_CURVE_WITH_KNOTS('',2,(#8511,#8512,#8513),
  .UNSPECIFIED.,.F.,.F.,(3,3),(0.,1.),.PIECEWISE_BEZIER_KNOTS.);
#8511 = CARTESIAN_POINT('',(3.067596393605,6.729069767442,-0.2));
#8512 = CARTESIAN_POINT('',(3.220893995349,6.729069767442,-0.2));
#8513 = CARTESIAN_POINT('',(3.336746102907,6.684593023256,-0.2));
#8514 = ORIENTED_EDGE('',*,*,#8515,.T.);
#8515 = EDGE_CURVE('',#8508,#2462,#8516,.T.);
#8516 = LINE('',#8517,#8518);
#8517 = CARTESIAN_POINT('',(3.067596393605,6.729069767442,-0.2));
#8518 = VECTOR('',#8519,1.);
#8519 = DIRECTION('',(0.,0.,1.));
#8520 = ORIENTED_EDGE('',*,*,#2471,.F.);
#8521 = ORIENTED_EDGE('',*,*,#8489,.F.);
#8522 = SURFACE_OF_LINEAR_EXTRUSION('',#8523,#8527);
#8523 = B_SPLINE_CURVE_WITH_KNOTS('',2,(#8524,#8525,#8526),
  .UNSPECIFIED.,.F.,.F.,(3,3),(0.,1.),.PIECEWISE_BEZIER_KNOTS.);
#8524 = CARTESIAN_POINT('',(3.067596393605,6.729069767442,-0.2));
#8525 = CARTESIAN_POINT('',(3.220893995349,6.729069767442,-0.2));
#8526 = CARTESIAN_POINT('',(3.336746102907,6.684593023256,-0.2));
#8527 = VECTOR('',#8528,1.);
#8528 = DIRECTION('',(-0.,-0.,-1.));
#8529 = ADVANCED_FACE('',(#8530),#8548,.F.);
#8530 = FACE_BOUND('',#8531,.F.);
#8531 = EDGE_LOOP('',(#8532,#8540,#8546,#8547));
#8532 = ORIENTED_EDGE('',*,*,#8533,.F.);
#8533 = EDGE_CURVE('',#8534,#8508,#8536,.T.);
#8534 = VERTEX_POINT('',#8535);
#8535 = CARTESIAN_POINT('',(2.876853297674,6.702743459302,-0.2));
#8536 = B_SPLINE_CURVE_WITH_KNOTS('',2,(#8537,#8538,#8539),
  .UNSPECIFIED.,.F.,.F.,(3,3),(0.,1.),.PIECEWISE_BEZIER_KNOTS.);
#8537 = CARTESIAN_POINT('',(2.876853297674,6.702743459302,-0.2));
#8538 = CARTESIAN_POINT('',(2.965806786047,6.729069767442,-0.2));
#8539 = CARTESIAN_POINT('',(3.067596393605,6.729069767442,-0.2));
#8540 = ORIENTED_EDGE('',*,*,#8541,.T.);
#8541 = EDGE_CURVE('',#8534,#2452,#8542,.T.);
#8542 = LINE('',#8543,#8544);
#8543 = CARTESIAN_POINT('',(2.876853297674,6.702743459302,-0.2));
#8544 = VECTOR('',#8545,1.);
#8545 = DIRECTION('',(0.,0.,1.));
#8546 = ORIENTED_EDGE('',*,*,#2461,.F.);
#8547 = ORIENTED_EDGE('',*,*,#8515,.F.);
#8548 = SURFACE_OF_LINEAR_EXTRUSION('',#8549,#8553);
#8549 = B_SPLINE_CURVE_WITH_KNOTS('',2,(#8550,#8551,#8552),
  .UNSPECIFIED.,.F.,.F.,(3,3),(0.,1.),.PIECEWISE_BEZIER_KNOTS.);
#8550 = CARTESIAN_POINT('',(2.876853297674,6.702743459302,-0.2));
#8551 = CARTESIAN_POINT('',(2.965806786047,6.729069767442,-0.2));
#8552 = CARTESIAN_POINT('',(3.067596393605,6.729069767442,-0.2));
#8553 = VECTOR('',#8554,1.);
#8554 = DIRECTION('',(-0.,-0.,-1.));
#8555 = ADVANCED_FACE('',(#8556),#8574,.F.);
#8556 = FACE_BOUND('',#8557,.F.);
#8557 = EDGE_LOOP('',(#8558,#8566,#8572,#8573));
#8558 = ORIENTED_EDGE('',*,*,#8559,.F.);
#8559 = EDGE_CURVE('',#8560,#8534,#8562,.T.);
#8560 = VERTEX_POINT('',#8561);
#8561 = CARTESIAN_POINT('',(2.736473573837,6.638481104651,-0.2));
#8562 = B_SPLINE_CURVE_WITH_KNOTS('',2,(#8563,#8564,#8565),
  .UNSPECIFIED.,.F.,.F.,(3,3),(0.,1.),.PIECEWISE_BEZIER_KNOTS.);
#8563 = CARTESIAN_POINT('',(2.736473573837,6.638481104651,-0.2));
#8564 = CARTESIAN_POINT('',(2.787981568023,6.676417151163,-0.2));
#8565 = CARTESIAN_POINT('',(2.876853297674,6.702743459302,-0.2));
#8566 = ORIENTED_EDGE('',*,*,#8567,.T.);
#8567 = EDGE_CURVE('',#8560,#2442,#8568,.T.);
#8568 = LINE('',#8569,#8570);
#8569 = CARTESIAN_POINT('',(2.736473573837,6.638481104651,-0.2));
#8570 = VECTOR('',#8571,1.);
#8571 = DIRECTION('',(0.,0.,1.));
#8572 = ORIENTED_EDGE('',*,*,#2451,.F.);
#8573 = ORIENTED_EDGE('',*,*,#8541,.F.);
#8574 = SURFACE_OF_LINEAR_EXTRUSION('',#8575,#8579);
#8575 = B_SPLINE_CURVE_WITH_KNOTS('',2,(#8576,#8577,#8578),
  .UNSPECIFIED.,.F.,.F.,(3,3),(0.,1.),.PIECEWISE_BEZIER_KNOTS.);
#8576 = CARTESIAN_POINT('',(2.736473573837,6.638481104651,-0.2));
#8577 = CARTESIAN_POINT('',(2.787981568023,6.676417151163,-0.2));
#8578 = CARTESIAN_POINT('',(2.876853297674,6.702743459302,-0.2));
#8579 = VECTOR('',#8580,1.);
#8580 = DIRECTION('',(-0.,-0.,-1.));
#8581 = ADVANCED_FACE('',(#8582),#8600,.F.);
#8582 = FACE_BOUND('',#8583,.F.);
#8583 = EDGE_LOOP('',(#8584,#8592,#8598,#8599));
#8584 = ORIENTED_EDGE('',*,*,#8585,.F.);
#8585 = EDGE_CURVE('',#8586,#8560,#8588,.T.);
#8586 = VERTEX_POINT('',#8587);
#8587 = CARTESIAN_POINT('',(2.627897992442,6.515434229651,-0.2));
#8588 = B_SPLINE_CURVE_WITH_KNOTS('',2,(#8589,#8590,#8591),
  .UNSPECIFIED.,.F.,.F.,(3,3),(0.,1.),.PIECEWISE_BEZIER_KNOTS.);
#8589 = CARTESIAN_POINT('',(2.627897992442,6.515434229651,-0.2));
#8590 = CARTESIAN_POINT('',(2.667796248256,6.589507630814,-0.2));
#8591 = CARTESIAN_POINT('',(2.736473573837,6.638481104651,-0.2));
#8592 = ORIENTED_EDGE('',*,*,#8593,.T.);
#8593 = EDGE_CURVE('',#8586,#2432,#8594,.T.);
#8594 = LINE('',#8595,#8596);
#8595 = CARTESIAN_POINT('',(2.627897992442,6.515434229651,-0.2));
#8596 = VECTOR('',#8597,1.);
#8597 = DIRECTION('',(0.,0.,1.));
#8598 = ORIENTED_EDGE('',*,*,#2441,.F.);
#8599 = ORIENTED_EDGE('',*,*,#8567,.F.);
#8600 = SURFACE_OF_LINEAR_EXTRUSION('',#8601,#8605);
#8601 = B_SPLINE_CURVE_WITH_KNOTS('',2,(#8602,#8603,#8604),
  .UNSPECIFIED.,.F.,.F.,(3,3),(0.,1.),.PIECEWISE_BEZIER_KNOTS.);
#8602 = CARTESIAN_POINT('',(2.627897992442,6.515434229651,-0.2));
#8603 = CARTESIAN_POINT('',(2.667796248256,6.589507630814,-0.2));
#8604 = CARTESIAN_POINT('',(2.736473573837,6.638481104651,-0.2));
#8605 = VECTOR('',#8606,1.);
#8606 = DIRECTION('',(-0.,-0.,-1.));
#8607 = ADVANCED_FACE('',(#8608),#8626,.F.);
#8608 = FACE_BOUND('',#8609,.F.);
#8609 = EDGE_LOOP('',(#8610,#8618,#8624,#8625));
#8610 = ORIENTED_EDGE('',*,*,#8611,.F.);
#8611 = EDGE_CURVE('',#8612,#8586,#8614,.T.);
#8612 = VERTEX_POINT('',#8613);
#8613 = CARTESIAN_POINT('',(2.588081495349,6.35445130814,-0.2));
#8614 = B_SPLINE_CURVE_WITH_KNOTS('',2,(#8615,#8616,#8617),
  .UNSPECIFIED.,.F.,.F.,(3,3),(0.,1.),.PIECEWISE_BEZIER_KNOTS.);
#8615 = CARTESIAN_POINT('',(2.588081495349,6.35445130814,-0.2));
#8616 = CARTESIAN_POINT('',(2.588081495349,6.441360828488,-0.2));
#8617 = CARTESIAN_POINT('',(2.627897992442,6.515434229651,-0.2));
#8618 = ORIENTED_EDGE('',*,*,#8619,.T.);
#8619 = EDGE_CURVE('',#8612,#2422,#8620,.T.);
#8620 = LINE('',#8621,#8622);
#8621 = CARTESIAN_POINT('',(2.588081495349,6.35445130814,-0.2));
#8622 = VECTOR('',#8623,1.);
#8623 = DIRECTION('',(0.,0.,1.));
#8624 = ORIENTED_EDGE('',*,*,#2431,.F.);
#8625 = ORIENTED_EDGE('',*,*,#8593,.F.);
#8626 = SURFACE_OF_LINEAR_EXTRUSION('',#8627,#8631);
#8627 = B_SPLINE_CURVE_WITH_KNOTS('',2,(#8628,#8629,#8630),
  .UNSPECIFIED.,.F.,.F.,(3,3),(0.,1.),.PIECEWISE_BEZIER_KNOTS.);
#8628 = CARTESIAN_POINT('',(2.588081495349,6.35445130814,-0.2));
#8629 = CARTESIAN_POINT('',(2.588081495349,6.441360828488,-0.2));
#8630 = CARTESIAN_POINT('',(2.627897992442,6.515434229651,-0.2));
#8631 = VECTOR('',#8632,1.);
#8632 = DIRECTION('',(-0.,-0.,-1.));
#8633 = ADVANCED_FACE('',(#8634),#8652,.F.);
#8634 = FACE_BOUND('',#8635,.F.);
#8635 = EDGE_LOOP('',(#8636,#8644,#8650,#8651));
#8636 = ORIENTED_EDGE('',*,*,#8637,.F.);
#8637 = EDGE_CURVE('',#8638,#8612,#8640,.T.);
#8638 = VERTEX_POINT('',#8639);
#8639 = CARTESIAN_POINT('',(2.63648265814,6.179978197674,-0.2));
#8640 = B_SPLINE_CURVE_WITH_KNOTS('',2,(#8641,#8642,#8643),
  .UNSPECIFIED.,.F.,.F.,(3,3),(0.,1.),.PIECEWISE_BEZIER_KNOTS.);
#8641 = CARTESIAN_POINT('',(2.63648265814,6.179978197674,-0.2));
#8642 = CARTESIAN_POINT('',(2.588081495349,6.258957122093,-0.2));
#8643 = CARTESIAN_POINT('',(2.588081495349,6.35445130814,-0.2));
#8644 = ORIENTED_EDGE('',*,*,#8645,.T.);
#8645 = EDGE_CURVE('',#8638,#2409,#8646,.T.);
#8646 = LINE('',#8647,#8648);
#8647 = CARTESIAN_POINT('',(2.63648265814,6.179978197674,-0.2));
#8648 = VECTOR('',#8649,1.);
#8649 = DIRECTION('',(0.,0.,1.));
#8650 = ORIENTED_EDGE('',*,*,#2421,.F.);
#8651 = ORIENTED_EDGE('',*,*,#8619,.F.);
#8652 = SURFACE_OF_LINEAR_EXTRUSION('',#8653,#8657);
#8653 = B_SPLINE_CURVE_WITH_KNOTS('',2,(#8654,#8655,#8656),
  .UNSPECIFIED.,.F.,.F.,(3,3),(0.,1.),.PIECEWISE_BEZIER_KNOTS.);
#8654 = CARTESIAN_POINT('',(2.63648265814,6.179978197674,-0.2));
#8655 = CARTESIAN_POINT('',(2.588081495349,6.258957122093,-0.2));
#8656 = CARTESIAN_POINT('',(2.588081495349,6.35445130814,-0.2));
#8657 = VECTOR('',#8658,1.);
#8658 = DIRECTION('',(-0.,-0.,-1.));
#8659 = ADVANCED_FACE('',(#8660),#8678,.F.);
#8660 = FACE_BOUND('',#8661,.F.);
#8661 = EDGE_LOOP('',(#8662,#8670,#8676,#8677));
#8662 = ORIENTED_EDGE('',*,*,#8663,.F.);
#8663 = EDGE_CURVE('',#8664,#8638,#8666,.T.);
#8664 = VERTEX_POINT('',#8665);
#8665 = CARTESIAN_POINT('',(2.778742832558,6.056359011628,-0.2));
#8666 = B_SPLINE_CURVE_WITH_KNOTS('',2,(#8667,#8668,#8669),
  .UNSPECIFIED.,.F.,.F.,(3,3),(0.,1.),.PIECEWISE_BEZIER_KNOTS.);
#8667 = CARTESIAN_POINT('',(2.778742832558,6.056359011628,-0.2));
#8668 = CARTESIAN_POINT('',(2.684965579651,6.101081031977,-0.2));
#8669 = CARTESIAN_POINT('',(2.63648265814,6.179978197674,-0.2));
#8670 = ORIENTED_EDGE('',*,*,#8671,.T.);
#8671 = EDGE_CURVE('',#8664,#2397,#8672,.T.);
#8672 = LINE('',#8673,#8674);
#8673 = CARTESIAN_POINT('',(2.778742832558,6.056359011628,-0.2));
#8674 = VECTOR('',#8675,1.);
#8675 = DIRECTION('',(0.,0.,1.));
#8676 = ORIENTED_EDGE('',*,*,#2408,.F.);
#8677 = ORIENTED_EDGE('',*,*,#8645,.F.);
#8678 = SURFACE_OF_LINEAR_EXTRUSION('',#8679,#8683);
#8679 = B_SPLINE_CURVE_WITH_KNOTS('',2,(#8680,#8681,#8682),
  .UNSPECIFIED.,.F.,.F.,(3,3),(0.,1.),.PIECEWISE_BEZIER_KNOTS.);
#8680 = CARTESIAN_POINT('',(2.778742832558,6.056359011628,-0.2));
#8681 = CARTESIAN_POINT('',(2.684965579651,6.101081031977,-0.2));
#8682 = CARTESIAN_POINT('',(2.63648265814,6.179978197674,-0.2));
#8683 = VECTOR('',#8684,1.);
#8684 = DIRECTION('',(-0.,-0.,-1.));
#8685 = ADVANCED_FACE('',(#8686),#8704,.F.);
#8686 = FACE_BOUND('',#8687,.F.);
#8687 = EDGE_LOOP('',(#8688,#8696,#8702,#8703));
#8688 = ORIENTED_EDGE('',*,*,#8689,.F.);
#8689 = EDGE_CURVE('',#8690,#8664,#8692,.T.);
#8690 = VERTEX_POINT('',#8691);
#8691 = CARTESIAN_POINT('',(3.115425245349,5.950481468023,-0.2));
#8692 = B_SPLINE_CURVE_WITH_KNOTS('',2,(#8693,#8694,#8695),
  .UNSPECIFIED.,.F.,.F.,(3,3),(0.,1.),.PIECEWISE_BEZIER_KNOTS.);
#8693 = CARTESIAN_POINT('',(3.115425245349,5.950481468023,-0.2));
#8694 = CARTESIAN_POINT('',(2.872601844186,6.01171875,-0.2));
#8695 = CARTESIAN_POINT('',(2.778742832558,6.056359011628,-0.2));
#8696 = ORIENTED_EDGE('',*,*,#8697,.T.);
#8697 = EDGE_CURVE('',#8690,#2386,#8698,.T.);
#8698 = LINE('',#8699,#8700);
#8699 = CARTESIAN_POINT('',(3.115425245349,5.950481468023,-0.2));
#8700 = VECTOR('',#8701,1.);
#8701 = DIRECTION('',(0.,0.,1.));
#8702 = ORIENTED_EDGE('',*,*,#2396,.F.);
#8703 = ORIENTED_EDGE('',*,*,#8671,.F.);
#8704 = SURFACE_OF_LINEAR_EXTRUSION('',#8705,#8709);
#8705 = B_SPLINE_CURVE_WITH_KNOTS('',2,(#8706,#8707,#8708),
  .UNSPECIFIED.,.F.,.F.,(3,3),(0.,1.),.PIECEWISE_BEZIER_KNOTS.);
#8706 = CARTESIAN_POINT('',(3.115425245349,5.950481468023,-0.2));
#8707 = CARTESIAN_POINT('',(2.872601844186,6.01171875,-0.2));
#8708 = CARTESIAN_POINT('',(2.778742832558,6.056359011628,-0.2));
#8709 = VECTOR('',#8710,1.);
#8710 = DIRECTION('',(-0.,-0.,-1.));
#8711 = ADVANCED_FACE('',(#8712),#8730,.F.);
#8712 = FACE_BOUND('',#8713,.F.);
#8713 = EDGE_LOOP('',(#8714,#8722,#8728,#8729));
#8714 = ORIENTED_EDGE('',*,*,#8715,.F.);
#8715 = EDGE_CURVE('',#8716,#8690,#8718,.T.);
#8716 = VERTEX_POINT('',#8717);
#8717 = CARTESIAN_POINT('',(3.341079315116,5.877062136628,-0.2));
#8718 = B_SPLINE_CURVE_WITH_KNOTS('',2,(#8719,#8720,#8721),
  .UNSPECIFIED.,.F.,.F.,(3,3),(0.,1.),.PIECEWISE_BEZIER_KNOTS.);
#8719 = CARTESIAN_POINT('',(3.341079315116,5.877062136628,-0.2));
#8720 = CARTESIAN_POINT('',(3.295703225,5.906004723837,-0.2));
#8721 = CARTESIAN_POINT('',(3.115425245349,5.950481468023,-0.2));
#8722 = ORIENTED_EDGE('',*,*,#8723,.T.);
#8723 = EDGE_CURVE('',#8716,#2373,#8724,.T.);
#8724 = LINE('',#8725,#8726);
#8725 = CARTESIAN_POINT('',(3.341079315116,5.877062136628,-0.2));
#8726 = VECTOR('',#8727,1.);
#8727 = DIRECTION('',(0.,0.,1.));
#8728 = ORIENTED_EDGE('',*,*,#2385,.F.);
#8729 = ORIENTED_EDGE('',*,*,#8697,.F.);
#8730 = SURFACE_OF_LINEAR_EXTRUSION('',#8731,#8735);
#8731 = B_SPLINE_CURVE_WITH_KNOTS('',2,(#8732,#8733,#8734),
  .UNSPECIFIED.,.F.,.F.,(3,3),(0.,1.),.PIECEWISE_BEZIER_KNOTS.);
#8732 = CARTESIAN_POINT('',(3.341079315116,5.877062136628,-0.2));
#8733 = CARTESIAN_POINT('',(3.295703225,5.906004723837,-0.2));
#8734 = CARTESIAN_POINT('',(3.115425245349,5.950481468023,-0.2));
#8735 = VECTOR('',#8736,1.);
#8736 = DIRECTION('',(-0.,-0.,-1.));
#8737 = ADVANCED_FACE('',(#8738),#8756,.F.);
#8738 = FACE_BOUND('',#8739,.F.);
#8739 = EDGE_LOOP('',(#8740,#8748,#8754,#8755));
#8740 = ORIENTED_EDGE('',*,*,#8741,.F.);
#8741 = EDGE_CURVE('',#8742,#8716,#8744,.T.);
#8742 = VERTEX_POINT('',#8743);
#8743 = CARTESIAN_POINT('',(3.406077498256,5.761618822674,-0.2));
#8744 = B_SPLINE_CURVE_WITH_KNOTS('',2,(#8745,#8746,#8747),
  .UNSPECIFIED.,.F.,.F.,(3,3),(0.,1.),.PIECEWISE_BEZIER_KNOTS.);
#8745 = CARTESIAN_POINT('',(3.406077498256,5.761618822674,-0.2));
#8746 = CARTESIAN_POINT('',(3.406077498256,5.834956395349,-0.2));
#8747 = CARTESIAN_POINT('',(3.341079315116,5.877062136628,-0.2));
#8748 = ORIENTED_EDGE('',*,*,#8749,.T.);
#8749 = EDGE_CURVE('',#8742,#2360,#8750,.T.);
#8750 = LINE('',#8751,#8752);
#8751 = CARTESIAN_POINT('',(3.406077498256,5.761618822674,-0.2));
#8752 = VECTOR('',#8753,1.);
#8753 = DIRECTION('',(0.,0.,1.));
#8754 = ORIENTED_EDGE('',*,*,#2372,.F.);
#8755 = ORIENTED_EDGE('',*,*,#8723,.F.);
#8756 = SURFACE_OF_LINEAR_EXTRUSION('',#8757,#8761);
#8757 = B_SPLINE_CURVE_WITH_KNOTS('',2,(#8758,#8759,#8760),
  .UNSPECIFIED.,.F.,.F.,(3,3),(0.,1.),.PIECEWISE_BEZIER_KNOTS.);
#8758 = CARTESIAN_POINT('',(3.406077498256,5.761618822674,-0.2));
#8759 = CARTESIAN_POINT('',(3.406077498256,5.834956395349,-0.2));
#8760 = CARTESIAN_POINT('',(3.341079315116,5.877062136628,-0.2));
#8761 = VECTOR('',#8762,1.);
#8762 = DIRECTION('',(-0.,-0.,-1.));
#8763 = ADVANCED_FACE('',(#8764),#8782,.F.);
#8764 = FACE_BOUND('',#8765,.F.);
#8765 = EDGE_LOOP('',(#8766,#8774,#8780,#8781));
#8766 = ORIENTED_EDGE('',*,*,#8767,.F.);
#8767 = EDGE_CURVE('',#8768,#8742,#8770,.T.);
#8768 = VERTEX_POINT('',#8769);
#8769 = CARTESIAN_POINT('',(3.332494649419,5.619031613372,-0.2));
#8770 = B_SPLINE_CURVE_WITH_KNOTS('',2,(#8771,#8772,#8773),
  .UNSPECIFIED.,.F.,.F.,(3,3),(0.,1.),.PIECEWISE_BEZIER_KNOTS.);
#8771 = CARTESIAN_POINT('',(3.332494649419,5.619031613372,-0.2));
#8772 = CARTESIAN_POINT('',(3.406077498256,5.679778343023,-0.2));
#8773 = CARTESIAN_POINT('',(3.406077498256,5.761618822674,-0.2));
#8774 = ORIENTED_EDGE('',*,*,#8775,.T.);
#8775 = EDGE_CURVE('',#8768,#2349,#8776,.T.);
#8776 = LINE('',#8777,#8778);
#8777 = CARTESIAN_POINT('',(3.332494649419,5.619031613372,-0.2));
#8778 = VECTOR('',#8779,1.);
#8779 = DIRECTION('',(0.,0.,1.));
#8780 = ORIENTED_EDGE('',*,*,#2359,.F.);
#8781 = ORIENTED_EDGE('',*,*,#8749,.F.);
#8782 = SURFACE_OF_LINEAR_EXTRUSION('',#8783,#8787);
#8783 = B_SPLINE_CURVE_WITH_KNOTS('',2,(#8784,#8785,#8786),
  .UNSPECIFIED.,.F.,.F.,(3,3),(0.,1.),.PIECEWISE_BEZIER_KNOTS.);
#8784 = CARTESIAN_POINT('',(3.332494649419,5.619031613372,-0.2));
#8785 = CARTESIAN_POINT('',(3.406077498256,5.679778343023,-0.2));
#8786 = CARTESIAN_POINT('',(3.406077498256,5.761618822674,-0.2));
#8787 = VECTOR('',#8788,1.);
#8788 = DIRECTION('',(-0.,-0.,-1.));
#8789 = ADVANCED_FACE('',(#8790),#8808,.F.);
#8790 = FACE_BOUND('',#8791,.F.);
#8791 = EDGE_LOOP('',(#8792,#8800,#8806,#8807));
#8792 = ORIENTED_EDGE('',*,*,#8793,.F.);
#8793 = EDGE_CURVE('',#8794,#8768,#8796,.T.);
#8794 = VERTEX_POINT('',#8795);
#8795 = CARTESIAN_POINT('',(3.106840579651,5.558284883721,-0.2));
#8796 = B_SPLINE_CURVE_WITH_KNOTS('',2,(#8797,#8798,#8799),
  .UNSPECIFIED.,.F.,.F.,(3,3),(0.,1.),.PIECEWISE_BEZIER_KNOTS.);
#8797 = CARTESIAN_POINT('',(3.106840579651,5.558284883721,-0.2));
#8798 = CARTESIAN_POINT('',(3.258911800581,5.558284883721,-0.2));
#8799 = CARTESIAN_POINT('',(3.332494649419,5.619031613372,-0.2));
#8800 = ORIENTED_EDGE('',*,*,#8801,.T.);
#8801 = EDGE_CURVE('',#8794,#2338,#8802,.T.);
#8802 = LINE('',#8803,#8804);
#8803 = CARTESIAN_POINT('',(3.106840579651,5.558284883721,-0.2));
#8804 = VECTOR('',#8805,1.);
#8805 = DIRECTION('',(0.,0.,1.));
#8806 = ORIENTED_EDGE('',*,*,#2348,.F.);
#8807 = ORIENTED_EDGE('',*,*,#8775,.F.);
#8808 = SURFACE_OF_LINEAR_EXTRUSION('',#8809,#8813);
#8809 = B_SPLINE_CURVE_WITH_KNOTS('',2,(#8810,#8811,#8812),
  .UNSPECIFIED.,.F.,.F.,(3,3),(0.,1.),.PIECEWISE_BEZIER_KNOTS.);
#8810 = CARTESIAN_POINT('',(3.106840579651,5.558284883721,-0.2));
#8811 = CARTESIAN_POINT('',(3.258911800581,5.558284883721,-0.2));
#8812 = CARTESIAN_POINT('',(3.332494649419,5.619031613372,-0.2));
#8813 = VECTOR('',#8814,1.);
#8814 = DIRECTION('',(-0.,-0.,-1.));
#8815 = ADVANCED_FACE('',(#8816),#8834,.F.);
#8816 = FACE_BOUND('',#8817,.F.);
#8817 = EDGE_LOOP('',(#8818,#8826,#8832,#8833));
#8818 = ORIENTED_EDGE('',*,*,#8819,.F.);
#8819 = EDGE_CURVE('',#8820,#8794,#8822,.T.);
#8820 = VERTEX_POINT('',#8821);
#8821 = CARTESIAN_POINT('',(2.871947774419,5.62671693314,-0.2));
#8822 = B_SPLINE_CURVE_WITH_KNOTS('',2,(#8823,#8824,#8825),
  .UNSPECIFIED.,.F.,.F.,(3,3),(0.,1.),.PIECEWISE_BEZIER_KNOTS.);
#8823 = CARTESIAN_POINT('',(2.871947774419,5.62671693314,-0.2));
#8824 = CARTESIAN_POINT('',(2.955995739535,5.558284883721,-0.2));
#8825 = CARTESIAN_POINT('',(3.106840579651,5.558284883721,-0.2));
#8826 = ORIENTED_EDGE('',*,*,#8827,.T.);
#8827 = EDGE_CURVE('',#8820,#2323,#8828,.T.);
#8828 = LINE('',#8829,#8830);
#8829 = CARTESIAN_POINT('',(2.871947774419,5.62671693314,-0.2));
#8830 = VECTOR('',#8831,1.);
#8831 = DIRECTION('',(0.,0.,1.));
#8832 = ORIENTED_EDGE('',*,*,#2337,.F.);
#8833 = ORIENTED_EDGE('',*,*,#8801,.F.);
#8834 = SURFACE_OF_LINEAR_EXTRUSION('',#8835,#8839);
#8835 = B_SPLINE_CURVE_WITH_KNOTS('',2,(#8836,#8837,#8838),
  .UNSPECIFIED.,.F.,.F.,(3,3),(0.,1.),.PIECEWISE_BEZIER_KNOTS.);
#8836 = CARTESIAN_POINT('',(2.871947774419,5.62671693314,-0.2));
#8837 = CARTESIAN_POINT('',(2.955995739535,5.558284883721,-0.2));
#8838 = CARTESIAN_POINT('',(3.106840579651,5.558284883721,-0.2));
#8839 = VECTOR('',#8840,1.);
#8840 = DIRECTION('',(-0.,-0.,-1.));
#8841 = ADVANCED_FACE('',(#8842),#8853,.F.);
#8842 = FACE_BOUND('',#8843,.F.);
#8843 = EDGE_LOOP('',(#8844,#8850,#8851,#8852));
#8844 = ORIENTED_EDGE('',*,*,#8845,.F.);
#8845 = EDGE_CURVE('',#8013,#8820,#8846,.T.);
#8846 = B_SPLINE_CURVE_WITH_KNOTS('',2,(#8847,#8848,#8849),
  .UNSPECIFIED.,.F.,.F.,(3,3),(0.,1.),.PIECEWISE_BEZIER_KNOTS.);
#8847 = CARTESIAN_POINT('',(2.769585855814,5.823837209302,-0.2));
#8848 = CARTESIAN_POINT('',(2.787981568023,5.695230741279,-0.2));
#8849 = CARTESIAN_POINT('',(2.871947774419,5.62671693314,-0.2));
#8850 = ORIENTED_EDGE('',*,*,#8027,.T.);
#8851 = ORIENTED_EDGE('',*,*,#2322,.F.);
#8852 = ORIENTED_EDGE('',*,*,#8827,.F.);
#8853 = SURFACE_OF_LINEAR_EXTRUSION('',#8854,#8858);
#8854 = B_SPLINE_CURVE_WITH_KNOTS('',2,(#8855,#8856,#8857),
  .UNSPECIFIED.,.F.,.F.,(3,3),(0.,1.),.PIECEWISE_BEZIER_KNOTS.);
#8855 = CARTESIAN_POINT('',(2.769585855814,5.823837209302,-0.2));
#8856 = CARTESIAN_POINT('',(2.787981568023,5.695230741279,-0.2));
#8857 = CARTESIAN_POINT('',(2.871947774419,5.62671693314,-0.2));
#8858 = VECTOR('',#8859,1.);
#8859 = DIRECTION('',(-0.,-0.,-1.));
#8860 = ADVANCED_FACE('',(#8861),#8872,.F.);
#8861 = FACE_BOUND('',#8862,.T.);
#8862 = EDGE_LOOP('',(#8863,#8869,#8870,#8871));
#8863 = ORIENTED_EDGE('',*,*,#8864,.F.);
#8864 = EDGE_CURVE('',#4395,#2878,#8865,.T.);
#8865 = LINE('',#8866,#8867);
#8866 = CARTESIAN_POINT('',(-11.25,0.,-2.));
#8867 = VECTOR('',#8868,1.);
#8868 = DIRECTION('',(-6.757879280327E-17,0.,-1.));
#8869 = ORIENTED_EDGE('',*,*,#4402,.T.);
#8870 = ORIENTED_EDGE('',*,*,#8864,.T.);
#8871 = ORIENTED_EDGE('',*,*,#2877,.T.);
#8872 = CYLINDRICAL_SURFACE('',#8873,1.5);
#8873 = AXIS2_PLACEMENT_3D('',#8874,#8875,#8876);
#8874 = CARTESIAN_POINT('',(-12.75,0.,-2.));
#8875 = DIRECTION('',(-0.,-0.,-1.));
#8876 = DIRECTION('',(1.,0.,0.));
#8877 = ADVANCED_FACE('',(#8878),#8903,.T.);
#8878 = FACE_BOUND('',#8879,.T.);
#8879 = EDGE_LOOP('',(#8880,#8881,#8889,#8897));
#8880 = ORIENTED_EDGE('',*,*,#2888,.F.);
#8881 = ORIENTED_EDGE('',*,*,#8882,.T.);
#8882 = EDGE_CURVE('',#2889,#8883,#8885,.T.);
#8883 = VERTEX_POINT('',#8884);
#8884 = CARTESIAN_POINT('',(-9.4,5.85,-10.1));
#8885 = LINE('',#8886,#8887);
#8886 = CARTESIAN_POINT('',(-9.4,5.85,0.));
#8887 = VECTOR('',#8888,1.);
#8888 = DIRECTION('',(-0.,-0.,-1.));
#8889 = ORIENTED_EDGE('',*,*,#8890,.T.);
#8890 = EDGE_CURVE('',#8883,#8891,#8893,.T.);
#8891 = VERTEX_POINT('',#8892);
#8892 = CARTESIAN_POINT('',(-9.4,-5.85,-10.1));
#8893 = LINE('',#8894,#8895);
#8894 = CARTESIAN_POINT('',(-9.4,5.85,-10.1));
#8895 = VECTOR('',#8896,1.);
#8896 = DIRECTION('',(0.,-1.,0.));
#8897 = ORIENTED_EDGE('',*,*,#8898,.F.);
#8898 = EDGE_CURVE('',#2891,#8891,#8899,.T.);
#8899 = LINE('',#8900,#8901);
#8900 = CARTESIAN_POINT('',(-9.4,-5.85,0.));
#8901 = VECTOR('',#8902,1.);
#8902 = DIRECTION('',(-0.,-0.,-1.));
#8903 = PLANE('',#8904);
#8904 = AXIS2_PLACEMENT_3D('',#8905,#8906,#8907);
#8905 = CARTESIAN_POINT('',(-9.4,5.85,0.));
#8906 = DIRECTION('',(-1.,0.,0.));
#8907 = DIRECTION('',(0.,-1.,0.));
#8908 = ADVANCED_FACE('',(#8909),#8927,.T.);
#8909 = FACE_BOUND('',#8910,.T.);
#8910 = EDGE_LOOP('',(#8911,#8912,#8913,#8921));
#8911 = ORIENTED_EDGE('',*,*,#2932,.F.);
#8912 = ORIENTED_EDGE('',*,*,#8898,.T.);
#8913 = ORIENTED_EDGE('',*,*,#8914,.T.);
#8914 = EDGE_CURVE('',#8891,#8915,#8917,.T.);
#8915 = VERTEX_POINT('',#8916);
#8916 = CARTESIAN_POINT('',(6.899999999996,-5.85,-10.1));
#8917 = LINE('',#8918,#8919);
#8918 = CARTESIAN_POINT('',(-9.4,-5.85,-10.1));
#8919 = VECTOR('',#8920,1.);
#8920 = DIRECTION('',(1.,0.,0.));
#8921 = ORIENTED_EDGE('',*,*,#8922,.F.);
#8922 = EDGE_CURVE('',#2924,#8915,#8923,.T.);
#8923 = LINE('',#8924,#8925);
#8924 = CARTESIAN_POINT('',(6.899999999996,-5.85,0.));
#8925 = VECTOR('',#8926,1.);
#8926 = DIRECTION('',(-0.,-0.,-1.));
#8927 = PLANE('',#8928);
#8928 = AXIS2_PLACEMENT_3D('',#8929,#8930,#8931);
#8929 = CARTESIAN_POINT('',(-9.4,-5.85,0.));
#8930 = DIRECTION('',(0.,-1.,0.));
#8931 = DIRECTION('',(1.,0.,0.));
#8932 = ADVANCED_FACE('',(#8933),#8952,.T.);
#8933 = FACE_BOUND('',#8934,.T.);
#8934 = EDGE_LOOP('',(#8935,#8936,#8937,#8946));
#8935 = ORIENTED_EDGE('',*,*,#2923,.F.);
#8936 = ORIENTED_EDGE('',*,*,#8922,.T.);
#8937 = ORIENTED_EDGE('',*,*,#8938,.T.);
#8938 = EDGE_CURVE('',#8915,#8939,#8941,.T.);
#8939 = VERTEX_POINT('',#8940);
#8940 = CARTESIAN_POINT('',(9.399999999998,-3.350000000002,-10.1));
#8941 = CIRCLE('',#8942,2.5);
#8942 = AXIS2_PLACEMENT_3D('',#8943,#8944,#8945);
#8943 = CARTESIAN_POINT('',(6.899999999996,-3.35,-10.1));
#8944 = DIRECTION('',(0.,0.,1.));
#8945 = DIRECTION('',(1.,0.,0.));
#8946 = ORIENTED_EDGE('',*,*,#8947,.F.);
#8947 = EDGE_CURVE('',#2916,#8939,#8948,.T.);
#8948 = LINE('',#8949,#8950);
#8949 = CARTESIAN_POINT('',(9.399999999998,-3.350000000002,0.));
#8950 = VECTOR('',#8951,1.);
#8951 = DIRECTION('',(-0.,-0.,-1.));
#8952 = CYLINDRICAL_SURFACE('',#8953,2.5);
#8953 = AXIS2_PLACEMENT_3D('',#8954,#8955,#8956);
#8954 = CARTESIAN_POINT('',(6.899999999996,-3.35,0.));
#8955 = DIRECTION('',(0.,0.,1.));
#8956 = DIRECTION('',(1.,0.,0.));
#8957 = ADVANCED_FACE('',(#8958),#8976,.T.);
#8958 = FACE_BOUND('',#8959,.T.);
#8959 = EDGE_LOOP('',(#8960,#8961,#8962,#8970));
#8960 = ORIENTED_EDGE('',*,*,#2915,.F.);
#8961 = ORIENTED_EDGE('',*,*,#8947,.T.);
#8962 = ORIENTED_EDGE('',*,*,#8963,.T.);
#8963 = EDGE_CURVE('',#8939,#8964,#8966,.T.);
#8964 = VERTEX_POINT('',#8965);
#8965 = CARTESIAN_POINT('',(9.4,3.35,-10.1));
#8966 = LINE('',#8967,#8968);
#8967 = CARTESIAN_POINT('',(9.4,-3.350000000002,-10.1));
#8968 = VECTOR('',#8969,1.);
#8969 = DIRECTION('',(0.,1.,0.));
#8970 = ORIENTED_EDGE('',*,*,#8971,.F.);
#8971 = EDGE_CURVE('',#2907,#8964,#8972,.T.);
#8972 = LINE('',#8973,#8974);
#8973 = CARTESIAN_POINT('',(9.4,3.35,0.));
#8974 = VECTOR('',#8975,1.);
#8975 = DIRECTION('',(-0.,-0.,-1.));
#8976 = PLANE('',#8977);
#8977 = AXIS2_PLACEMENT_3D('',#8978,#8979,#8980);
#8978 = CARTESIAN_POINT('',(9.4,-3.350000000002,0.));
#8979 = DIRECTION('',(1.,0.,0.));
#8980 = DIRECTION('',(0.,1.,0.));
#8981 = ADVANCED_FACE('',(#8982),#9001,.T.);
#8982 = FACE_BOUND('',#8983,.T.);
#8983 = EDGE_LOOP('',(#8984,#8985,#8986,#8995));
#8984 = ORIENTED_EDGE('',*,*,#2906,.F.);
#8985 = ORIENTED_EDGE('',*,*,#8971,.T.);
#8986 = ORIENTED_EDGE('',*,*,#8987,.T.);
#8987 = EDGE_CURVE('',#8964,#8988,#8990,.T.);
#8988 = VERTEX_POINT('',#8989);
#8989 = CARTESIAN_POINT('',(6.9,5.85,-10.1));
#8990 = CIRCLE('',#8991,2.5);
#8991 = AXIS2_PLACEMENT_3D('',#8992,#8993,#8994);
#8992 = CARTESIAN_POINT('',(6.9,3.35,-10.1));
#8993 = DIRECTION('',(0.,0.,1.));
#8994 = DIRECTION('',(1.,0.,0.));
#8995 = ORIENTED_EDGE('',*,*,#8996,.F.);
#8996 = EDGE_CURVE('',#2899,#8988,#8997,.T.);
#8997 = LINE('',#8998,#8999);
#8998 = CARTESIAN_POINT('',(6.9,5.85,0.));
#8999 = VECTOR('',#9000,1.);
#9000 = DIRECTION('',(-0.,-0.,-1.));
#9001 = CYLINDRICAL_SURFACE('',#9002,2.5);
#9002 = AXIS2_PLACEMENT_3D('',#9003,#9004,#9005);
#9003 = CARTESIAN_POINT('',(6.9,3.35,0.));
#9004 = DIRECTION('',(0.,0.,1.));
#9005 = DIRECTION('',(1.,0.,0.));
#9006 = ADVANCED_FACE('',(#9007),#9018,.T.);
#9007 = FACE_BOUND('',#9008,.T.);
#9008 = EDGE_LOOP('',(#9009,#9010,#9011,#9017));
#9009 = ORIENTED_EDGE('',*,*,#2898,.F.);
#9010 = ORIENTED_EDGE('',*,*,#8996,.T.);
#9011 = ORIENTED_EDGE('',*,*,#9012,.T.);
#9012 = EDGE_CURVE('',#8988,#8883,#9013,.T.);
#9013 = LINE('',#9014,#9015);
#9014 = CARTESIAN_POINT('',(6.9,5.85,-10.1));
#9015 = VECTOR('',#9016,1.);
#9016 = DIRECTION('',(-1.,0.,0.));
#9017 = ORIENTED_EDGE('',*,*,#8882,.F.);
#9018 = PLANE('',#9019);
#9019 = AXIS2_PLACEMENT_3D('',#9020,#9021,#9022);
#9020 = CARTESIAN_POINT('',(6.9,5.85,0.));
#9021 = DIRECTION('',(0.,1.,0.));
#9022 = DIRECTION('',(-1.,0.,0.));
#9023 = ADVANCED_FACE('',(#9024),#9035,.F.);
#9024 = FACE_BOUND('',#9025,.T.);
#9025 = EDGE_LOOP('',(#9026,#9032,#9033,#9034));
#9026 = ORIENTED_EDGE('',*,*,#9027,.F.);
#9027 = EDGE_CURVE('',#5521,#2941,#9028,.T.);
#9028 = LINE('',#9029,#9030);
#9029 = CARTESIAN_POINT('',(14.25,0.,-2.));
#9030 = VECTOR('',#9031,1.);
#9031 = DIRECTION('',(-6.757879280327E-17,0.,-1.));
#9032 = ORIENTED_EDGE('',*,*,#5528,.T.);
#9033 = ORIENTED_EDGE('',*,*,#9027,.T.);
#9034 = ORIENTED_EDGE('',*,*,#2940,.T.);
#9035 = CYLINDRICAL_SURFACE('',#9036,1.5);
#9036 = AXIS2_PLACEMENT_3D('',#9037,#9038,#9039);
#9037 = CARTESIAN_POINT('',(12.75,0.,-2.));
#9038 = DIRECTION('',(-0.,-0.,-1.));
#9039 = DIRECTION('',(1.,0.,0.));
#9040 = ADVANCED_FACE('',(#9041),#9059,.T.);
#9041 = FACE_BOUND('',#9042,.T.);
#9042 = EDGE_LOOP('',(#9043,#9044,#9045,#9046,#9047,#9048,#9049,#9050,
    #9051,#9052,#9053,#9054,#9055,#9056,#9057,#9058));
#9043 = ORIENTED_EDGE('',*,*,#3309,.F.);
#9044 = ORIENTED_EDGE('',*,*,#3340,.F.);
#9045 = ORIENTED_EDGE('',*,*,#3364,.F.);
#9046 = ORIENTED_EDGE('',*,*,#3388,.F.);
#9047 = ORIENTED_EDGE('',*,*,#3414,.F.);
#9048 = ORIENTED_EDGE('',*,*,#3440,.F.);
#9049 = ORIENTED_EDGE('',*,*,#3464,.F.);
#9050 = ORIENTED_EDGE('',*,*,#3488,.F.);
#9051 = ORIENTED_EDGE('',*,*,#3512,.F.);
#9052 = ORIENTED_EDGE('',*,*,#3536,.F.);
#9053 = ORIENTED_EDGE('',*,*,#3560,.F.);
#9054 = ORIENTED_EDGE('',*,*,#3584,.F.);
#9055 = ORIENTED_EDGE('',*,*,#3610,.F.);
#9056 = ORIENTED_EDGE('',*,*,#3636,.F.);
#9057 = ORIENTED_EDGE('',*,*,#3660,.F.);
#9058 = ORIENTED_EDGE('',*,*,#3684,.F.);
#9059 = PLANE('',#9060);
#9060 = AXIS2_PLACEMENT_3D('',#9061,#9062,#9063);
#9061 = CARTESIAN_POINT('',(-4.36813190689,-6.106837702124,-0.2));
#9062 = DIRECTION('',(0.,0.,1.));
#9063 = DIRECTION('',(1.,0.,0.));
#9064 = ADVANCED_FACE('',(#9065),#9075,.T.);
#9065 = FACE_BOUND('',#9066,.T.);
#9066 = EDGE_LOOP('',(#9067,#9068,#9069,#9070,#9071,#9072,#9073,#9074));
#9067 = ORIENTED_EDGE('',*,*,#3701,.F.);
#9068 = ORIENTED_EDGE('',*,*,#3732,.F.);
#9069 = ORIENTED_EDGE('',*,*,#3756,.F.);
#9070 = ORIENTED_EDGE('',*,*,#3780,.F.);
#9071 = ORIENTED_EDGE('',*,*,#3804,.F.);
#9072 = ORIENTED_EDGE('',*,*,#3828,.F.);
#9073 = ORIENTED_EDGE('',*,*,#3852,.F.);
#9074 = ORIENTED_EDGE('',*,*,#3876,.F.);
#9075 = PLANE('',#9076);
#9076 = AXIS2_PLACEMENT_3D('',#9077,#9078,#9079);
#9077 = CARTESIAN_POINT('',(-2.765830577485,-5.806992794978,-0.2));
#9078 = DIRECTION('',(0.,0.,1.));
#9079 = DIRECTION('',(1.,0.,0.));
#9080 = ADVANCED_FACE('',(#9081,#9102),#9176,.T.);
#9081 = FACE_BOUND('',#9082,.T.);
#9082 = EDGE_LOOP('',(#9083,#9084,#9085,#9086,#9087,#9088,#9089,#9090,
    #9091,#9092,#9093,#9094,#9095,#9096,#9097,#9098,#9099,#9100,#9101));
#9083 = ORIENTED_EDGE('',*,*,#3893,.F.);
#9084 = ORIENTED_EDGE('',*,*,#3924,.F.);
#9085 = ORIENTED_EDGE('',*,*,#3950,.F.);
#9086 = ORIENTED_EDGE('',*,*,#3976,.F.);
#9087 = ORIENTED_EDGE('',*,*,#4002,.F.);
#9088 = ORIENTED_EDGE('',*,*,#4028,.F.);
#9089 = ORIENTED_EDGE('',*,*,#4054,.F.);
#9090 = ORIENTED_EDGE('',*,*,#4080,.F.);
#9091 = ORIENTED_EDGE('',*,*,#4106,.F.);
#9092 = ORIENTED_EDGE('',*,*,#4132,.F.);
#9093 = ORIENTED_EDGE('',*,*,#4158,.F.);
#9094 = ORIENTED_EDGE('',*,*,#4184,.F.);
#9095 = ORIENTED_EDGE('',*,*,#4210,.F.);
#9096 = ORIENTED_EDGE('',*,*,#4236,.F.);
#9097 = ORIENTED_EDGE('',*,*,#4262,.F.);
#9098 = ORIENTED_EDGE('',*,*,#4288,.F.);
#9099 = ORIENTED_EDGE('',*,*,#4314,.F.);
#9100 = ORIENTED_EDGE('',*,*,#4340,.F.);
#9101 = ORIENTED_EDGE('',*,*,#4366,.F.);
#9102 = FACE_BOUND('',#9103,.T.);
#9103 = EDGE_LOOP('',(#9104,#9114,#9122,#9130,#9138,#9146,#9154,#9162,
    #9170));
#9104 = ORIENTED_EDGE('',*,*,#9105,.F.);
#9105 = EDGE_CURVE('',#9106,#9108,#9110,.T.);
#9106 = VERTEX_POINT('',#9107);
#9107 = CARTESIAN_POINT('',(-1.655187036628,-6.413299418605,-0.2));
#9108 = VERTEX_POINT('',#9109);
#9109 = CARTESIAN_POINT('',(-1.606785873837,-6.63265806686,-0.2));
#9110 = B_SPLINE_CURVE_WITH_KNOTS('',2,(#9111,#9112,#9113),
  .UNSPECIFIED.,.F.,.F.,(3,3),(0.,1.),.PIECEWISE_BEZIER_KNOTS.);
#9111 = CARTESIAN_POINT('',(-1.655187036628,-6.413299418605,-0.2));
#9112 = CARTESIAN_POINT('',(-1.655187036628,-6.527925145349,-0.2));
#9113 = CARTESIAN_POINT('',(-1.606785873837,-6.63265806686,-0.2));
#9114 = ORIENTED_EDGE('',*,*,#9115,.F.);
#9115 = EDGE_CURVE('',#9116,#9106,#9118,.T.);
#9116 = VERTEX_POINT('',#9117);
#9117 = CARTESIAN_POINT('',(-1.550944667442,-6.130659520349,-0.2));
#9118 = B_SPLINE_CURVE_WITH_KNOTS('',2,(#9119,#9120,#9121),
  .UNSPECIFIED.,.F.,.F.,(3,3),(0.,1.),.PIECEWISE_BEZIER_KNOTS.);
#9119 = CARTESIAN_POINT('',(-1.550944667442,-6.130659520349,-0.2));
#9120 = CARTESIAN_POINT('',(-1.655187036628,-6.238417514535,-0.2));
#9121 = CARTESIAN_POINT('',(-1.655187036628,-6.413299418605,-0.2));
#9122 = ORIENTED_EDGE('',*,*,#9123,.F.);
#9123 = EDGE_CURVE('',#9124,#9116,#9126,.T.);
#9124 = VERTEX_POINT('',#9125);
#9125 = CARTESIAN_POINT('',(-1.297083838953,-6.022819767442,-0.2));
#9126 = B_SPLINE_CURVE_WITH_KNOTS('',2,(#9127,#9128,#9129),
  .UNSPECIFIED.,.F.,.F.,(3,3),(0.,1.),.PIECEWISE_BEZIER_KNOTS.);
#9127 = CARTESIAN_POINT('',(-1.297083838953,-6.022819767442,-0.2));
#9128 = CARTESIAN_POINT('',(-1.446702298256,-6.022819767442,-0.2));
#9129 = CARTESIAN_POINT('',(-1.550944667442,-6.130659520349,-0.2));
#9130 = ORIENTED_EDGE('',*,*,#9131,.F.);
#9131 = EDGE_CURVE('',#9132,#9124,#9134,.T.);
#9132 = VERTEX_POINT('',#9133);
#9133 = CARTESIAN_POINT('',(-1.046902152907,-6.130659520349,-0.2));
#9134 = B_SPLINE_CURVE_WITH_KNOTS('',2,(#9135,#9136,#9137),
  .UNSPECIFIED.,.F.,.F.,(3,3),(0.,1.),.PIECEWISE_BEZIER_KNOTS.);
#9135 = CARTESIAN_POINT('',(-1.046902152907,-6.130659520349,-0.2));
#9136 = CARTESIAN_POINT('',(-1.146238998837,-6.022819767442,-0.2));
#9137 = CARTESIAN_POINT('',(-1.297083838953,-6.022819767442,-0.2));
#9138 = ORIENTED_EDGE('',*,*,#9139,.F.);
#9139 = EDGE_CURVE('',#9140,#9132,#9142,.T.);
#9140 = VERTEX_POINT('',#9141);
#9141 = CARTESIAN_POINT('',(-0.947565306977,-6.425644985465,-0.2));
#9142 = B_SPLINE_CURVE_WITH_KNOTS('',2,(#9143,#9144,#9145),
  .UNSPECIFIED.,.F.,.F.,(3,3),(0.,1.),.PIECEWISE_BEZIER_KNOTS.);
#9143 = CARTESIAN_POINT('',(-0.947565306977,-6.425644985465,-0.2));
#9144 = CARTESIAN_POINT('',(-0.947565306977,-6.238417514535,-0.2));
#9145 = CARTESIAN_POINT('',(-1.046902152907,-6.130659520349,-0.2));
#9146 = ORIENTED_EDGE('',*,*,#9147,.F.);
#9147 = EDGE_CURVE('',#9148,#9140,#9150,.T.);
#9148 = VERTEX_POINT('',#9149);
#9149 = CARTESIAN_POINT('',(-1.048128533721,-6.733630087209,-0.2));
#9150 = B_SPLINE_CURVE_WITH_KNOTS('',2,(#9151,#9152,#9153),
  .UNSPECIFIED.,.F.,.F.,(3,3),(0.,1.),.PIECEWISE_BEZIER_KNOTS.);
#9151 = CARTESIAN_POINT('',(-1.048128533721,-6.733630087209,-0.2));
#9152 = CARTESIAN_POINT('',(-0.947565306977,-6.6203125,-0.2));
#9153 = CARTESIAN_POINT('',(-0.947565306977,-6.425644985465,-0.2));
#9154 = ORIENTED_EDGE('',*,*,#9155,.F.);
#9155 = EDGE_CURVE('',#9156,#9148,#9158,.T.);
#9156 = VERTEX_POINT('',#9157);
#9157 = CARTESIAN_POINT('',(-1.288499173256,-6.846947674419,-0.2));
#9158 = B_SPLINE_CURVE_WITH_KNOTS('',2,(#9159,#9160,#9161),
  .UNSPECIFIED.,.F.,.F.,(3,3),(0.,1.),.PIECEWISE_BEZIER_KNOTS.);
#9159 = CARTESIAN_POINT('',(-1.288499173256,-6.846947674419,-0.2));
#9160 = CARTESIAN_POINT('',(-1.148691760465,-6.846947674419,-0.2));
#9161 = CARTESIAN_POINT('',(-1.048128533721,-6.733630087209,-0.2));
#9162 = ORIENTED_EDGE('',*,*,#9163,.F.);
#9163 = EDGE_CURVE('',#9164,#9156,#9166,.T.);
#9164 = VERTEX_POINT('',#9165);
#9165 = CARTESIAN_POINT('',(-1.471229914535,-6.792169331395,-0.2));
#9166 = B_SPLINE_CURVE_WITH_KNOTS('',2,(#9167,#9168,#9169),
  .UNSPECIFIED.,.F.,.F.,(3,3),(0.,1.),.PIECEWISE_BEZIER_KNOTS.);
#9167 = CARTESIAN_POINT('',(-1.471229914535,-6.792169331395,-0.2));
#9168 = CARTESIAN_POINT('',(-1.384156876744,-6.846947674419,-0.2));
#9169 = CARTESIAN_POINT('',(-1.288499173256,-6.846947674419,-0.2));
#9170 = ORIENTED_EDGE('',*,*,#9171,.F.);
#9171 = EDGE_CURVE('',#9108,#9164,#9172,.T.);
#9172 = B_SPLINE_CURVE_WITH_KNOTS('',2,(#9173,#9174,#9175),
  .UNSPECIFIED.,.F.,.F.,(3,3),(0.,1.),.PIECEWISE_BEZIER_KNOTS.);
#9173 = CARTESIAN_POINT('',(-1.606785873837,-6.63265806686,-0.2));
#9174 = CARTESIAN_POINT('',(-1.558302952326,-6.737309229651,-0.2));
#9175 = CARTESIAN_POINT('',(-1.471229914535,-6.792169331395,-0.2));
#9176 = PLANE('',#9177);
#9177 = AXIS2_PLACEMENT_3D('',#9178,#9179,#9180);
#9178 = CARTESIAN_POINT('',(-1.323479225616,-6.100251321695,-0.2));
#9179 = DIRECTION('',(0.,0.,1.));
#9180 = DIRECTION('',(1.,0.,0.));
#9181 = ADVANCED_FACE('',(#9182),#9188,.T.);
#9182 = FACE_BOUND('',#9183,.T.);
#9183 = EDGE_LOOP('',(#9184,#9185,#9186,#9187));
#9184 = ORIENTED_EDGE('',*,*,#4437,.F.);
#9185 = ORIENTED_EDGE('',*,*,#4468,.F.);
#9186 = ORIENTED_EDGE('',*,*,#4492,.F.);
#9187 = ORIENTED_EDGE('',*,*,#4516,.F.);
#9188 = PLANE('',#9189);
#9189 = AXIS2_PLACEMENT_3D('',#9190,#9191,#9192);
#9190 = CARTESIAN_POINT('',(2.883934511337,-6.345930232558,-0.2));
#9191 = DIRECTION('',(0.,0.,1.));
#9192 = DIRECTION('',(1.,0.,0.));
#9193 = ADVANCED_FACE('',(#9194,#9208),#9274,.T.);
#9194 = FACE_BOUND('',#9195,.T.);
#9195 = EDGE_LOOP('',(#9196,#9197,#9198,#9199,#9200,#9201,#9202,#9203,
    #9204,#9205,#9206,#9207));
#9196 = ORIENTED_EDGE('',*,*,#4533,.F.);
#9197 = ORIENTED_EDGE('',*,*,#4566,.F.);
#9198 = ORIENTED_EDGE('',*,*,#4592,.F.);
#9199 = ORIENTED_EDGE('',*,*,#4618,.F.);
#9200 = ORIENTED_EDGE('',*,*,#4644,.F.);
#9201 = ORIENTED_EDGE('',*,*,#4670,.F.);
#9202 = ORIENTED_EDGE('',*,*,#4696,.F.);
#9203 = ORIENTED_EDGE('',*,*,#4722,.F.);
#9204 = ORIENTED_EDGE('',*,*,#4748,.F.);
#9205 = ORIENTED_EDGE('',*,*,#4774,.F.);
#9206 = ORIENTED_EDGE('',*,*,#4800,.F.);
#9207 = ORIENTED_EDGE('',*,*,#4826,.F.);
#9208 = FACE_BOUND('',#9209,.T.);
#9209 = EDGE_LOOP('',(#9210,#9220,#9228,#9236,#9244,#9252,#9260,#9268));
#9210 = ORIENTED_EDGE('',*,*,#9211,.F.);
#9211 = EDGE_CURVE('',#9212,#9214,#9216,.T.);
#9212 = VERTEX_POINT('',#9213);
#9213 = CARTESIAN_POINT('',(-0.275263344767,-6.110465116279,-0.2));
#9214 = VERTEX_POINT('',#9215);
#9215 = CARTESIAN_POINT('',(-0.171675045349,-6.70027252907,-0.2));
#9216 = B_SPLINE_CURVE_WITH_KNOTS('',2,(#9217,#9218,#9219),
  .UNSPECIFIED.,.F.,.F.,(3,3),(0.,1.),.PIECEWISE_BEZIER_KNOTS.);
#9217 = CARTESIAN_POINT('',(-0.275263344767,-6.110465116279,-0.2));
#9218 = CARTESIAN_POINT('',(-0.275263344767,-6.553597383721,-0.2));
#9219 = CARTESIAN_POINT('',(-0.171675045349,-6.70027252907,-0.2));
#9220 = ORIENTED_EDGE('',*,*,#9221,.F.);
#9221 = EDGE_CURVE('',#9222,#9212,#9224,.T.);
#9222 = VERTEX_POINT('',#9223);
#9223 = CARTESIAN_POINT('',(-0.16120992907,-5.502834302326,-0.2));
#9224 = B_SPLINE_CURVE_WITH_KNOTS('',2,(#9225,#9226,#9227),
  .UNSPECIFIED.,.F.,.F.,(3,3),(0.,1.),.PIECEWISE_BEZIER_KNOTS.);
#9225 = CARTESIAN_POINT('',(-0.16120992907,-5.502834302326,-0.2));
#9226 = CARTESIAN_POINT('',(-0.275263344767,-5.667332848837,-0.2));
#9227 = CARTESIAN_POINT('',(-0.275263344767,-6.110465116279,-0.2));
#9228 = ORIENTED_EDGE('',*,*,#9229,.F.);
#9229 = EDGE_CURVE('',#9230,#9222,#9232,.T.);
#9230 = VERTEX_POINT('',#9231);
#9231 = CARTESIAN_POINT('',(8.161347209302E-02,-5.37398255814,-0.2));
#9232 = B_SPLINE_CURVE_WITH_KNOTS('',2,(#9233,#9234,#9235),
  .UNSPECIFIED.,.F.,.F.,(3,3),(0.,1.),.PIECEWISE_BEZIER_KNOTS.);
#9233 = CARTESIAN_POINT('',(8.161347209302E-02,-5.37398255814,-0.2));
#9234 = CARTESIAN_POINT('',(-7.045774883721E-02,-5.37398255814,-0.2));
#9235 = CARTESIAN_POINT('',(-0.16120992907,-5.502834302326,-0.2));
#9236 = ORIENTED_EDGE('',*,*,#9237,.F.);
#9237 = EDGE_CURVE('',#9238,#9230,#9240,.T.);
#9238 = VERTEX_POINT('',#9239);
#9239 = CARTESIAN_POINT('',(0.33972575407,-5.520085392442,-0.2));
#9240 = B_SPLINE_CURVE_WITH_KNOTS('',2,(#9241,#9242,#9243),
  .UNSPECIFIED.,.F.,.F.,(3,3),(0.,1.),.PIECEWISE_BEZIER_KNOTS.);
#9241 = CARTESIAN_POINT('',(0.33972575407,-5.520085392442,-0.2));
#9242 = CARTESIAN_POINT('',(0.236137454651,-5.37398255814,-0.2));
#9243 = CARTESIAN_POINT('',(8.161347209302E-02,-5.37398255814,-0.2));
#9244 = ORIENTED_EDGE('',*,*,#9245,.F.);
#9245 = EDGE_CURVE('',#9246,#9238,#9248,.T.);
#9246 = VERTEX_POINT('',#9247);
#9247 = CARTESIAN_POINT('',(0.443395812209,-6.110465116279,-0.2));
#9248 = B_SPLINE_CURVE_WITH_KNOTS('',2,(#9249,#9250,#9251),
  .UNSPECIFIED.,.F.,.F.,(3,3),(0.,1.),.PIECEWISE_BEZIER_KNOTS.);
#9249 = CARTESIAN_POINT('',(0.443395812209,-6.110465116279,-0.2));
#9250 = CARTESIAN_POINT('',(0.443395812209,-5.666106468023,-0.2));
#9251 = CARTESIAN_POINT('',(0.33972575407,-5.520085392442,-0.2));
#9252 = ORIENTED_EDGE('',*,*,#9253,.F.);
#9253 = EDGE_CURVE('',#9254,#9246,#9256,.T.);
#9254 = VERTEX_POINT('',#9255);
#9255 = CARTESIAN_POINT('',(0.33972575407,-6.699700218023,-0.2));
#9256 = B_SPLINE_CURVE_WITH_KNOTS('',2,(#9257,#9258,#9259),
  .UNSPECIFIED.,.F.,.F.,(3,3),(0.,1.),.PIECEWISE_BEZIER_KNOTS.);
#9257 = CARTESIAN_POINT('',(0.33972575407,-6.699700218023,-0.2));
#9258 = CARTESIAN_POINT('',(0.443395812209,-6.552371002907,-0.2));
#9259 = CARTESIAN_POINT('',(0.443395812209,-6.110465116279,-0.2));
#9260 = ORIENTED_EDGE('',*,*,#9261,.F.);
#9261 = EDGE_CURVE('',#9262,#9254,#9264,.T.);
#9262 = VERTEX_POINT('',#9263);
#9263 = CARTESIAN_POINT('',(8.406623372093E-02,-6.846947674419,-0.2));
#9264 = B_SPLINE_CURVE_WITH_KNOTS('',2,(#9265,#9266,#9267),
  .UNSPECIFIED.,.F.,.F.,(3,3),(0.,1.),.PIECEWISE_BEZIER_KNOTS.);
#9265 = CARTESIAN_POINT('',(8.406623372093E-02,-6.846947674419,-0.2));
#9266 = CARTESIAN_POINT('',(0.236137454651,-6.846947674419,-0.2));
#9267 = CARTESIAN_POINT('',(0.33972575407,-6.699700218023,-0.2));
#9268 = ORIENTED_EDGE('',*,*,#9269,.F.);
#9269 = EDGE_CURVE('',#9214,#9262,#9270,.T.);
#9270 = B_SPLINE_CURVE_WITH_KNOTS('',2,(#9271,#9272,#9273),
  .UNSPECIFIED.,.F.,.F.,(3,3),(0.,1.),.PIECEWISE_BEZIER_KNOTS.);
#9271 = CARTESIAN_POINT('',(-0.171675045349,-6.70027252907,-0.2));
#9272 = CARTESIAN_POINT('',(-6.80049872093E-02,-6.846947674419,-0.2));
#9273 = CARTESIAN_POINT('',(8.406623372093E-02,-6.846947674419,-0.2));
#9274 = PLANE('',#9275);
#9275 = AXIS2_PLACEMENT_3D('',#9276,#9277,#9278);
#9276 = CARTESIAN_POINT('',(8.505862490453E-02,-6.109510101708,-0.2));
#9277 = DIRECTION('',(0.,0.,1.));
#9278 = DIRECTION('',(1.,0.,0.));
#9279 = ADVANCED_FACE('',(#9280),#9294,.T.);
#9280 = FACE_BOUND('',#9281,.T.);
#9281 = EDGE_LOOP('',(#9282,#9283,#9284,#9285,#9286,#9287,#9288,#9289,
    #9290,#9291,#9292,#9293));
#9282 = ORIENTED_EDGE('',*,*,#4845,.F.);
#9283 = ORIENTED_EDGE('',*,*,#4876,.F.);
#9284 = ORIENTED_EDGE('',*,*,#4900,.F.);
#9285 = ORIENTED_EDGE('',*,*,#4924,.F.);
#9286 = ORIENTED_EDGE('',*,*,#4948,.F.);
#9287 = ORIENTED_EDGE('',*,*,#4972,.F.);
#9288 = ORIENTED_EDGE('',*,*,#4996,.F.);
#9289 = ORIENTED_EDGE('',*,*,#5020,.F.);
#9290 = ORIENTED_EDGE('',*,*,#5044,.F.);
#9291 = ORIENTED_EDGE('',*,*,#5068,.F.);
#9292 = ORIENTED_EDGE('',*,*,#5092,.F.);
#9293 = ORIENTED_EDGE('',*,*,#5116,.F.);
#9294 = PLANE('',#9295);
#9295 = AXIS2_PLACEMENT_3D('',#9296,#9297,#9298);
#9296 = CARTESIAN_POINT('',(1.564706003881,-6.100252910543,-0.2));
#9297 = DIRECTION('',(0.,0.,1.));
#9298 = DIRECTION('',(1.,0.,0.));
#9299 = ADVANCED_FACE('',(#9300),#9312,.T.);
#9300 = FACE_BOUND('',#9301,.T.);
#9301 = EDGE_LOOP('',(#9302,#9303,#9304,#9305,#9306,#9307,#9308,#9309,
    #9310,#9311));
#9302 = ORIENTED_EDGE('',*,*,#5133,.F.);
#9303 = ORIENTED_EDGE('',*,*,#5164,.F.);
#9304 = ORIENTED_EDGE('',*,*,#5188,.F.);
#9305 = ORIENTED_EDGE('',*,*,#5212,.F.);
#9306 = ORIENTED_EDGE('',*,*,#5236,.F.);
#9307 = ORIENTED_EDGE('',*,*,#5260,.F.);
#9308 = ORIENTED_EDGE('',*,*,#5284,.F.);
#9309 = ORIENTED_EDGE('',*,*,#5308,.F.);
#9310 = ORIENTED_EDGE('',*,*,#5332,.F.);
#9311 = ORIENTED_EDGE('',*,*,#5356,.F.);
#9312 = PLANE('',#9313);
#9313 = AXIS2_PLACEMENT_3D('',#9314,#9315,#9316);
#9314 = CARTESIAN_POINT('',(3.948003257361,-5.892900623991,-0.2));
#9315 = DIRECTION('',(0.,0.,1.));
#9316 = DIRECTION('',(1.,0.,0.));
#9317 = ADVANCED_FACE('',(#9318,#9326),#9393,.T.);
#9318 = FACE_BOUND('',#9319,.T.);
#9319 = EDGE_LOOP('',(#9320,#9321,#9322,#9323,#9324,#9325));
#9320 = ORIENTED_EDGE('',*,*,#5381,.T.);
#9321 = ORIENTED_EDGE('',*,*,#5437,.F.);
#9322 = ORIENTED_EDGE('',*,*,#5479,.T.);
#9323 = ORIENTED_EDGE('',*,*,#5503,.T.);
#9324 = ORIENTED_EDGE('',*,*,#5461,.T.);
#9325 = ORIENTED_EDGE('',*,*,#5406,.F.);
#9326 = FACE_BOUND('',#9327,.T.);
#9327 = EDGE_LOOP('',(#9328,#9338,#9346,#9354,#9362,#9370,#9379,#9387));
#9328 = ORIENTED_EDGE('',*,*,#9329,.T.);
#9329 = EDGE_CURVE('',#9330,#9332,#9334,.T.);
#9330 = VERTEX_POINT('',#9331);
#9331 = CARTESIAN_POINT('',(-6.7,3.,-9.1));
#9332 = VERTEX_POINT('',#9333);
#9333 = CARTESIAN_POINT('',(-1.,3.,-9.1));
#9334 = LINE('',#9335,#9336);
#9335 = CARTESIAN_POINT('',(-6.7,3.,-9.1));
#9336 = VECTOR('',#9337,1.);
#9337 = DIRECTION('',(1.,0.,0.));
#9338 = ORIENTED_EDGE('',*,*,#9339,.T.);
#9339 = EDGE_CURVE('',#9332,#9340,#9342,.T.);
#9340 = VERTEX_POINT('',#9341);
#9341 = CARTESIAN_POINT('',(-1.,1.8,-9.1));
#9342 = LINE('',#9343,#9344);
#9343 = CARTESIAN_POINT('',(-1.,3.,-9.1));
#9344 = VECTOR('',#9345,1.);
#9345 = DIRECTION('',(0.,-1.,0.));
#9346 = ORIENTED_EDGE('',*,*,#9347,.T.);
#9347 = EDGE_CURVE('',#9340,#9348,#9350,.T.);
#9348 = VERTEX_POINT('',#9349);
#9349 = CARTESIAN_POINT('',(1.,1.8,-9.1));
#9350 = LINE('',#9351,#9352);
#9351 = CARTESIAN_POINT('',(-1.,1.8,-9.1));
#9352 = VECTOR('',#9353,1.);
#9353 = DIRECTION('',(1.,0.,0.));
#9354 = ORIENTED_EDGE('',*,*,#9355,.T.);
#9355 = EDGE_CURVE('',#9348,#9356,#9358,.T.);
#9356 = VERTEX_POINT('',#9357);
#9357 = CARTESIAN_POINT('',(1.,3.,-9.1));
#9358 = LINE('',#9359,#9360);
#9359 = CARTESIAN_POINT('',(1.,1.8,-9.1));
#9360 = VECTOR('',#9361,1.);
#9361 = DIRECTION('',(0.,1.,0.));
#9362 = ORIENTED_EDGE('',*,*,#9363,.T.);
#9363 = EDGE_CURVE('',#9356,#9364,#9366,.T.);
#9364 = VERTEX_POINT('',#9365);
#9365 = CARTESIAN_POINT('',(3.6,3.,-9.1));
#9366 = LINE('',#9367,#9368);
#9367 = CARTESIAN_POINT('',(1.,3.,-9.1));
#9368 = VECTOR('',#9369,1.);
#9369 = DIRECTION('',(1.,0.,0.));
#9370 = ORIENTED_EDGE('',*,*,#9371,.F.);
#9371 = EDGE_CURVE('',#9372,#9364,#9374,.T.);
#9372 = VERTEX_POINT('',#9373);
#9373 = CARTESIAN_POINT('',(3.600000030605,-3.,-9.1));
#9374 = CIRCLE('',#9375,3.);
#9375 = AXIS2_PLACEMENT_3D('',#9376,#9377,#9378);
#9376 = CARTESIAN_POINT('',(3.6,-8.894960955187E-48,-9.1));
#9377 = DIRECTION('',(0.,0.,1.));
#9378 = DIRECTION('',(1.,0.,0.));
#9379 = ORIENTED_EDGE('',*,*,#9380,.F.);
#9380 = EDGE_CURVE('',#9381,#9372,#9383,.T.);
#9381 = VERTEX_POINT('',#9382);
#9382 = CARTESIAN_POINT('',(-6.7,-3.,-9.1));
#9383 = LINE('',#9384,#9385);
#9384 = CARTESIAN_POINT('',(-6.7,-3.,-9.1));
#9385 = VECTOR('',#9386,1.);
#9386 = DIRECTION('',(1.,0.,0.));
#9387 = ORIENTED_EDGE('',*,*,#9388,.F.);
#9388 = EDGE_CURVE('',#9330,#9381,#9389,.T.);
#9389 = LINE('',#9390,#9391);
#9390 = CARTESIAN_POINT('',(-6.7,3.,-9.1));
#9391 = VECTOR('',#9392,1.);
#9392 = DIRECTION('',(0.,-1.,0.));
#9393 = PLANE('',#9394);
#9394 = AXIS2_PLACEMENT_3D('',#9395,#9396,#9397);
#9395 = CARTESIAN_POINT('',(-0.507415346687,3.954589464795E-02,-9.1));
#9396 = DIRECTION('',(0.,0.,1.));
#9397 = DIRECTION('',(1.,0.,0.));
#9398 = ADVANCED_FACE('',(#9399,#9409),#9451,.T.);
#9399 = FACE_BOUND('',#9400,.T.);
#9400 = EDGE_LOOP('',(#9401,#9402,#9403,#9404,#9405,#9406,#9407,#9408));
#9401 = ORIENTED_EDGE('',*,*,#5562,.F.);
#9402 = ORIENTED_EDGE('',*,*,#5593,.F.);
#9403 = ORIENTED_EDGE('',*,*,#5617,.F.);
#9404 = ORIENTED_EDGE('',*,*,#5641,.F.);
#9405 = ORIENTED_EDGE('',*,*,#5665,.F.);
#9406 = ORIENTED_EDGE('',*,*,#5689,.F.);
#9407 = ORIENTED_EDGE('',*,*,#5713,.F.);
#9408 = ORIENTED_EDGE('',*,*,#5737,.F.);
#9409 = FACE_BOUND('',#9410,.T.);
#9410 = EDGE_LOOP('',(#9411,#9421,#9429,#9437,#9445));
#9411 = ORIENTED_EDGE('',*,*,#9412,.F.);
#9412 = EDGE_CURVE('',#9413,#9415,#9417,.T.);
#9413 = VERTEX_POINT('',#9414);
#9414 = CARTESIAN_POINT('',(-3.431240815698,6.137790697674,-0.2));
#9415 = VERTEX_POINT('',#9416);
#9416 = CARTESIAN_POINT('',(-2.821729551163,6.137790697674,-0.2));
#9417 = LINE('',#9418,#9419);
#9418 = CARTESIAN_POINT('',(-3.431240815698,6.137790697674,-0.2));
#9419 = VECTOR('',#9420,1.);
#9420 = DIRECTION('',(1.,0.,0.));
#9421 = ORIENTED_EDGE('',*,*,#9422,.F.);
#9422 = EDGE_CURVE('',#9423,#9413,#9425,.T.);
#9423 = VERTEX_POINT('',#9424);
#9424 = CARTESIAN_POINT('',(-3.233793504651,6.666687863372,-0.2));
#9425 = LINE('',#9426,#9427);
#9426 = CARTESIAN_POINT('',(-3.233793504651,6.666687863372,-0.2));
#9427 = VECTOR('',#9428,1.);
#9428 = DIRECTION('',(-0.349742302319,-0.936845943562,0.));
#9429 = ORIENTED_EDGE('',*,*,#9430,.F.);
#9430 = EDGE_CURVE('',#9431,#9423,#9433,.T.);
#9431 = VERTEX_POINT('',#9432);
#9432 = CARTESIAN_POINT('',(-3.136909420349,7.011137354651,-0.2));
#9433 = B_SPLINE_CURVE_WITH_KNOTS('',2,(#9434,#9435,#9436),
  .UNSPECIFIED.,.F.,.F.,(3,3),(0.,1.),.PIECEWISE_BEZIER_KNOTS.);
#9434 = CARTESIAN_POINT('',(-3.136909420349,7.011137354651,-0.2));
#9435 = CARTESIAN_POINT('',(-3.17124808314,6.837727107558,-0.2));
#9436 = CARTESIAN_POINT('',(-3.233793504651,6.666687863372,-0.2));
#9437 = ORIENTED_EDGE('',*,*,#9438,.F.);
#9438 = EDGE_CURVE('',#9439,#9431,#9441,.T.);
#9439 = VERTEX_POINT('',#9440);
#9440 = CARTESIAN_POINT('',(-3.009365815698,6.637172965116,-0.2));
#9441 = B_SPLINE_CURVE_WITH_KNOTS('',2,(#9442,#9443,#9444),
  .UNSPECIFIED.,.F.,.F.,(3,3),(0.,1.),.PIECEWISE_BEZIER_KNOTS.);
#9442 = CARTESIAN_POINT('',(-3.009365815698,6.637172965116,-0.2));
#9443 = CARTESIAN_POINT('',(-3.095212472674,6.864789244186,-0.2));
#9444 = CARTESIAN_POINT('',(-3.136909420349,7.011137354651,-0.2));
#9445 = ORIENTED_EDGE('',*,*,#9446,.F.);
#9446 = EDGE_CURVE('',#9415,#9439,#9447,.T.);
#9447 = LINE('',#9448,#9449);
#9448 = CARTESIAN_POINT('',(-2.821729551163,6.137790697674,-0.2));
#9449 = VECTOR('',#9450,1.);
#9450 = DIRECTION('',(-0.351728004219,0.936102243907,0.));
#9451 = PLANE('',#9452);
#9452 = AXIS2_PLACEMENT_3D('',#9453,#9454,#9455);
#9453 = CARTESIAN_POINT('',(-3.119976103773,6.20765677021,-0.2));
#9454 = DIRECTION('',(0.,0.,1.));
#9455 = DIRECTION('',(1.,0.,0.));
#9456 = ADVANCED_FACE('',(#9457),#9487,.T.);
#9457 = FACE_BOUND('',#9458,.T.);
#9458 = EDGE_LOOP('',(#9459,#9460,#9461,#9462,#9463,#9464,#9465,#9466,
    #9467,#9468,#9469,#9470,#9471,#9472,#9473,#9474,#9475,#9476,#9477,
    #9478,#9479,#9480,#9481,#9482,#9483,#9484,#9485,#9486));
#9459 = ORIENTED_EDGE('',*,*,#5754,.F.);
#9460 = ORIENTED_EDGE('',*,*,#5785,.F.);
#9461 = ORIENTED_EDGE('',*,*,#5809,.F.);
#9462 = ORIENTED_EDGE('',*,*,#5833,.F.);
#9463 = ORIENTED_EDGE('',*,*,#5859,.F.);
#9464 = ORIENTED_EDGE('',*,*,#5885,.F.);
#9465 = ORIENTED_EDGE('',*,*,#5911,.F.);
#9466 = ORIENTED_EDGE('',*,*,#5937,.F.);
#9467 = ORIENTED_EDGE('',*,*,#5963,.F.);
#9468 = ORIENTED_EDGE('',*,*,#5987,.F.);
#9469 = ORIENTED_EDGE('',*,*,#6011,.F.);
#9470 = ORIENTED_EDGE('',*,*,#6035,.F.);
#9471 = ORIENTED_EDGE('',*,*,#6061,.F.);
#9472 = ORIENTED_EDGE('',*,*,#6087,.F.);
#9473 = ORIENTED_EDGE('',*,*,#6113,.F.);
#9474 = ORIENTED_EDGE('',*,*,#6139,.F.);
#9475 = ORIENTED_EDGE('',*,*,#6165,.F.);
#9476 = ORIENTED_EDGE('',*,*,#6189,.F.);
#9477 = ORIENTED_EDGE('',*,*,#6213,.F.);
#9478 = ORIENTED_EDGE('',*,*,#6237,.F.);
#9479 = ORIENTED_EDGE('',*,*,#6263,.F.);
#9480 = ORIENTED_EDGE('',*,*,#6289,.F.);
#9481 = ORIENTED_EDGE('',*,*,#6315,.F.);
#9482 = ORIENTED_EDGE('',*,*,#6341,.F.);
#9483 = ORIENTED_EDGE('',*,*,#6367,.F.);
#9484 = ORIENTED_EDGE('',*,*,#6393,.F.);
#9485 = ORIENTED_EDGE('',*,*,#6419,.F.);
#9486 = ORIENTED_EDGE('',*,*,#6443,.F.);
#9487 = PLANE('',#9488);
#9488 = AXIS2_PLACEMENT_3D('',#9489,#9490,#9491);
#9489 = CARTESIAN_POINT('',(-1.247262107757,6.120198083869,-0.2));
#9490 = DIRECTION('',(0.,0.,1.));
#9491 = DIRECTION('',(1.,0.,0.));
#9492 = ADVANCED_FACE('',(#9493,#9522),#9604,.T.);
#9493 = FACE_BOUND('',#9494,.T.);
#9494 = EDGE_LOOP('',(#9495,#9496,#9497,#9498,#9499,#9500,#9501,#9502,
    #9503,#9504,#9505,#9506,#9507,#9508,#9509,#9510,#9511,#9512,#9513,
    #9514,#9515,#9516,#9517,#9518,#9519,#9520,#9521));
#9495 = ORIENTED_EDGE('',*,*,#6460,.F.);
#9496 = ORIENTED_EDGE('',*,*,#6493,.F.);
#9497 = ORIENTED_EDGE('',*,*,#6519,.F.);
#9498 = ORIENTED_EDGE('',*,*,#6543,.F.);
#9499 = ORIENTED_EDGE('',*,*,#6569,.F.);
#9500 = ORIENTED_EDGE('',*,*,#6595,.F.);
#9501 = ORIENTED_EDGE('',*,*,#6619,.F.);
#9502 = ORIENTED_EDGE('',*,*,#6645,.F.);
#9503 = ORIENTED_EDGE('',*,*,#6671,.F.);
#9504 = ORIENTED_EDGE('',*,*,#6697,.F.);
#9505 = ORIENTED_EDGE('',*,*,#6723,.F.);
#9506 = ORIENTED_EDGE('',*,*,#6749,.F.);
#9507 = ORIENTED_EDGE('',*,*,#6775,.F.);
#9508 = ORIENTED_EDGE('',*,*,#6801,.F.);
#9509 = ORIENTED_EDGE('',*,*,#6825,.F.);
#9510 = ORIENTED_EDGE('',*,*,#6851,.F.);
#9511 = ORIENTED_EDGE('',*,*,#6877,.F.);
#9512 = ORIENTED_EDGE('',*,*,#6903,.F.);
#9513 = ORIENTED_EDGE('',*,*,#6929,.F.);
#9514 = ORIENTED_EDGE('',*,*,#6955,.F.);
#9515 = ORIENTED_EDGE('',*,*,#6981,.F.);
#9516 = ORIENTED_EDGE('',*,*,#7007,.F.);
#9517 = ORIENTED_EDGE('',*,*,#7033,.F.);
#9518 = ORIENTED_EDGE('',*,*,#7059,.F.);
#9519 = ORIENTED_EDGE('',*,*,#7085,.F.);
#9520 = ORIENTED_EDGE('',*,*,#7111,.F.);
#9521 = ORIENTED_EDGE('',*,*,#7137,.F.);
#9522 = FACE_BOUND('',#9523,.T.);
#9523 = EDGE_LOOP('',(#9524,#9534,#9542,#9550,#9558,#9566,#9574,#9582,
    #9590,#9598));
#9524 = ORIENTED_EDGE('',*,*,#9525,.F.);
#9525 = EDGE_CURVE('',#9526,#9528,#9530,.T.);
#9526 = VERTEX_POINT('',#9527);
#9527 = CARTESIAN_POINT('',(0.818168704651,6.055377906977,-0.2));
#9528 = VERTEX_POINT('',#9529);
#9529 = CARTESIAN_POINT('',(0.457612745349,5.971084665698,-0.2));
#9530 = B_SPLINE_CURVE_WITH_KNOTS('',2,(#9531,#9532,#9533),
  .UNSPECIFIED.,.F.,.F.,(3,3),(0.,1.),.PIECEWISE_BEZIER_KNOTS.);
#9531 = CARTESIAN_POINT('',(0.818168704651,6.055377906977,-0.2));
#9532 = CARTESIAN_POINT('',(0.697983384884,6.005832122093,-0.2));
#9533 = CARTESIAN_POINT('',(0.457612745349,5.971084665698,-0.2));
#9534 = ORIENTED_EDGE('',*,*,#9535,.F.);
#9535 = EDGE_CURVE('',#9536,#9526,#9538,.T.);
#9536 = VERTEX_POINT('',#9537);
#9537 = CARTESIAN_POINT('',(0.818168704651,5.974436773256,-0.2));
#9538 = LINE('',#9539,#9540);
#9539 = CARTESIAN_POINT('',(0.818168704651,5.974436773256,-0.2));
#9540 = VECTOR('',#9541,1.);
#9541 = DIRECTION('',(0.,1.,0.));
#9542 = ORIENTED_EDGE('',*,*,#9543,.F.);
#9543 = EDGE_CURVE('',#9544,#9536,#9546,.T.);
#9544 = VERTEX_POINT('',#9545);
#9545 = CARTESIAN_POINT('',(0.782603661047,5.753688226744,-0.2));
#9546 = B_SPLINE_CURVE_WITH_KNOTS('',2,(#9547,#9548,#9549),
  .UNSPECIFIED.,.F.,.F.,(3,3),(0.,1.),.PIECEWISE_BEZIER_KNOTS.);
#9547 = CARTESIAN_POINT('',(0.782603661047,5.753688226744,-0.2));
#9548 = CARTESIAN_POINT('',(0.818168704651,5.828497456395,-0.2));
#9549 = CARTESIAN_POINT('',(0.818168704651,5.974436773256,-0.2));
#9550 = ORIENTED_EDGE('',*,*,#9551,.F.);
#9551 = EDGE_CURVE('',#9552,#9544,#9554,.T.);
#9552 = VERTEX_POINT('',#9553);
#9553 = CARTESIAN_POINT('',(0.636664344186,5.600962936047,-0.2));
#9554 = B_SPLINE_CURVE_WITH_KNOTS('',2,(#9555,#9556,#9557),
  .UNSPECIFIED.,.F.,.F.,(3,3),(0.,1.),.PIECEWISE_BEZIER_KNOTS.);
#9555 = CARTESIAN_POINT('',(0.636664344186,5.600962936047,-0.2));
#9556 = CARTESIAN_POINT('',(0.736001190116,5.656804142442,-0.2));
#9557 = CARTESIAN_POINT('',(0.782603661047,5.753688226744,-0.2));
#9558 = ORIENTED_EDGE('',*,*,#9559,.F.);
#9559 = EDGE_CURVE('',#9560,#9552,#9562,.T.);
#9560 = VERTEX_POINT('',#9561);
#9561 = CARTESIAN_POINT('',(0.409783893605,5.545203488372,-0.2));
#9562 = B_SPLINE_CURVE_WITH_KNOTS('',2,(#9563,#9564,#9565),
  .UNSPECIFIED.,.F.,.F.,(3,3),(0.,1.),.PIECEWISE_BEZIER_KNOTS.);
#9563 = CARTESIAN_POINT('',(0.409783893605,5.545203488372,-0.2));
#9564 = CARTESIAN_POINT('',(0.537327498256,5.545203488372,-0.2));
#9565 = CARTESIAN_POINT('',(0.636664344186,5.600962936047,-0.2));
#9566 = ORIENTED_EDGE('',*,*,#9567,.F.);
#9567 = EDGE_CURVE('',#9568,#9560,#9570,.T.);
#9568 = VERTEX_POINT('',#9569);
#9569 = CARTESIAN_POINT('',(0.214135274419,5.60390625,-0.2));
#9570 = B_SPLINE_CURVE_WITH_KNOTS('',2,(#9571,#9572,#9573),
  .UNSPECIFIED.,.F.,.F.,(3,3),(0.,1.),.PIECEWISE_BEZIER_KNOTS.);
#9571 = CARTESIAN_POINT('',(0.214135274419,5.60390625,-0.2));
#9572 = CARTESIAN_POINT('',(0.28101390814,5.545203488372,-0.2));
#9573 = CARTESIAN_POINT('',(0.409783893605,5.545203488372,-0.2));
#9574 = ORIENTED_EDGE('',*,*,#9575,.F.);
#9575 = EDGE_CURVE('',#9576,#9568,#9578,.T.);
#9576 = VERTEX_POINT('',#9577);
#9577 = CARTESIAN_POINT('',(0.147338399419,5.750826671512,-0.2));
#9578 = B_SPLINE_CURVE_WITH_KNOTS('',2,(#9579,#9580,#9581),
  .UNSPECIFIED.,.F.,.F.,(3,3),(0.,1.),.PIECEWISE_BEZIER_KNOTS.);
#9579 = CARTESIAN_POINT('',(0.147338399419,5.750826671512,-0.2));
#9580 = CARTESIAN_POINT('',(0.147338399419,5.662690770349,-0.2));
#9581 = CARTESIAN_POINT('',(0.214135274419,5.60390625,-0.2));
#9582 = ORIENTED_EDGE('',*,*,#9583,.F.);
#9583 = EDGE_CURVE('',#9584,#9576,#9586,.T.);
#9584 = VERTEX_POINT('',#9585);
#9585 = CARTESIAN_POINT('',(0.177997919767,5.855396075581,-0.2));
#9586 = B_SPLINE_CURVE_WITH_KNOTS('',2,(#9587,#9588,#9589),
  .UNSPECIFIED.,.F.,.F.,(3,3),(0.,1.),.PIECEWISE_BEZIER_KNOTS.);
#9587 = CARTESIAN_POINT('',(0.177997919767,5.855396075581,-0.2));
#9588 = CARTESIAN_POINT('',(0.147338399419,5.808303052326,-0.2));
#9589 = CARTESIAN_POINT('',(0.147338399419,5.750826671512,-0.2));
#9590 = ORIENTED_EDGE('',*,*,#9591,.F.);
#9591 = EDGE_CURVE('',#9592,#9584,#9594,.T.);
#9592 = VERTEX_POINT('',#9593);
#9593 = CARTESIAN_POINT('',(0.265070957558,5.927016715116,-0.2));
#9594 = B_SPLINE_CURVE_WITH_KNOTS('',2,(#9595,#9596,#9597),
  .UNSPECIFIED.,.F.,.F.,(3,3),(0.,1.),.PIECEWISE_BEZIER_KNOTS.);
#9595 = CARTESIAN_POINT('',(0.265070957558,5.927016715116,-0.2));
#9596 = CARTESIAN_POINT('',(0.208657440116,5.902570857558,-0.2));
#9597 = CARTESIAN_POINT('',(0.177997919767,5.855396075581,-0.2));
#9598 = ORIENTED_EDGE('',*,*,#9599,.F.);
#9599 = EDGE_CURVE('',#9528,#9592,#9600,.T.);
#9600 = B_SPLINE_CURVE_WITH_KNOTS('',2,(#9601,#9602,#9603),
  .UNSPECIFIED.,.F.,.F.,(3,3),(0.,1.),.PIECEWISE_BEZIER_KNOTS.);
#9601 = CARTESIAN_POINT('',(0.457612745349,5.971084665698,-0.2));
#9602 = CARTESIAN_POINT('',(0.321484475,5.951544331395,-0.2));
#9603 = CARTESIAN_POINT('',(0.265070957558,5.927016715116,-0.2));
#9604 = PLANE('',#9605);
#9605 = AXIS2_PLACEMENT_3D('',#9606,#9607,#9608);
#9606 = CARTESIAN_POINT('',(0.523014091673,6.017828310063,-0.2));
#9607 = DIRECTION('',(0.,0.,1.));
#9608 = DIRECTION('',(1.,0.,0.));
#9609 = ADVANCED_FACE('',(#9610),#9645,.T.);
#9610 = FACE_BOUND('',#9611,.T.);
#9611 = EDGE_LOOP('',(#9612,#9613,#9614,#9615,#9616,#9617,#9618,#9619,
    #9620,#9621,#9622,#9623,#9624,#9625,#9626,#9627,#9628,#9629,#9630,
    #9631,#9632,#9633,#9634,#9635,#9636,#9637,#9638,#9639,#9640,#9641,
    #9642,#9643,#9644));
#9612 = ORIENTED_EDGE('',*,*,#7156,.F.);
#9613 = ORIENTED_EDGE('',*,*,#7187,.F.);
#9614 = ORIENTED_EDGE('',*,*,#7213,.F.);
#9615 = ORIENTED_EDGE('',*,*,#7239,.F.);
#9616 = ORIENTED_EDGE('',*,*,#7265,.F.);
#9617 = ORIENTED_EDGE('',*,*,#7291,.F.);
#9618 = ORIENTED_EDGE('',*,*,#7317,.F.);
#9619 = ORIENTED_EDGE('',*,*,#7343,.F.);
#9620 = ORIENTED_EDGE('',*,*,#7369,.F.);
#9621 = ORIENTED_EDGE('',*,*,#7395,.F.);
#9622 = ORIENTED_EDGE('',*,*,#7421,.F.);
#9623 = ORIENTED_EDGE('',*,*,#7447,.F.);
#9624 = ORIENTED_EDGE('',*,*,#7473,.F.);
#9625 = ORIENTED_EDGE('',*,*,#7499,.F.);
#9626 = ORIENTED_EDGE('',*,*,#7525,.F.);
#9627 = ORIENTED_EDGE('',*,*,#7551,.F.);
#9628 = ORIENTED_EDGE('',*,*,#7577,.F.);
#9629 = ORIENTED_EDGE('',*,*,#7601,.F.);
#9630 = ORIENTED_EDGE('',*,*,#7627,.F.);
#9631 = ORIENTED_EDGE('',*,*,#7653,.F.);
#9632 = ORIENTED_EDGE('',*,*,#7679,.F.);
#9633 = ORIENTED_EDGE('',*,*,#7705,.F.);
#9634 = ORIENTED_EDGE('',*,*,#7731,.F.);
#9635 = ORIENTED_EDGE('',*,*,#7757,.F.);
#9636 = ORIENTED_EDGE('',*,*,#7783,.F.);
#9637 = ORIENTED_EDGE('',*,*,#7809,.F.);
#9638 = ORIENTED_EDGE('',*,*,#7835,.F.);
#9639 = ORIENTED_EDGE('',*,*,#7861,.F.);
#9640 = ORIENTED_EDGE('',*,*,#7887,.F.);
#9641 = ORIENTED_EDGE('',*,*,#7913,.F.);
#9642 = ORIENTED_EDGE('',*,*,#7939,.F.);
#9643 = ORIENTED_EDGE('',*,*,#7965,.F.);
#9644 = ORIENTED_EDGE('',*,*,#7991,.F.);
#9645 = PLANE('',#9646);
#9646 = AXIS2_PLACEMENT_3D('',#9647,#9648,#9649);
#9647 = CARTESIAN_POINT('',(1.837086103496,6.047371542822,-0.2));
#9648 = DIRECTION('',(0.,0.,1.));
#9649 = DIRECTION('',(1.,0.,0.));
#9650 = ADVANCED_FACE('',(#9651),#9686,.T.);
#9651 = FACE_BOUND('',#9652,.T.);
#9652 = EDGE_LOOP('',(#9653,#9654,#9655,#9656,#9657,#9658,#9659,#9660,
    #9661,#9662,#9663,#9664,#9665,#9666,#9667,#9668,#9669,#9670,#9671,
    #9672,#9673,#9674,#9675,#9676,#9677,#9678,#9679,#9680,#9681,#9682,
    #9683,#9684,#9685));
#9653 = ORIENTED_EDGE('',*,*,#8010,.F.);
#9654 = ORIENTED_EDGE('',*,*,#8041,.F.);
#9655 = ORIENTED_EDGE('',*,*,#8067,.F.);
#9656 = ORIENTED_EDGE('',*,*,#8093,.F.);
#9657 = ORIENTED_EDGE('',*,*,#8119,.F.);
#9658 = ORIENTED_EDGE('',*,*,#8145,.F.);
#9659 = ORIENTED_EDGE('',*,*,#8171,.F.);
#9660 = ORIENTED_EDGE('',*,*,#8197,.F.);
#9661 = ORIENTED_EDGE('',*,*,#8223,.F.);
#9662 = ORIENTED_EDGE('',*,*,#8249,.F.);
#9663 = ORIENTED_EDGE('',*,*,#8275,.F.);
#9664 = ORIENTED_EDGE('',*,*,#8301,.F.);
#9665 = ORIENTED_EDGE('',*,*,#8327,.F.);
#9666 = ORIENTED_EDGE('',*,*,#8353,.F.);
#9667 = ORIENTED_EDGE('',*,*,#8379,.F.);
#9668 = ORIENTED_EDGE('',*,*,#8405,.F.);
#9669 = ORIENTED_EDGE('',*,*,#8431,.F.);
#9670 = ORIENTED_EDGE('',*,*,#8455,.F.);
#9671 = ORIENTED_EDGE('',*,*,#8481,.F.);
#9672 = ORIENTED_EDGE('',*,*,#8507,.F.);
#9673 = ORIENTED_EDGE('',*,*,#8533,.F.);
#9674 = ORIENTED_EDGE('',*,*,#8559,.F.);
#9675 = ORIENTED_EDGE('',*,*,#8585,.F.);
#9676 = ORIENTED_EDGE('',*,*,#8611,.F.);
#9677 = ORIENTED_EDGE('',*,*,#8637,.F.);
#9678 = ORIENTED_EDGE('',*,*,#8663,.F.);
#9679 = ORIENTED_EDGE('',*,*,#8689,.F.);
#9680 = ORIENTED_EDGE('',*,*,#8715,.F.);
#9681 = ORIENTED_EDGE('',*,*,#8741,.F.);
#9682 = ORIENTED_EDGE('',*,*,#8767,.F.);
#9683 = ORIENTED_EDGE('',*,*,#8793,.F.);
#9684 = ORIENTED_EDGE('',*,*,#8819,.F.);
#9685 = ORIENTED_EDGE('',*,*,#8845,.F.);
#9686 = PLANE('',#9687);
#9687 = AXIS2_PLACEMENT_3D('',#9688,#9689,#9690);
#9688 = CARTESIAN_POINT('',(3.092900056984,6.047371542822,-0.2));
#9689 = DIRECTION('',(0.,0.,1.));
#9690 = DIRECTION('',(1.,0.,0.));
#9691 = ADVANCED_FACE('',(#9692,#9700),#9752,.F.);
#9692 = FACE_BOUND('',#9693,.F.);
#9693 = EDGE_LOOP('',(#9694,#9695,#9696,#9697,#9698,#9699));
#9694 = ORIENTED_EDGE('',*,*,#8890,.T.);
#9695 = ORIENTED_EDGE('',*,*,#8914,.T.);
#9696 = ORIENTED_EDGE('',*,*,#8938,.T.);
#9697 = ORIENTED_EDGE('',*,*,#8963,.T.);
#9698 = ORIENTED_EDGE('',*,*,#8987,.T.);
#9699 = ORIENTED_EDGE('',*,*,#9012,.T.);
#9700 = FACE_BOUND('',#9701,.T.);
#9701 = EDGE_LOOP('',(#9702,#9712,#9720,#9729,#9737,#9746));
#9702 = ORIENTED_EDGE('',*,*,#9703,.T.);
#9703 = EDGE_CURVE('',#9704,#9706,#9708,.T.);
#9704 = VERTEX_POINT('',#9705);
#9705 = CARTESIAN_POINT('',(-7.9,4.35,-10.1));
#9706 = VERTEX_POINT('',#9707);
#9707 = CARTESIAN_POINT('',(-7.9,-4.35,-10.1));
#9708 = LINE('',#9709,#9710);
#9709 = CARTESIAN_POINT('',(-7.9,4.35,-10.1));
#9710 = VECTOR('',#9711,1.);
#9711 = DIRECTION('',(2.041789470575E-16,-1.,0.));
#9712 = ORIENTED_EDGE('',*,*,#9713,.T.);
#9713 = EDGE_CURVE('',#9706,#9714,#9716,.T.);
#9714 = VERTEX_POINT('',#9715);
#9715 = CARTESIAN_POINT('',(6.899999999996,-4.35,-10.1));
#9716 = LINE('',#9717,#9718);
#9717 = CARTESIAN_POINT('',(-7.9,-4.35,-10.1));
#9718 = VECTOR('',#9719,1.);
#9719 = DIRECTION('',(1.,0.,0.));
#9720 = ORIENTED_EDGE('',*,*,#9721,.T.);
#9721 = EDGE_CURVE('',#9714,#9722,#9724,.T.);
#9722 = VERTEX_POINT('',#9723);
#9723 = CARTESIAN_POINT('',(7.899999999996,-3.35,-10.1));
#9724 = CIRCLE('',#9725,1.);
#9725 = AXIS2_PLACEMENT_3D('',#9726,#9727,#9728);
#9726 = CARTESIAN_POINT('',(6.899999999996,-3.35,-10.1));
#9727 = DIRECTION('',(0.,0.,1.));
#9728 = DIRECTION('',(1.,0.,0.));
#9729 = ORIENTED_EDGE('',*,*,#9730,.T.);
#9730 = EDGE_CURVE('',#9722,#9731,#9733,.T.);
#9731 = VERTEX_POINT('',#9732);
#9732 = CARTESIAN_POINT('',(7.9,3.35,-10.1));
#9733 = LINE('',#9734,#9735);
#9734 = CARTESIAN_POINT('',(7.899999999996,-3.35,-10.1));
#9735 = VECTOR('',#9736,1.);
#9736 = DIRECTION('',(6.278228351791E-13,1.,0.));
#9737 = ORIENTED_EDGE('',*,*,#9738,.T.);
#9738 = EDGE_CURVE('',#9731,#9739,#9741,.T.);
#9739 = VERTEX_POINT('',#9740);
#9740 = CARTESIAN_POINT('',(6.9,4.35,-10.1));
#9741 = CIRCLE('',#9742,1.);
#9742 = AXIS2_PLACEMENT_3D('',#9743,#9744,#9745);
#9743 = CARTESIAN_POINT('',(6.9,3.35,-10.1));
#9744 = DIRECTION('',(0.,0.,1.));
#9745 = DIRECTION('',(1.,0.,0.));
#9746 = ORIENTED_EDGE('',*,*,#9747,.T.);
#9747 = EDGE_CURVE('',#9739,#9704,#9748,.T.);
#9748 = LINE('',#9749,#9750);
#9749 = CARTESIAN_POINT('',(6.9,4.35,-10.1));
#9750 = VECTOR('',#9751,1.);
#9751 = DIRECTION('',(-1.,0.,0.));
#9752 = PLANE('',#9753);
#9753 = AXIS2_PLACEMENT_3D('',#9754,#9755,#9756);
#9754 = CARTESIAN_POINT('',(-0.274522377358,3.971897089961E-13,-10.1));
#9755 = DIRECTION('',(0.,0.,1.));
#9756 = DIRECTION('',(1.,0.,0.));
#9757 = ADVANCED_FACE('',(#9758),#9788,.F.);
#9758 = FACE_BOUND('',#9759,.F.);
#9759 = EDGE_LOOP('',(#9760,#9761,#9769,#9782));
#9760 = ORIENTED_EDGE('',*,*,#9105,.F.);
#9761 = ORIENTED_EDGE('',*,*,#9762,.T.);
#9762 = EDGE_CURVE('',#9106,#9763,#9765,.T.);
#9763 = VERTEX_POINT('',#9764);
#9764 = CARTESIAN_POINT('',(-1.655187036628,-6.413299418605,0.));
#9765 = LINE('',#9766,#9767);
#9766 = CARTESIAN_POINT('',(-1.655187036628,-6.413299418605,-0.2));
#9767 = VECTOR('',#9768,1.);
#9768 = DIRECTION('',(0.,0.,1.));
#9769 = ORIENTED_EDGE('',*,*,#9770,.F.);
#9770 = EDGE_CURVE('',#9771,#9763,#9773,.T.);
#9771 = VERTEX_POINT('',#9772);
#9772 = CARTESIAN_POINT('',(-1.606785873837,-6.63265806686,0.));
#9773 = B_SPLINE_CURVE_WITH_KNOTS('',4,(#9774,#9775,#9776,#9777,#9778,
    #9779,#9780,#9781),.UNSPECIFIED.,.F.,.F.,(5,3,5),(0.,0.535027353704,
    1.),.UNSPECIFIED.);
#9774 = CARTESIAN_POINT('',(-1.606785873837,-6.63265806686,0.));
#9775 = CARTESIAN_POINT('',(-1.619721716983,-6.604666825189,0.));
#9776 = CARTESIAN_POINT('',(-1.630364158364,-6.576179733853,0.));
#9777 = CARTESIAN_POINT('',(-1.638698322532,-6.547207180666,0.));
#9778 = CARTESIAN_POINT('',(-1.649956013619,-6.492172783271,0.));
#9779 = CARTESIAN_POINT('',(-1.653445111507,-6.466226524478,0.));
#9780 = CARTESIAN_POINT('',(-1.655187036628,-6.439932097518,0.));
#9781 = CARTESIAN_POINT('',(-1.655187036628,-6.413299418605,0.));
#9782 = ORIENTED_EDGE('',*,*,#9783,.F.);
#9783 = EDGE_CURVE('',#9108,#9771,#9784,.T.);
#9784 = LINE('',#9785,#9786);
#9785 = CARTESIAN_POINT('',(-1.606785873837,-6.63265806686,-0.2));
#9786 = VECTOR('',#9787,1.);
#9787 = DIRECTION('',(0.,0.,1.));
#9788 = SURFACE_OF_LINEAR_EXTRUSION('',#9789,#9793);
#9789 = B_SPLINE_CURVE_WITH_KNOTS('',2,(#9790,#9791,#9792),
  .UNSPECIFIED.,.F.,.F.,(3,3),(0.,1.),.PIECEWISE_BEZIER_KNOTS.);
#9790 = CARTESIAN_POINT('',(-1.655187036628,-6.413299418605,-0.2));
#9791 = CARTESIAN_POINT('',(-1.655187036628,-6.527925145349,-0.2));
#9792 = CARTESIAN_POINT('',(-1.606785873837,-6.63265806686,-0.2));
#9793 = VECTOR('',#9794,1.);
#9794 = DIRECTION('',(-0.,-0.,-1.));
#9795 = ADVANCED_FACE('',(#9796),#9821,.F.);
#9796 = FACE_BOUND('',#9797,.F.);
#9797 = EDGE_LOOP('',(#9798,#9799,#9807,#9820));
#9798 = ORIENTED_EDGE('',*,*,#9115,.F.);
#9799 = ORIENTED_EDGE('',*,*,#9800,.T.);
#9800 = EDGE_CURVE('',#9116,#9801,#9803,.T.);
#9801 = VERTEX_POINT('',#9802);
#9802 = CARTESIAN_POINT('',(-1.550944667442,-6.130659520349,0.));
#9803 = LINE('',#9804,#9805);
#9804 = CARTESIAN_POINT('',(-1.550944667442,-6.130659520349,-0.2));
#9805 = VECTOR('',#9806,1.);
#9806 = DIRECTION('',(0.,0.,1.));
#9807 = ORIENTED_EDGE('',*,*,#9808,.F.);
#9808 = EDGE_CURVE('',#9763,#9801,#9809,.T.);
#9809 = B_SPLINE_CURVE_WITH_KNOTS('',5,(#9810,#9811,#9812,#9813,#9814,
    #9815,#9816,#9817,#9818,#9819),.UNSPECIFIED.,.F.,.F.,(6,4,6),(0.,
    0.765881827459,1.),.UNSPECIFIED.);
#9810 = CARTESIAN_POINT('',(-1.655187036628,-6.413299418605,0.));
#9811 = CARTESIAN_POINT('',(-1.655187036628,-6.360360191742,0.));
#9812 = CARTESIAN_POINT('',(-1.649216840608,-6.310844007257,0.));
#9813 = CARTESIAN_POINT('',(-1.637086306476,-6.265000067015,0.));
#9814 = CARTESIAN_POINT('',(-1.618717026772,-6.22301975818,0.));
#9815 = CARTESIAN_POINT('',(-1.586681757399,-6.173394527136,0.));
#9816 = CARTESIAN_POINT('',(-1.578605459564,-6.162147492438,0.));
#9817 = CARTESIAN_POINT('',(-1.569954882863,-6.151274623137,0.));
#9818 = CARTESIAN_POINT('',(-1.560733178262,-6.140778153494,0.));
#9819 = CARTESIAN_POINT('',(-1.550944667442,-6.130659520349,0.));
#9820 = ORIENTED_EDGE('',*,*,#9762,.F.);
#9821 = SURFACE_OF_LINEAR_EXTRUSION('',#9822,#9826);
#9822 = B_SPLINE_CURVE_WITH_KNOTS('',2,(#9823,#9824,#9825),
  .UNSPECIFIED.,.F.,.F.,(3,3),(0.,1.),.PIECEWISE_BEZIER_KNOTS.);
#9823 = CARTESIAN_POINT('',(-1.550944667442,-6.130659520349,-0.2));
#9824 = CARTESIAN_POINT('',(-1.655187036628,-6.238417514535,-0.2));
#9825 = CARTESIAN_POINT('',(-1.655187036628,-6.413299418605,-0.2));
#9826 = VECTOR('',#9827,1.);
#9827 = DIRECTION('',(-0.,-0.,-1.));
#9828 = ADVANCED_FACE('',(#9829),#9852,.F.);
#9829 = FACE_BOUND('',#9830,.F.);
#9830 = EDGE_LOOP('',(#9831,#9832,#9840,#9851));
#9831 = ORIENTED_EDGE('',*,*,#9123,.F.);
#9832 = ORIENTED_EDGE('',*,*,#9833,.T.);
#9833 = EDGE_CURVE('',#9124,#9834,#9836,.T.);
#9834 = VERTEX_POINT('',#9835);
#9835 = CARTESIAN_POINT('',(-1.297083838953,-6.022819767442,0.));
#9836 = LINE('',#9837,#9838);
#9837 = CARTESIAN_POINT('',(-1.297083838953,-6.022819767442,-0.2));
#9838 = VECTOR('',#9839,1.);
#9839 = DIRECTION('',(0.,0.,1.));
#9840 = ORIENTED_EDGE('',*,*,#9841,.F.);
#9841 = EDGE_CURVE('',#9801,#9834,#9842,.T.);
#9842 = B_SPLINE_CURVE_WITH_KNOTS('',4,(#9843,#9844,#9845,#9846,#9847,
    #9848,#9849,#9850),.UNSPECIFIED.,.F.,.F.,(5,3,5),(0.,0.504017002011,
    1.),.UNSPECIFIED.);
#9843 = CARTESIAN_POINT('',(-1.550944667442,-6.130659520349,0.));
#9844 = CARTESIAN_POINT('',(-1.52478766026,-6.103599839978,0.));
#9845 = CARTESIAN_POINT('',(-1.49661503955,-6.080951698943,0.));
#9846 = CARTESIAN_POINT('',(-1.466443149133,-6.062858145948,0.));
#9847 = CARTESIAN_POINT('',(-1.40275275256,-6.036057316212,0.));
#9848 = CARTESIAN_POINT('',(-1.369294775009,-6.027204801267,0.));
#9849 = CARTESIAN_POINT('',(-1.334035877969,-6.022819767442,0.));
#9850 = CARTESIAN_POINT('',(-1.297083838953,-6.022819767442,0.));
#9851 = ORIENTED_EDGE('',*,*,#9800,.F.);
#9852 = SURFACE_OF_LINEAR_EXTRUSION('',#9853,#9857);
#9853 = B_SPLINE_CURVE_WITH_KNOTS('',2,(#9854,#9855,#9856),
  .UNSPECIFIED.,.F.,.F.,(3,3),(0.,1.),.PIECEWISE_BEZIER_KNOTS.);
#9854 = CARTESIAN_POINT('',(-1.297083838953,-6.022819767442,-0.2));
#9855 = CARTESIAN_POINT('',(-1.446702298256,-6.022819767442,-0.2));
#9856 = CARTESIAN_POINT('',(-1.550944667442,-6.130659520349,-0.2));
#9857 = VECTOR('',#9858,1.);
#9858 = DIRECTION('',(-0.,-0.,-1.));
#9859 = ADVANCED_FACE('',(#9860),#9883,.F.);
#9860 = FACE_BOUND('',#9861,.F.);
#9861 = EDGE_LOOP('',(#9862,#9863,#9871,#9882));
#9862 = ORIENTED_EDGE('',*,*,#9131,.F.);
#9863 = ORIENTED_EDGE('',*,*,#9864,.T.);
#9864 = EDGE_CURVE('',#9132,#9865,#9867,.T.);
#9865 = VERTEX_POINT('',#9866);
#9866 = CARTESIAN_POINT('',(-1.046902152907,-6.130659520349,0.));
#9867 = LINE('',#9868,#9869);
#9868 = CARTESIAN_POINT('',(-1.046902152907,-6.130659520349,-0.2));
#9869 = VECTOR('',#9870,1.);
#9870 = DIRECTION('',(0.,0.,1.));
#9871 = ORIENTED_EDGE('',*,*,#9872,.F.);
#9872 = EDGE_CURVE('',#9834,#9865,#9873,.T.);
#9873 = B_SPLINE_CURVE_WITH_KNOTS('',4,(#9874,#9875,#9876,#9877,#9878,
    #9879,#9880,#9881),.UNSPECIFIED.,.F.,.F.,(5,3,5),(0.,0.543194375554,
    1.),.UNSPECIFIED.);
#9874 = CARTESIAN_POINT('',(-1.297083838953,-6.022819767442,0.));
#9875 = CARTESIAN_POINT('',(-1.256341578405,-6.022819767442,0.));
#9876 = CARTESIAN_POINT('',(-1.217894624824,-6.028064023305,0.));
#9877 = CARTESIAN_POINT('',(-1.181901670855,-6.038676331701,0.));
#9878 = CARTESIAN_POINT('',(-1.120324730453,-6.068021037322,0.));
#9879 = CARTESIAN_POINT('',(-1.093995190024,-6.085193685254,0.));
#9880 = CARTESIAN_POINT('',(-1.06951755883,-6.106108310133,0.));
#9881 = CARTESIAN_POINT('',(-1.046902152907,-6.130659520349,0.));
#9882 = ORIENTED_EDGE('',*,*,#9833,.F.);
#9883 = SURFACE_OF_LINEAR_EXTRUSION('',#9884,#9888);
#9884 = B_SPLINE_CURVE_WITH_KNOTS('',2,(#9885,#9886,#9887),
  .UNSPECIFIED.,.F.,.F.,(3,3),(0.,1.),.PIECEWISE_BEZIER_KNOTS.);
#9885 = CARTESIAN_POINT('',(-1.046902152907,-6.130659520349,-0.2));
#9886 = CARTESIAN_POINT('',(-1.146238998837,-6.022819767442,-0.2));
#9887 = CARTESIAN_POINT('',(-1.297083838953,-6.022819767442,-0.2));
#9888 = VECTOR('',#9889,1.);
#9889 = DIRECTION('',(-0.,-0.,-1.));
#9890 = ADVANCED_FACE('',(#9891),#9916,.F.);
#9891 = FACE_BOUND('',#9892,.F.);
#9892 = EDGE_LOOP('',(#9893,#9894,#9902,#9915));
#9893 = ORIENTED_EDGE('',*,*,#9139,.F.);
#9894 = ORIENTED_EDGE('',*,*,#9895,.T.);
#9895 = EDGE_CURVE('',#9140,#9896,#9898,.T.);
#9896 = VERTEX_POINT('',#9897);
#9897 = CARTESIAN_POINT('',(-0.947565306977,-6.425644985465,0.));
#9898 = LINE('',#9899,#9900);
#9899 = CARTESIAN_POINT('',(-0.947565306977,-6.425644985465,-0.2));
#9900 = VECTOR('',#9901,1.);
#9901 = DIRECTION('',(0.,0.,1.));
#9902 = ORIENTED_EDGE('',*,*,#9903,.F.);
#9903 = EDGE_CURVE('',#9865,#9896,#9904,.T.);
#9904 = B_SPLINE_CURVE_WITH_KNOTS('',5,(#9905,#9906,#9907,#9908,#9909,
    #9910,#9911,#9912,#9913,#9914),.UNSPECIFIED.,.F.,.F.,(6,4,6),(0.,
    8.038962847068E-02,1.),.UNSPECIFIED.);
#9905 = CARTESIAN_POINT('',(-1.046902152907,-6.130659520349,0.));
#9906 = CARTESIAN_POINT('',(-1.04368405561,-6.13415042754,0.));
#9907 = CARTESIAN_POINT('',(-1.040530803271,-6.137693800775,0.));
#9908 = CARTESIAN_POINT('',(-1.037442526014,-6.141289546712,0.));
#9909 = CARTESIAN_POINT('',(-1.034419337096,-6.144937558275,0.));
#9910 = CARTESIAN_POINT('',(-0.997623493655,-6.190965341203,0.));
#9911 = CARTESIAN_POINT('',(-0.97231295781,-6.240120080169,0.));
#9912 = CARTESIAN_POINT('',(-0.955685722395,-6.295912494607,0.));
#9913 = CARTESIAN_POINT('',(-0.947565306977,-6.357933273524,0.));
#9914 = CARTESIAN_POINT('',(-0.947565306977,-6.425644985465,0.));
#9915 = ORIENTED_EDGE('',*,*,#9864,.F.);
#9916 = SURFACE_OF_LINEAR_EXTRUSION('',#9917,#9921);
#9917 = B_SPLINE_CURVE_WITH_KNOTS('',2,(#9918,#9919,#9920),
  .UNSPECIFIED.,.F.,.F.,(3,3),(0.,1.),.PIECEWISE_BEZIER_KNOTS.);
#9918 = CARTESIAN_POINT('',(-0.947565306977,-6.425644985465,-0.2));
#9919 = CARTESIAN_POINT('',(-0.947565306977,-6.238417514535,-0.2));
#9920 = CARTESIAN_POINT('',(-1.046902152907,-6.130659520349,-0.2));
#9921 = VECTOR('',#9922,1.);
#9922 = DIRECTION('',(-0.,-0.,-1.));
#9923 = ADVANCED_FACE('',(#9924),#9945,.F.);
#9924 = FACE_BOUND('',#9925,.F.);
#9925 = EDGE_LOOP('',(#9926,#9927,#9935,#9944));
#9926 = ORIENTED_EDGE('',*,*,#9147,.F.);
#9927 = ORIENTED_EDGE('',*,*,#9928,.T.);
#9928 = EDGE_CURVE('',#9148,#9929,#9931,.T.);
#9929 = VERTEX_POINT('',#9930);
#9930 = CARTESIAN_POINT('',(-1.048128533721,-6.733630087209,0.));
#9931 = LINE('',#9932,#9933);
#9932 = CARTESIAN_POINT('',(-1.048128533721,-6.733630087209,-0.2));
#9933 = VECTOR('',#9934,1.);
#9934 = DIRECTION('',(0.,0.,1.));
#9935 = ORIENTED_EDGE('',*,*,#9936,.F.);
#9936 = EDGE_CURVE('',#9896,#9929,#9937,.T.);
#9937 = B_SPLINE_CURVE_WITH_KNOTS('',5,(#9938,#9939,#9940,#9941,#9942,
    #9943),.UNSPECIFIED.,.F.,.F.,(6,6),(0.,1.),
  .PIECEWISE_BEZIER_KNOTS.);
#9938 = CARTESIAN_POINT('',(-0.947565306977,-6.425644985465,0.));
#9939 = CARTESIAN_POINT('',(-0.947565306977,-6.502106793309,0.));
#9940 = CARTESIAN_POINT('',(-0.957261924587,-6.571768087021,0.));
#9941 = CARTESIAN_POINT('',(-0.977184611598,-6.633890019964,0.));
#9942 = CARTESIAN_POINT('',(-1.007561953163,-6.687918476922,0.));
#9943 = CARTESIAN_POINT('',(-1.048128533721,-6.733630087209,0.));
#9944 = ORIENTED_EDGE('',*,*,#9895,.F.);
#9945 = SURFACE_OF_LINEAR_EXTRUSION('',#9946,#9950);
#9946 = B_SPLINE_CURVE_WITH_KNOTS('',2,(#9947,#9948,#9949),
  .UNSPECIFIED.,.F.,.F.,(3,3),(0.,1.),.PIECEWISE_BEZIER_KNOTS.);
#9947 = CARTESIAN_POINT('',(-1.048128533721,-6.733630087209,-0.2));
#9948 = CARTESIAN_POINT('',(-0.947565306977,-6.6203125,-0.2));
#9949 = CARTESIAN_POINT('',(-0.947565306977,-6.425644985465,-0.2));
#9950 = VECTOR('',#9951,1.);
#9951 = DIRECTION('',(-0.,-0.,-1.));
#9952 = ADVANCED_FACE('',(#9953),#9978,.F.);
#9953 = FACE_BOUND('',#9954,.F.);
#9954 = EDGE_LOOP('',(#9955,#9956,#9964,#9977));
#9955 = ORIENTED_EDGE('',*,*,#9155,.F.);
#9956 = ORIENTED_EDGE('',*,*,#9957,.T.);
#9957 = EDGE_CURVE('',#9156,#9958,#9960,.T.);
#9958 = VERTEX_POINT('',#9959);
#9959 = CARTESIAN_POINT('',(-1.288499173256,-6.846947674419,0.));
#9960 = LINE('',#9961,#9962);
#9961 = CARTESIAN_POINT('',(-1.288499173256,-6.846947674419,-0.2));
#9962 = VECTOR('',#9963,1.);
#9963 = DIRECTION('',(0.,0.,1.));
#9964 = ORIENTED_EDGE('',*,*,#9965,.F.);
#9965 = EDGE_CURVE('',#9929,#9958,#9966,.T.);
#9966 = B_SPLINE_CURVE_WITH_KNOTS('',5,(#9967,#9968,#9969,#9970,#9971,
    #9972,#9973,#9974,#9975,#9976),.UNSPECIFIED.,.F.,.F.,(6,4,6),(0.,
    0.618498254679,1.),.UNSPECIFIED.);
#9967 = CARTESIAN_POINT('',(-1.048128533721,-6.733630087209,0.));
#9968 = CARTESIAN_POINT('',(-1.072820053642,-6.761453214535,0.));
#9969 = CARTESIAN_POINT('',(-1.099114127912,-6.785146270066,0.));
#9970 = CARTESIAN_POINT('',(-1.127001759867,-6.804579930444,0.));
#9971 = CARTESIAN_POINT('',(-1.156453005186,-6.819674731414,0.));
#9972 = CARTESIAN_POINT('',(-1.206509691795,-6.837034824716,0.));
#9973 = CARTESIAN_POINT('',(-1.22618066488,-6.841999851739,0.));
#9974 = CARTESIAN_POINT('',(-1.246413216329,-6.845302701031,0.));
#9975 = CARTESIAN_POINT('',(-1.267192033646,-6.846947674419,0.));
#9976 = CARTESIAN_POINT('',(-1.288499173256,-6.846947674419,0.));
#9977 = ORIENTED_EDGE('',*,*,#9928,.F.);
#9978 = SURFACE_OF_LINEAR_EXTRUSION('',#9979,#9983);
#9979 = B_SPLINE_CURVE_WITH_KNOTS('',2,(#9980,#9981,#9982),
  .UNSPECIFIED.,.F.,.F.,(3,3),(0.,1.),.PIECEWISE_BEZIER_KNOTS.);
#9980 = CARTESIAN_POINT('',(-1.288499173256,-6.846947674419,-0.2));
#9981 = CARTESIAN_POINT('',(-1.148691760465,-6.846947674419,-0.2));
#9982 = CARTESIAN_POINT('',(-1.048128533721,-6.733630087209,-0.2));
#9983 = VECTOR('',#9984,1.);
#9984 = DIRECTION('',(-0.,-0.,-1.));
#9985 = ADVANCED_FACE('',(#9986),#10009,.F.);
#9986 = FACE_BOUND('',#9987,.F.);
#9987 = EDGE_LOOP('',(#9988,#9989,#9997,#10008));
#9988 = ORIENTED_EDGE('',*,*,#9163,.F.);
#9989 = ORIENTED_EDGE('',*,*,#9990,.T.);
#9990 = EDGE_CURVE('',#9164,#9991,#9993,.T.);
#9991 = VERTEX_POINT('',#9992);
#9992 = CARTESIAN_POINT('',(-1.471229914535,-6.792169331395,0.));
#9993 = LINE('',#9994,#9995);
#9994 = CARTESIAN_POINT('',(-1.471229914535,-6.792169331395,-0.2));
#9995 = VECTOR('',#9996,1.);
#9996 = DIRECTION('',(0.,0.,1.));
#9997 = ORIENTED_EDGE('',*,*,#9998,.F.);
#9998 = EDGE_CURVE('',#9958,#9991,#9999,.T.);
#9999 = B_SPLINE_CURVE_WITH_KNOTS('',4,(#10000,#10001,#10002,#10003,
    #10004,#10005,#10006,#10007),.UNSPECIFIED.,.F.,.F.,(5,3,5),(0.,
    0.267819241087,1.),.UNSPECIFIED.);
#10000 = CARTESIAN_POINT('',(-1.288499173256,-6.846947674419,0.));
#10001 = CARTESIAN_POINT('',(-1.301313682356,-6.846947674419,0.));
#10002 = CARTESIAN_POINT('',(-1.314029112371,-6.846292311931,0.));
#10003 = CARTESIAN_POINT('',(-1.326643517549,-6.844980751327,0.));
#10004 = CARTESIAN_POINT('',(-1.373360100335,-6.837634465788,0.));
#10005 = CARTESIAN_POINT('',(-1.406796780805,-6.827353270432,0.));
#10006 = CARTESIAN_POINT('',(-1.439428557527,-6.812175818903,0.));
#10007 = CARTESIAN_POINT('',(-1.471229914535,-6.792169331395,0.));
#10008 = ORIENTED_EDGE('',*,*,#9957,.F.);
#10009 = SURFACE_OF_LINEAR_EXTRUSION('',#10010,#10014);
#10010 = B_SPLINE_CURVE_WITH_KNOTS('',2,(#10011,#10012,#10013),
  .UNSPECIFIED.,.F.,.F.,(3,3),(0.,1.),.PIECEWISE_BEZIER_KNOTS.);
#10011 = CARTESIAN_POINT('',(-1.471229914535,-6.792169331395,-0.2));
#10012 = CARTESIAN_POINT('',(-1.384156876744,-6.846947674419,-0.2));
#10013 = CARTESIAN_POINT('',(-1.288499173256,-6.846947674419,-0.2));
#10014 = VECTOR('',#10015,1.);
#10015 = DIRECTION('',(-0.,-0.,-1.));
#10016 = ADVANCED_FACE('',(#10017),#10033,.F.);
#10017 = FACE_BOUND('',#10018,.F.);
#10018 = EDGE_LOOP('',(#10019,#10020,#10021,#10032));
#10019 = ORIENTED_EDGE('',*,*,#9171,.F.);
#10020 = ORIENTED_EDGE('',*,*,#9783,.T.);
#10021 = ORIENTED_EDGE('',*,*,#10022,.F.);
#10022 = EDGE_CURVE('',#9991,#9771,#10023,.T.);
#10023 = B_SPLINE_CURVE_WITH_KNOTS('',4,(#10024,#10025,#10026,#10027,
    #10028,#10029,#10030,#10031),.UNSPECIFIED.,.F.,.F.,(5,3,5),(0.,
    0.159767190259,1.),.UNSPECIFIED.);
#10024 = CARTESIAN_POINT('',(-1.471229914535,-6.792169331395,0.));
#10025 = CARTESIAN_POINT('',(-1.478194865799,-6.787781085106,0.));
#10026 = CARTESIAN_POINT('',(-1.484996104077,-6.783179886825,0.));
#10027 = CARTESIAN_POINT('',(-1.491633082045,-6.778365898308,0.));
#10028 = CARTESIAN_POINT('',(-1.532143887772,-6.746904804043,0.));
#10029 = CARTESIAN_POINT('',(-1.561627669529,-6.714593485835,0.));
#10030 = CARTESIAN_POINT('',(-1.586495612045,-6.676454921995,0.));
#10031 = CARTESIAN_POINT('',(-1.606785873837,-6.63265806686,0.));
#10032 = ORIENTED_EDGE('',*,*,#9990,.F.);
#10033 = SURFACE_OF_LINEAR_EXTRUSION('',#10034,#10038);
#10034 = B_SPLINE_CURVE_WITH_KNOTS('',2,(#10035,#10036,#10037),
  .UNSPECIFIED.,.F.,.F.,(3,3),(0.,1.),.PIECEWISE_BEZIER_KNOTS.);
#10035 = CARTESIAN_POINT('',(-1.606785873837,-6.63265806686,-0.2));
#10036 = CARTESIAN_POINT('',(-1.558302952326,-6.737309229651,-0.2));
#10037 = CARTESIAN_POINT('',(-1.471229914535,-6.792169331395,-0.2));
#10038 = VECTOR('',#10039,1.);
#10039 = DIRECTION('',(-0.,-0.,-1.));
#10040 = ADVANCED_FACE('',(#10041),#10071,.F.);
#10041 = FACE_BOUND('',#10042,.F.);
#10042 = EDGE_LOOP('',(#10043,#10044,#10052,#10065));
#10043 = ORIENTED_EDGE('',*,*,#9211,.F.);
#10044 = ORIENTED_EDGE('',*,*,#10045,.T.);
#10045 = EDGE_CURVE('',#9212,#10046,#10048,.T.);
#10046 = VERTEX_POINT('',#10047);
#10047 = CARTESIAN_POINT('',(-0.275263344767,-6.110465116279,0.));
#10048 = LINE('',#10049,#10050);
#10049 = CARTESIAN_POINT('',(-0.275263344767,-6.110465116279,-0.2));
#10050 = VECTOR('',#10051,1.);
#10051 = DIRECTION('',(0.,0.,1.));
#10052 = ORIENTED_EDGE('',*,*,#10053,.F.);
#10053 = EDGE_CURVE('',#10054,#10046,#10056,.T.);
#10054 = VERTEX_POINT('',#10055);
#10055 = CARTESIAN_POINT('',(-0.171675045349,-6.70027252907,0.));
#10056 = B_SPLINE_CURVE_WITH_KNOTS('',7,(#10057,#10058,#10059,#10060,
    #10061,#10062,#10063,#10064),.UNSPECIFIED.,.F.,.F.,(8,8),(0.,1.),
  .PIECEWISE_BEZIER_KNOTS.);
#10057 = CARTESIAN_POINT('',(-0.171675045349,-6.70027252907,0.));
#10058 = CARTESIAN_POINT('',(-0.204481083579,-6.653821043209,0.));
#10059 = CARTESIAN_POINT('',(-0.230472688044,-6.591091874424,0.));
#10060 = CARTESIAN_POINT('',(-0.249801370761,-6.514018542955,0.));
#10061 = CARTESIAN_POINT('',(-0.263196215447,-6.425288717298,0.));
#10062 = CARTESIAN_POINT('',(-0.27143859274,-6.327296961654,0.));
#10063 = CARTESIAN_POINT('',(-0.275263344767,-6.221948999895,0.));
#10064 = CARTESIAN_POINT('',(-0.275263344767,-6.110465116279,0.));
#10065 = ORIENTED_EDGE('',*,*,#10066,.F.);
#10066 = EDGE_CURVE('',#9214,#10054,#10067,.T.);
#10067 = LINE('',#10068,#10069);
#10068 = CARTESIAN_POINT('',(-0.171675045349,-6.70027252907,-0.2));
#10069 = VECTOR('',#10070,1.);
#10070 = DIRECTION('',(0.,0.,1.));
#10071 = SURFACE_OF_LINEAR_EXTRUSION('',#10072,#10076);
#10072 = B_SPLINE_CURVE_WITH_KNOTS('',2,(#10073,#10074,#10075),
  .UNSPECIFIED.,.F.,.F.,(3,3),(0.,1.),.PIECEWISE_BEZIER_KNOTS.);
#10073 = CARTESIAN_POINT('',(-0.275263344767,-6.110465116279,-0.2));
#10074 = CARTESIAN_POINT('',(-0.275263344767,-6.553597383721,-0.2));
#10075 = CARTESIAN_POINT('',(-0.171675045349,-6.70027252907,-0.2));
#10076 = VECTOR('',#10077,1.);
#10077 = DIRECTION('',(-0.,-0.,-1.));
#10078 = ADVANCED_FACE('',(#10079),#10102,.F.);
#10079 = FACE_BOUND('',#10080,.F.);
#10080 = EDGE_LOOP('',(#10081,#10082,#10090,#10101));
#10081 = ORIENTED_EDGE('',*,*,#9221,.F.);
#10082 = ORIENTED_EDGE('',*,*,#10083,.T.);
#10083 = EDGE_CURVE('',#9222,#10084,#10086,.T.);
#10084 = VERTEX_POINT('',#10085);
#10085 = CARTESIAN_POINT('',(-0.16120992907,-5.502834302326,0.));
#10086 = LINE('',#10087,#10088);
#10087 = CARTESIAN_POINT('',(-0.16120992907,-5.502834302326,-0.2));
#10088 = VECTOR('',#10089,1.);
#10089 = DIRECTION('',(0.,0.,1.));
#10090 = ORIENTED_EDGE('',*,*,#10091,.F.);
#10091 = EDGE_CURVE('',#10046,#10084,#10092,.T.);
#10092 = B_SPLINE_CURVE_WITH_KNOTS('',7,(#10093,#10094,#10095,#10096,
    #10097,#10098,#10099,#10100),.UNSPECIFIED.,.F.,.F.,(8,8),(0.,1.),
  .PIECEWISE_BEZIER_KNOTS.);
#10093 = CARTESIAN_POINT('',(-0.275263344767,-6.110465116279,0.));
#10094 = CARTESIAN_POINT('',(-0.275263344767,-5.998108281034,0.));
#10095 = CARTESIAN_POINT('',(-0.270986042421,-5.891606861992,0.));
#10096 = CARTESIAN_POINT('',(-0.26180275494,-5.7921026759,0.));
#10097 = CARTESIAN_POINT('',(-0.2469519658,-5.701311380976,0.));
#10098 = CARTESIAN_POINT('',(-0.225632011804,-5.621362723215,0.));
#10099 = CARTESIAN_POINT('',(-0.197111150362,-5.554614415043,0.));
#10100 = CARTESIAN_POINT('',(-0.16120992907,-5.502834302326,0.));
#10101 = ORIENTED_EDGE('',*,*,#10045,.F.);
#10102 = SURFACE_OF_LINEAR_EXTRUSION('',#10103,#10107);
#10103 = B_SPLINE_CURVE_WITH_KNOTS('',2,(#10104,#10105,#10106),
  .UNSPECIFIED.,.F.,.F.,(3,3),(0.,1.),.PIECEWISE_BEZIER_KNOTS.);
#10104 = CARTESIAN_POINT('',(-0.16120992907,-5.502834302326,-0.2));
#10105 = CARTESIAN_POINT('',(-0.275263344767,-5.667332848837,-0.2));
#10106 = CARTESIAN_POINT('',(-0.275263344767,-6.110465116279,-0.2));
#10107 = VECTOR('',#10108,1.);
#10108 = DIRECTION('',(-0.,-0.,-1.));
#10109 = ADVANCED_FACE('',(#10110),#10135,.F.);
#10110 = FACE_BOUND('',#10111,.F.);
#10111 = EDGE_LOOP('',(#10112,#10113,#10121,#10134));
#10112 = ORIENTED_EDGE('',*,*,#9229,.F.);
#10113 = ORIENTED_EDGE('',*,*,#10114,.T.);
#10114 = EDGE_CURVE('',#9230,#10115,#10117,.T.);
#10115 = VERTEX_POINT('',#10116);
#10116 = CARTESIAN_POINT('',(8.161347209302E-02,-5.37398255814,0.));
#10117 = LINE('',#10118,#10119);
#10118 = CARTESIAN_POINT('',(8.161347209302E-02,-5.37398255814,-0.2));
#10119 = VECTOR('',#10120,1.);
#10120 = DIRECTION('',(0.,0.,1.));
#10121 = ORIENTED_EDGE('',*,*,#10122,.F.);
#10122 = EDGE_CURVE('',#10084,#10115,#10123,.T.);
#10123 = B_SPLINE_CURVE_WITH_KNOTS('',5,(#10124,#10125,#10126,#10127,
    #10128,#10129,#10130,#10131,#10132,#10133),.UNSPECIFIED.,.F.,.F.,(6,
    4,6),(0.,0.543257773437,1.),.UNSPECIFIED.);
#10124 = CARTESIAN_POINT('',(-0.16120992907,-5.502834302326,0.));
#10125 = CARTESIAN_POINT('',(-0.141642437762,-5.475051990343,0.));
#10126 = CARTESIAN_POINT('',(-0.120186974954,-5.450862682275,0.));
#10127 = CARTESIAN_POINT('',(-9.683791060858E-02,-5.430394763514,0.));
#10128 = CARTESIAN_POINT('',(-7.161584742479E-02,-5.41373014194,0.));
#10129 = CARTESIAN_POINT('',(-2.183718756839E-02,-5.390100427822,0.));
#10130 = CARTESIAN_POINT('',(2.186361345386E-03,-5.38201323844,0.));
#10131 = CARTESIAN_POINT('',(2.746633821761E-02,-5.376645359392,0.));
#10132 = CARTESIAN_POINT('',(5.396010129597E-02,-5.37398255814,0.));
#10133 = CARTESIAN_POINT('',(8.161347209302E-02,-5.37398255814,0.));
#10134 = ORIENTED_EDGE('',*,*,#10083,.F.);
#10135 = SURFACE_OF_LINEAR_EXTRUSION('',#10136,#10140);
#10136 = B_SPLINE_CURVE_WITH_KNOTS('',2,(#10137,#10138,#10139),
  .UNSPECIFIED.,.F.,.F.,(3,3),(0.,1.),.PIECEWISE_BEZIER_KNOTS.);
#10137 = CARTESIAN_POINT('',(8.161347209302E-02,-5.37398255814,-0.2));
#10138 = CARTESIAN_POINT('',(-7.045774883721E-02,-5.37398255814,-0.2));
#10139 = CARTESIAN_POINT('',(-0.16120992907,-5.502834302326,-0.2));
#10140 = VECTOR('',#10141,1.);
#10141 = DIRECTION('',(-0.,-0.,-1.));
#10142 = ADVANCED_FACE('',(#10143),#10168,.F.);
#10143 = FACE_BOUND('',#10144,.F.);
#10144 = EDGE_LOOP('',(#10145,#10146,#10154,#10167));
#10145 = ORIENTED_EDGE('',*,*,#9237,.F.);
#10146 = ORIENTED_EDGE('',*,*,#10147,.T.);
#10147 = EDGE_CURVE('',#9238,#10148,#10150,.T.);
#10148 = VERTEX_POINT('',#10149);
#10149 = CARTESIAN_POINT('',(0.33972575407,-5.520085392442,0.));
#10150 = LINE('',#10151,#10152);
#10151 = CARTESIAN_POINT('',(0.33972575407,-5.520085392442,-0.2));
#10152 = VECTOR('',#10153,1.);
#10153 = DIRECTION('',(0.,0.,1.));
#10154 = ORIENTED_EDGE('',*,*,#10155,.F.);
#10155 = EDGE_CURVE('',#10115,#10148,#10156,.T.);
#10156 = B_SPLINE_CURVE_WITH_KNOTS('',5,(#10157,#10158,#10159,#10160,
    #10161,#10162,#10163,#10164,#10165,#10166),.UNSPECIFIED.,.F.,.F.,(6,
    4,6),(0.,0.32889809283,1.),.UNSPECIFIED.);
#10157 = CARTESIAN_POINT('',(8.161347209302E-02,-5.37398255814,0.));
#10158 = CARTESIAN_POINT('',(0.101946138806,-5.37398255814,0.));
#10159 = CARTESIAN_POINT('',(0.121775765875,-5.375563526263,0.));
#10160 = CARTESIAN_POINT('',(0.141081434617,-5.37874061603,0.));
#10161 = CARTESIAN_POINT('',(0.159845262808,-5.383518857404,0.));
#10162 = CARTESIAN_POINT('',(0.215203266629,-5.402899630751,0.));
#10163 = CARTESIAN_POINT('',(0.250038690352,-5.422551803535,0.));
#10164 = CARTESIAN_POINT('',(0.282427874148,-5.44880508571,0.));
#10165 = CARTESIAN_POINT('',(0.312320776775,-5.481432910654,0.));
#10166 = CARTESIAN_POINT('',(0.33972575407,-5.520085392442,0.));
#10167 = ORIENTED_EDGE('',*,*,#10114,.F.);
#10168 = SURFACE_OF_LINEAR_EXTRUSION('',#10169,#10173);
#10169 = B_SPLINE_CURVE_WITH_KNOTS('',2,(#10170,#10171,#10172),
  .UNSPECIFIED.,.F.,.F.,(3,3),(0.,1.),.PIECEWISE_BEZIER_KNOTS.);
#10170 = CARTESIAN_POINT('',(0.33972575407,-5.520085392442,-0.2));
#10171 = CARTESIAN_POINT('',(0.236137454651,-5.37398255814,-0.2));
#10172 = CARTESIAN_POINT('',(8.161347209302E-02,-5.37398255814,-0.2));
#10173 = VECTOR('',#10174,1.);
#10174 = DIRECTION('',(-0.,-0.,-1.));
#10175 = ADVANCED_FACE('',(#10176),#10199,.F.);
#10176 = FACE_BOUND('',#10177,.F.);
#10177 = EDGE_LOOP('',(#10178,#10179,#10187,#10198));
#10178 = ORIENTED_EDGE('',*,*,#9245,.F.);
#10179 = ORIENTED_EDGE('',*,*,#10180,.T.);
#10180 = EDGE_CURVE('',#9246,#10181,#10183,.T.);
#10181 = VERTEX_POINT('',#10182);
#10182 = CARTESIAN_POINT('',(0.443395812209,-6.110465116279,0.));
#10183 = LINE('',#10184,#10185);
#10184 = CARTESIAN_POINT('',(0.443395812209,-6.110465116279,-0.2));
#10185 = VECTOR('',#10186,1.);
#10186 = DIRECTION('',(0.,0.,1.));
#10187 = ORIENTED_EDGE('',*,*,#10188,.F.);
#10188 = EDGE_CURVE('',#10148,#10181,#10189,.T.);
#10189 = B_SPLINE_CURVE_WITH_KNOTS('',7,(#10190,#10191,#10192,#10193,
    #10194,#10195,#10196,#10197),.UNSPECIFIED.,.F.,.F.,(8,8),(0.,1.),
  .PIECEWISE_BEZIER_KNOTS.);
#10190 = CARTESIAN_POINT('',(0.33972575407,-5.520085392442,0.));
#10191 = CARTESIAN_POINT('',(0.372580063272,-5.56636125698,0.));
#10192 = CARTESIAN_POINT('',(0.398602104073,-5.629047511322,0.));
#10193 = CARTESIAN_POINT('',(0.417941939357,-5.706187984481,0.));
#10194 = CARTESIAN_POINT('',(0.43133679706,-5.79505513243,0.));
#10195 = CARTESIAN_POINT('',(0.439574681704,-5.893224319597,0.));
#10196 = CARTESIAN_POINT('',(0.443395812209,-5.998769804722,0.));
#10197 = CARTESIAN_POINT('',(0.443395812209,-6.110465116279,0.));
#10198 = ORIENTED_EDGE('',*,*,#10147,.F.);
#10199 = SURFACE_OF_LINEAR_EXTRUSION('',#10200,#10204);
#10200 = B_SPLINE_CURVE_WITH_KNOTS('',2,(#10201,#10202,#10203),
  .UNSPECIFIED.,.F.,.F.,(3,3),(0.,1.),.PIECEWISE_BEZIER_KNOTS.);
#10201 = CARTESIAN_POINT('',(0.443395812209,-6.110465116279,-0.2));
#10202 = CARTESIAN_POINT('',(0.443395812209,-5.666106468023,-0.2));
#10203 = CARTESIAN_POINT('',(0.33972575407,-5.520085392442,-0.2));
#10204 = VECTOR('',#10205,1.);
#10205 = DIRECTION('',(-0.,-0.,-1.));
#10206 = ADVANCED_FACE('',(#10207),#10230,.F.);
#10207 = FACE_BOUND('',#10208,.F.);
#10208 = EDGE_LOOP('',(#10209,#10210,#10218,#10229));
#10209 = ORIENTED_EDGE('',*,*,#9253,.F.);
#10210 = ORIENTED_EDGE('',*,*,#10211,.T.);
#10211 = EDGE_CURVE('',#9254,#10212,#10214,.T.);
#10212 = VERTEX_POINT('',#10213);
#10213 = CARTESIAN_POINT('',(0.33972575407,-6.699700218023,0.));
#10214 = LINE('',#10215,#10216);
#10215 = CARTESIAN_POINT('',(0.33972575407,-6.699700218023,-0.2));
#10216 = VECTOR('',#10217,1.);
#10217 = DIRECTION('',(0.,0.,1.));
#10218 = ORIENTED_EDGE('',*,*,#10219,.F.);
#10219 = EDGE_CURVE('',#10181,#10212,#10220,.T.);
#10220 = B_SPLINE_CURVE_WITH_KNOTS('',7,(#10221,#10222,#10223,#10224,
    #10225,#10226,#10227,#10228),.UNSPECIFIED.,.F.,.F.,(8,8),(0.,1.),
  .PIECEWISE_BEZIER_KNOTS.);
#10221 = CARTESIAN_POINT('',(0.443395812209,-6.110465116279,0.));
#10222 = CARTESIAN_POINT('',(0.443395812209,-6.22173894057,0.));
#10223 = CARTESIAN_POINT('',(0.43956126416,-6.326890988373,0.));
#10224 = CARTESIAN_POINT('',(0.431301071501,-6.424706721633,0.));
#10225 = CARTESIAN_POINT('',(0.41788463076,-6.513299839746,0.));
#10226 = CARTESIAN_POINT('',(0.398536133066,-6.59030536118,0.));
#10227 = CARTESIAN_POINT('',(0.372533910099,-6.653075377988,0.));
#10228 = CARTESIAN_POINT('',(0.33972575407,-6.699700218023,0.));
#10229 = ORIENTED_EDGE('',*,*,#10180,.F.);
#10230 = SURFACE_OF_LINEAR_EXTRUSION('',#10231,#10235);
#10231 = B_SPLINE_CURVE_WITH_KNOTS('',2,(#10232,#10233,#10234),
  .UNSPECIFIED.,.F.,.F.,(3,3),(0.,1.),.PIECEWISE_BEZIER_KNOTS.);
#10232 = CARTESIAN_POINT('',(0.33972575407,-6.699700218023,-0.2));
#10233 = CARTESIAN_POINT('',(0.443395812209,-6.552371002907,-0.2));
#10234 = CARTESIAN_POINT('',(0.443395812209,-6.110465116279,-0.2));
#10235 = VECTOR('',#10236,1.);
#10236 = DIRECTION('',(-0.,-0.,-1.));
#10237 = ADVANCED_FACE('',(#10238),#10263,.F.);
#10238 = FACE_BOUND('',#10239,.F.);
#10239 = EDGE_LOOP('',(#10240,#10241,#10249,#10262));
#10240 = ORIENTED_EDGE('',*,*,#9261,.F.);
#10241 = ORIENTED_EDGE('',*,*,#10242,.T.);
#10242 = EDGE_CURVE('',#9262,#10243,#10245,.T.);
#10243 = VERTEX_POINT('',#10244);
#10244 = CARTESIAN_POINT('',(8.406623372093E-02,-6.846947674419,0.));
#10245 = LINE('',#10246,#10247);
#10246 = CARTESIAN_POINT('',(8.406623372093E-02,-6.846947674419,-0.2));
#10247 = VECTOR('',#10248,1.);
#10248 = DIRECTION('',(0.,0.,1.));
#10249 = ORIENTED_EDGE('',*,*,#10250,.F.);
#10250 = EDGE_CURVE('',#10212,#10243,#10251,.T.);
#10251 = B_SPLINE_CURVE_WITH_KNOTS('',5,(#10252,#10253,#10254,#10255,
    #10256,#10257,#10258,#10259,#10260,#10261),.UNSPECIFIED.,.F.,.F.,(6,
    4,6),(0.,0.694198380472,1.),.UNSPECIFIED.);
#10252 = CARTESIAN_POINT('',(0.33972575407,-6.699700218023,0.));
#10253 = CARTESIAN_POINT('',(0.31140615997,-6.739955615792,0.));
#10254 = CARTESIAN_POINT('',(0.28053439571,-6.773741298371,0.));
#10255 = CARTESIAN_POINT('',(0.247102103148,-6.800659078378,0.));
#10256 = CARTESIAN_POINT('',(0.211164868646,-6.820450573805,0.));
#10257 = CARTESIAN_POINT('',(0.155998545559,-6.838628627011,0.));
#10258 = CARTESIAN_POINT('',(0.138670299802,-6.842795849571,0.));
#10259 = CARTESIAN_POINT('',(0.120895709716,-6.845567580723,0.));
#10260 = CARTESIAN_POINT('',(0.102688912831,-6.846947674419,0.));
#10261 = CARTESIAN_POINT('',(8.406623372093E-02,-6.846947674419,0.));
#10262 = ORIENTED_EDGE('',*,*,#10211,.F.);
#10263 = SURFACE_OF_LINEAR_EXTRUSION('',#10264,#10268);
#10264 = B_SPLINE_CURVE_WITH_KNOTS('',2,(#10265,#10266,#10267),
  .UNSPECIFIED.,.F.,.F.,(3,3),(0.,1.),.PIECEWISE_BEZIER_KNOTS.);
#10265 = CARTESIAN_POINT('',(8.406623372093E-02,-6.846947674419,-0.2));
#10266 = CARTESIAN_POINT('',(0.236137454651,-6.846947674419,-0.2));
#10267 = CARTESIAN_POINT('',(0.33972575407,-6.699700218023,-0.2));
#10268 = VECTOR('',#10269,1.);
#10269 = DIRECTION('',(-0.,-0.,-1.));
#10270 = ADVANCED_FACE('',(#10271),#10289,.F.);
#10271 = FACE_BOUND('',#10272,.F.);
#10272 = EDGE_LOOP('',(#10273,#10274,#10275,#10288));
#10273 = ORIENTED_EDGE('',*,*,#9269,.F.);
#10274 = ORIENTED_EDGE('',*,*,#10066,.T.);
#10275 = ORIENTED_EDGE('',*,*,#10276,.F.);
#10276 = EDGE_CURVE('',#10243,#10054,#10277,.T.);
#10277 = B_SPLINE_CURVE_WITH_KNOTS('',5,(#10278,#10279,#10280,#10281,
    #10282,#10283,#10284,#10285,#10286,#10287),.UNSPECIFIED.,.F.,.F.,(6,
    4,6),(0.,0.30781586118,1.),.UNSPECIFIED.);
#10278 = CARTESIAN_POINT('',(8.406623372093E-02,-6.846947674419,0.));
#10279 = CARTESIAN_POINT('',(6.532246359745E-02,-6.846947674419,0.));
#10280 = CARTESIAN_POINT('',(4.699929080779E-02,-6.845555009025,0.));
#10281 = CARTESIAN_POINT('',(2.911325312969E-02,-6.842757972635,0.));
#10282 = CARTESIAN_POINT('',(1.167866361916E-02,-6.838552663729,0.));
#10283 = CARTESIAN_POINT('',(-4.34551197527E-02,-6.820328525304,0.));
#10284 = CARTESIAN_POINT('',(-7.927645911844E-02,-6.800612036918,0.));
#10285 = CARTESIAN_POINT('',(-0.112613154775,-6.773839049265,0.));
#10286 = CARTESIAN_POINT('',(-0.143410128997,-6.7402624817,0.));
#10287 = CARTESIAN_POINT('',(-0.171675045349,-6.70027252907,0.));
#10288 = ORIENTED_EDGE('',*,*,#10242,.F.);
#10289 = SURFACE_OF_LINEAR_EXTRUSION('',#10290,#10294);
#10290 = B_SPLINE_CURVE_WITH_KNOTS('',2,(#10291,#10292,#10293),
  .UNSPECIFIED.,.F.,.F.,(3,3),(0.,1.),.PIECEWISE_BEZIER_KNOTS.);
#10291 = CARTESIAN_POINT('',(-0.171675045349,-6.70027252907,-0.2));
#10292 = CARTESIAN_POINT('',(-6.80049872093E-02,-6.846947674419,-0.2));
#10293 = CARTESIAN_POINT('',(8.406623372093E-02,-6.846947674419,-0.2));
#10294 = VECTOR('',#10295,1.);
#10295 = DIRECTION('',(-0.,-0.,-1.));
#10296 = ADVANCED_FACE('',(#10297),#10322,.F.);
#10297 = FACE_BOUND('',#10298,.F.);
#10298 = EDGE_LOOP('',(#10299,#10307,#10308,#10316));
#10299 = ORIENTED_EDGE('',*,*,#10300,.T.);
#10300 = EDGE_CURVE('',#10301,#9330,#10303,.T.);
#10301 = VERTEX_POINT('',#10302);
#10302 = CARTESIAN_POINT('',(-6.7,3.,0.));
#10303 = LINE('',#10304,#10305);
#10304 = CARTESIAN_POINT('',(-6.7,3.,0.));
#10305 = VECTOR('',#10306,1.);
#10306 = DIRECTION('',(-0.,-0.,-1.));
#10307 = ORIENTED_EDGE('',*,*,#9329,.T.);
#10308 = ORIENTED_EDGE('',*,*,#10309,.F.);
#10309 = EDGE_CURVE('',#10310,#9332,#10312,.T.);
#10310 = VERTEX_POINT('',#10311);
#10311 = CARTESIAN_POINT('',(-1.,3.,0.));
#10312 = LINE('',#10313,#10314);
#10313 = CARTESIAN_POINT('',(-1.,3.,0.));
#10314 = VECTOR('',#10315,1.);
#10315 = DIRECTION('',(-0.,-0.,-1.));
#10316 = ORIENTED_EDGE('',*,*,#10317,.F.);
#10317 = EDGE_CURVE('',#10301,#10310,#10318,.T.);
#10318 = LINE('',#10319,#10320);
#10319 = CARTESIAN_POINT('',(-6.7,3.,0.));
#10320 = VECTOR('',#10321,1.);
#10321 = DIRECTION('',(1.,0.,0.));
#10322 = PLANE('',#10323);
#10323 = AXIS2_PLACEMENT_3D('',#10324,#10325,#10326);
#10324 = CARTESIAN_POINT('',(-6.7,3.,0.));
#10325 = DIRECTION('',(0.,-1.,0.));
#10326 = DIRECTION('',(1.,0.,0.));
#10327 = ADVANCED_FACE('',(#10328),#10346,.F.);
#10328 = FACE_BOUND('',#10329,.F.);
#10329 = EDGE_LOOP('',(#10330,#10331,#10332,#10340));
#10330 = ORIENTED_EDGE('',*,*,#10309,.T.);
#10331 = ORIENTED_EDGE('',*,*,#9339,.T.);
#10332 = ORIENTED_EDGE('',*,*,#10333,.F.);
#10333 = EDGE_CURVE('',#10334,#9340,#10336,.T.);
#10334 = VERTEX_POINT('',#10335);
#10335 = CARTESIAN_POINT('',(-1.,1.8,0.));
#10336 = LINE('',#10337,#10338);
#10337 = CARTESIAN_POINT('',(-1.,1.8,0.));
#10338 = VECTOR('',#10339,1.);
#10339 = DIRECTION('',(-0.,-0.,-1.));
#10340 = ORIENTED_EDGE('',*,*,#10341,.F.);
#10341 = EDGE_CURVE('',#10310,#10334,#10342,.T.);
#10342 = LINE('',#10343,#10344);
#10343 = CARTESIAN_POINT('',(-1.,3.,0.));
#10344 = VECTOR('',#10345,1.);
#10345 = DIRECTION('',(0.,-1.,0.));
#10346 = PLANE('',#10347);
#10347 = AXIS2_PLACEMENT_3D('',#10348,#10349,#10350);
#10348 = CARTESIAN_POINT('',(-1.,3.,0.));
#10349 = DIRECTION('',(-1.,0.,0.));
#10350 = DIRECTION('',(0.,-1.,0.));
#10351 = ADVANCED_FACE('',(#10352),#10370,.F.);
#10352 = FACE_BOUND('',#10353,.F.);
#10353 = EDGE_LOOP('',(#10354,#10355,#10356,#10364));
#10354 = ORIENTED_EDGE('',*,*,#10333,.T.);
#10355 = ORIENTED_EDGE('',*,*,#9347,.T.);
#10356 = ORIENTED_EDGE('',*,*,#10357,.F.);
#10357 = EDGE_CURVE('',#10358,#9348,#10360,.T.);
#10358 = VERTEX_POINT('',#10359);
#10359 = CARTESIAN_POINT('',(1.,1.8,0.));
#10360 = LINE('',#10361,#10362);
#10361 = CARTESIAN_POINT('',(1.,1.8,0.));
#10362 = VECTOR('',#10363,1.);
#10363 = DIRECTION('',(-0.,-0.,-1.));
#10364 = ORIENTED_EDGE('',*,*,#10365,.F.);
#10365 = EDGE_CURVE('',#10334,#10358,#10366,.T.);
#10366 = LINE('',#10367,#10368);
#10367 = CARTESIAN_POINT('',(-1.,1.8,0.));
#10368 = VECTOR('',#10369,1.);
#10369 = DIRECTION('',(1.,0.,0.));
#10370 = PLANE('',#10371);
#10371 = AXIS2_PLACEMENT_3D('',#10372,#10373,#10374);
#10372 = CARTESIAN_POINT('',(-1.,1.8,0.));
#10373 = DIRECTION('',(0.,-1.,0.));
#10374 = DIRECTION('',(1.,0.,0.));
#10375 = ADVANCED_FACE('',(#10376),#10394,.F.);
#10376 = FACE_BOUND('',#10377,.F.);
#10377 = EDGE_LOOP('',(#10378,#10379,#10380,#10388));
#10378 = ORIENTED_EDGE('',*,*,#10357,.T.);
#10379 = ORIENTED_EDGE('',*,*,#9355,.T.);
#10380 = ORIENTED_EDGE('',*,*,#10381,.F.);
#10381 = EDGE_CURVE('',#10382,#9356,#10384,.T.);
#10382 = VERTEX_POINT('',#10383);
#10383 = CARTESIAN_POINT('',(1.,3.,0.));
#10384 = LINE('',#10385,#10386);
#10385 = CARTESIAN_POINT('',(1.,3.,0.));
#10386 = VECTOR('',#10387,1.);
#10387 = DIRECTION('',(-0.,-0.,-1.));
#10388 = ORIENTED_EDGE('',*,*,#10389,.F.);
#10389 = EDGE_CURVE('',#10358,#10382,#10390,.T.);
#10390 = LINE('',#10391,#10392);
#10391 = CARTESIAN_POINT('',(1.,1.8,0.));
#10392 = VECTOR('',#10393,1.);
#10393 = DIRECTION('',(0.,1.,0.));
#10394 = PLANE('',#10395);
#10395 = AXIS2_PLACEMENT_3D('',#10396,#10397,#10398);
#10396 = CARTESIAN_POINT('',(1.,1.8,0.));
#10397 = DIRECTION('',(1.,0.,0.));
#10398 = DIRECTION('',(0.,1.,0.));
#10399 = ADVANCED_FACE('',(#10400),#10418,.F.);
#10400 = FACE_BOUND('',#10401,.F.);
#10401 = EDGE_LOOP('',(#10402,#10403,#10404,#10412));
#10402 = ORIENTED_EDGE('',*,*,#10381,.T.);
#10403 = ORIENTED_EDGE('',*,*,#9363,.T.);
#10404 = ORIENTED_EDGE('',*,*,#10405,.F.);
#10405 = EDGE_CURVE('',#10406,#9364,#10408,.T.);
#10406 = VERTEX_POINT('',#10407);
#10407 = CARTESIAN_POINT('',(3.6,3.,0.));
#10408 = LINE('',#10409,#10410);
#10409 = CARTESIAN_POINT('',(3.6,3.,0.));
#10410 = VECTOR('',#10411,1.);
#10411 = DIRECTION('',(-0.,-0.,-1.));
#10412 = ORIENTED_EDGE('',*,*,#10413,.F.);
#10413 = EDGE_CURVE('',#10382,#10406,#10414,.T.);
#10414 = LINE('',#10415,#10416);
#10415 = CARTESIAN_POINT('',(1.,3.,0.));
#10416 = VECTOR('',#10417,1.);
#10417 = DIRECTION('',(1.,0.,0.));
#10418 = PLANE('',#10419);
#10419 = AXIS2_PLACEMENT_3D('',#10420,#10421,#10422);
#10420 = CARTESIAN_POINT('',(1.,3.,0.));
#10421 = DIRECTION('',(0.,-1.,0.));
#10422 = DIRECTION('',(1.,0.,0.));
#10423 = ADVANCED_FACE('',(#10424),#10443,.T.);
#10424 = FACE_BOUND('',#10425,.T.);
#10425 = EDGE_LOOP('',(#10426,#10434,#10435,#10436));
#10426 = ORIENTED_EDGE('',*,*,#10427,.T.);
#10427 = EDGE_CURVE('',#10428,#9372,#10430,.T.);
#10428 = VERTEX_POINT('',#10429);
#10429 = CARTESIAN_POINT('',(3.600000030605,-3.,0.));
#10430 = LINE('',#10431,#10432);
#10431 = CARTESIAN_POINT('',(3.600000030605,-3.,0.));
#10432 = VECTOR('',#10433,1.);
#10433 = DIRECTION('',(-0.,-0.,-1.));
#10434 = ORIENTED_EDGE('',*,*,#9371,.T.);
#10435 = ORIENTED_EDGE('',*,*,#10405,.F.);
#10436 = ORIENTED_EDGE('',*,*,#10437,.F.);
#10437 = EDGE_CURVE('',#10428,#10406,#10438,.T.);
#10438 = CIRCLE('',#10439,3.);
#10439 = AXIS2_PLACEMENT_3D('',#10440,#10441,#10442);
#10440 = CARTESIAN_POINT('',(3.6,-8.894960955187E-48,0.));
#10441 = DIRECTION('',(0.,0.,1.));
#10442 = DIRECTION('',(1.,0.,0.));
#10443 = CYLINDRICAL_SURFACE('',#10444,3.);
#10444 = AXIS2_PLACEMENT_3D('',#10445,#10446,#10447);
#10445 = CARTESIAN_POINT('',(3.6,-8.894960955187E-48,0.));
#10446 = DIRECTION('',(0.,0.,1.));
#10447 = DIRECTION('',(1.,0.,0.));
#10448 = ADVANCED_FACE('',(#10449),#10467,.T.);
#10449 = FACE_BOUND('',#10450,.T.);
#10450 = EDGE_LOOP('',(#10451,#10459,#10460,#10461));
#10451 = ORIENTED_EDGE('',*,*,#10452,.T.);
#10452 = EDGE_CURVE('',#10453,#9381,#10455,.T.);
#10453 = VERTEX_POINT('',#10454);
#10454 = CARTESIAN_POINT('',(-6.7,-3.,0.));
#10455 = LINE('',#10456,#10457);
#10456 = CARTESIAN_POINT('',(-6.7,-3.,0.));
#10457 = VECTOR('',#10458,1.);
#10458 = DIRECTION('',(-0.,-0.,-1.));
#10459 = ORIENTED_EDGE('',*,*,#9380,.T.);
#10460 = ORIENTED_EDGE('',*,*,#10427,.F.);
#10461 = ORIENTED_EDGE('',*,*,#10462,.F.);
#10462 = EDGE_CURVE('',#10453,#10428,#10463,.T.);
#10463 = LINE('',#10464,#10465);
#10464 = CARTESIAN_POINT('',(-6.7,-3.,0.));
#10465 = VECTOR('',#10466,1.);
#10466 = DIRECTION('',(1.,0.,0.));
#10467 = PLANE('',#10468);
#10468 = AXIS2_PLACEMENT_3D('',#10469,#10470,#10471);
#10469 = CARTESIAN_POINT('',(-6.7,-3.,0.));
#10470 = DIRECTION('',(0.,-1.,0.));
#10471 = DIRECTION('',(1.,0.,0.));
#10472 = ADVANCED_FACE('',(#10473),#10484,.T.);
#10473 = FACE_BOUND('',#10474,.T.);
#10474 = EDGE_LOOP('',(#10475,#10476,#10477,#10478));
#10475 = ORIENTED_EDGE('',*,*,#10300,.T.);
#10476 = ORIENTED_EDGE('',*,*,#9388,.T.);
#10477 = ORIENTED_EDGE('',*,*,#10452,.F.);
#10478 = ORIENTED_EDGE('',*,*,#10479,.F.);
#10479 = EDGE_CURVE('',#10301,#10453,#10480,.T.);
#10480 = LINE('',#10481,#10482);
#10481 = CARTESIAN_POINT('',(-6.7,3.,0.));
#10482 = VECTOR('',#10483,1.);
#10483 = DIRECTION('',(0.,-1.,0.));
#10484 = PLANE('',#10485);
#10485 = AXIS2_PLACEMENT_3D('',#10486,#10487,#10488);
#10486 = CARTESIAN_POINT('',(-6.7,3.,0.));
#10487 = DIRECTION('',(-1.,0.,0.));
#10488 = DIRECTION('',(0.,-1.,0.));
#10489 = ADVANCED_FACE('',(#10490),#10515,.F.);
#10490 = FACE_BOUND('',#10491,.F.);
#10491 = EDGE_LOOP('',(#10492,#10493,#10501,#10509));
#10492 = ORIENTED_EDGE('',*,*,#9412,.F.);
#10493 = ORIENTED_EDGE('',*,*,#10494,.T.);
#10494 = EDGE_CURVE('',#9413,#10495,#10497,.T.);
#10495 = VERTEX_POINT('',#10496);
#10496 = CARTESIAN_POINT('',(-3.431240815698,6.137790697674,0.));
#10497 = LINE('',#10498,#10499);
#10498 = CARTESIAN_POINT('',(-3.431240815698,6.137790697674,-0.2));
#10499 = VECTOR('',#10500,1.);
#10500 = DIRECTION('',(0.,0.,1.));
#10501 = ORIENTED_EDGE('',*,*,#10502,.F.);
#10502 = EDGE_CURVE('',#10503,#10495,#10505,.T.);
#10503 = VERTEX_POINT('',#10504);
#10504 = CARTESIAN_POINT('',(-2.821729551163,6.137790697674,0.));
#10505 = LINE('',#10506,#10507);
#10506 = CARTESIAN_POINT('',(-1.715620407849,6.137790697674,0.));
#10507 = VECTOR('',#10508,1.);
#10508 = DIRECTION('',(-1.,0.,0.));
#10509 = ORIENTED_EDGE('',*,*,#10510,.F.);
#10510 = EDGE_CURVE('',#9415,#10503,#10511,.T.);
#10511 = LINE('',#10512,#10513);
#10512 = CARTESIAN_POINT('',(-2.821729551163,6.137790697674,-0.2));
#10513 = VECTOR('',#10514,1.);
#10514 = DIRECTION('',(0.,0.,1.));
#10515 = PLANE('',#10516);
#10516 = AXIS2_PLACEMENT_3D('',#10517,#10518,#10519);
#10517 = CARTESIAN_POINT('',(-3.431240815698,6.137790697674,-0.2));
#10518 = DIRECTION('',(0.,1.,0.));
#10519 = DIRECTION('',(1.,0.,0.));
#10520 = ADVANCED_FACE('',(#10521),#10539,.F.);
#10521 = FACE_BOUND('',#10522,.F.);
#10522 = EDGE_LOOP('',(#10523,#10524,#10532,#10538));
#10523 = ORIENTED_EDGE('',*,*,#9422,.F.);
#10524 = ORIENTED_EDGE('',*,*,#10525,.T.);
#10525 = EDGE_CURVE('',#9423,#10526,#10528,.T.);
#10526 = VERTEX_POINT('',#10527);
#10527 = CARTESIAN_POINT('',(-3.233793504651,6.666687863372,0.));
#10528 = LINE('',#10529,#10530);
#10529 = CARTESIAN_POINT('',(-3.233793504651,6.666687863372,-0.2));
#10530 = VECTOR('',#10531,1.);
#10531 = DIRECTION('',(0.,0.,1.));
#10532 = ORIENTED_EDGE('',*,*,#10533,.F.);
#10533 = EDGE_CURVE('',#10495,#10526,#10534,.T.);
#10534 = LINE('',#10535,#10536);
#10535 = CARTESIAN_POINT('',(-4.128200877828,4.270861239321,0.));
#10536 = VECTOR('',#10537,1.);
#10537 = DIRECTION('',(0.349742302319,0.936845943562,-0.));
#10538 = ORIENTED_EDGE('',*,*,#10494,.F.);
#10539 = PLANE('',#10540);
#10540 = AXIS2_PLACEMENT_3D('',#10541,#10542,#10543);
#10541 = CARTESIAN_POINT('',(-3.233793504651,6.666687863372,-0.2));
#10542 = DIRECTION('',(0.936845943562,-0.349742302319,0.));
#10543 = DIRECTION('',(-0.349742302319,-0.936845943562,0.));
#10544 = ADVANCED_FACE('',(#10545),#10565,.F.);
#10545 = FACE_BOUND('',#10546,.F.);
#10546 = EDGE_LOOP('',(#10547,#10548,#10556,#10564));
#10547 = ORIENTED_EDGE('',*,*,#9430,.F.);
#10548 = ORIENTED_EDGE('',*,*,#10549,.T.);
#10549 = EDGE_CURVE('',#9431,#10550,#10552,.T.);
#10550 = VERTEX_POINT('',#10551);
#10551 = CARTESIAN_POINT('',(-3.136909420349,7.011137354651,0.));
#10552 = LINE('',#10553,#10554);
#10553 = CARTESIAN_POINT('',(-3.136909420349,7.011137354651,-0.2));
#10554 = VECTOR('',#10555,1.);
#10555 = DIRECTION('',(0.,0.,1.));
#10556 = ORIENTED_EDGE('',*,*,#10557,.F.);
#10557 = EDGE_CURVE('',#10526,#10550,#10558,.T.);
#10558 = B_SPLINE_CURVE_WITH_KNOTS('',4,(#10559,#10560,#10561,#10562,
    #10563),.UNSPECIFIED.,.F.,.F.,(5,5),(0.,1.),
  .PIECEWISE_BEZIER_KNOTS.);
#10559 = CARTESIAN_POINT('',(-3.233793504651,6.666687863372,0.));
#10560 = CARTESIAN_POINT('',(-3.202581146757,6.752042442085,0.));
#10561 = CARTESIAN_POINT('',(-3.176001921947,6.837926949154,0.));
#10562 = CARTESIAN_POINT('',(-3.154103890458,6.924305280599,0.));
#10563 = CARTESIAN_POINT('',(-3.136909420349,7.011137354651,0.));
#10564 = ORIENTED_EDGE('',*,*,#10525,.F.);
#10565 = SURFACE_OF_LINEAR_EXTRUSION('',#10566,#10570);
#10566 = B_SPLINE_CURVE_WITH_KNOTS('',2,(#10567,#10568,#10569),
  .UNSPECIFIED.,.F.,.F.,(3,3),(0.,1.),.PIECEWISE_BEZIER_KNOTS.);
#10567 = CARTESIAN_POINT('',(-3.136909420349,7.011137354651,-0.2));
#10568 = CARTESIAN_POINT('',(-3.17124808314,6.837727107558,-0.2));
#10569 = CARTESIAN_POINT('',(-3.233793504651,6.666687863372,-0.2));
#10570 = VECTOR('',#10571,1.);
#10571 = DIRECTION('',(-0.,-0.,-1.));
#10572 = ADVANCED_FACE('',(#10573),#10594,.F.);
#10573 = FACE_BOUND('',#10574,.F.);
#10574 = EDGE_LOOP('',(#10575,#10576,#10584,#10593));
#10575 = ORIENTED_EDGE('',*,*,#9438,.F.);
#10576 = ORIENTED_EDGE('',*,*,#10577,.T.);
#10577 = EDGE_CURVE('',#9439,#10578,#10580,.T.);
#10578 = VERTEX_POINT('',#10579);
#10579 = CARTESIAN_POINT('',(-3.009365815698,6.637172965116,0.));
#10580 = LINE('',#10581,#10582);
#10581 = CARTESIAN_POINT('',(-3.009365815698,6.637172965116,-0.2));
#10582 = VECTOR('',#10583,1.);
#10583 = DIRECTION('',(0.,0.,1.));
#10584 = ORIENTED_EDGE('',*,*,#10585,.F.);
#10585 = EDGE_CURVE('',#10550,#10578,#10586,.T.);
#10586 = B_SPLINE_CURVE_WITH_KNOTS('',5,(#10587,#10588,#10589,#10590,
    #10591,#10592),.UNSPECIFIED.,.F.,.F.,(6,6),(0.,1.),
  .PIECEWISE_BEZIER_KNOTS.);
#10587 = CARTESIAN_POINT('',(-3.136909420349,7.011137354651,0.));
#10588 = CARTESIAN_POINT('',(-3.119734480318,6.95085668278,0.));
#10589 = CARTESIAN_POINT('',(-3.098100267436,6.882738856267,0.));
#10590 = CARTESIAN_POINT('',(-3.072282217737,6.807344481187,0.));
#10591 = CARTESIAN_POINT('',(-3.042602159967,6.725296757922,0.));
#10592 = CARTESIAN_POINT('',(-3.009365815698,6.637172965116,0.));
#10593 = ORIENTED_EDGE('',*,*,#10549,.F.);
#10594 = SURFACE_OF_LINEAR_EXTRUSION('',#10595,#10599);
#10595 = B_SPLINE_CURVE_WITH_KNOTS('',2,(#10596,#10597,#10598),
  .UNSPECIFIED.,.F.,.F.,(3,3),(0.,1.),.PIECEWISE_BEZIER_KNOTS.);
#10596 = CARTESIAN_POINT('',(-3.009365815698,6.637172965116,-0.2));
#10597 = CARTESIAN_POINT('',(-3.095212472674,6.864789244186,-0.2));
#10598 = CARTESIAN_POINT('',(-3.136909420349,7.011137354651,-0.2));
#10599 = VECTOR('',#10600,1.);
#10600 = DIRECTION('',(-0.,-0.,-1.));
#10601 = ADVANCED_FACE('',(#10602),#10613,.F.);
#10602 = FACE_BOUND('',#10603,.F.);
#10603 = EDGE_LOOP('',(#10604,#10605,#10606,#10612));
#10604 = ORIENTED_EDGE('',*,*,#9446,.F.);
#10605 = ORIENTED_EDGE('',*,*,#10510,.T.);
#10606 = ORIENTED_EDGE('',*,*,#10607,.F.);
#10607 = EDGE_CURVE('',#10578,#10503,#10608,.T.);
#10608 = LINE('',#10609,#10610);
#10609 = CARTESIAN_POINT('',(-1.636743669075,2.984024350054,0.));
#10610 = VECTOR('',#10611,1.);
#10611 = DIRECTION('',(0.351728004219,-0.936102243907,0.));
#10612 = ORIENTED_EDGE('',*,*,#10577,.F.);
#10613 = PLANE('',#10614);
#10614 = AXIS2_PLACEMENT_3D('',#10615,#10616,#10617);
#10615 = CARTESIAN_POINT('',(-2.821729551163,6.137790697674,-0.2));
#10616 = DIRECTION('',(-0.936102243907,-0.351728004219,0.));
#10617 = DIRECTION('',(-0.351728004219,0.936102243907,0.));
#10618 = ADVANCED_FACE('',(#10619),#10647,.F.);
#10619 = FACE_BOUND('',#10620,.F.);
#10620 = EDGE_LOOP('',(#10621,#10622,#10630,#10641));
#10621 = ORIENTED_EDGE('',*,*,#9525,.F.);
#10622 = ORIENTED_EDGE('',*,*,#10623,.T.);
#10623 = EDGE_CURVE('',#9526,#10624,#10626,.T.);
#10624 = VERTEX_POINT('',#10625);
#10625 = CARTESIAN_POINT('',(0.818168704651,6.055377906977,0.));
#10626 = LINE('',#10627,#10628);
#10627 = CARTESIAN_POINT('',(0.818168704651,6.055377906977,-0.2));
#10628 = VECTOR('',#10629,1.);
#10629 = DIRECTION('',(0.,0.,1.));
#10630 = ORIENTED_EDGE('',*,*,#10631,.F.);
#10631 = EDGE_CURVE('',#10632,#10624,#10634,.T.);
#10632 = VERTEX_POINT('',#10633);
#10633 = CARTESIAN_POINT('',(0.457612745349,5.971084665698,0.));
#10634 = B_SPLINE_CURVE_WITH_KNOTS('',5,(#10635,#10636,#10637,#10638,
    #10639,#10640),.UNSPECIFIED.,.F.,.F.,(6,6),(0.,1.),
  .PIECEWISE_BEZIER_KNOTS.);
#10635 = CARTESIAN_POINT('',(0.457612745349,5.971084665698,0.));
#10636 = CARTESIAN_POINT('',(0.550012355081,5.984441752139,0.));
#10637 = CARTESIAN_POINT('',(0.633353348629,5.999460823944,0.));
#10638 = CARTESIAN_POINT('',(0.706557959439,6.01624714597,0.));
#10639 = CARTESIAN_POINT('',(0.768458796908,6.034885251132,0.));
#10640 = CARTESIAN_POINT('',(0.818168704651,6.055377906977,0.));
#10641 = ORIENTED_EDGE('',*,*,#10642,.F.);
#10642 = EDGE_CURVE('',#9528,#10632,#10643,.T.);
#10643 = LINE('',#10644,#10645);
#10644 = CARTESIAN_POINT('',(0.457612745349,5.971084665698,-0.2));
#10645 = VECTOR('',#10646,1.);
#10646 = DIRECTION('',(0.,0.,1.));
#10647 = SURFACE_OF_LINEAR_EXTRUSION('',#10648,#10652);
#10648 = B_SPLINE_CURVE_WITH_KNOTS('',2,(#10649,#10650,#10651),
  .UNSPECIFIED.,.F.,.F.,(3,3),(0.,1.),.PIECEWISE_BEZIER_KNOTS.);
#10649 = CARTESIAN_POINT('',(0.818168704651,6.055377906977,-0.2));
#10650 = CARTESIAN_POINT('',(0.697983384884,6.005832122093,-0.2));
#10651 = CARTESIAN_POINT('',(0.457612745349,5.971084665698,-0.2));
#10652 = VECTOR('',#10653,1.);
#10653 = DIRECTION('',(-0.,-0.,-1.));
#10654 = ADVANCED_FACE('',(#10655),#10673,.F.);
#10655 = FACE_BOUND('',#10656,.F.);
#10656 = EDGE_LOOP('',(#10657,#10658,#10666,#10672));
#10657 = ORIENTED_EDGE('',*,*,#9535,.F.);
#10658 = ORIENTED_EDGE('',*,*,#10659,.T.);
#10659 = EDGE_CURVE('',#9536,#10660,#10662,.T.);
#10660 = VERTEX_POINT('',#10661);
#10661 = CARTESIAN_POINT('',(0.818168704651,5.974436773256,0.));
#10662 = LINE('',#10663,#10664);
#10663 = CARTESIAN_POINT('',(0.818168704651,5.974436773256,-0.2));
#10664 = VECTOR('',#10665,1.);
#10665 = DIRECTION('',(0.,0.,1.));
#10666 = ORIENTED_EDGE('',*,*,#10667,.F.);
#10667 = EDGE_CURVE('',#10624,#10660,#10668,.T.);
#10668 = LINE('',#10669,#10670);
#10669 = CARTESIAN_POINT('',(0.818168704651,2.987218386628,0.));
#10670 = VECTOR('',#10671,1.);
#10671 = DIRECTION('',(0.,-1.,0.));
#10672 = ORIENTED_EDGE('',*,*,#10623,.F.);
#10673 = PLANE('',#10674);
#10674 = AXIS2_PLACEMENT_3D('',#10675,#10676,#10677);
#10675 = CARTESIAN_POINT('',(0.818168704651,5.974436773256,-0.2));
#10676 = DIRECTION('',(-1.,0.,0.));
#10677 = DIRECTION('',(0.,1.,0.));
#10678 = ADVANCED_FACE('',(#10679),#10700,.F.);
#10679 = FACE_BOUND('',#10680,.F.);
#10680 = EDGE_LOOP('',(#10681,#10682,#10690,#10699));
#10681 = ORIENTED_EDGE('',*,*,#9543,.F.);
#10682 = ORIENTED_EDGE('',*,*,#10683,.T.);
#10683 = EDGE_CURVE('',#9544,#10684,#10686,.T.);
#10684 = VERTEX_POINT('',#10685);
#10685 = CARTESIAN_POINT('',(0.782603661047,5.753688226744,0.));
#10686 = LINE('',#10687,#10688);
#10687 = CARTESIAN_POINT('',(0.782603661047,5.753688226744,-0.2));
#10688 = VECTOR('',#10689,1.);
#10689 = DIRECTION('',(0.,0.,1.));
#10690 = ORIENTED_EDGE('',*,*,#10691,.F.);
#10691 = EDGE_CURVE('',#10660,#10684,#10692,.T.);
#10692 = B_SPLINE_CURVE_WITH_KNOTS('',5,(#10693,#10694,#10695,#10696,
    #10697,#10698),.UNSPECIFIED.,.F.,.F.,(6,6),(0.,1.),
  .PIECEWISE_BEZIER_KNOTS.);
#10693 = CARTESIAN_POINT('',(0.818168704651,5.974436773256,0.));
#10694 = CARTESIAN_POINT('',(0.818168704651,5.916960055364,0.));
#10695 = CARTESIAN_POINT('',(0.81472088513,5.865836507154,0.));
#10696 = CARTESIAN_POINT('',(0.807695178937,5.821410130551,0.));
#10697 = CARTESIAN_POINT('',(0.796998876014,5.783967816849,0.));
#10698 = CARTESIAN_POINT('',(0.782603661047,5.753688226744,0.));
#10699 = ORIENTED_EDGE('',*,*,#10659,.F.);
#10700 = SURFACE_OF_LINEAR_EXTRUSION('',#10701,#10705);
#10701 = B_SPLINE_CURVE_WITH_KNOTS('',2,(#10702,#10703,#10704),
  .UNSPECIFIED.,.F.,.F.,(3,3),(0.,1.),.PIECEWISE_BEZIER_KNOTS.);
#10702 = CARTESIAN_POINT('',(0.782603661047,5.753688226744,-0.2));
#10703 = CARTESIAN_POINT('',(0.818168704651,5.828497456395,-0.2));
#10704 = CARTESIAN_POINT('',(0.818168704651,5.974436773256,-0.2));
#10705 = VECTOR('',#10706,1.);
#10706 = DIRECTION('',(-0.,-0.,-1.));
#10707 = ADVANCED_FACE('',(#10708),#10731,.F.);
#10708 = FACE_BOUND('',#10709,.F.);
#10709 = EDGE_LOOP('',(#10710,#10711,#10719,#10730));
#10710 = ORIENTED_EDGE('',*,*,#9551,.F.);
#10711 = ORIENTED_EDGE('',*,*,#10712,.T.);
#10712 = EDGE_CURVE('',#9552,#10713,#10715,.T.);
#10713 = VERTEX_POINT('',#10714);
#10714 = CARTESIAN_POINT('',(0.636664344186,5.600962936047,0.));
#10715 = LINE('',#10716,#10717);
#10716 = CARTESIAN_POINT('',(0.636664344186,5.600962936047,-0.2));
#10717 = VECTOR('',#10718,1.);
#10718 = DIRECTION('',(0.,0.,1.));
#10719 = ORIENTED_EDGE('',*,*,#10720,.F.);
#10720 = EDGE_CURVE('',#10684,#10713,#10721,.T.);
#10721 = B_SPLINE_CURVE_WITH_KNOTS('',4,(#10722,#10723,#10724,#10725,
    #10726,#10727,#10728,#10729),.UNSPECIFIED.,.F.,.F.,(5,3,5),(0.,
    0.339796104576,1.),.UNSPECIFIED.);
#10722 = CARTESIAN_POINT('',(0.782603661047,5.753688226744,0.));
#10723 = CARTESIAN_POINT('',(0.774686458256,5.737228778837,0.));
#10724 = CARTESIAN_POINT('',(0.765749370139,5.721548219616,0.));
#10725 = CARTESIAN_POINT('',(0.755791972491,5.706654272177,0.));
#10726 = CARTESIAN_POINT('',(0.723495882926,5.665150953327,0.));
#10727 = CARTESIAN_POINT('',(0.698335733342,5.640737362403,0.));
#10728 = CARTESIAN_POINT('',(0.669364570545,5.619345038601,0.));
#10729 = CARTESIAN_POINT('',(0.636664344186,5.600962936047,0.));
#10730 = ORIENTED_EDGE('',*,*,#10683,.F.);
#10731 = SURFACE_OF_LINEAR_EXTRUSION('',#10732,#10736);
#10732 = B_SPLINE_CURVE_WITH_KNOTS('',2,(#10733,#10734,#10735),
  .UNSPECIFIED.,.F.,.F.,(3,3),(0.,1.),.PIECEWISE_BEZIER_KNOTS.);
#10733 = CARTESIAN_POINT('',(0.636664344186,5.600962936047,-0.2));
#10734 = CARTESIAN_POINT('',(0.736001190116,5.656804142442,-0.2));
#10735 = CARTESIAN_POINT('',(0.782603661047,5.753688226744,-0.2));
#10736 = VECTOR('',#10737,1.);
#10737 = DIRECTION('',(-0.,-0.,-1.));
#10738 = ADVANCED_FACE('',(#10739),#10762,.F.);
#10739 = FACE_BOUND('',#10740,.F.);
#10740 = EDGE_LOOP('',(#10741,#10742,#10750,#10761));
#10741 = ORIENTED_EDGE('',*,*,#9559,.F.);
#10742 = ORIENTED_EDGE('',*,*,#10743,.T.);
#10743 = EDGE_CURVE('',#9560,#10744,#10746,.T.);
#10744 = VERTEX_POINT('',#10745);
#10745 = CARTESIAN_POINT('',(0.409783893605,5.545203488372,0.));
#10746 = LINE('',#10747,#10748);
#10747 = CARTESIAN_POINT('',(0.409783893605,5.545203488372,-0.2));
#10748 = VECTOR('',#10749,1.);
#10749 = DIRECTION('',(0.,0.,1.));
#10750 = ORIENTED_EDGE('',*,*,#10751,.F.);
#10751 = EDGE_CURVE('',#10713,#10744,#10752,.T.);
#10752 = B_SPLINE_CURVE_WITH_KNOTS('',4,(#10753,#10754,#10755,#10756,
    #10757,#10758,#10759,#10760),.UNSPECIFIED.,.F.,.F.,(5,3,5),(0.,
    7.984693387768E-02,1.),.UNSPECIFIED.);
#10753 = CARTESIAN_POINT('',(0.636664344186,5.600962936047,0.));
#10754 = CARTESIAN_POINT('',(0.632690993053,5.598732627015,0.));
#10755 = CARTESIAN_POINT('',(0.628687432819,5.596561721592,0.));
#10756 = CARTESIAN_POINT('',(0.624653722178,5.594450263426,0.));
#10757 = CARTESIAN_POINT('',(0.573758886282,5.568751361257,0.));
#10758 = CARTESIAN_POINT('',(0.522931837316,5.553003622435,0.));
#10759 = CARTESIAN_POINT('',(0.46820998075,5.545203488372,0.));
#10760 = CARTESIAN_POINT('',(0.409783893605,5.545203488372,0.));
#10761 = ORIENTED_EDGE('',*,*,#10712,.F.);
#10762 = SURFACE_OF_LINEAR_EXTRUSION('',#10763,#10767);
#10763 = B_SPLINE_CURVE_WITH_KNOTS('',2,(#10764,#10765,#10766),
  .UNSPECIFIED.,.F.,.F.,(3,3),(0.,1.),.PIECEWISE_BEZIER_KNOTS.);
#10764 = CARTESIAN_POINT('',(0.409783893605,5.545203488372,-0.2));
#10765 = CARTESIAN_POINT('',(0.537327498256,5.545203488372,-0.2));
#10766 = CARTESIAN_POINT('',(0.636664344186,5.600962936047,-0.2));
#10767 = VECTOR('',#10768,1.);
#10768 = DIRECTION('',(-0.,-0.,-1.));
#10769 = ADVANCED_FACE('',(#10770),#10791,.F.);
#10770 = FACE_BOUND('',#10771,.F.);
#10771 = EDGE_LOOP('',(#10772,#10773,#10781,#10790));
#10772 = ORIENTED_EDGE('',*,*,#9567,.F.);
#10773 = ORIENTED_EDGE('',*,*,#10774,.T.);
#10774 = EDGE_CURVE('',#9568,#10775,#10777,.T.);
#10775 = VERTEX_POINT('',#10776);
#10776 = CARTESIAN_POINT('',(0.214135274419,5.60390625,0.));
#10777 = LINE('',#10778,#10779);
#10778 = CARTESIAN_POINT('',(0.214135274419,5.60390625,-0.2));
#10779 = VECTOR('',#10780,1.);
#10780 = DIRECTION('',(0.,0.,1.));
#10781 = ORIENTED_EDGE('',*,*,#10782,.F.);
#10782 = EDGE_CURVE('',#10744,#10775,#10783,.T.);
#10783 = B_SPLINE_CURVE_WITH_KNOTS('',5,(#10784,#10785,#10786,#10787,
    #10788,#10789),.UNSPECIFIED.,.F.,.F.,(6,6),(0.,1.),
  .PIECEWISE_BEZIER_KNOTS.);
#10784 = CARTESIAN_POINT('',(0.409783893605,5.545203488372,0.));
#10785 = CARTESIAN_POINT('',(0.358815319352,5.545203488372,0.));
#10786 = CARTESIAN_POINT('',(0.313528393771,5.550951446861,0.));
#10787 = CARTESIAN_POINT('',(0.274206022553,5.562618163859,0.));
#10788 = CARTESIAN_POINT('',(0.241047513743,5.580284015483,0.));
#10789 = CARTESIAN_POINT('',(0.214135274419,5.60390625,0.));
#10790 = ORIENTED_EDGE('',*,*,#10743,.F.);
#10791 = SURFACE_OF_LINEAR_EXTRUSION('',#10792,#10796);
#10792 = B_SPLINE_CURVE_WITH_KNOTS('',2,(#10793,#10794,#10795),
  .UNSPECIFIED.,.F.,.F.,(3,3),(0.,1.),.PIECEWISE_BEZIER_KNOTS.);
#10793 = CARTESIAN_POINT('',(0.214135274419,5.60390625,-0.2));
#10794 = CARTESIAN_POINT('',(0.28101390814,5.545203488372,-0.2));
#10795 = CARTESIAN_POINT('',(0.409783893605,5.545203488372,-0.2));
#10796 = VECTOR('',#10797,1.);
#10797 = DIRECTION('',(-0.,-0.,-1.));
#10798 = ADVANCED_FACE('',(#10799),#10822,.F.);
#10799 = FACE_BOUND('',#10800,.F.);
#10800 = EDGE_LOOP('',(#10801,#10802,#10810,#10821));
#10801 = ORIENTED_EDGE('',*,*,#9575,.F.);
#10802 = ORIENTED_EDGE('',*,*,#10803,.T.);
#10803 = EDGE_CURVE('',#9576,#10804,#10806,.T.);
#10804 = VERTEX_POINT('',#10805);
#10805 = CARTESIAN_POINT('',(0.147338399419,5.750826671512,0.));
#10806 = LINE('',#10807,#10808);
#10807 = CARTESIAN_POINT('',(0.147338399419,5.750826671512,-0.2));
#10808 = VECTOR('',#10809,1.);
#10809 = DIRECTION('',(0.,0.,1.));
#10810 = ORIENTED_EDGE('',*,*,#10811,.F.);
#10811 = EDGE_CURVE('',#10775,#10804,#10812,.T.);
#10812 = B_SPLINE_CURVE_WITH_KNOTS('',4,(#10813,#10814,#10815,#10816,
    #10817,#10818,#10819,#10820),.UNSPECIFIED.,.F.,.F.,(5,3,5),(0.,
    0.516022499266,1.),.UNSPECIFIED.);
#10813 = CARTESIAN_POINT('',(0.214135274419,5.60390625,0.));
#10814 = CARTESIAN_POINT('',(0.196933108984,5.619044997794,0.));
#10815 = CARTESIAN_POINT('',(0.182652929028,5.635509084698,0.));
#10816 = CARTESIAN_POINT('',(0.171334613253,5.653295612773,0.));
#10817 = CARTESIAN_POINT('',(0.155155773966,5.690292533458,0.));
#10818 = CARTESIAN_POINT('',(0.149937843418,5.709345958033,0.));
#10819 = CARTESIAN_POINT('',(0.147338399419,5.729532425283,0.));
#10820 = CARTESIAN_POINT('',(0.147338399419,5.750826671512,0.));
#10821 = ORIENTED_EDGE('',*,*,#10774,.F.);
#10822 = SURFACE_OF_LINEAR_EXTRUSION('',#10823,#10827);
#10823 = B_SPLINE_CURVE_WITH_KNOTS('',2,(#10824,#10825,#10826),
  .UNSPECIFIED.,.F.,.F.,(3,3),(0.,1.),.PIECEWISE_BEZIER_KNOTS.);
#10824 = CARTESIAN_POINT('',(0.147338399419,5.750826671512,-0.2));
#10825 = CARTESIAN_POINT('',(0.147338399419,5.662690770349,-0.2));
#10826 = CARTESIAN_POINT('',(0.214135274419,5.60390625,-0.2));
#10827 = VECTOR('',#10828,1.);
#10828 = DIRECTION('',(-0.,-0.,-1.));
#10829 = ADVANCED_FACE('',(#10830),#10853,.F.);
#10830 = FACE_BOUND('',#10831,.F.);
#10831 = EDGE_LOOP('',(#10832,#10833,#10841,#10852));
#10832 = ORIENTED_EDGE('',*,*,#9583,.F.);
#10833 = ORIENTED_EDGE('',*,*,#10834,.T.);
#10834 = EDGE_CURVE('',#9584,#10835,#10837,.T.);
#10835 = VERTEX_POINT('',#10836);
#10836 = CARTESIAN_POINT('',(0.177997919767,5.855396075581,0.));
#10837 = LINE('',#10838,#10839);
#10838 = CARTESIAN_POINT('',(0.177997919767,5.855396075581,-0.2));
#10839 = VECTOR('',#10840,1.);
#10840 = DIRECTION('',(0.,0.,1.));
#10841 = ORIENTED_EDGE('',*,*,#10842,.F.);
#10842 = EDGE_CURVE('',#10804,#10835,#10843,.T.);
#10843 = B_SPLINE_CURVE_WITH_KNOTS('',4,(#10844,#10845,#10846,#10847,
    #10848,#10849,#10850,#10851),.UNSPECIFIED.,.F.,.F.,(5,3,5),(0.,
    0.570023451979,1.),.UNSPECIFIED.);
#10844 = CARTESIAN_POINT('',(0.147338399419,5.750826671512,0.));
#10845 = CARTESIAN_POINT('',(0.147338399419,5.767200107761,0.));
#10846 = CARTESIAN_POINT('',(0.148997125551,5.783019116674,0.));
#10847 = CARTESIAN_POINT('',(0.152317924232,5.798278913335,0.));
#10848 = CARTESIAN_POINT('',(0.161057482808,5.824062553258,0.));
#10849 = CARTESIAN_POINT('',(0.165760353488,5.834828848747,0.));
#10850 = CARTESIAN_POINT('',(0.171407807332,5.845273662881,0.));
#10851 = CARTESIAN_POINT('',(0.177997919767,5.855396075581,0.));
#10852 = ORIENTED_EDGE('',*,*,#10803,.F.);
#10853 = SURFACE_OF_LINEAR_EXTRUSION('',#10854,#10858);
#10854 = B_SPLINE_CURVE_WITH_KNOTS('',2,(#10855,#10856,#10857),
  .UNSPECIFIED.,.F.,.F.,(3,3),(0.,1.),.PIECEWISE_BEZIER_KNOTS.);
#10855 = CARTESIAN_POINT('',(0.177997919767,5.855396075581,-0.2));
#10856 = CARTESIAN_POINT('',(0.147338399419,5.808303052326,-0.2));
#10857 = CARTESIAN_POINT('',(0.147338399419,5.750826671512,-0.2));
#10858 = VECTOR('',#10859,1.);
#10859 = DIRECTION('',(-0.,-0.,-1.));
#10860 = ADVANCED_FACE('',(#10861),#10884,.F.);
#10861 = FACE_BOUND('',#10862,.F.);
#10862 = EDGE_LOOP('',(#10863,#10864,#10872,#10883));
#10863 = ORIENTED_EDGE('',*,*,#9591,.F.);
#10864 = ORIENTED_EDGE('',*,*,#10865,.T.);
#10865 = EDGE_CURVE('',#9592,#10866,#10868,.T.);
#10866 = VERTEX_POINT('',#10867);
#10867 = CARTESIAN_POINT('',(0.265070957558,5.927016715116,0.));
#10868 = LINE('',#10869,#10870);
#10869 = CARTESIAN_POINT('',(0.265070957558,5.927016715116,-0.2));
#10870 = VECTOR('',#10871,1.);
#10871 = DIRECTION('',(0.,0.,1.));
#10872 = ORIENTED_EDGE('',*,*,#10873,.F.);
#10873 = EDGE_CURVE('',#10835,#10866,#10874,.T.);
#10874 = B_SPLINE_CURVE_WITH_KNOTS('',4,(#10875,#10876,#10877,#10878,
    #10879,#10880,#10881,#10882),.UNSPECIFIED.,.F.,.F.,(5,3,5),(0.,
    0.239926181841,1.),.UNSPECIFIED.);
#10875 = CARTESIAN_POINT('',(0.177997919767,5.855396075581,0.));
#10876 = CARTESIAN_POINT('',(0.181676733921,5.861056544293,0.));
#10877 = CARTESIAN_POINT('',(0.185603070861,5.866499359785,0.));
#10878 = CARTESIAN_POINT('',(0.189776865512,5.871724181321,0.));
#10879 = CARTESIAN_POINT('',(0.208203592521,5.892591447761,0.));
#10880 = CARTESIAN_POINT('',(0.224690748177,5.906262098637,0.));
#10881 = CARTESIAN_POINT('',(0.243653039049,5.917735617096,0.));
#10882 = CARTESIAN_POINT('',(0.265070957558,5.927016715116,0.));
#10883 = ORIENTED_EDGE('',*,*,#10834,.F.);
#10884 = SURFACE_OF_LINEAR_EXTRUSION('',#10885,#10889);
#10885 = B_SPLINE_CURVE_WITH_KNOTS('',2,(#10886,#10887,#10888),
  .UNSPECIFIED.,.F.,.F.,(3,3),(0.,1.),.PIECEWISE_BEZIER_KNOTS.);
#10886 = CARTESIAN_POINT('',(0.265070957558,5.927016715116,-0.2));
#10887 = CARTESIAN_POINT('',(0.208657440116,5.902570857558,-0.2));
#10888 = CARTESIAN_POINT('',(0.177997919767,5.855396075581,-0.2));
#10889 = VECTOR('',#10890,1.);
#10890 = DIRECTION('',(-0.,-0.,-1.));
#10891 = ADVANCED_FACE('',(#10892),#10906,.F.);
#10892 = FACE_BOUND('',#10893,.F.);
#10893 = EDGE_LOOP('',(#10894,#10895,#10896,#10905));
#10894 = ORIENTED_EDGE('',*,*,#9599,.F.);
#10895 = ORIENTED_EDGE('',*,*,#10642,.T.);
#10896 = ORIENTED_EDGE('',*,*,#10897,.F.);
#10897 = EDGE_CURVE('',#10866,#10632,#10898,.T.);
#10898 = B_SPLINE_CURVE_WITH_KNOTS('',5,(#10899,#10900,#10901,#10902,
    #10903,#10904),.UNSPECIFIED.,.F.,.F.,(6,6),(0.,1.),
  .PIECEWISE_BEZIER_KNOTS.);
#10899 = CARTESIAN_POINT('',(0.265070957558,5.927016715116,0.));
#10900 = CARTESIAN_POINT('',(0.287922690895,5.93695225135,0.));
#10901 = CARTESIAN_POINT('',(0.318850116847,5.946333104697,0.));
#10902 = CARTESIAN_POINT('',(0.357662878015,5.955147358716,0.));
#10903 = CARTESIAN_POINT('',(0.404044220498,5.963395249818,0.));
#10904 = CARTESIAN_POINT('',(0.457612745349,5.971084665698,0.));
#10905 = ORIENTED_EDGE('',*,*,#10865,.F.);
#10906 = SURFACE_OF_LINEAR_EXTRUSION('',#10907,#10911);
#10907 = B_SPLINE_CURVE_WITH_KNOTS('',2,(#10908,#10909,#10910),
  .UNSPECIFIED.,.F.,.F.,(3,3),(0.,1.),.PIECEWISE_BEZIER_KNOTS.);
#10908 = CARTESIAN_POINT('',(0.457612745349,5.971084665698,-0.2));
#10909 = CARTESIAN_POINT('',(0.321484475,5.951544331395,-0.2));
#10910 = CARTESIAN_POINT('',(0.265070957558,5.927016715116,-0.2));
#10911 = VECTOR('',#10912,1.);
#10912 = DIRECTION('',(-0.,-0.,-1.));
#10913 = ADVANCED_FACE('',(#10914),#10939,.T.);
#10914 = FACE_BOUND('',#10915,.T.);
#10915 = EDGE_LOOP('',(#10916,#10924,#10932,#10938));
#10916 = ORIENTED_EDGE('',*,*,#10917,.T.);
#10917 = EDGE_CURVE('',#9704,#10918,#10920,.T.);
#10918 = VERTEX_POINT('',#10919);
#10919 = CARTESIAN_POINT('',(-7.9,4.35,-11.9));
#10920 = LINE('',#10921,#10922);
#10921 = CARTESIAN_POINT('',(-7.9,4.35,-10.1));
#10922 = VECTOR('',#10923,1.);
#10923 = DIRECTION('',(-0.,-0.,-1.));
#10924 = ORIENTED_EDGE('',*,*,#10925,.T.);
#10925 = EDGE_CURVE('',#10918,#10926,#10928,.T.);
#10926 = VERTEX_POINT('',#10927);
#10927 = CARTESIAN_POINT('',(-7.9,-4.35,-11.9));
#10928 = LINE('',#10929,#10930);
#10929 = CARTESIAN_POINT('',(-7.9,4.35,-11.9));
#10930 = VECTOR('',#10931,1.);
#10931 = DIRECTION('',(2.041789470575E-16,-1.,0.));
#10932 = ORIENTED_EDGE('',*,*,#10933,.F.);
#10933 = EDGE_CURVE('',#9706,#10926,#10934,.T.);
#10934 = LINE('',#10935,#10936);
#10935 = CARTESIAN_POINT('',(-7.9,-4.35,-10.1));
#10936 = VECTOR('',#10937,1.);
#10937 = DIRECTION('',(-0.,-0.,-1.));
#10938 = ORIENTED_EDGE('',*,*,#9703,.F.);
#10939 = PLANE('',#10940);
#10940 = AXIS2_PLACEMENT_3D('',#10941,#10942,#10943);
#10941 = CARTESIAN_POINT('',(-7.9,4.35,-10.1));
#10942 = DIRECTION('',(-1.,-2.041789470575E-16,0.));
#10943 = DIRECTION('',(2.041789470575E-16,-1.,0.));
#10944 = ADVANCED_FACE('',(#10945),#10963,.T.);
#10945 = FACE_BOUND('',#10946,.T.);
#10946 = EDGE_LOOP('',(#10947,#10948,#10956,#10962));
#10947 = ORIENTED_EDGE('',*,*,#10933,.T.);
#10948 = ORIENTED_EDGE('',*,*,#10949,.T.);
#10949 = EDGE_CURVE('',#10926,#10950,#10952,.T.);
#10950 = VERTEX_POINT('',#10951);
#10951 = CARTESIAN_POINT('',(6.899999999996,-4.35,-11.9));
#10952 = LINE('',#10953,#10954);
#10953 = CARTESIAN_POINT('',(-7.9,-4.35,-11.9));
#10954 = VECTOR('',#10955,1.);
#10955 = DIRECTION('',(1.,0.,0.));
#10956 = ORIENTED_EDGE('',*,*,#10957,.F.);
#10957 = EDGE_CURVE('',#9714,#10950,#10958,.T.);
#10958 = LINE('',#10959,#10960);
#10959 = CARTESIAN_POINT('',(6.899999999996,-4.35,-10.1));
#10960 = VECTOR('',#10961,1.);
#10961 = DIRECTION('',(-0.,-0.,-1.));
#10962 = ORIENTED_EDGE('',*,*,#9713,.F.);
#10963 = PLANE('',#10964);
#10964 = AXIS2_PLACEMENT_3D('',#10965,#10966,#10967);
#10965 = CARTESIAN_POINT('',(-7.9,-4.35,-10.1));
#10966 = DIRECTION('',(0.,-1.,0.));
#10967 = DIRECTION('',(1.,0.,0.));
#10968 = ADVANCED_FACE('',(#10969),#10988,.T.);
#10969 = FACE_BOUND('',#10970,.T.);
#10970 = EDGE_LOOP('',(#10971,#10972,#10981,#10987));
#10971 = ORIENTED_EDGE('',*,*,#10957,.T.);
#10972 = ORIENTED_EDGE('',*,*,#10973,.T.);
#10973 = EDGE_CURVE('',#10950,#10974,#10976,.T.);
#10974 = VERTEX_POINT('',#10975);
#10975 = CARTESIAN_POINT('',(7.899999999996,-3.35,-11.9));
#10976 = CIRCLE('',#10977,1.);
#10977 = AXIS2_PLACEMENT_3D('',#10978,#10979,#10980);
#10978 = CARTESIAN_POINT('',(6.899999999996,-3.35,-11.9));
#10979 = DIRECTION('',(0.,0.,1.));
#10980 = DIRECTION('',(1.,0.,0.));
#10981 = ORIENTED_EDGE('',*,*,#10982,.F.);
#10982 = EDGE_CURVE('',#9722,#10974,#10983,.T.);
#10983 = LINE('',#10984,#10985);
#10984 = CARTESIAN_POINT('',(7.899999999996,-3.35,-10.1));
#10985 = VECTOR('',#10986,1.);
#10986 = DIRECTION('',(-0.,-0.,-1.));
#10987 = ORIENTED_EDGE('',*,*,#9721,.F.);
#10988 = CYLINDRICAL_SURFACE('',#10989,1.);
#10989 = AXIS2_PLACEMENT_3D('',#10990,#10991,#10992);
#10990 = CARTESIAN_POINT('',(6.899999999996,-3.35,-10.1));
#10991 = DIRECTION('',(0.,0.,1.));
#10992 = DIRECTION('',(1.,0.,0.));
#10993 = ADVANCED_FACE('',(#10994),#11012,.T.);
#10994 = FACE_BOUND('',#10995,.T.);
#10995 = EDGE_LOOP('',(#10996,#10997,#11005,#11011));
#10996 = ORIENTED_EDGE('',*,*,#10982,.T.);
#10997 = ORIENTED_EDGE('',*,*,#10998,.T.);
#10998 = EDGE_CURVE('',#10974,#10999,#11001,.T.);
#10999 = VERTEX_POINT('',#11000);
#11000 = CARTESIAN_POINT('',(7.9,3.35,-11.9));
#11001 = LINE('',#11002,#11003);
#11002 = CARTESIAN_POINT('',(7.899999999996,-3.35,-11.9));
#11003 = VECTOR('',#11004,1.);
#11004 = DIRECTION('',(6.278228351791E-13,1.,0.));
#11005 = ORIENTED_EDGE('',*,*,#11006,.F.);
#11006 = EDGE_CURVE('',#9731,#10999,#11007,.T.);
#11007 = LINE('',#11008,#11009);
#11008 = CARTESIAN_POINT('',(7.9,3.35,-10.1));
#11009 = VECTOR('',#11010,1.);
#11010 = DIRECTION('',(-0.,-0.,-1.));
#11011 = ORIENTED_EDGE('',*,*,#9730,.F.);
#11012 = PLANE('',#11013);
#11013 = AXIS2_PLACEMENT_3D('',#11014,#11015,#11016);
#11014 = CARTESIAN_POINT('',(7.899999999996,-3.35,-10.1));
#11015 = DIRECTION('',(1.,-6.278228351791E-13,0.));
#11016 = DIRECTION('',(6.278228351791E-13,1.,0.));
#11017 = ADVANCED_FACE('',(#11018),#11037,.T.);
#11018 = FACE_BOUND('',#11019,.T.);
#11019 = EDGE_LOOP('',(#11020,#11021,#11030,#11036));
#11020 = ORIENTED_EDGE('',*,*,#11006,.T.);
#11021 = ORIENTED_EDGE('',*,*,#11022,.T.);
#11022 = EDGE_CURVE('',#10999,#11023,#11025,.T.);
#11023 = VERTEX_POINT('',#11024);
#11024 = CARTESIAN_POINT('',(6.9,4.35,-11.9));
#11025 = CIRCLE('',#11026,1.);
#11026 = AXIS2_PLACEMENT_3D('',#11027,#11028,#11029);
#11027 = CARTESIAN_POINT('',(6.9,3.35,-11.9));
#11028 = DIRECTION('',(0.,0.,1.));
#11029 = DIRECTION('',(1.,0.,0.));
#11030 = ORIENTED_EDGE('',*,*,#11031,.F.);
#11031 = EDGE_CURVE('',#9739,#11023,#11032,.T.);
#11032 = LINE('',#11033,#11034);
#11033 = CARTESIAN_POINT('',(6.9,4.35,-10.1));
#11034 = VECTOR('',#11035,1.);
#11035 = DIRECTION('',(-0.,-0.,-1.));
#11036 = ORIENTED_EDGE('',*,*,#9738,.F.);
#11037 = CYLINDRICAL_SURFACE('',#11038,1.);
#11038 = AXIS2_PLACEMENT_3D('',#11039,#11040,#11041);
#11039 = CARTESIAN_POINT('',(6.9,3.35,-10.1));
#11040 = DIRECTION('',(0.,0.,1.));
#11041 = DIRECTION('',(1.,0.,0.));
#11042 = ADVANCED_FACE('',(#11043),#11054,.T.);
#11043 = FACE_BOUND('',#11044,.T.);
#11044 = EDGE_LOOP('',(#11045,#11046,#11052,#11053));
#11045 = ORIENTED_EDGE('',*,*,#11031,.T.);
#11046 = ORIENTED_EDGE('',*,*,#11047,.T.);
#11047 = EDGE_CURVE('',#11023,#10918,#11048,.T.);
#11048 = LINE('',#11049,#11050);
#11049 = CARTESIAN_POINT('',(6.9,4.35,-11.9));
#11050 = VECTOR('',#11051,1.);
#11051 = DIRECTION('',(-1.,0.,0.));
#11052 = ORIENTED_EDGE('',*,*,#10917,.F.);
#11053 = ORIENTED_EDGE('',*,*,#9747,.F.);
#11054 = PLANE('',#11055);
#11055 = AXIS2_PLACEMENT_3D('',#11056,#11057,#11058);
#11056 = CARTESIAN_POINT('',(6.9,4.35,-10.1));
#11057 = DIRECTION('',(0.,1.,0.));
#11058 = DIRECTION('',(-1.,0.,0.));
#11059 = ADVANCED_FACE('',(#11060),#11071,.T.);
#11060 = FACE_BOUND('',#11061,.T.);
#11061 = EDGE_LOOP('',(#11062,#11063,#11064,#11065,#11066,#11067,#11068,
    #11069,#11070));
#11062 = ORIENTED_EDGE('',*,*,#9770,.F.);
#11063 = ORIENTED_EDGE('',*,*,#10022,.F.);
#11064 = ORIENTED_EDGE('',*,*,#9998,.F.);
#11065 = ORIENTED_EDGE('',*,*,#9965,.F.);
#11066 = ORIENTED_EDGE('',*,*,#9936,.F.);
#11067 = ORIENTED_EDGE('',*,*,#9903,.F.);
#11068 = ORIENTED_EDGE('',*,*,#9872,.F.);
#11069 = ORIENTED_EDGE('',*,*,#9841,.F.);
#11070 = ORIENTED_EDGE('',*,*,#9808,.F.);
#11071 = PLANE('',#11072);
#11072 = AXIS2_PLACEMENT_3D('',#11073,#11074,#11075);
#11073 = CARTESIAN_POINT('',(1.743869846963E-16,-4.359674617407E-17,0.)
  );
#11074 = DIRECTION('',(0.,0.,1.));
#11075 = DIRECTION('',(1.,0.,0.));
#11076 = ADVANCED_FACE('',(#11077),#11087,.T.);
#11077 = FACE_BOUND('',#11078,.T.);
#11078 = EDGE_LOOP('',(#11079,#11080,#11081,#11082,#11083,#11084,#11085,
    #11086));
#11079 = ORIENTED_EDGE('',*,*,#10053,.F.);
#11080 = ORIENTED_EDGE('',*,*,#10276,.F.);
#11081 = ORIENTED_EDGE('',*,*,#10250,.F.);
#11082 = ORIENTED_EDGE('',*,*,#10219,.F.);
#11083 = ORIENTED_EDGE('',*,*,#10188,.F.);
#11084 = ORIENTED_EDGE('',*,*,#10155,.F.);
#11085 = ORIENTED_EDGE('',*,*,#10122,.F.);
#11086 = ORIENTED_EDGE('',*,*,#10091,.F.);
#11087 = PLANE('',#11088);
#11088 = AXIS2_PLACEMENT_3D('',#11089,#11090,#11091);
#11089 = CARTESIAN_POINT('',(1.743869846963E-16,-4.359674617407E-17,0.)
  );
#11090 = DIRECTION('',(0.,0.,1.));
#11091 = DIRECTION('',(1.,0.,0.));
#11092 = ADVANCED_FACE('',(#11093,#11103,#11114),#11125,.T.);
#11093 = FACE_BOUND('',#11094,.T.);
#11094 = EDGE_LOOP('',(#11095,#11096,#11097,#11098,#11099,#11100,#11101,
    #11102));
#11095 = ORIENTED_EDGE('',*,*,#10317,.F.);
#11096 = ORIENTED_EDGE('',*,*,#10479,.T.);
#11097 = ORIENTED_EDGE('',*,*,#10462,.T.);
#11098 = ORIENTED_EDGE('',*,*,#10437,.T.);
#11099 = ORIENTED_EDGE('',*,*,#10413,.F.);
#11100 = ORIENTED_EDGE('',*,*,#10389,.F.);
#11101 = ORIENTED_EDGE('',*,*,#10365,.F.);
#11102 = ORIENTED_EDGE('',*,*,#10341,.F.);
#11103 = FACE_BOUND('',#11104,.T.);
#11104 = EDGE_LOOP('',(#11105));
#11105 = ORIENTED_EDGE('',*,*,#11106,.F.);
#11106 = EDGE_CURVE('',#11107,#11107,#11109,.T.);
#11107 = VERTEX_POINT('',#11108);
#11108 = CARTESIAN_POINT('',(-1.46,0.,0.));
#11109 = CIRCLE('',#11110,2.14);
#11110 = AXIS2_PLACEMENT_3D('',#11111,#11112,#11113);
#11111 = CARTESIAN_POINT('',(-3.6,0.,0.));
#11112 = DIRECTION('',(0.,0.,1.));
#11113 = DIRECTION('',(1.,0.,0.));
#11114 = FACE_BOUND('',#11115,.T.);
#11115 = EDGE_LOOP('',(#11116));
#11116 = ORIENTED_EDGE('',*,*,#11117,.F.);
#11117 = EDGE_CURVE('',#11118,#11118,#11120,.T.);
#11118 = VERTEX_POINT('',#11119);
#11119 = CARTESIAN_POINT('',(5.74,0.,0.));
#11120 = CIRCLE('',#11121,2.14);
#11121 = AXIS2_PLACEMENT_3D('',#11122,#11123,#11124);
#11122 = CARTESIAN_POINT('',(3.6,0.,0.));
#11123 = DIRECTION('',(0.,0.,1.));
#11124 = DIRECTION('',(1.,0.,0.));
#11125 = PLANE('',#11126);
#11126 = AXIS2_PLACEMENT_3D('',#11127,#11128,#11129);
#11127 = CARTESIAN_POINT('',(1.743869846963E-16,-4.359674617407E-17,0.)
  );
#11128 = DIRECTION('',(0.,0.,1.));
#11129 = DIRECTION('',(1.,0.,0.));
#11130 = ADVANCED_FACE('',(#11131),#11138,.T.);
#11131 = FACE_BOUND('',#11132,.T.);
#11132 = EDGE_LOOP('',(#11133,#11134,#11135,#11136,#11137));
#11133 = ORIENTED_EDGE('',*,*,#10502,.F.);
#11134 = ORIENTED_EDGE('',*,*,#10607,.F.);
#11135 = ORIENTED_EDGE('',*,*,#10585,.F.);
#11136 = ORIENTED_EDGE('',*,*,#10557,.F.);
#11137 = ORIENTED_EDGE('',*,*,#10533,.F.);
#11138 = PLANE('',#11139);
#11139 = AXIS2_PLACEMENT_3D('',#11140,#11141,#11142);
#11140 = CARTESIAN_POINT('',(1.743869846963E-16,-4.359674617407E-17,0.)
  );
#11141 = DIRECTION('',(0.,0.,1.));
#11142 = DIRECTION('',(1.,0.,0.));
#11143 = ADVANCED_FACE('',(#11144),#11156,.T.);
#11144 = FACE_BOUND('',#11145,.T.);
#11145 = EDGE_LOOP('',(#11146,#11147,#11148,#11149,#11150,#11151,#11152,
    #11153,#11154,#11155));
#11146 = ORIENTED_EDGE('',*,*,#10631,.F.);
#11147 = ORIENTED_EDGE('',*,*,#10897,.F.);
#11148 = ORIENTED_EDGE('',*,*,#10873,.F.);
#11149 = ORIENTED_EDGE('',*,*,#10842,.F.);
#11150 = ORIENTED_EDGE('',*,*,#10811,.F.);
#11151 = ORIENTED_EDGE('',*,*,#10782,.F.);
#11152 = ORIENTED_EDGE('',*,*,#10751,.F.);
#11153 = ORIENTED_EDGE('',*,*,#10720,.F.);
#11154 = ORIENTED_EDGE('',*,*,#10691,.F.);
#11155 = ORIENTED_EDGE('',*,*,#10667,.F.);
#11156 = PLANE('',#11157);
#11157 = AXIS2_PLACEMENT_3D('',#11158,#11159,#11160);
#11158 = CARTESIAN_POINT('',(1.743869846963E-16,-4.359674617407E-17,0.)
  );
#11159 = DIRECTION('',(0.,0.,1.));
#11160 = DIRECTION('',(1.,0.,0.));
#11161 = ADVANCED_FACE('',(#11162,#11214),#11222,.T.);
#11162 = FACE_BOUND('',#11163,.T.);
#11163 = EDGE_LOOP('',(#11164,#11174,#11182,#11191,#11199,#11208));
#11164 = ORIENTED_EDGE('',*,*,#11165,.T.);
#11165 = EDGE_CURVE('',#11166,#11168,#11170,.T.);
#11166 = VERTEX_POINT('',#11167);
#11167 = CARTESIAN_POINT('',(-9.4,5.85,-11.9));
#11168 = VERTEX_POINT('',#11169);
#11169 = CARTESIAN_POINT('',(-9.4,-5.85,-11.9));
#11170 = LINE('',#11171,#11172);
#11171 = CARTESIAN_POINT('',(-9.4,5.85,-11.9));
#11172 = VECTOR('',#11173,1.);
#11173 = DIRECTION('',(0.,-1.,0.));
#11174 = ORIENTED_EDGE('',*,*,#11175,.T.);
#11175 = EDGE_CURVE('',#11168,#11176,#11178,.T.);
#11176 = VERTEX_POINT('',#11177);
#11177 = CARTESIAN_POINT('',(6.899999999996,-5.85,-11.9));
#11178 = LINE('',#11179,#11180);
#11179 = CARTESIAN_POINT('',(-9.4,-5.85,-11.9));
#11180 = VECTOR('',#11181,1.);
#11181 = DIRECTION('',(1.,0.,0.));
#11182 = ORIENTED_EDGE('',*,*,#11183,.T.);
#11183 = EDGE_CURVE('',#11176,#11184,#11186,.T.);
#11184 = VERTEX_POINT('',#11185);
#11185 = CARTESIAN_POINT('',(9.399999999998,-3.350000000002,-11.9));
#11186 = CIRCLE('',#11187,2.5);
#11187 = AXIS2_PLACEMENT_3D('',#11188,#11189,#11190);
#11188 = CARTESIAN_POINT('',(6.899999999996,-3.35,-11.9));
#11189 = DIRECTION('',(0.,0.,1.));
#11190 = DIRECTION('',(1.,0.,0.));
#11191 = ORIENTED_EDGE('',*,*,#11192,.T.);
#11192 = EDGE_CURVE('',#11184,#11193,#11195,.T.);
#11193 = VERTEX_POINT('',#11194);
#11194 = CARTESIAN_POINT('',(9.4,3.35,-11.9));
#11195 = LINE('',#11196,#11197);
#11196 = CARTESIAN_POINT('',(9.4,-3.350000000002,-11.9));
#11197 = VECTOR('',#11198,1.);
#11198 = DIRECTION('',(0.,1.,0.));
#11199 = ORIENTED_EDGE('',*,*,#11200,.T.);
#11200 = EDGE_CURVE('',#11193,#11201,#11203,.T.);
#11201 = VERTEX_POINT('',#11202);
#11202 = CARTESIAN_POINT('',(6.9,5.85,-11.9));
#11203 = CIRCLE('',#11204,2.5);
#11204 = AXIS2_PLACEMENT_3D('',#11205,#11206,#11207);
#11205 = CARTESIAN_POINT('',(6.9,3.35,-11.9));
#11206 = DIRECTION('',(0.,0.,1.));
#11207 = DIRECTION('',(1.,0.,0.));
#11208 = ORIENTED_EDGE('',*,*,#11209,.T.);
#11209 = EDGE_CURVE('',#11201,#11166,#11210,.T.);
#11210 = LINE('',#11211,#11212);
#11211 = CARTESIAN_POINT('',(6.9,5.85,-11.9));
#11212 = VECTOR('',#11213,1.);
#11213 = DIRECTION('',(-1.,0.,0.));
#11214 = FACE_BOUND('',#11215,.F.);
#11215 = EDGE_LOOP('',(#11216,#11217,#11218,#11219,#11220,#11221));
#11216 = ORIENTED_EDGE('',*,*,#10925,.T.);
#11217 = ORIENTED_EDGE('',*,*,#10949,.T.);
#11218 = ORIENTED_EDGE('',*,*,#10973,.T.);
#11219 = ORIENTED_EDGE('',*,*,#10998,.T.);
#11220 = ORIENTED_EDGE('',*,*,#11022,.T.);
#11221 = ORIENTED_EDGE('',*,*,#11047,.T.);
#11222 = PLANE('',#11223);
#11223 = AXIS2_PLACEMENT_3D('',#11224,#11225,#11226);
#11224 = CARTESIAN_POINT('',(-0.274522377358,3.971897089961E-13,-11.9));
#11225 = DIRECTION('',(0.,0.,1.));
#11226 = DIRECTION('',(1.,0.,0.));
#11227 = ADVANCED_FACE('',(#11228),#11247,.F.);
#11228 = FACE_BOUND('',#11229,.F.);
#11229 = EDGE_LOOP('',(#11230,#11238,#11239,#11240));
#11230 = ORIENTED_EDGE('',*,*,#11231,.F.);
#11231 = EDGE_CURVE('',#11107,#11232,#11234,.T.);
#11232 = VERTEX_POINT('',#11233);
#11233 = CARTESIAN_POINT('',(-1.46,0.,-12.5));
#11234 = LINE('',#11235,#11236);
#11235 = CARTESIAN_POINT('',(-1.46,0.,0.));
#11236 = VECTOR('',#11237,1.);
#11237 = DIRECTION('',(-0.,-0.,-1.));
#11238 = ORIENTED_EDGE('',*,*,#11106,.F.);
#11239 = ORIENTED_EDGE('',*,*,#11231,.T.);
#11240 = ORIENTED_EDGE('',*,*,#11241,.T.);
#11241 = EDGE_CURVE('',#11232,#11232,#11242,.T.);
#11242 = CIRCLE('',#11243,2.14);
#11243 = AXIS2_PLACEMENT_3D('',#11244,#11245,#11246);
#11244 = CARTESIAN_POINT('',(-3.6,0.,-12.5));
#11245 = DIRECTION('',(0.,0.,1.));
#11246 = DIRECTION('',(1.,0.,0.));
#11247 = CYLINDRICAL_SURFACE('',#11248,2.14);
#11248 = AXIS2_PLACEMENT_3D('',#11249,#11250,#11251);
#11249 = CARTESIAN_POINT('',(-3.6,0.,0.));
#11250 = DIRECTION('',(0.,0.,1.));
#11251 = DIRECTION('',(1.,0.,0.));
#11252 = ADVANCED_FACE('',(#11253),#11272,.F.);
#11253 = FACE_BOUND('',#11254,.F.);
#11254 = EDGE_LOOP('',(#11255,#11263,#11264,#11265));
#11255 = ORIENTED_EDGE('',*,*,#11256,.F.);
#11256 = EDGE_CURVE('',#11118,#11257,#11259,.T.);
#11257 = VERTEX_POINT('',#11258);
#11258 = CARTESIAN_POINT('',(5.74,0.,-12.5));
#11259 = LINE('',#11260,#11261);
#11260 = CARTESIAN_POINT('',(5.74,0.,0.));
#11261 = VECTOR('',#11262,1.);
#11262 = DIRECTION('',(-0.,-0.,-1.));
#11263 = ORIENTED_EDGE('',*,*,#11117,.F.);
#11264 = ORIENTED_EDGE('',*,*,#11256,.T.);
#11265 = ORIENTED_EDGE('',*,*,#11266,.T.);
#11266 = EDGE_CURVE('',#11257,#11257,#11267,.T.);
#11267 = CIRCLE('',#11268,2.14);
#11268 = AXIS2_PLACEMENT_3D('',#11269,#11270,#11271);
#11269 = CARTESIAN_POINT('',(3.6,0.,-12.5));
#11270 = DIRECTION('',(0.,0.,1.));
#11271 = DIRECTION('',(1.,0.,0.));
#11272 = CYLINDRICAL_SURFACE('',#11273,2.14);
#11273 = AXIS2_PLACEMENT_3D('',#11274,#11275,#11276);
#11274 = CARTESIAN_POINT('',(3.6,0.,0.));
#11275 = DIRECTION('',(0.,0.,1.));
#11276 = DIRECTION('',(1.,0.,0.));
#11277 = ADVANCED_FACE('',(#11278,#11303),#11401,.T.);
#11278 = FACE_BOUND('',#11279,.T.);
#11279 = EDGE_LOOP('',(#11280,#11281,#11289,#11297));
#11280 = ORIENTED_EDGE('',*,*,#11165,.F.);
#11281 = ORIENTED_EDGE('',*,*,#11282,.T.);
#11282 = EDGE_CURVE('',#11166,#11283,#11285,.T.);
#11283 = VERTEX_POINT('',#11284);
#11284 = CARTESIAN_POINT('',(-9.4,5.85,-15.5));
#11285 = LINE('',#11286,#11287);
#11286 = CARTESIAN_POINT('',(-9.4,5.85,0.));
#11287 = VECTOR('',#11288,1.);
#11288 = DIRECTION('',(-0.,-0.,-1.));
#11289 = ORIENTED_EDGE('',*,*,#11290,.T.);
#11290 = EDGE_CURVE('',#11283,#11291,#11293,.T.);
#11291 = VERTEX_POINT('',#11292);
#11292 = CARTESIAN_POINT('',(-9.4,-5.85,-15.5));
#11293 = LINE('',#11294,#11295);
#11294 = CARTESIAN_POINT('',(-9.4,5.85,-15.5));
#11295 = VECTOR('',#11296,1.);
#11296 = DIRECTION('',(0.,-1.,0.));
#11297 = ORIENTED_EDGE('',*,*,#11298,.F.);
#11298 = EDGE_CURVE('',#11168,#11291,#11299,.T.);
#11299 = LINE('',#11300,#11301);
#11300 = CARTESIAN_POINT('',(-9.4,-5.85,0.));
#11301 = VECTOR('',#11302,1.);
#11302 = DIRECTION('',(-0.,-0.,-1.));
#11303 = FACE_BOUND('',#11304,.T.);
#11304 = EDGE_LOOP('',(#11305,#11315,#11323,#11331,#11339,#11347,#11355,
    #11363,#11371,#11379,#11387,#11395));
#11305 = ORIENTED_EDGE('',*,*,#11306,.T.);
#11306 = EDGE_CURVE('',#11307,#11309,#11311,.T.);
#11307 = VERTEX_POINT('',#11308);
#11308 = CARTESIAN_POINT('',(-9.4,0.188393107554,-13.52317564213));
#11309 = VERTEX_POINT('',#11310);
#11310 = CARTESIAN_POINT('',(-9.4,0.188393107554,-12.8612613057));
#11311 = LINE('',#11312,#11313);
#11312 = CARTESIAN_POINT('',(-9.4,0.188393107554,-13.52317564213));
#11313 = VECTOR('',#11314,1.);
#11314 = DIRECTION('',(0.,0.,1.));
#11315 = ORIENTED_EDGE('',*,*,#11316,.T.);
#11316 = EDGE_CURVE('',#11309,#11317,#11319,.T.);
#11317 = VERTEX_POINT('',#11318);
#11318 = CARTESIAN_POINT('',(-9.4,-0.188393107554,-12.8612613057));
#11319 = LINE('',#11320,#11321);
#11320 = CARTESIAN_POINT('',(-9.4,0.188393107554,-12.8612613057));
#11321 = VECTOR('',#11322,1.);
#11322 = DIRECTION('',(0.,-1.,0.));
#11323 = ORIENTED_EDGE('',*,*,#11324,.T.);
#11324 = EDGE_CURVE('',#11317,#11325,#11327,.T.);
#11325 = VERTEX_POINT('',#11326);
#11326 = CARTESIAN_POINT('',(-9.4,-0.188393107554,-13.52317564213));
#11327 = LINE('',#11328,#11329);
#11328 = CARTESIAN_POINT('',(-9.4,-0.188393107554,-12.8612613057));
#11329 = VECTOR('',#11330,1.);
#11330 = DIRECTION('',(0.,0.,-1.));
#11331 = ORIENTED_EDGE('',*,*,#11332,.T.);
#11332 = EDGE_CURVE('',#11325,#11333,#11335,.T.);
#11333 = VERTEX_POINT('',#11334);
#11334 = CARTESIAN_POINT('',(-9.4,-0.850307443981,-13.52317564213));
#11335 = LINE('',#11336,#11337);
#11336 = CARTESIAN_POINT('',(-9.4,-0.188393107554,-13.52317564213));
#11337 = VECTOR('',#11338,1.);
#11338 = DIRECTION('',(0.,-1.,0.));
#11339 = ORIENTED_EDGE('',*,*,#11340,.T.);
#11340 = EDGE_CURVE('',#11333,#11341,#11343,.T.);
#11341 = VERTEX_POINT('',#11342);
#11342 = CARTESIAN_POINT('',(-9.4,-0.850307443981,-13.89996185724));
#11343 = LINE('',#11344,#11345);
#11344 = CARTESIAN_POINT('',(-9.4,-0.850307443981,-13.52317564213));
#11345 = VECTOR('',#11346,1.);
#11346 = DIRECTION('',(0.,0.,-1.));
#11347 = ORIENTED_EDGE('',*,*,#11348,.T.);
#11348 = EDGE_CURVE('',#11341,#11349,#11351,.T.);
#11349 = VERTEX_POINT('',#11350);
#11350 = CARTESIAN_POINT('',(-9.4,-0.188393107554,-13.89996185724));
#11351 = LINE('',#11352,#11353);
#11352 = CARTESIAN_POINT('',(-9.4,-0.850307443981,-13.89996185724));
#11353 = VECTOR('',#11354,1.);
#11354 = DIRECTION('',(0.,1.,0.));
#11355 = ORIENTED_EDGE('',*,*,#11356,.T.);
#11356 = EDGE_CURVE('',#11349,#11357,#11359,.T.);
#11357 = VERTEX_POINT('',#11358);
#11358 = CARTESIAN_POINT('',(-9.4,-0.188393107554,-14.56187619367));
#11359 = LINE('',#11360,#11361);
#11360 = CARTESIAN_POINT('',(-9.4,-0.188393107554,-13.89996185724));
#11361 = VECTOR('',#11362,1.);
#11362 = DIRECTION('',(0.,0.,-1.));
#11363 = ORIENTED_EDGE('',*,*,#11364,.T.);
#11364 = EDGE_CURVE('',#11357,#11365,#11367,.T.);
#11365 = VERTEX_POINT('',#11366);
#11366 = CARTESIAN_POINT('',(-9.4,0.188393107554,-14.56187619367));
#11367 = LINE('',#11368,#11369);
#11368 = CARTESIAN_POINT('',(-9.4,-0.188393107554,-14.56187619367));
#11369 = VECTOR('',#11370,1.);
#11370 = DIRECTION('',(0.,1.,0.));
#11371 = ORIENTED_EDGE('',*,*,#11372,.T.);
#11372 = EDGE_CURVE('',#11365,#11373,#11375,.T.);
#11373 = VERTEX_POINT('',#11374);
#11374 = CARTESIAN_POINT('',(-9.4,0.188393107554,-13.89996185724));
#11375 = LINE('',#11376,#11377);
#11376 = CARTESIAN_POINT('',(-9.4,0.188393107554,-14.56187619367));
#11377 = VECTOR('',#11378,1.);
#11378 = DIRECTION('',(0.,0.,1.));
#11379 = ORIENTED_EDGE('',*,*,#11380,.T.);
#11380 = EDGE_CURVE('',#11373,#11381,#11383,.T.);
#11381 = VERTEX_POINT('',#11382);
#11382 = CARTESIAN_POINT('',(-9.4,0.850307443989,-13.89996185724));
#11383 = LINE('',#11384,#11385);
#11384 = CARTESIAN_POINT('',(-9.4,0.188393107554,-13.89996185724));
#11385 = VECTOR('',#11386,1.);
#11386 = DIRECTION('',(0.,1.,0.));
#11387 = ORIENTED_EDGE('',*,*,#11388,.T.);
#11388 = EDGE_CURVE('',#11381,#11389,#11391,.T.);
#11389 = VERTEX_POINT('',#11390);
#11390 = CARTESIAN_POINT('',(-9.4,0.850307443989,-13.52317564213));
#11391 = LINE('',#11392,#11393);
#11392 = CARTESIAN_POINT('',(-9.4,0.850307443989,-13.89996185724));
#11393 = VECTOR('',#11394,1.);
#11394 = DIRECTION('',(0.,0.,1.));
#11395 = ORIENTED_EDGE('',*,*,#11396,.T.);
#11396 = EDGE_CURVE('',#11389,#11307,#11397,.T.);
#11397 = LINE('',#11398,#11399);
#11398 = CARTESIAN_POINT('',(-9.4,0.850307443989,-13.52317564213));
#11399 = VECTOR('',#11400,1.);
#11400 = DIRECTION('',(0.,-1.,0.));
#11401 = PLANE('',#11402);
#11402 = AXIS2_PLACEMENT_3D('',#11403,#11404,#11405);
#11403 = CARTESIAN_POINT('',(-9.4,5.85,0.));
#11404 = DIRECTION('',(-1.,0.,0.));
#11405 = DIRECTION('',(0.,-1.,0.));
#11406 = ADVANCED_FACE('',(#11407),#11425,.T.);
#11407 = FACE_BOUND('',#11408,.T.);
#11408 = EDGE_LOOP('',(#11409,#11410,#11411,#11419));
#11409 = ORIENTED_EDGE('',*,*,#11175,.F.);
#11410 = ORIENTED_EDGE('',*,*,#11298,.T.);
#11411 = ORIENTED_EDGE('',*,*,#11412,.T.);
#11412 = EDGE_CURVE('',#11291,#11413,#11415,.T.);
#11413 = VERTEX_POINT('',#11414);
#11414 = CARTESIAN_POINT('',(6.899999999996,-5.85,-15.5));
#11415 = LINE('',#11416,#11417);
#11416 = CARTESIAN_POINT('',(-9.4,-5.85,-15.5));
#11417 = VECTOR('',#11418,1.);
#11418 = DIRECTION('',(1.,0.,0.));
#11419 = ORIENTED_EDGE('',*,*,#11420,.F.);
#11420 = EDGE_CURVE('',#11176,#11413,#11421,.T.);
#11421 = LINE('',#11422,#11423);
#11422 = CARTESIAN_POINT('',(6.899999999996,-5.85,0.));
#11423 = VECTOR('',#11424,1.);
#11424 = DIRECTION('',(-0.,-0.,-1.));
#11425 = PLANE('',#11426);
#11426 = AXIS2_PLACEMENT_3D('',#11427,#11428,#11429);
#11427 = CARTESIAN_POINT('',(-9.4,-5.85,0.));
#11428 = DIRECTION('',(0.,-1.,0.));
#11429 = DIRECTION('',(1.,0.,0.));
#11430 = ADVANCED_FACE('',(#11431),#11450,.T.);
#11431 = FACE_BOUND('',#11432,.T.);
#11432 = EDGE_LOOP('',(#11433,#11434,#11435,#11444));
#11433 = ORIENTED_EDGE('',*,*,#11183,.F.);
#11434 = ORIENTED_EDGE('',*,*,#11420,.T.);
#11435 = ORIENTED_EDGE('',*,*,#11436,.T.);
#11436 = EDGE_CURVE('',#11413,#11437,#11439,.T.);
#11437 = VERTEX_POINT('',#11438);
#11438 = CARTESIAN_POINT('',(9.399999999998,-3.350000000002,-15.5));
#11439 = CIRCLE('',#11440,2.5);
#11440 = AXIS2_PLACEMENT_3D('',#11441,#11442,#11443);
#11441 = CARTESIAN_POINT('',(6.899999999996,-3.35,-15.5));
#11442 = DIRECTION('',(0.,0.,1.));
#11443 = DIRECTION('',(1.,0.,0.));
#11444 = ORIENTED_EDGE('',*,*,#11445,.F.);
#11445 = EDGE_CURVE('',#11184,#11437,#11446,.T.);
#11446 = LINE('',#11447,#11448);
#11447 = CARTESIAN_POINT('',(9.399999999998,-3.350000000002,0.));
#11448 = VECTOR('',#11449,1.);
#11449 = DIRECTION('',(-0.,-0.,-1.));
#11450 = CYLINDRICAL_SURFACE('',#11451,2.5);
#11451 = AXIS2_PLACEMENT_3D('',#11452,#11453,#11454);
#11452 = CARTESIAN_POINT('',(6.899999999996,-3.35,0.));
#11453 = DIRECTION('',(0.,0.,1.));
#11454 = DIRECTION('',(1.,0.,0.));
#11455 = ADVANCED_FACE('',(#11456,#11474),#11508,.T.);
#11456 = FACE_BOUND('',#11457,.T.);
#11457 = EDGE_LOOP('',(#11458,#11459,#11460,#11468));
#11458 = ORIENTED_EDGE('',*,*,#11192,.F.);
#11459 = ORIENTED_EDGE('',*,*,#11445,.T.);
#11460 = ORIENTED_EDGE('',*,*,#11461,.T.);
#11461 = EDGE_CURVE('',#11437,#11462,#11464,.T.);
#11462 = VERTEX_POINT('',#11463);
#11463 = CARTESIAN_POINT('',(9.4,3.35,-15.5));
#11464 = LINE('',#11465,#11466);
#11465 = CARTESIAN_POINT('',(9.4,-3.350000000002,-15.5));
#11466 = VECTOR('',#11467,1.);
#11467 = DIRECTION('',(0.,1.,0.));
#11468 = ORIENTED_EDGE('',*,*,#11469,.F.);
#11469 = EDGE_CURVE('',#11193,#11462,#11470,.T.);
#11470 = LINE('',#11471,#11472);
#11471 = CARTESIAN_POINT('',(9.4,3.35,0.));
#11472 = VECTOR('',#11473,1.);
#11473 = DIRECTION('',(-0.,-0.,-1.));
#11474 = FACE_BOUND('',#11475,.T.);
#11475 = EDGE_LOOP('',(#11476,#11486,#11494,#11502));
#11476 = ORIENTED_EDGE('',*,*,#11477,.F.);
#11477 = EDGE_CURVE('',#11478,#11480,#11482,.T.);
#11478 = VERTEX_POINT('',#11479);
#11479 = CARTESIAN_POINT('',(9.4,-0.874764,-13.561348));
#11480 = VERTEX_POINT('',#11481);
#11481 = CARTESIAN_POINT('',(9.4,-0.874764,-13.908285));
#11482 = LINE('',#11483,#11484);
#11483 = CARTESIAN_POINT('',(9.4,-0.874764,-13.561348));
#11484 = VECTOR('',#11485,1.);
#11485 = DIRECTION('',(0.,0.,-1.));
#11486 = ORIENTED_EDGE('',*,*,#11487,.F.);
#11487 = EDGE_CURVE('',#11488,#11478,#11490,.T.);
#11488 = VERTEX_POINT('',#11489);
#11489 = CARTESIAN_POINT('',(9.4,0.874764,-13.561348));
#11490 = LINE('',#11491,#11492);
#11491 = CARTESIAN_POINT('',(9.4,0.874764,-13.561348));
#11492 = VECTOR('',#11493,1.);
#11493 = DIRECTION('',(0.,-1.,0.));
#11494 = ORIENTED_EDGE('',*,*,#11495,.F.);
#11495 = EDGE_CURVE('',#11496,#11488,#11498,.T.);
#11496 = VERTEX_POINT('',#11497);
#11497 = CARTESIAN_POINT('',(9.4,0.874764,-13.908285));
#11498 = LINE('',#11499,#11500);
#11499 = CARTESIAN_POINT('',(9.4,0.874764,-13.908285));
#11500 = VECTOR('',#11501,1.);
#11501 = DIRECTION('',(0.,0.,1.));
#11502 = ORIENTED_EDGE('',*,*,#11503,.F.);
#11503 = EDGE_CURVE('',#11480,#11496,#11504,.T.);
#11504 = LINE('',#11505,#11506);
#11505 = CARTESIAN_POINT('',(9.4,-0.874764,-13.908285));
#11506 = VECTOR('',#11507,1.);
#11507 = DIRECTION('',(0.,1.,0.));
#11508 = PLANE('',#11509);
#11509 = AXIS2_PLACEMENT_3D('',#11510,#11511,#11512);
#11510 = CARTESIAN_POINT('',(9.4,-3.350000000002,0.));
#11511 = DIRECTION('',(1.,0.,0.));
#11512 = DIRECTION('',(0.,1.,0.));
#11513 = ADVANCED_FACE('',(#11514),#11533,.T.);
#11514 = FACE_BOUND('',#11515,.T.);
#11515 = EDGE_LOOP('',(#11516,#11517,#11518,#11527));
#11516 = ORIENTED_EDGE('',*,*,#11200,.F.);
#11517 = ORIENTED_EDGE('',*,*,#11469,.T.);
#11518 = ORIENTED_EDGE('',*,*,#11519,.T.);
#11519 = EDGE_CURVE('',#11462,#11520,#11522,.T.);
#11520 = VERTEX_POINT('',#11521);
#11521 = CARTESIAN_POINT('',(6.9,5.85,-15.5));
#11522 = CIRCLE('',#11523,2.5);
#11523 = AXIS2_PLACEMENT_3D('',#11524,#11525,#11526);
#11524 = CARTESIAN_POINT('',(6.9,3.35,-15.5));
#11525 = DIRECTION('',(0.,0.,1.));
#11526 = DIRECTION('',(1.,0.,0.));
#11527 = ORIENTED_EDGE('',*,*,#11528,.F.);
#11528 = EDGE_CURVE('',#11201,#11520,#11529,.T.);
#11529 = LINE('',#11530,#11531);
#11530 = CARTESIAN_POINT('',(6.9,5.85,0.));
#11531 = VECTOR('',#11532,1.);
#11532 = DIRECTION('',(-0.,-0.,-1.));
#11533 = CYLINDRICAL_SURFACE('',#11534,2.5);
#11534 = AXIS2_PLACEMENT_3D('',#11535,#11536,#11537);
#11535 = CARTESIAN_POINT('',(6.9,3.35,0.));
#11536 = DIRECTION('',(0.,0.,1.));
#11537 = DIRECTION('',(1.,0.,0.));
#11538 = ADVANCED_FACE('',(#11539),#11550,.T.);
#11539 = FACE_BOUND('',#11540,.T.);
#11540 = EDGE_LOOP('',(#11541,#11542,#11543,#11549));
#11541 = ORIENTED_EDGE('',*,*,#11209,.F.);
#11542 = ORIENTED_EDGE('',*,*,#11528,.T.);
#11543 = ORIENTED_EDGE('',*,*,#11544,.T.);
#11544 = EDGE_CURVE('',#11520,#11283,#11545,.T.);
#11545 = LINE('',#11546,#11547);
#11546 = CARTESIAN_POINT('',(6.9,5.85,-15.5));
#11547 = VECTOR('',#11548,1.);
#11548 = DIRECTION('',(-1.,0.,0.));
#11549 = ORIENTED_EDGE('',*,*,#11282,.F.);
#11550 = PLANE('',#11551);
#11551 = AXIS2_PLACEMENT_3D('',#11552,#11553,#11554);
#11552 = CARTESIAN_POINT('',(6.9,5.85,0.));
#11553 = DIRECTION('',(0.,1.,0.));
#11554 = DIRECTION('',(-1.,0.,0.));
#11555 = ADVANCED_FACE('',(#11556,#11590),#11593,.F.);
#11556 = FACE_BOUND('',#11557,.F.);
#11557 = EDGE_LOOP('',(#11558,#11568,#11576,#11584));
#11558 = ORIENTED_EDGE('',*,*,#11559,.F.);
#11559 = EDGE_CURVE('',#11560,#11562,#11564,.T.);
#11560 = VERTEX_POINT('',#11561);
#11561 = CARTESIAN_POINT('',(-6.50309103377,-2.951098846804,-12.5));
#11562 = VERTEX_POINT('',#11563);
#11563 = CARTESIAN_POINT('',(-6.50309103377,2.951098846804,-12.5));
#11564 = LINE('',#11565,#11566);
#11565 = CARTESIAN_POINT('',(-6.50309103377,-2.951098846804,-12.5));
#11566 = VECTOR('',#11567,1.);
#11567 = DIRECTION('',(0.,1.,0.));
#11568 = ORIENTED_EDGE('',*,*,#11569,.F.);
#11569 = EDGE_CURVE('',#11570,#11560,#11572,.T.);
#11570 = VERTEX_POINT('',#11571);
#11571 = CARTESIAN_POINT('',(-0.600893340161,-2.951098846804,-12.5));
#11572 = LINE('',#11573,#11574);
#11573 = CARTESIAN_POINT('',(-0.600893340161,-2.951098846804,-12.5));
#11574 = VECTOR('',#11575,1.);
#11575 = DIRECTION('',(-1.,0.,0.));
#11576 = ORIENTED_EDGE('',*,*,#11577,.F.);
#11577 = EDGE_CURVE('',#11578,#11570,#11580,.T.);
#11578 = VERTEX_POINT('',#11579);
#11579 = CARTESIAN_POINT('',(-0.600893340161,2.951098846804,-12.5));
#11580 = LINE('',#11581,#11582);
#11581 = CARTESIAN_POINT('',(-0.600893340161,2.951098846804,-12.5));
#11582 = VECTOR('',#11583,1.);
#11583 = DIRECTION('',(0.,-1.,0.));
#11584 = ORIENTED_EDGE('',*,*,#11585,.F.);
#11585 = EDGE_CURVE('',#11562,#11578,#11586,.T.);
#11586 = LINE('',#11587,#11588);
#11587 = CARTESIAN_POINT('',(-6.50309103377,2.951098846804,-12.5));
#11588 = VECTOR('',#11589,1.);
#11589 = DIRECTION('',(1.,0.,0.));
#11590 = FACE_BOUND('',#11591,.F.);
#11591 = EDGE_LOOP('',(#11592));
#11592 = ORIENTED_EDGE('',*,*,#11241,.F.);
#11593 = PLANE('',#11594);
#11594 = AXIS2_PLACEMENT_3D('',#11595,#11596,#11597);
#11595 = CARTESIAN_POINT('',(-0.446843089419,1.865200304621E-14,-12.5));
#11596 = DIRECTION('',(0.,0.,1.));
#11597 = DIRECTION('',(1.,0.,0.));
#11598 = ADVANCED_FACE('',(#11599,#11634),#11637,.F.);
#11599 = FACE_BOUND('',#11600,.F.);
#11600 = EDGE_LOOP('',(#11601,#11611,#11620,#11628));
#11601 = ORIENTED_EDGE('',*,*,#11602,.F.);
#11602 = EDGE_CURVE('',#11603,#11605,#11607,.T.);
#11603 = VERTEX_POINT('',#11604);
#11604 = CARTESIAN_POINT('',(3.642314647124,-2.951098846804,-12.5));
#11605 = VERTEX_POINT('',#11606);
#11606 = CARTESIAN_POINT('',(0.658095,-2.951098846804,-12.5));
#11607 = LINE('',#11608,#11609);
#11608 = CARTESIAN_POINT('',(3.642314647124,-2.951098846804,-12.5));
#11609 = VECTOR('',#11610,1.);
#11610 = DIRECTION('',(-1.,0.,0.));
#11611 = ORIENTED_EDGE('',*,*,#11612,.F.);
#11612 = EDGE_CURVE('',#11613,#11603,#11615,.T.);
#11613 = VERTEX_POINT('',#11614);
#11614 = CARTESIAN_POINT('',(3.642314647126,2.951098846804,-12.5));
#11615 = CIRCLE('',#11616,2.951098846804);
#11616 = AXIS2_PLACEMENT_3D('',#11617,#11618,#11619);
#11617 = CARTESIAN_POINT('',(3.642314647126,6.867143957956E-33,-12.5));
#11618 = DIRECTION('',(0.,0.,-1.));
#11619 = DIRECTION('',(1.,0.,0.));
#11620 = ORIENTED_EDGE('',*,*,#11621,.F.);
#11621 = EDGE_CURVE('',#11622,#11613,#11624,.T.);
#11622 = VERTEX_POINT('',#11623);
#11623 = CARTESIAN_POINT('',(0.658095,2.951098846804,-12.5));
#11624 = LINE('',#11625,#11626);
#11625 = CARTESIAN_POINT('',(0.658095,2.951098846804,-12.5));
#11626 = VECTOR('',#11627,1.);
#11627 = DIRECTION('',(1.,0.,0.));
#11628 = ORIENTED_EDGE('',*,*,#11629,.F.);
#11629 = EDGE_CURVE('',#11605,#11622,#11630,.T.);
#11630 = LINE('',#11631,#11632);
#11631 = CARTESIAN_POINT('',(0.658095,-2.951098846804,-12.5));
#11632 = VECTOR('',#11633,1.);
#11633 = DIRECTION('',(0.,1.,0.));
#11634 = FACE_BOUND('',#11635,.F.);
#11635 = EDGE_LOOP('',(#11636));
#11636 = ORIENTED_EDGE('',*,*,#11266,.F.);
#11637 = PLANE('',#11638);
#11638 = AXIS2_PLACEMENT_3D('',#11639,#11640,#11641);
#11639 = CARTESIAN_POINT('',(-0.446843089419,1.865200304621E-14,-12.5));
#11640 = DIRECTION('',(0.,0.,1.));
#11641 = DIRECTION('',(1.,0.,0.));
#11642 = ADVANCED_FACE('',(#11643,#11651,#11685),#11720,.F.);
#11643 = FACE_BOUND('',#11644,.F.);
#11644 = EDGE_LOOP('',(#11645,#11646,#11647,#11648,#11649,#11650));
#11645 = ORIENTED_EDGE('',*,*,#11290,.T.);
#11646 = ORIENTED_EDGE('',*,*,#11412,.T.);
#11647 = ORIENTED_EDGE('',*,*,#11436,.T.);
#11648 = ORIENTED_EDGE('',*,*,#11461,.T.);
#11649 = ORIENTED_EDGE('',*,*,#11519,.T.);
#11650 = ORIENTED_EDGE('',*,*,#11544,.T.);
#11651 = FACE_BOUND('',#11652,.F.);
#11652 = EDGE_LOOP('',(#11653,#11663,#11671,#11679));
#11653 = ORIENTED_EDGE('',*,*,#11654,.T.);
#11654 = EDGE_CURVE('',#11655,#11657,#11659,.T.);
#11655 = VERTEX_POINT('',#11656);
#11656 = CARTESIAN_POINT('',(-0.600893340161,-2.951098846804,-15.5));
#11657 = VERTEX_POINT('',#11658);
#11658 = CARTESIAN_POINT('',(-6.50309103377,-2.951098846804,-15.5));
#11659 = LINE('',#11660,#11661);
#11660 = CARTESIAN_POINT('',(-0.600893340161,-2.951098846804,-15.5));
#11661 = VECTOR('',#11662,1.);
#11662 = DIRECTION('',(-1.,0.,0.));
#11663 = ORIENTED_EDGE('',*,*,#11664,.T.);
#11664 = EDGE_CURVE('',#11657,#11665,#11667,.T.);
#11665 = VERTEX_POINT('',#11666);
#11666 = CARTESIAN_POINT('',(-6.50309103377,2.951098846804,-15.5));
#11667 = LINE('',#11668,#11669);
#11668 = CARTESIAN_POINT('',(-6.50309103377,-2.951098846804,-15.5));
#11669 = VECTOR('',#11670,1.);
#11670 = DIRECTION('',(0.,1.,0.));
#11671 = ORIENTED_EDGE('',*,*,#11672,.T.);
#11672 = EDGE_CURVE('',#11665,#11673,#11675,.T.);
#11673 = VERTEX_POINT('',#11674);
#11674 = CARTESIAN_POINT('',(-0.600893340161,2.951098846804,-15.5));
#11675 = LINE('',#11676,#11677);
#11676 = CARTESIAN_POINT('',(-6.50309103377,2.951098846804,-15.5));
#11677 = VECTOR('',#11678,1.);
#11678 = DIRECTION('',(1.,0.,0.));
#11679 = ORIENTED_EDGE('',*,*,#11680,.T.);
#11680 = EDGE_CURVE('',#11673,#11655,#11681,.T.);
#11681 = LINE('',#11682,#11683);
#11682 = CARTESIAN_POINT('',(-0.600893340161,2.951098846804,-15.5));
#11683 = VECTOR('',#11684,1.);
#11684 = DIRECTION('',(0.,-1.,0.));
#11685 = FACE_BOUND('',#11686,.F.);
#11686 = EDGE_LOOP('',(#11687,#11698,#11706,#11714));
#11687 = ORIENTED_EDGE('',*,*,#11688,.T.);
#11688 = EDGE_CURVE('',#11689,#11691,#11693,.T.);
#11689 = VERTEX_POINT('',#11690);
#11690 = CARTESIAN_POINT('',(3.642314647126,2.951098846804,-15.5));
#11691 = VERTEX_POINT('',#11692);
#11692 = CARTESIAN_POINT('',(3.642314647124,-2.951098846804,-15.5));
#11693 = CIRCLE('',#11694,2.951098846804);
#11694 = AXIS2_PLACEMENT_3D('',#11695,#11696,#11697);
#11695 = CARTESIAN_POINT('',(3.642314647126,6.867143957956E-33,-15.5));
#11696 = DIRECTION('',(0.,0.,-1.));
#11697 = DIRECTION('',(1.,0.,0.));
#11698 = ORIENTED_EDGE('',*,*,#11699,.T.);
#11699 = EDGE_CURVE('',#11691,#11700,#11702,.T.);
#11700 = VERTEX_POINT('',#11701);
#11701 = CARTESIAN_POINT('',(0.658095,-2.951098846804,-15.5));
#11702 = LINE('',#11703,#11704);
#11703 = CARTESIAN_POINT('',(3.642314647124,-2.951098846804,-15.5));
#11704 = VECTOR('',#11705,1.);
#11705 = DIRECTION('',(-1.,0.,0.));
#11706 = ORIENTED_EDGE('',*,*,#11707,.T.);
#11707 = EDGE_CURVE('',#11700,#11708,#11710,.T.);
#11708 = VERTEX_POINT('',#11709);
#11709 = CARTESIAN_POINT('',(0.658095,2.951098846804,-15.5));
#11710 = LINE('',#11711,#11712);
#11711 = CARTESIAN_POINT('',(0.658095,-2.951098846804,-15.5));
#11712 = VECTOR('',#11713,1.);
#11713 = DIRECTION('',(0.,1.,0.));
#11714 = ORIENTED_EDGE('',*,*,#11715,.T.);
#11715 = EDGE_CURVE('',#11708,#11689,#11716,.T.);
#11716 = LINE('',#11717,#11718);
#11717 = CARTESIAN_POINT('',(0.658095,2.951098846804,-15.5));
#11718 = VECTOR('',#11719,1.);
#11719 = DIRECTION('',(1.,0.,0.));
#11720 = PLANE('',#11721);
#11721 = AXIS2_PLACEMENT_3D('',#11722,#11723,#11724);
#11722 = CARTESIAN_POINT('',(-0.376083485786,4.108639203044E-13,-15.5));
#11723 = DIRECTION('',(0.,0.,1.));
#11724 = DIRECTION('',(1.,0.,0.));
#11725 = ADVANCED_FACE('',(#11726),#11751,.T.);
#11726 = FACE_BOUND('',#11727,.T.);
#11727 = EDGE_LOOP('',(#11728,#11736,#11744,#11750));
#11728 = ORIENTED_EDGE('',*,*,#11729,.T.);
#11729 = EDGE_CURVE('',#11307,#11730,#11732,.T.);
#11730 = VERTEX_POINT('',#11731);
#11731 = CARTESIAN_POINT('',(-9.6,0.188393107554,-13.52317564213));
#11732 = LINE('',#11733,#11734);
#11733 = CARTESIAN_POINT('',(-9.4,0.188393107554,-13.52317564213));
#11734 = VECTOR('',#11735,1.);
#11735 = DIRECTION('',(-1.,0.,0.));
#11736 = ORIENTED_EDGE('',*,*,#11737,.T.);
#11737 = EDGE_CURVE('',#11730,#11738,#11740,.T.);
#11738 = VERTEX_POINT('',#11739);
#11739 = CARTESIAN_POINT('',(-9.6,0.188393107554,-12.8612613057));
#11740 = LINE('',#11741,#11742);
#11741 = CARTESIAN_POINT('',(-9.6,0.188393107554,-13.52317564213));
#11742 = VECTOR('',#11743,1.);
#11743 = DIRECTION('',(0.,0.,1.));
#11744 = ORIENTED_EDGE('',*,*,#11745,.F.);
#11745 = EDGE_CURVE('',#11309,#11738,#11746,.T.);
#11746 = LINE('',#11747,#11748);
#11747 = CARTESIAN_POINT('',(-9.4,0.188393107554,-12.8612613057));
#11748 = VECTOR('',#11749,1.);
#11749 = DIRECTION('',(-1.,0.,0.));
#11750 = ORIENTED_EDGE('',*,*,#11306,.F.);
#11751 = PLANE('',#11752);
#11752 = AXIS2_PLACEMENT_3D('',#11753,#11754,#11755);
#11753 = CARTESIAN_POINT('',(-9.4,0.188393107554,-13.52317564213));
#11754 = DIRECTION('',(0.,1.,0.));
#11755 = DIRECTION('',(0.,0.,1.));
#11756 = ADVANCED_FACE('',(#11757),#11775,.T.);
#11757 = FACE_BOUND('',#11758,.T.);
#11758 = EDGE_LOOP('',(#11759,#11767,#11773,#11774));
#11759 = ORIENTED_EDGE('',*,*,#11760,.T.);
#11760 = EDGE_CURVE('',#11389,#11761,#11763,.T.);
#11761 = VERTEX_POINT('',#11762);
#11762 = CARTESIAN_POINT('',(-9.6,0.850307443989,-13.52317564213));
#11763 = LINE('',#11764,#11765);
#11764 = CARTESIAN_POINT('',(-9.4,0.850307443989,-13.52317564213));
#11765 = VECTOR('',#11766,1.);
#11766 = DIRECTION('',(-1.,0.,0.));
#11767 = ORIENTED_EDGE('',*,*,#11768,.T.);
#11768 = EDGE_CURVE('',#11761,#11730,#11769,.T.);
#11769 = LINE('',#11770,#11771);
#11770 = CARTESIAN_POINT('',(-9.6,0.850307443989,-13.52317564213));
#11771 = VECTOR('',#11772,1.);
#11772 = DIRECTION('',(0.,-1.,0.));
#11773 = ORIENTED_EDGE('',*,*,#11729,.F.);
#11774 = ORIENTED_EDGE('',*,*,#11396,.F.);
#11775 = PLANE('',#11776);
#11776 = AXIS2_PLACEMENT_3D('',#11777,#11778,#11779);
#11777 = CARTESIAN_POINT('',(-9.4,0.850307443989,-13.52317564213));
#11778 = DIRECTION('',(0.,0.,1.));
#11779 = DIRECTION('',(0.,-1.,0.));
#11780 = ADVANCED_FACE('',(#11781),#11799,.T.);
#11781 = FACE_BOUND('',#11782,.T.);
#11782 = EDGE_LOOP('',(#11783,#11791,#11797,#11798));
#11783 = ORIENTED_EDGE('',*,*,#11784,.T.);
#11784 = EDGE_CURVE('',#11381,#11785,#11787,.T.);
#11785 = VERTEX_POINT('',#11786);
#11786 = CARTESIAN_POINT('',(-9.6,0.850307443989,-13.89996185724));
#11787 = LINE('',#11788,#11789);
#11788 = CARTESIAN_POINT('',(-9.4,0.850307443989,-13.89996185724));
#11789 = VECTOR('',#11790,1.);
#11790 = DIRECTION('',(-1.,0.,0.));
#11791 = ORIENTED_EDGE('',*,*,#11792,.T.);
#11792 = EDGE_CURVE('',#11785,#11761,#11793,.T.);
#11793 = LINE('',#11794,#11795);
#11794 = CARTESIAN_POINT('',(-9.6,0.850307443989,-13.89996185724));
#11795 = VECTOR('',#11796,1.);
#11796 = DIRECTION('',(0.,0.,1.));
#11797 = ORIENTED_EDGE('',*,*,#11760,.F.);
#11798 = ORIENTED_EDGE('',*,*,#11388,.F.);
#11799 = PLANE('',#11800);
#11800 = AXIS2_PLACEMENT_3D('',#11801,#11802,#11803);
#11801 = CARTESIAN_POINT('',(-9.4,0.850307443989,-13.89996185724));
#11802 = DIRECTION('',(0.,1.,0.));
#11803 = DIRECTION('',(0.,0.,1.));
#11804 = ADVANCED_FACE('',(#11805),#11823,.T.);
#11805 = FACE_BOUND('',#11806,.T.);
#11806 = EDGE_LOOP('',(#11807,#11815,#11821,#11822));
#11807 = ORIENTED_EDGE('',*,*,#11808,.T.);
#11808 = EDGE_CURVE('',#11373,#11809,#11811,.T.);
#11809 = VERTEX_POINT('',#11810);
#11810 = CARTESIAN_POINT('',(-9.6,0.188393107554,-13.89996185724));
#11811 = LINE('',#11812,#11813);
#11812 = CARTESIAN_POINT('',(-9.4,0.188393107554,-13.89996185724));
#11813 = VECTOR('',#11814,1.);
#11814 = DIRECTION('',(-1.,0.,0.));
#11815 = ORIENTED_EDGE('',*,*,#11816,.T.);
#11816 = EDGE_CURVE('',#11809,#11785,#11817,.T.);
#11817 = LINE('',#11818,#11819);
#11818 = CARTESIAN_POINT('',(-9.6,0.188393107554,-13.89996185724));
#11819 = VECTOR('',#11820,1.);
#11820 = DIRECTION('',(0.,1.,0.));
#11821 = ORIENTED_EDGE('',*,*,#11784,.F.);
#11822 = ORIENTED_EDGE('',*,*,#11380,.F.);
#11823 = PLANE('',#11824);
#11824 = AXIS2_PLACEMENT_3D('',#11825,#11826,#11827);
#11825 = CARTESIAN_POINT('',(-9.4,0.188393107554,-13.89996185724));
#11826 = DIRECTION('',(0.,0.,-1.));
#11827 = DIRECTION('',(0.,1.,0.));
#11828 = ADVANCED_FACE('',(#11829),#11847,.T.);
#11829 = FACE_BOUND('',#11830,.T.);
#11830 = EDGE_LOOP('',(#11831,#11839,#11845,#11846));
#11831 = ORIENTED_EDGE('',*,*,#11832,.T.);
#11832 = EDGE_CURVE('',#11365,#11833,#11835,.T.);
#11833 = VERTEX_POINT('',#11834);
#11834 = CARTESIAN_POINT('',(-9.6,0.188393107554,-14.56187619367));
#11835 = LINE('',#11836,#11837);
#11836 = CARTESIAN_POINT('',(-9.4,0.188393107554,-14.56187619367));
#11837 = VECTOR('',#11838,1.);
#11838 = DIRECTION('',(-1.,0.,0.));
#11839 = ORIENTED_EDGE('',*,*,#11840,.T.);
#11840 = EDGE_CURVE('',#11833,#11809,#11841,.T.);
#11841 = LINE('',#11842,#11843);
#11842 = CARTESIAN_POINT('',(-9.6,0.188393107554,-14.56187619367));
#11843 = VECTOR('',#11844,1.);
#11844 = DIRECTION('',(0.,0.,1.));
#11845 = ORIENTED_EDGE('',*,*,#11808,.F.);
#11846 = ORIENTED_EDGE('',*,*,#11372,.F.);
#11847 = PLANE('',#11848);
#11848 = AXIS2_PLACEMENT_3D('',#11849,#11850,#11851);
#11849 = CARTESIAN_POINT('',(-9.4,0.188393107554,-14.56187619367));
#11850 = DIRECTION('',(0.,1.,0.));
#11851 = DIRECTION('',(0.,0.,1.));
#11852 = ADVANCED_FACE('',(#11853),#11871,.T.);
#11853 = FACE_BOUND('',#11854,.T.);
#11854 = EDGE_LOOP('',(#11855,#11863,#11869,#11870));
#11855 = ORIENTED_EDGE('',*,*,#11856,.T.);
#11856 = EDGE_CURVE('',#11357,#11857,#11859,.T.);
#11857 = VERTEX_POINT('',#11858);
#11858 = CARTESIAN_POINT('',(-9.6,-0.188393107554,-14.56187619367));
#11859 = LINE('',#11860,#11861);
#11860 = CARTESIAN_POINT('',(-9.4,-0.188393107554,-14.56187619367));
#11861 = VECTOR('',#11862,1.);
#11862 = DIRECTION('',(-1.,0.,0.));
#11863 = ORIENTED_EDGE('',*,*,#11864,.T.);
#11864 = EDGE_CURVE('',#11857,#11833,#11865,.T.);
#11865 = LINE('',#11866,#11867);
#11866 = CARTESIAN_POINT('',(-9.6,-0.188393107554,-14.56187619367));
#11867 = VECTOR('',#11868,1.);
#11868 = DIRECTION('',(0.,1.,0.));
#11869 = ORIENTED_EDGE('',*,*,#11832,.F.);
#11870 = ORIENTED_EDGE('',*,*,#11364,.F.);
#11871 = PLANE('',#11872);
#11872 = AXIS2_PLACEMENT_3D('',#11873,#11874,#11875);
#11873 = CARTESIAN_POINT('',(-9.4,-0.188393107554,-14.56187619367));
#11874 = DIRECTION('',(0.,0.,-1.));
#11875 = DIRECTION('',(0.,1.,0.));
#11876 = ADVANCED_FACE('',(#11877),#11895,.T.);
#11877 = FACE_BOUND('',#11878,.T.);
#11878 = EDGE_LOOP('',(#11879,#11887,#11893,#11894));
#11879 = ORIENTED_EDGE('',*,*,#11880,.T.);
#11880 = EDGE_CURVE('',#11349,#11881,#11883,.T.);
#11881 = VERTEX_POINT('',#11882);
#11882 = CARTESIAN_POINT('',(-9.6,-0.188393107554,-13.89996185724));
#11883 = LINE('',#11884,#11885);
#11884 = CARTESIAN_POINT('',(-9.4,-0.188393107554,-13.89996185724));
#11885 = VECTOR('',#11886,1.);
#11886 = DIRECTION('',(-1.,0.,0.));
#11887 = ORIENTED_EDGE('',*,*,#11888,.T.);
#11888 = EDGE_CURVE('',#11881,#11857,#11889,.T.);
#11889 = LINE('',#11890,#11891);
#11890 = CARTESIAN_POINT('',(-9.6,-0.188393107554,-13.89996185724));
#11891 = VECTOR('',#11892,1.);
#11892 = DIRECTION('',(0.,0.,-1.));
#11893 = ORIENTED_EDGE('',*,*,#11856,.F.);
#11894 = ORIENTED_EDGE('',*,*,#11356,.F.);
#11895 = PLANE('',#11896);
#11896 = AXIS2_PLACEMENT_3D('',#11897,#11898,#11899);
#11897 = CARTESIAN_POINT('',(-9.4,-0.188393107554,-13.89996185724));
#11898 = DIRECTION('',(-0.,-1.,-0.));
#11899 = DIRECTION('',(0.,0.,-1.));
#11900 = ADVANCED_FACE('',(#11901),#11919,.T.);
#11901 = FACE_BOUND('',#11902,.T.);
#11902 = EDGE_LOOP('',(#11903,#11911,#11917,#11918));
#11903 = ORIENTED_EDGE('',*,*,#11904,.T.);
#11904 = EDGE_CURVE('',#11341,#11905,#11907,.T.);
#11905 = VERTEX_POINT('',#11906);
#11906 = CARTESIAN_POINT('',(-9.6,-0.850307443981,-13.89996185724));
#11907 = LINE('',#11908,#11909);
#11908 = CARTESIAN_POINT('',(-9.4,-0.850307443981,-13.89996185724));
#11909 = VECTOR('',#11910,1.);
#11910 = DIRECTION('',(-1.,0.,0.));
#11911 = ORIENTED_EDGE('',*,*,#11912,.T.);
#11912 = EDGE_CURVE('',#11905,#11881,#11913,.T.);
#11913 = LINE('',#11914,#11915);
#11914 = CARTESIAN_POINT('',(-9.6,-0.850307443981,-13.89996185724));
#11915 = VECTOR('',#11916,1.);
#11916 = DIRECTION('',(0.,1.,0.));
#11917 = ORIENTED_EDGE('',*,*,#11880,.F.);
#11918 = ORIENTED_EDGE('',*,*,#11348,.F.);
#11919 = PLANE('',#11920);
#11920 = AXIS2_PLACEMENT_3D('',#11921,#11922,#11923);
#11921 = CARTESIAN_POINT('',(-9.4,-0.850307443981,-13.89996185724));
#11922 = DIRECTION('',(0.,0.,-1.));
#11923 = DIRECTION('',(0.,1.,0.));
#11924 = ADVANCED_FACE('',(#11925),#11943,.T.);
#11925 = FACE_BOUND('',#11926,.T.);
#11926 = EDGE_LOOP('',(#11927,#11935,#11941,#11942));
#11927 = ORIENTED_EDGE('',*,*,#11928,.T.);
#11928 = EDGE_CURVE('',#11333,#11929,#11931,.T.);
#11929 = VERTEX_POINT('',#11930);
#11930 = CARTESIAN_POINT('',(-9.6,-0.850307443981,-13.52317564213));
#11931 = LINE('',#11932,#11933);
#11932 = CARTESIAN_POINT('',(-9.4,-0.850307443981,-13.52317564213));
#11933 = VECTOR('',#11934,1.);
#11934 = DIRECTION('',(-1.,0.,0.));
#11935 = ORIENTED_EDGE('',*,*,#11936,.T.);
#11936 = EDGE_CURVE('',#11929,#11905,#11937,.T.);
#11937 = LINE('',#11938,#11939);
#11938 = CARTESIAN_POINT('',(-9.6,-0.850307443981,-13.52317564213));
#11939 = VECTOR('',#11940,1.);
#11940 = DIRECTION('',(0.,0.,-1.));
#11941 = ORIENTED_EDGE('',*,*,#11904,.F.);
#11942 = ORIENTED_EDGE('',*,*,#11340,.F.);
#11943 = PLANE('',#11944);
#11944 = AXIS2_PLACEMENT_3D('',#11945,#11946,#11947);
#11945 = CARTESIAN_POINT('',(-9.4,-0.850307443981,-13.52317564213));
#11946 = DIRECTION('',(-0.,-1.,-0.));
#11947 = DIRECTION('',(0.,0.,-1.));
#11948 = ADVANCED_FACE('',(#11949),#11967,.T.);
#11949 = FACE_BOUND('',#11950,.T.);
#11950 = EDGE_LOOP('',(#11951,#11959,#11965,#11966));
#11951 = ORIENTED_EDGE('',*,*,#11952,.T.);
#11952 = EDGE_CURVE('',#11325,#11953,#11955,.T.);
#11953 = VERTEX_POINT('',#11954);
#11954 = CARTESIAN_POINT('',(-9.6,-0.188393107554,-13.52317564213));
#11955 = LINE('',#11956,#11957);
#11956 = CARTESIAN_POINT('',(-9.4,-0.188393107554,-13.52317564213));
#11957 = VECTOR('',#11958,1.);
#11958 = DIRECTION('',(-1.,0.,0.));
#11959 = ORIENTED_EDGE('',*,*,#11960,.T.);
#11960 = EDGE_CURVE('',#11953,#11929,#11961,.T.);
#11961 = LINE('',#11962,#11963);
#11962 = CARTESIAN_POINT('',(-9.6,-0.188393107554,-13.52317564213));
#11963 = VECTOR('',#11964,1.);
#11964 = DIRECTION('',(0.,-1.,0.));
#11965 = ORIENTED_EDGE('',*,*,#11928,.F.);
#11966 = ORIENTED_EDGE('',*,*,#11332,.F.);
#11967 = PLANE('',#11968);
#11968 = AXIS2_PLACEMENT_3D('',#11969,#11970,#11971);
#11969 = CARTESIAN_POINT('',(-9.4,-0.188393107554,-13.52317564213));
#11970 = DIRECTION('',(0.,0.,1.));
#11971 = DIRECTION('',(0.,-1.,0.));
#11972 = ADVANCED_FACE('',(#11973),#11991,.T.);
#11973 = FACE_BOUND('',#11974,.T.);
#11974 = EDGE_LOOP('',(#11975,#11983,#11989,#11990));
#11975 = ORIENTED_EDGE('',*,*,#11976,.T.);
#11976 = EDGE_CURVE('',#11317,#11977,#11979,.T.);
#11977 = VERTEX_POINT('',#11978);
#11978 = CARTESIAN_POINT('',(-9.6,-0.188393107554,-12.8612613057));
#11979 = LINE('',#11980,#11981);
#11980 = CARTESIAN_POINT('',(-9.4,-0.188393107554,-12.8612613057));
#11981 = VECTOR('',#11982,1.);
#11982 = DIRECTION('',(-1.,0.,0.));
#11983 = ORIENTED_EDGE('',*,*,#11984,.T.);
#11984 = EDGE_CURVE('',#11977,#11953,#11985,.T.);
#11985 = LINE('',#11986,#11987);
#11986 = CARTESIAN_POINT('',(-9.6,-0.188393107554,-12.8612613057));
#11987 = VECTOR('',#11988,1.);
#11988 = DIRECTION('',(0.,0.,-1.));
#11989 = ORIENTED_EDGE('',*,*,#11952,.F.);
#11990 = ORIENTED_EDGE('',*,*,#11324,.F.);
#11991 = PLANE('',#11992);
#11992 = AXIS2_PLACEMENT_3D('',#11993,#11994,#11995);
#11993 = CARTESIAN_POINT('',(-9.4,-0.188393107554,-12.8612613057));
#11994 = DIRECTION('',(-0.,-1.,-0.));
#11995 = DIRECTION('',(0.,0.,-1.));
#11996 = ADVANCED_FACE('',(#11997),#12008,.T.);
#11997 = FACE_BOUND('',#11998,.T.);
#11998 = EDGE_LOOP('',(#11999,#12000,#12006,#12007));
#11999 = ORIENTED_EDGE('',*,*,#11745,.T.);
#12000 = ORIENTED_EDGE('',*,*,#12001,.T.);
#12001 = EDGE_CURVE('',#11738,#11977,#12002,.T.);
#12002 = LINE('',#12003,#12004);
#12003 = CARTESIAN_POINT('',(-9.6,0.188393107554,-12.8612613057));
#12004 = VECTOR('',#12005,1.);
#12005 = DIRECTION('',(0.,-1.,0.));
#12006 = ORIENTED_EDGE('',*,*,#11976,.F.);
#12007 = ORIENTED_EDGE('',*,*,#11316,.F.);
#12008 = PLANE('',#12009);
#12009 = AXIS2_PLACEMENT_3D('',#12010,#12011,#12012);
#12010 = CARTESIAN_POINT('',(-9.4,0.188393107554,-12.8612613057));
#12011 = DIRECTION('',(0.,0.,1.));
#12012 = DIRECTION('',(0.,-1.,0.));
#12013 = ADVANCED_FACE('',(#12014),#12039,.F.);
#12014 = FACE_BOUND('',#12015,.F.);
#12015 = EDGE_LOOP('',(#12016,#12024,#12032,#12038));
#12016 = ORIENTED_EDGE('',*,*,#12017,.T.);
#12017 = EDGE_CURVE('',#11478,#12018,#12020,.T.);
#12018 = VERTEX_POINT('',#12019);
#12019 = CARTESIAN_POINT('',(9.6,-0.874764,-13.561348));
#12020 = LINE('',#12021,#12022);
#12021 = CARTESIAN_POINT('',(9.4,-0.874764,-13.561348));
#12022 = VECTOR('',#12023,1.);
#12023 = DIRECTION('',(1.,0.,0.));
#12024 = ORIENTED_EDGE('',*,*,#12025,.T.);
#12025 = EDGE_CURVE('',#12018,#12026,#12028,.T.);
#12026 = VERTEX_POINT('',#12027);
#12027 = CARTESIAN_POINT('',(9.6,-0.874764,-13.908285));
#12028 = LINE('',#12029,#12030);
#12029 = CARTESIAN_POINT('',(9.6,-0.874764,-13.561348));
#12030 = VECTOR('',#12031,1.);
#12031 = DIRECTION('',(0.,0.,-1.));
#12032 = ORIENTED_EDGE('',*,*,#12033,.F.);
#12033 = EDGE_CURVE('',#11480,#12026,#12034,.T.);
#12034 = LINE('',#12035,#12036);
#12035 = CARTESIAN_POINT('',(9.4,-0.874764,-13.908285));
#12036 = VECTOR('',#12037,1.);
#12037 = DIRECTION('',(1.,0.,0.));
#12038 = ORIENTED_EDGE('',*,*,#11477,.F.);
#12039 = PLANE('',#12040);
#12040 = AXIS2_PLACEMENT_3D('',#12041,#12042,#12043);
#12041 = CARTESIAN_POINT('',(9.4,-0.874764,-13.561348));
#12042 = DIRECTION('',(0.,1.,0.));
#12043 = DIRECTION('',(0.,0.,-1.));
#12044 = ADVANCED_FACE('',(#12045),#12063,.F.);
#12045 = FACE_BOUND('',#12046,.F.);
#12046 = EDGE_LOOP('',(#12047,#12048,#12056,#12062));
#12047 = ORIENTED_EDGE('',*,*,#12033,.T.);
#12048 = ORIENTED_EDGE('',*,*,#12049,.T.);
#12049 = EDGE_CURVE('',#12026,#12050,#12052,.T.);
#12050 = VERTEX_POINT('',#12051);
#12051 = CARTESIAN_POINT('',(9.6,0.874764,-13.908285));
#12052 = LINE('',#12053,#12054);
#12053 = CARTESIAN_POINT('',(9.6,-0.874764,-13.908285));
#12054 = VECTOR('',#12055,1.);
#12055 = DIRECTION('',(0.,1.,0.));
#12056 = ORIENTED_EDGE('',*,*,#12057,.F.);
#12057 = EDGE_CURVE('',#11496,#12050,#12058,.T.);
#12058 = LINE('',#12059,#12060);
#12059 = CARTESIAN_POINT('',(9.4,0.874764,-13.908285));
#12060 = VECTOR('',#12061,1.);
#12061 = DIRECTION('',(1.,0.,0.));
#12062 = ORIENTED_EDGE('',*,*,#11503,.F.);
#12063 = PLANE('',#12064);
#12064 = AXIS2_PLACEMENT_3D('',#12065,#12066,#12067);
#12065 = CARTESIAN_POINT('',(9.4,-0.874764,-13.908285));
#12066 = DIRECTION('',(0.,0.,1.));
#12067 = DIRECTION('',(0.,1.,0.));
#12068 = ADVANCED_FACE('',(#12069),#12087,.F.);
#12069 = FACE_BOUND('',#12070,.F.);
#12070 = EDGE_LOOP('',(#12071,#12072,#12080,#12086));
#12071 = ORIENTED_EDGE('',*,*,#12057,.T.);
#12072 = ORIENTED_EDGE('',*,*,#12073,.T.);
#12073 = EDGE_CURVE('',#12050,#12074,#12076,.T.);
#12074 = VERTEX_POINT('',#12075);
#12075 = CARTESIAN_POINT('',(9.6,0.874764,-13.561348));
#12076 = LINE('',#12077,#12078);
#12077 = CARTESIAN_POINT('',(9.6,0.874764,-13.908285));
#12078 = VECTOR('',#12079,1.);
#12079 = DIRECTION('',(0.,0.,1.));
#12080 = ORIENTED_EDGE('',*,*,#12081,.F.);
#12081 = EDGE_CURVE('',#11488,#12074,#12082,.T.);
#12082 = LINE('',#12083,#12084);
#12083 = CARTESIAN_POINT('',(9.4,0.874764,-13.561348));
#12084 = VECTOR('',#12085,1.);
#12085 = DIRECTION('',(1.,0.,0.));
#12086 = ORIENTED_EDGE('',*,*,#11495,.F.);
#12087 = PLANE('',#12088);
#12088 = AXIS2_PLACEMENT_3D('',#12089,#12090,#12091);
#12089 = CARTESIAN_POINT('',(9.4,0.874764,-13.908285));
#12090 = DIRECTION('',(0.,-1.,0.));
#12091 = DIRECTION('',(0.,0.,1.));
#12092 = ADVANCED_FACE('',(#12093),#12104,.F.);
#12093 = FACE_BOUND('',#12094,.F.);
#12094 = EDGE_LOOP('',(#12095,#12096,#12102,#12103));
#12095 = ORIENTED_EDGE('',*,*,#12081,.T.);
#12096 = ORIENTED_EDGE('',*,*,#12097,.T.);
#12097 = EDGE_CURVE('',#12074,#12018,#12098,.T.);
#12098 = LINE('',#12099,#12100);
#12099 = CARTESIAN_POINT('',(9.6,0.874764,-13.561348));
#12100 = VECTOR('',#12101,1.);
#12101 = DIRECTION('',(0.,-1.,0.));
#12102 = ORIENTED_EDGE('',*,*,#12017,.F.);
#12103 = ORIENTED_EDGE('',*,*,#11487,.F.);
#12104 = PLANE('',#12105);
#12105 = AXIS2_PLACEMENT_3D('',#12106,#12107,#12108);
#12106 = CARTESIAN_POINT('',(9.4,0.874764,-13.561348));
#12107 = DIRECTION('',(0.,0.,-1.));
#12108 = DIRECTION('',(0.,-1.,0.));
#12109 = ADVANCED_FACE('',(#12110),#12126,.F.);
#12110 = FACE_BOUND('',#12111,.F.);
#12111 = EDGE_LOOP('',(#12112,#12118,#12119,#12125));
#12112 = ORIENTED_EDGE('',*,*,#12113,.T.);
#12113 = EDGE_CURVE('',#11657,#11560,#12114,.T.);
#12114 = LINE('',#12115,#12116);
#12115 = CARTESIAN_POINT('',(-6.50309103377,-2.951098846804,-15.5));
#12116 = VECTOR('',#12117,1.);
#12117 = DIRECTION('',(0.,0.,1.));
#12118 = ORIENTED_EDGE('',*,*,#11559,.T.);
#12119 = ORIENTED_EDGE('',*,*,#12120,.F.);
#12120 = EDGE_CURVE('',#11665,#11562,#12121,.T.);
#12121 = LINE('',#12122,#12123);
#12122 = CARTESIAN_POINT('',(-6.50309103377,2.951098846804,-15.5));
#12123 = VECTOR('',#12124,1.);
#12124 = DIRECTION('',(0.,0.,1.));
#12125 = ORIENTED_EDGE('',*,*,#11664,.F.);
#12126 = PLANE('',#12127);
#12127 = AXIS2_PLACEMENT_3D('',#12128,#12129,#12130);
#12128 = CARTESIAN_POINT('',(-6.50309103377,-2.951098846804,-15.5));
#12129 = DIRECTION('',(-1.,0.,0.));
#12130 = DIRECTION('',(0.,1.,0.));
#12131 = ADVANCED_FACE('',(#12132),#12143,.F.);
#12132 = FACE_BOUND('',#12133,.F.);
#12133 = EDGE_LOOP('',(#12134,#12140,#12141,#12142));
#12134 = ORIENTED_EDGE('',*,*,#12135,.T.);
#12135 = EDGE_CURVE('',#11655,#11570,#12136,.T.);
#12136 = LINE('',#12137,#12138);
#12137 = CARTESIAN_POINT('',(-0.600893340161,-2.951098846804,-15.5));
#12138 = VECTOR('',#12139,1.);
#12139 = DIRECTION('',(0.,0.,1.));
#12140 = ORIENTED_EDGE('',*,*,#11569,.T.);
#12141 = ORIENTED_EDGE('',*,*,#12113,.F.);
#12142 = ORIENTED_EDGE('',*,*,#11654,.F.);
#12143 = PLANE('',#12144);
#12144 = AXIS2_PLACEMENT_3D('',#12145,#12146,#12147);
#12145 = CARTESIAN_POINT('',(-0.600893340161,-2.951098846804,-15.5));
#12146 = DIRECTION('',(0.,-1.,0.));
#12147 = DIRECTION('',(-1.,0.,0.));
#12148 = ADVANCED_FACE('',(#12149),#12160,.F.);
#12149 = FACE_BOUND('',#12150,.F.);
#12150 = EDGE_LOOP('',(#12151,#12152,#12153,#12159));
#12151 = ORIENTED_EDGE('',*,*,#12120,.T.);
#12152 = ORIENTED_EDGE('',*,*,#11585,.T.);
#12153 = ORIENTED_EDGE('',*,*,#12154,.F.);
#12154 = EDGE_CURVE('',#11673,#11578,#12155,.T.);
#12155 = LINE('',#12156,#12157);
#12156 = CARTESIAN_POINT('',(-0.600893340161,2.951098846804,-15.5));
#12157 = VECTOR('',#12158,1.);
#12158 = DIRECTION('',(0.,0.,1.));
#12159 = ORIENTED_EDGE('',*,*,#11672,.F.);
#12160 = PLANE('',#12161);
#12161 = AXIS2_PLACEMENT_3D('',#12162,#12163,#12164);
#12162 = CARTESIAN_POINT('',(-6.50309103377,2.951098846804,-15.5));
#12163 = DIRECTION('',(0.,1.,0.));
#12164 = DIRECTION('',(1.,0.,0.));
#12165 = ADVANCED_FACE('',(#12166),#12172,.F.);
#12166 = FACE_BOUND('',#12167,.F.);
#12167 = EDGE_LOOP('',(#12168,#12169,#12170,#12171));
#12168 = ORIENTED_EDGE('',*,*,#12154,.T.);
#12169 = ORIENTED_EDGE('',*,*,#11577,.T.);
#12170 = ORIENTED_EDGE('',*,*,#12135,.F.);
#12171 = ORIENTED_EDGE('',*,*,#11680,.F.);
#12172 = PLANE('',#12173);
#12173 = AXIS2_PLACEMENT_3D('',#12174,#12175,#12176);
#12174 = CARTESIAN_POINT('',(-0.600893340161,2.951098846804,-15.5));
#12175 = DIRECTION('',(1.,0.,0.));
#12176 = DIRECTION('',(0.,-1.,0.));
#12177 = ADVANCED_FACE('',(#12178),#12194,.F.);
#12178 = FACE_BOUND('',#12179,.F.);
#12179 = EDGE_LOOP('',(#12180,#12186,#12187,#12193));
#12180 = ORIENTED_EDGE('',*,*,#12181,.T.);
#12181 = EDGE_CURVE('',#11691,#11603,#12182,.T.);
#12182 = LINE('',#12183,#12184);
#12183 = CARTESIAN_POINT('',(3.642314647124,-2.951098846804,-15.5));
#12184 = VECTOR('',#12185,1.);
#12185 = DIRECTION('',(0.,0.,1.));
#12186 = ORIENTED_EDGE('',*,*,#11602,.T.);
#12187 = ORIENTED_EDGE('',*,*,#12188,.F.);
#12188 = EDGE_CURVE('',#11700,#11605,#12189,.T.);
#12189 = LINE('',#12190,#12191);
#12190 = CARTESIAN_POINT('',(0.658095,-2.951098846804,-15.5));
#12191 = VECTOR('',#12192,1.);
#12192 = DIRECTION('',(0.,0.,1.));
#12193 = ORIENTED_EDGE('',*,*,#11699,.F.);
#12194 = PLANE('',#12195);
#12195 = AXIS2_PLACEMENT_3D('',#12196,#12197,#12198);
#12196 = CARTESIAN_POINT('',(3.642314647124,-2.951098846804,-15.5));
#12197 = DIRECTION('',(0.,-1.,0.));
#12198 = DIRECTION('',(-1.,0.,0.));
#12199 = ADVANCED_FACE('',(#12200),#12211,.F.);
#12200 = FACE_BOUND('',#12201,.F.);
#12201 = EDGE_LOOP('',(#12202,#12208,#12209,#12210));
#12202 = ORIENTED_EDGE('',*,*,#12203,.T.);
#12203 = EDGE_CURVE('',#11689,#11613,#12204,.T.);
#12204 = LINE('',#12205,#12206);
#12205 = CARTESIAN_POINT('',(3.642314647126,2.951098846804,-15.5));
#12206 = VECTOR('',#12207,1.);
#12207 = DIRECTION('',(0.,0.,1.));
#12208 = ORIENTED_EDGE('',*,*,#11612,.T.);
#12209 = ORIENTED_EDGE('',*,*,#12181,.F.);
#12210 = ORIENTED_EDGE('',*,*,#11688,.F.);
#12211 = CYLINDRICAL_SURFACE('',#12212,2.951098846804);
#12212 = AXIS2_PLACEMENT_3D('',#12213,#12214,#12215);
#12213 = CARTESIAN_POINT('',(3.642314647126,6.867143957956E-33,-15.5));
#12214 = DIRECTION('',(0.,0.,-1.));
#12215 = DIRECTION('',(1.,0.,0.));
#12216 = ADVANCED_FACE('',(#12217),#12228,.F.);
#12217 = FACE_BOUND('',#12218,.F.);
#12218 = EDGE_LOOP('',(#12219,#12220,#12221,#12227));
#12219 = ORIENTED_EDGE('',*,*,#12188,.T.);
#12220 = ORIENTED_EDGE('',*,*,#11629,.T.);
#12221 = ORIENTED_EDGE('',*,*,#12222,.F.);
#12222 = EDGE_CURVE('',#11708,#11622,#12223,.T.);
#12223 = LINE('',#12224,#12225);
#12224 = CARTESIAN_POINT('',(0.658095,2.951098846804,-15.5));
#12225 = VECTOR('',#12226,1.);
#12226 = DIRECTION('',(0.,0.,1.));
#12227 = ORIENTED_EDGE('',*,*,#11707,.F.);
#12228 = PLANE('',#12229);
#12229 = AXIS2_PLACEMENT_3D('',#12230,#12231,#12232);
#12230 = CARTESIAN_POINT('',(0.658095,-2.951098846804,-15.5));
#12231 = DIRECTION('',(-1.,0.,0.));
#12232 = DIRECTION('',(0.,1.,0.));
#12233 = ADVANCED_FACE('',(#12234),#12240,.F.);
#12234 = FACE_BOUND('',#12235,.F.);
#12235 = EDGE_LOOP('',(#12236,#12237,#12238,#12239));
#12236 = ORIENTED_EDGE('',*,*,#12222,.T.);
#12237 = ORIENTED_EDGE('',*,*,#11621,.T.);
#12238 = ORIENTED_EDGE('',*,*,#12203,.F.);
#12239 = ORIENTED_EDGE('',*,*,#11715,.F.);
#12240 = PLANE('',#12241);
#12241 = AXIS2_PLACEMENT_3D('',#12242,#12243,#12244);
#12242 = CARTESIAN_POINT('',(0.658095,2.951098846804,-15.5));
#12243 = DIRECTION('',(0.,1.,0.));
#12244 = DIRECTION('',(1.,0.,0.));
#12245 = ADVANCED_FACE('',(#12246),#12260,.F.);
#12246 = FACE_BOUND('',#12247,.F.);
#12247 = EDGE_LOOP('',(#12248,#12249,#12250,#12251,#12252,#12253,#12254,
    #12255,#12256,#12257,#12258,#12259));
#12248 = ORIENTED_EDGE('',*,*,#12001,.T.);
#12249 = ORIENTED_EDGE('',*,*,#11984,.T.);
#12250 = ORIENTED_EDGE('',*,*,#11960,.T.);
#12251 = ORIENTED_EDGE('',*,*,#11936,.T.);
#12252 = ORIENTED_EDGE('',*,*,#11912,.T.);
#12253 = ORIENTED_EDGE('',*,*,#11888,.T.);
#12254 = ORIENTED_EDGE('',*,*,#11864,.T.);
#12255 = ORIENTED_EDGE('',*,*,#11840,.T.);
#12256 = ORIENTED_EDGE('',*,*,#11816,.T.);
#12257 = ORIENTED_EDGE('',*,*,#11792,.T.);
#12258 = ORIENTED_EDGE('',*,*,#11768,.T.);
#12259 = ORIENTED_EDGE('',*,*,#11737,.T.);
#12260 = PLANE('',#12261);
#12261 = AXIS2_PLACEMENT_3D('',#12262,#12263,#12264);
#12262 = CARTESIAN_POINT('',(-9.6,2.451283784758E-12,-13.71156874969));
#12263 = DIRECTION('',(1.,0.,0.));
#12264 = DIRECTION('',(0.,0.,1.));
#12265 = ADVANCED_FACE('',(#12266),#12272,.T.);
#12266 = FACE_BOUND('',#12267,.T.);
#12267 = EDGE_LOOP('',(#12268,#12269,#12270,#12271));
#12268 = ORIENTED_EDGE('',*,*,#12025,.T.);
#12269 = ORIENTED_EDGE('',*,*,#12049,.T.);
#12270 = ORIENTED_EDGE('',*,*,#12073,.T.);
#12271 = ORIENTED_EDGE('',*,*,#12097,.T.);
#12272 = PLANE('',#12273);
#12273 = AXIS2_PLACEMENT_3D('',#12274,#12275,#12276);
#12274 = CARTESIAN_POINT('',(9.6,-2.647845360226E-17,-13.7348165));
#12275 = DIRECTION('',(1.,0.,0.));
#12276 = DIRECTION('',(0.,0.,1.));
#12277 = ( GEOMETRIC_REPRESENTATION_CONTEXT(3) 
GLOBAL_UNCERTAINTY_ASSIGNED_CONTEXT((#12281)) 
GLOBAL_UNIT_ASSIGNED_CONTEXT((#12278,#12279,#12280)) 
REPRESENTATION_CONTEXT('Context #1',
  '3D Context with UNIT and UNCERTAINTY') );
#12278 = ( LENGTH_UNIT() NAMED_UNIT(*) SI_UNIT(.MILLI.,.METRE.) );
#12279 = ( NAMED_UNIT(*) PLANE_ANGLE_UNIT() SI_UNIT($,.RADIAN.) );
#12280 = ( NAMED_UNIT(*) SI_UNIT($,.STERADIAN.) SOLID_ANGLE_UNIT() );
#12281 = UNCERTAINTY_MEASURE_WITH_UNIT(LENGTH_MEASURE(5.E-06),#12278,
  'distance_accuracy_value','confusion accuracy');
#12282 = CONTEXT_DEPENDENT_SHAPE_REPRESENTATION(#12283,#12285);
#12283 = ( REPRESENTATION_RELATIONSHIP('','',#40,#10) 
REPRESENTATION_RELATIONSHIP_WITH_TRANSFORMATION(#12284) 
SHAPE_REPRESENTATION_RELATIONSHIP() );
#12284 = ITEM_DEFINED_TRANSFORMATION('','',#11,#15);
#12285 = PRODUCT_DEFINITION_SHAPE('Placement','Placement of an item',
  #12286);
#12286 = NEXT_ASSEMBLY_USAGE_OCCURRENCE('1','base','',#5,#35,$);
#12287 = PRODUCT_RELATED_PRODUCT_CATEGORY('part',$,(#37));
#12288 = SHAPE_DEFINITION_REPRESENTATION(#12289,#12295);
#12289 = PRODUCT_DEFINITION_SHAPE('','',#12290);
#12290 = PRODUCT_DEFINITION('design','',#12291,#12294);
#12291 = PRODUCT_DEFINITION_FORMATION('','',#12292);
#12292 = PRODUCT('female001','female001','',(#12293));
#12293 = PRODUCT_CONTEXT('',#2,'mechanical');
#12294 = PRODUCT_DEFINITION_CONTEXT('part definition',#2,'design');
#12295 = ADVANCED_BREP_SHAPE_REPRESENTATION('',(#11,#12296),#13145);
#12296 = MANIFOLD_SOLID_BREP('',#12297);
#12297 = CLOSED_SHELL('',(#12298,#12422,#12456,#12487,#12513,#12533,
    #12557,#12757,#12782,#12816,#12834,#12876,#12896,#12921,#12965,
    #12982,#12994,#13014,#13033,#13058,#13083,#13108,#13128));
#12298 = ADVANCED_FACE('',(#12299,#12360),#12417,.T.);
#12299 = FACE_BOUND('',#12300,.T.);
#12300 = EDGE_LOOP('',(#12301,#12312,#12320,#12329,#12337,#12344,#12345,
    #12354));
#12301 = ORIENTED_EDGE('',*,*,#12302,.T.);
#12302 = EDGE_CURVE('',#12303,#12305,#12307,.T.);
#12303 = VERTEX_POINT('',#12304);
#12304 = CARTESIAN_POINT('',(0.,2.14,-19.6));
#12305 = VERTEX_POINT('',#12306);
#12306 = CARTESIAN_POINT('',(0.,-2.14,-19.6));
#12307 = CIRCLE('',#12308,2.14);
#12308 = AXIS2_PLACEMENT_3D('',#12309,#12310,#12311);
#12309 = CARTESIAN_POINT('',(0.,0.,-19.6));
#12310 = DIRECTION('',(0.,-0.,1.));
#12311 = DIRECTION('',(6.E-17,1.,0.));
#12312 = ORIENTED_EDGE('',*,*,#12313,.T.);
#12313 = EDGE_CURVE('',#12305,#12314,#12316,.T.);
#12314 = VERTEX_POINT('',#12315);
#12315 = CARTESIAN_POINT('',(0.,-2.14,-16.8));
#12316 = LINE('',#12317,#12318);
#12317 = CARTESIAN_POINT('',(0.,-2.14,0.));
#12318 = VECTOR('',#12319,1.);
#12319 = DIRECTION('',(0.,0.,1.));
#12320 = ORIENTED_EDGE('',*,*,#12321,.T.);
#12321 = EDGE_CURVE('',#12314,#12322,#12324,.T.);
#12322 = VERTEX_POINT('',#12323);
#12323 = CARTESIAN_POINT('',(2.14,0.,-16.8));
#12324 = CIRCLE('',#12325,2.14);
#12325 = AXIS2_PLACEMENT_3D('',#12326,#12327,#12328);
#12326 = CARTESIAN_POINT('',(0.,0.,-16.8));
#12327 = DIRECTION('',(0.,0.,1.));
#12328 = DIRECTION('',(1.,0.,0.));
#12329 = ORIENTED_EDGE('',*,*,#12330,.F.);
#12330 = EDGE_CURVE('',#12331,#12322,#12333,.T.);
#12331 = VERTEX_POINT('',#12332);
#12332 = CARTESIAN_POINT('',(2.14,0.,-11.688));
#12333 = LINE('',#12334,#12335);
#12334 = CARTESIAN_POINT('',(2.14,0.,0.));
#12335 = VECTOR('',#12336,1.);
#12336 = DIRECTION('',(-0.,-0.,-1.));
#12337 = ORIENTED_EDGE('',*,*,#12338,.F.);
#12338 = EDGE_CURVE('',#12331,#12331,#12339,.T.);
#12339 = CIRCLE('',#12340,2.14);
#12340 = AXIS2_PLACEMENT_3D('',#12341,#12342,#12343);
#12341 = CARTESIAN_POINT('',(0.,0.,-11.688));
#12342 = DIRECTION('',(0.,0.,1.));
#12343 = DIRECTION('',(1.,0.,0.));
#12344 = ORIENTED_EDGE('',*,*,#12330,.T.);
#12345 = ORIENTED_EDGE('',*,*,#12346,.T.);
#12346 = EDGE_CURVE('',#12322,#12347,#12349,.T.);
#12347 = VERTEX_POINT('',#12348);
#12348 = CARTESIAN_POINT('',(0.,2.14,-16.8));
#12349 = CIRCLE('',#12350,2.14);
#12350 = AXIS2_PLACEMENT_3D('',#12351,#12352,#12353);
#12351 = CARTESIAN_POINT('',(0.,0.,-16.8));
#12352 = DIRECTION('',(0.,0.,1.));
#12353 = DIRECTION('',(1.,0.,0.));
#12354 = ORIENTED_EDGE('',*,*,#12355,.F.);
#12355 = EDGE_CURVE('',#12303,#12347,#12356,.T.);
#12356 = LINE('',#12357,#12358);
#12357 = CARTESIAN_POINT('',(0.,2.14,0.));
#12358 = VECTOR('',#12359,1.);
#12359 = DIRECTION('',(0.,0.,1.));
#12360 = FACE_BOUND('',#12361,.T.);
#12361 = EDGE_LOOP('',(#12362));
#12362 = ORIENTED_EDGE('',*,*,#12363,.T.);
#12363 = EDGE_CURVE('',#12364,#12364,#12366,.T.);
#12364 = VERTEX_POINT('',#12365);
#12365 = CARTESIAN_POINT('',(-2.057128111043,0.589766,-13.96902913336));
#12366 = B_SPLINE_CURVE_WITH_KNOTS('',7,(#12367,#12368,#12369,#12370,
    #12371,#12372,#12373,#12374,#12375,#12376,#12377,#12378,#12379,
    #12380,#12381,#12382,#12383,#12384,#12385,#12386,#12387,#12388,
    #12389,#12390,#12391,#12392,#12393,#12394,#12395,#12396,#12397,
    #12398,#12399,#12400,#12401,#12402,#12403,#12404,#12405,#12406,
    #12407,#12408,#12409,#12410,#12411,#12412,#12413,#12414,#12415,
    #12416),.UNSPECIFIED.,.T.,.F.,(8,6,6,6,6,6,6,6,8),(0.,0.158346658242
    ,0.249800763002,0.376213648692,0.499858319884,0.623503723922,
    0.749957863947,0.841505208042,1.),.UNSPECIFIED.);
#12367 = CARTESIAN_POINT('',(-2.057128111043,0.589766,-13.96902913336));
#12368 = CARTESIAN_POINT('',(-2.057128111043,0.589766,-13.88853535751));
#12369 = CARTESIAN_POINT('',(-2.060802798675,0.576948798991,
    -13.80799186634));
#12370 = CARTESIAN_POINT('',(-2.068159606039,0.551286287905,
    -13.72957216709));
#12371 = CARTESIAN_POINT('',(-2.078573318689,0.513069782956,
    -13.65545841049));
#12372 = CARTESIAN_POINT('',(-2.09076094793,0.462919725155,
    -13.58788095098));
#12373 = CARTESIAN_POINT('',(-2.103132428113,0.401882907663,
    -13.52907889262));
#12374 = CARTESIAN_POINT('',(-2.120542770137,0.290846227692,
    -13.45361844284));
#12375 = CARTESIAN_POINT('',(-2.126479208343,0.24702682177,
    -13.42961678249));
#12376 = CARTESIAN_POINT('',(-2.131652586221,0.200519333554,
    -13.40981278142));
#12377 = CARTESIAN_POINT('',(-2.135762122271,0.151904711479,
    -13.39464046554));
#12378 = CARTESIAN_POINT('',(-2.13858411654,0.101826652,-13.38440077181)
  );
#12379 = CARTESIAN_POINT('',(-2.14,5.096201940944E-02,-13.37926313336));
#12380 = CARTESIAN_POINT('',(-2.14,-7.044250174488E-02,-13.37926313336)
  );
#12381 = CARTESIAN_POINT('',(-2.137294708924,-0.140574916083,
    -13.38907914724));
#12382 = CARTESIAN_POINT('',(-2.131927510845,-0.20861228296,
    -13.40855584321));
#12383 = CARTESIAN_POINT('',(-2.124328943988,-0.27285671023,
    -13.43707488413));
#12384 = CARTESIAN_POINT('',(-2.115284448755,-0.331839862842,
    -13.47362127656));
#12385 = CARTESIAN_POINT('',(-2.105699017103,-0.384431947286,
    -13.51686569804));
#12386 = CARTESIAN_POINT('',(-2.087245664542,-0.474413749373,
    -13.61268658486));
#12387 = CARTESIAN_POINT('',(-2.078327015701,-0.512305734548,
    -13.66524546117));
#12388 = CARTESIAN_POINT('',(-2.070312562064,-0.543073496146,
    -13.72192194738));
#12389 = CARTESIAN_POINT('',(-2.063837300273,-0.566365649385,
    -13.78166508754));
#12390 = CARTESIAN_POINT('',(-2.059364399055,-0.581965069275,
    -13.84344079943));
#12391 = CARTESIAN_POINT('',(-2.057128111043,-0.589766,-13.9062315572));
#12392 = CARTESIAN_POINT('',(-2.057128111043,-0.589766,-14.03182708171)
  );
#12393 = CARTESIAN_POINT('',(-2.059364426558,-0.581964978146,
    -14.09461757353));
#12394 = CARTESIAN_POINT('',(-2.063837289733,-0.566365657786,
    -14.15639303661));
#12395 = CARTESIAN_POINT('',(-2.070312545319,-0.543073578361,
    -14.21613634946));
#12396 = CARTESIAN_POINT('',(-2.078327070796,-0.512305581468,
    -14.27281327253));
#12397 = CARTESIAN_POINT('',(-2.087245778345,-0.47441319445,
    -14.32537227278));
#12398 = CARTESIAN_POINT('',(-2.105701889827,-0.384417939376,
    -14.42120748558));
#12399 = CARTESIAN_POINT('',(-2.115285252227,-0.331832636337,
    -14.46443682416));
#12400 = CARTESIAN_POINT('',(-2.1243254899,-0.272870175285,
    -14.50097020416));
#12401 = CARTESIAN_POINT('',(-2.131926014623,-0.208634883579,
    -14.52949803824));
#12402 = CARTESIAN_POINT('',(-2.137297652161,-0.140571091651,
    -14.54898956655));
#12403 = CARTESIAN_POINT('',(-2.14,-7.040497565081E-02,-14.55879513336)
  );
#12404 = CARTESIAN_POINT('',(-2.14,5.097016618515E-02,-14.55879513336));
#12405 = CARTESIAN_POINT('',(-2.138583662815,0.101835945077,
    -14.55365584825));
#12406 = CARTESIAN_POINT('',(-2.135761468635,0.15191059842,-14.543415424
    ));
#12407 = CARTESIAN_POINT('',(-2.131652277348,0.200520126124,
    -14.52824420566));
#12408 = CARTESIAN_POINT('',(-2.126479534897,0.24702359692,
    -14.50844255827));
#12409 = CARTESIAN_POINT('',(-2.120543387161,0.290842292543,
    -14.4844424982));
#12410 = CARTESIAN_POINT('',(-2.103132286167,0.401883812943,
    -14.40897875886));
#12411 = CARTESIAN_POINT('',(-2.090760754969,0.462920492909,
    -14.35017634781));
#12412 = CARTESIAN_POINT('',(-2.078573286586,0.513069668956,
    -14.28259935467));
#12413 = CARTESIAN_POINT('',(-2.068159829133,0.551285532764,
    -14.20848689337));
#12414 = CARTESIAN_POINT('',(-2.06080295387,0.576948252196,
    -14.13006829123));
#12415 = CARTESIAN_POINT('',(-2.057128111043,0.589766,-14.04952462634));
#12416 = CARTESIAN_POINT('',(-2.057128111043,0.589766,-13.96902913336));
#12417 = CYLINDRICAL_SURFACE('',#12418,2.14);
#12418 = AXIS2_PLACEMENT_3D('',#12419,#12420,#12421);
#12419 = CARTESIAN_POINT('',(0.,0.,0.));
#12420 = DIRECTION('',(0.,0.,1.));
#12421 = DIRECTION('',(1.,0.,0.));
#12422 = ADVANCED_FACE('',(#12423),#12451,.T.);
#12423 = FACE_BOUND('',#12424,.F.);
#12424 = EDGE_LOOP('',(#12425,#12434,#12435,#12444));
#12425 = ORIENTED_EDGE('',*,*,#12426,.T.);
#12426 = EDGE_CURVE('',#12427,#12303,#12429,.T.);
#12427 = VERTEX_POINT('',#12428);
#12428 = CARTESIAN_POINT('',(-0.2,1.929663183045,-19.8));
#12429 = PARABOLA('',#12430,0.75660425587);
#12430 = AXIS2_PLACEMENT_3D('',#12431,#12432,#12433);
#12431 = CARTESIAN_POINT('',(-1.07,0.,-20.67));
#12432 = DIRECTION('',(-0.707106781187,0.,0.707106781187));
#12433 = DIRECTION('',(0.707106781187,0.,0.707106781187));
#12434 = ORIENTED_EDGE('',*,*,#12302,.T.);
#12435 = ORIENTED_EDGE('',*,*,#12436,.T.);
#12436 = EDGE_CURVE('',#12305,#12437,#12439,.T.);
#12437 = VERTEX_POINT('',#12438);
#12438 = CARTESIAN_POINT('',(-0.2,-1.929663183045,-19.8));
#12439 = PARABOLA('',#12440,0.75660425587);
#12440 = AXIS2_PLACEMENT_3D('',#12441,#12442,#12443);
#12441 = CARTESIAN_POINT('',(-1.07,0.,-20.67));
#12442 = DIRECTION('',(-0.707106781187,0.,0.707106781187));
#12443 = DIRECTION('',(0.707106781187,0.,0.707106781187));
#12444 = ORIENTED_EDGE('',*,*,#12445,.F.);
#12445 = EDGE_CURVE('',#12427,#12437,#12446,.T.);
#12446 = CIRCLE('',#12447,1.94);
#12447 = AXIS2_PLACEMENT_3D('',#12448,#12449,#12450);
#12448 = CARTESIAN_POINT('',(0.,0.,-19.8));
#12449 = DIRECTION('',(0.,-0.,1.));
#12450 = DIRECTION('',(6.E-17,1.,0.));
#12451 = CONICAL_SURFACE('',#12452,2.14,0.785398163397);
#12452 = AXIS2_PLACEMENT_3D('',#12453,#12454,#12455);
#12453 = CARTESIAN_POINT('',(0.,0.,-19.6));
#12454 = DIRECTION('',(0.,0.,1.));
#12455 = DIRECTION('',(6.E-17,1.,0.));
#12456 = ADVANCED_FACE('',(#12457),#12482,.F.);
#12457 = FACE_BOUND('',#12458,.F.);
#12458 = EDGE_LOOP('',(#12459,#12469,#12475,#12476));
#12459 = ORIENTED_EDGE('',*,*,#12460,.T.);
#12460 = EDGE_CURVE('',#12461,#12463,#12465,.T.);
#12461 = VERTEX_POINT('',#12462);
#12462 = CARTESIAN_POINT('',(0.,1.4,-19.6));
#12463 = VERTEX_POINT('',#12464);
#12464 = CARTESIAN_POINT('',(1.3E-14,1.4,-16.8));
#12465 = LINE('',#12466,#12467);
#12466 = CARTESIAN_POINT('',(0.,1.4,-19.8));
#12467 = VECTOR('',#12468,1.);
#12468 = DIRECTION('',(0.,0.,1.));
#12469 = ORIENTED_EDGE('',*,*,#12470,.T.);
#12470 = EDGE_CURVE('',#12463,#12347,#12471,.T.);
#12471 = LINE('',#12472,#12473);
#12472 = CARTESIAN_POINT('',(0.,-2.5,-16.8));
#12473 = VECTOR('',#12474,1.);
#12474 = DIRECTION('',(0.,1.,-2.2E-16));
#12475 = ORIENTED_EDGE('',*,*,#12355,.F.);
#12476 = ORIENTED_EDGE('',*,*,#12477,.T.);
#12477 = EDGE_CURVE('',#12303,#12461,#12478,.T.);
#12478 = LINE('',#12479,#12480);
#12479 = CARTESIAN_POINT('',(0.,2.14,-19.6));
#12480 = VECTOR('',#12481,1.);
#12481 = DIRECTION('',(0.,-1.,0.));
#12482 = PLANE('',#12483);
#12483 = AXIS2_PLACEMENT_3D('',#12484,#12485,#12486);
#12484 = CARTESIAN_POINT('',(0.,-2.5,-16.8));
#12485 = DIRECTION('',(-1.,0.,0.));
#12486 = DIRECTION('',(-0.,-2.2E-16,-1.));
#12487 = ADVANCED_FACE('',(#12488),#12508,.F.);
#12488 = FACE_BOUND('',#12489,.F.);
#12489 = EDGE_LOOP('',(#12490,#12498,#12499,#12500,#12501));
#12490 = ORIENTED_EDGE('',*,*,#12491,.F.);
#12491 = EDGE_CURVE('',#12314,#12492,#12494,.T.);
#12492 = VERTEX_POINT('',#12493);
#12493 = CARTESIAN_POINT('',(1.3E-14,-1.4,-16.8));
#12494 = LINE('',#12495,#12496);
#12495 = CARTESIAN_POINT('',(0.,-2.5,-16.8));
#12496 = VECTOR('',#12497,1.);
#12497 = DIRECTION('',(0.,1.,-2.2E-16));
#12498 = ORIENTED_EDGE('',*,*,#12321,.T.);
#12499 = ORIENTED_EDGE('',*,*,#12346,.T.);
#12500 = ORIENTED_EDGE('',*,*,#12470,.F.);
#12501 = ORIENTED_EDGE('',*,*,#12502,.T.);
#12502 = EDGE_CURVE('',#12463,#12492,#12503,.T.);
#12503 = CIRCLE('',#12504,1.4);
#12504 = AXIS2_PLACEMENT_3D('',#12505,#12506,#12507);
#12505 = CARTESIAN_POINT('',(0.,0.,-16.8));
#12506 = DIRECTION('',(0.,0.,-1.));
#12507 = DIRECTION('',(-1.,0.,0.));
#12508 = PLANE('',#12509);
#12509 = AXIS2_PLACEMENT_3D('',#12510,#12511,#12512);
#12510 = CARTESIAN_POINT('',(4.494711,-2.5,-16.8));
#12511 = DIRECTION('',(0.,2.2E-16,1.));
#12512 = DIRECTION('',(-1.,0.,0.));
#12513 = ADVANCED_FACE('',(#12514,#12517),#12528,.T.);
#12514 = FACE_BOUND('',#12515,.F.);
#12515 = EDGE_LOOP('',(#12516));
#12516 = ORIENTED_EDGE('',*,*,#12338,.F.);
#12517 = FACE_BOUND('',#12518,.F.);
#12518 = EDGE_LOOP('',(#12519));
#12519 = ORIENTED_EDGE('',*,*,#12520,.T.);
#12520 = EDGE_CURVE('',#12521,#12521,#12523,.T.);
#12521 = VERTEX_POINT('',#12522);
#12522 = CARTESIAN_POINT('',(1.90041,0.,-11.688));
#12523 = CIRCLE('',#12524,1.90041);
#12524 = AXIS2_PLACEMENT_3D('',#12525,#12526,#12527);
#12525 = CARTESIAN_POINT('',(0.,-2.6E-15,-11.688));
#12526 = DIRECTION('',(-0.,2.2E-16,1.));
#12527 = DIRECTION('',(1.,0.,0.));
#12528 = PLANE('',#12529);
#12529 = AXIS2_PLACEMENT_3D('',#12530,#12531,#12532);
#12530 = CARTESIAN_POINT('',(0.,-2.6E-15,-11.688));
#12531 = DIRECTION('',(0.,2.2E-16,1.));
#12532 = DIRECTION('',(1.,0.,0.));
#12533 = ADVANCED_FACE('',(#12534),#12552,.F.);
#12534 = FACE_BOUND('',#12535,.F.);
#12535 = EDGE_LOOP('',(#12536,#12537,#12538,#12546));
#12536 = ORIENTED_EDGE('',*,*,#12313,.T.);
#12537 = ORIENTED_EDGE('',*,*,#12491,.T.);
#12538 = ORIENTED_EDGE('',*,*,#12539,.F.);
#12539 = EDGE_CURVE('',#12540,#12492,#12542,.T.);
#12540 = VERTEX_POINT('',#12541);
#12541 = CARTESIAN_POINT('',(0.,-1.4,-19.6));
#12542 = LINE('',#12543,#12544);
#12543 = CARTESIAN_POINT('',(0.,-1.4,-19.8));
#12544 = VECTOR('',#12545,1.);
#12545 = DIRECTION('',(0.,0.,1.));
#12546 = ORIENTED_EDGE('',*,*,#12547,.T.);
#12547 = EDGE_CURVE('',#12540,#12305,#12548,.T.);
#12548 = LINE('',#12549,#12550);
#12549 = CARTESIAN_POINT('',(0.,-1.4,-19.6));
#12550 = VECTOR('',#12551,1.);
#12551 = DIRECTION('',(0.,-1.,0.));
#12552 = PLANE('',#12553);
#12553 = AXIS2_PLACEMENT_3D('',#12554,#12555,#12556);
#12554 = CARTESIAN_POINT('',(0.,-2.5,-16.8));
#12555 = DIRECTION('',(-1.,0.,0.));
#12556 = DIRECTION('',(-0.,-2.2E-16,-1.));
#12557 = ADVANCED_FACE('',(#12558),#12752,.F.);
#12558 = FACE_BOUND('',#12559,.F.);
#12559 = EDGE_LOOP('',(#12560,#12654,#12660,#12661,#12662));
#12560 = ORIENTED_EDGE('',*,*,#12561,.F.);
#12561 = EDGE_CURVE('',#12562,#12564,#12566,.T.);
#12562 = VERTEX_POINT('',#12563);
#12563 = CARTESIAN_POINT('',(-1.269714954328,0.589766,-13.96902913336));
#12564 = VERTEX_POINT('',#12565);
#12565 = CARTESIAN_POINT('',(-1.4,0.,-14.55879513336));
#12566 = B_SPLINE_CURVE_WITH_KNOTS('',6,(#12567,#12568,#12569,#12570,
    #12571,#12572,#12573,#12574,#12575,#12576,#12577,#12578,#12579,
    #12580,#12581,#12582,#12583,#12584,#12585,#12586,#12587,#12588,
    #12589,#12590,#12591,#12592,#12593,#12594,#12595,#12596,#12597,
    #12598,#12599,#12600,#12601,#12602,#12603,#12604,#12605,#12606,
    #12607,#12608,#12609,#12610,#12611,#12612,#12613,#12614,#12615,
    #12616,#12617,#12618,#12619,#12620,#12621,#12622,#12623,#12624,
    #12625,#12626,#12627,#12628,#12629,#12630,#12631,#12632,#12633,
    #12634,#12635,#12636,#12637,#12638,#12639,#12640,#12641,#12642,
    #12643,#12644,#12645,#12646,#12647,#12648,#12649,#12650,#12651,
    #12652,#12653),.UNSPECIFIED.,.T.,.F.,(7,5,5,5,5,5,5,5,5,5,5,5,5,5,5,
    5,5,7),(0.,9.892143385553E-02,0.152823869987,0.203327545009,
    0.24962041641,0.321335696014,0.347087959377,0.40033435626,
    0.448594179835,0.499450832888,0.598610244736,0.652642355429,
    0.703267528519,0.749671767944,0.821559574953,0.847373791238,
    0.900748284431,1.),.UNSPECIFIED.);
#12567 = CARTESIAN_POINT('',(-1.269714954328,0.589766,-13.96902913336));
#12568 = CARTESIAN_POINT('',(-1.269714954328,0.589766,-13.90891481197));
#12569 = CARTESIAN_POINT('',(-1.273130017503,0.582413189818,
    -13.84894899021));
#12570 = CARTESIAN_POINT('',(-1.279930166166,0.56777530943,
    -13.79011249794));
#12571 = CARTESIAN_POINT('',(-1.289638409604,0.54603298702,
    -13.73339407516));
#12572 = CARTESIAN_POINT('',(-1.301356199276,0.517523700882,
    -13.67984727237));
#12573 = CARTESIAN_POINT('',(-1.32099976992,0.464072237098,
    -13.60359843712));
#12574 = CARTESIAN_POINT('',(-1.3282366163,0.443377919554,
    -13.57790157993));
#12575 = CARTESIAN_POINT('',(-1.335626525623,0.420920850517,
    -13.55354709246));
#12576 = CARTESIAN_POINT('',(-1.343006508106,0.396790301841,
    -13.53067601247));
#12577 = CARTESIAN_POINT('',(-1.35021441379,0.371087668959,
    -13.50942533763));
#12578 = CARTESIAN_POINT('',(-1.363546490197,0.318480947697,
    -13.4716609828));
#12579 = CARTESIAN_POINT('',(-1.369712512106,0.291746320254,
    -13.45492698944));
#12580 = CARTESIAN_POINT('',(-1.375462640159,0.263842555588,
    -13.43985596645));
#12581 = CARTESIAN_POINT('',(-1.380674726361,0.234901238284,-13.42656029
    ));
#12582 = CARTESIAN_POINT('',(-1.385243134725,0.205064543775,
    -13.41513615308));
#12583 = CARTESIAN_POINT('',(-1.39260562969,0.146450528605,-13.396982498
    ));
#12584 = CARTESIAN_POINT('',(-1.395515120033,0.117798509513,
    -13.38994288598));
#12585 = CARTESIAN_POINT('',(-1.397745057074,8.867246071221E-02,
    -13.38461571959));
#12586 = CARTESIAN_POINT('',(-1.399248239787,5.922598167238E-02,
    -13.38104781918));
#12587 = CARTESIAN_POINT('',(-1.4,2.961626944846E-02,-13.37926313336));
#12588 = CARTESIAN_POINT('',(-1.4,-4.588047749108E-02,-13.37926313336));
#12589 = CARTESIAN_POINT('',(-1.398195667954,-9.171011713219E-02,
    -13.383546225));
#12590 = CARTESIAN_POINT('',(-1.394594709371,-0.13693065925,
    -13.39209460307));
#12591 = CARTESIAN_POINT('',(-1.389332824862,-0.180989235383,
    -13.40477645299));
#12592 = CARTESIAN_POINT('',(-1.382673957214,-0.223359130186,
    -13.42134730464));
#12593 = CARTESIAN_POINT('',(-1.372197069416,-0.27801329076,
    -13.44865127785));
#12594 = CARTESIAN_POINT('',(-1.369291845906,-0.292184201664,
    -13.45632347333));
#12595 = CARTESIAN_POINT('',(-1.366264650701,-0.306067749143,
    -13.46443961696));
#12596 = CARTESIAN_POINT('',(-1.363131244469,-0.319647530991,
    -13.47298521192));
#12597 = CARTESIAN_POINT('',(-1.359908034362,-0.332908637344,
    -13.48194542725));
#12598 = CARTESIAN_POINT('',(-1.349797216233,-0.372570189305,
    -13.51065752237));
#12599 = CARTESIAN_POINT('',(-1.342672707364,-0.397876739626,
    -13.53171352647));
#12600 = CARTESIAN_POINT('',(-1.335385920849,-0.4216471061,
    -13.55434453807));
#12601 = CARTESIAN_POINT('',(-1.328092924717,-0.443784080817,
    -13.57841865571));
#12602 = CARTESIAN_POINT('',(-1.320950488284,-0.46420194132,
    -13.60380021213));
#12603 = CARTESIAN_POINT('',(-1.307906486314,-0.499703894058,
    -13.65441211377));
#12604 = CARTESIAN_POINT('',(-1.301948923315,-0.515114894073,
    -13.67944322944));
#12605 = CARTESIAN_POINT('',(-1.296348373123,-0.528995851633,
    -13.7053342681));
#12606 = CARTESIAN_POINT('',(-1.291211019312,-0.541296734422,
    -13.73197697731));
#12607 = CARTESIAN_POINT('',(-1.286630802327,-0.551976621731,
    -13.7592639543));
#12608 = CARTESIAN_POINT('',(-1.278524753122,-0.570510463826,
    -13.81641197375));
#12609 = CARTESIAN_POINT('',(-1.27506872521,-0.578181627515,
    -13.84633312504));
#12610 = CARTESIAN_POINT('',(-1.272409473652,-0.583965508178,
    -13.87670366231));
#12611 = CARTESIAN_POINT('',(-1.270613194614,-0.587831852152,
    -13.90737445148));
#12612 = CARTESIAN_POINT('',(-1.269714954328,-0.589766,-13.93819783727)
  );
#12613 = CARTESIAN_POINT('',(-1.269714954328,-0.589766,-14.02914345474)
  );
#12614 = CARTESIAN_POINT('',(-1.273130017503,-0.582413189818,
    -14.08910927651));
#12615 = CARTESIAN_POINT('',(-1.279930166166,-0.56777530943,
    -14.14794576877));
#12616 = CARTESIAN_POINT('',(-1.289638409604,-0.54603298702,
    -14.20466419155));
#12617 = CARTESIAN_POINT('',(-1.301356199276,-0.517523700882,
    -14.25821099435));
#12618 = CARTESIAN_POINT('',(-1.32099976992,-0.464072237098,
    -14.33445982959));
#12619 = CARTESIAN_POINT('',(-1.3282366163,-0.443377919554,
    -14.36015668679));
#12620 = CARTESIAN_POINT('',(-1.335626525623,-0.420920850517,
    -14.38451117425));
#12621 = CARTESIAN_POINT('',(-1.343006508106,-0.396790301841,
    -14.40738225424));
#12622 = CARTESIAN_POINT('',(-1.35021441379,-0.371087668959,
    -14.42863292909));
#12623 = CARTESIAN_POINT('',(-1.363546490197,-0.318480947697,
    -14.46639728392));
#12624 = CARTESIAN_POINT('',(-1.369712512106,-0.291746320254,
    -14.48313127727));
#12625 = CARTESIAN_POINT('',(-1.375462640159,-0.263842555588,
    -14.49820230027));
#12626 = CARTESIAN_POINT('',(-1.380674726361,-0.234901238284,
    -14.51149797671));
#12627 = CARTESIAN_POINT('',(-1.385243134725,-0.205064543775,
    -14.52292211363));
#12628 = CARTESIAN_POINT('',(-1.39260562969,-0.146450528605,
    -14.54107576872));
#12629 = CARTESIAN_POINT('',(-1.395515120033,-0.117798509513,
    -14.54811538073));
#12630 = CARTESIAN_POINT('',(-1.397745057074,-8.867246071221E-02,
    -14.55344254713));
#12631 = CARTESIAN_POINT('',(-1.399248239787,-5.922598167239E-02,
    -14.55701044754));
#12632 = CARTESIAN_POINT('',(-1.4,-2.961626944845E-02,-14.55879513336));
#12633 = CARTESIAN_POINT('',(-1.4,4.588047749111E-02,-14.55879513336));
#12634 = CARTESIAN_POINT('',(-1.398195667954,9.171011713232E-02,
    -14.55451204172));
#12635 = CARTESIAN_POINT('',(-1.394594709371,0.136930659249,
    -14.54596366364));
#12636 = CARTESIAN_POINT('',(-1.389332824862,0.180989235383,
    -14.53328181372));
#12637 = CARTESIAN_POINT('',(-1.382673957214,0.223359130186,
    -14.51671096207));
#12638 = CARTESIAN_POINT('',(-1.372197069416,0.27801329076,
    -14.48940698886));
#12639 = CARTESIAN_POINT('',(-1.369291845906,0.292184201664,
    -14.48173479338));
#12640 = CARTESIAN_POINT('',(-1.366264650701,0.306067749143,
    -14.47361864975));
#12641 = CARTESIAN_POINT('',(-1.363131244469,0.319647530991,
    -14.46507305479));
#12642 = CARTESIAN_POINT('',(-1.359908034362,0.332908637344,
    -14.45611283947));
#12643 = CARTESIAN_POINT('',(-1.349797216233,0.372570189305,
    -14.42740074434));
#12644 = CARTESIAN_POINT('',(-1.342672707364,0.397876739626,
    -14.40634474024));
#12645 = CARTESIAN_POINT('',(-1.335385920849,0.4216471061,
    -14.38371372865));
#12646 = CARTESIAN_POINT('',(-1.328092924717,0.443784080817,
    -14.359639611));
#12647 = CARTESIAN_POINT('',(-1.320950488284,0.46420194132,
    -14.33425805458));
#12648 = CARTESIAN_POINT('',(-1.301384410507,0.51745507407,
    -14.25833991181));
#12649 = CARTESIAN_POINT('',(-1.289657097381,0.54599112571,
    -14.20477337473));
#12650 = CARTESIAN_POINT('',(-1.279939992367,0.567754160874,
    -14.14803072373));
#12651 = CARTESIAN_POINT('',(-1.273133311066,0.582406097571,
    -14.08916703749));
#12652 = CARTESIAN_POINT('',(-1.269714954328,0.589766,-14.02917244012));
#12653 = CARTESIAN_POINT('',(-1.269714954328,0.589766,-13.96902913336));
#12654 = ORIENTED_EDGE('',*,*,#12655,.T.);
#12655 = EDGE_CURVE('',#12562,#12364,#12656,.T.);
#12656 = LINE('',#12657,#12658);
#12657 = CARTESIAN_POINT('',(0.,0.589766,-13.96902913336));
#12658 = VECTOR('',#12659,1.);
#12659 = DIRECTION('',(-1.,-0.,-0.));
#12660 = ORIENTED_EDGE('',*,*,#12363,.T.);
#12661 = ORIENTED_EDGE('',*,*,#12655,.F.);
#12662 = ORIENTED_EDGE('',*,*,#12663,.F.);
#12663 = EDGE_CURVE('',#12564,#12562,#12664,.T.);
#12664 = B_SPLINE_CURVE_WITH_KNOTS('',6,(#12665,#12666,#12667,#12668,
    #12669,#12670,#12671,#12672,#12673,#12674,#12675,#12676,#12677,
    #12678,#12679,#12680,#12681,#12682,#12683,#12684,#12685,#12686,
    #12687,#12688,#12689,#12690,#12691,#12692,#12693,#12694,#12695,
    #12696,#12697,#12698,#12699,#12700,#12701,#12702,#12703,#12704,
    #12705,#12706,#12707,#12708,#12709,#12710,#12711,#12712,#12713,
    #12714,#12715,#12716,#12717,#12718,#12719,#12720,#12721,#12722,
    #12723,#12724,#12725,#12726,#12727,#12728,#12729,#12730,#12731,
    #12732,#12733,#12734,#12735,#12736,#12737,#12738,#12739,#12740,
    #12741,#12742,#12743,#12744,#12745,#12746,#12747,#12748,#12749,
    #12750,#12751),.UNSPECIFIED.,.T.,.F.,(7,5,5,5,5,5,5,5,5,5,5,5,5,5,5,
    5,5,7),(0.,9.892143385553E-02,0.152823869987,0.203327545009,
    0.24962041641,0.321335696014,0.347087959377,0.40033435626,
    0.448594179835,0.499450832888,0.598610244736,0.652642355429,
    0.703267528519,0.749671767944,0.821559574953,0.847373791238,
    0.900748284431,1.),.UNSPECIFIED.);
#12665 = CARTESIAN_POINT('',(-1.269714954328,0.589766,-13.96902913336));
#12666 = CARTESIAN_POINT('',(-1.269714954328,0.589766,-13.90891481197));
#12667 = CARTESIAN_POINT('',(-1.273130017503,0.582413189818,
    -13.84894899021));
#12668 = CARTESIAN_POINT('',(-1.279930166166,0.56777530943,
    -13.79011249794));
#12669 = CARTESIAN_POINT('',(-1.289638409604,0.54603298702,
    -13.73339407516));
#12670 = CARTESIAN_POINT('',(-1.301356199276,0.517523700882,
    -13.67984727237));
#12671 = CARTESIAN_POINT('',(-1.32099976992,0.464072237098,
    -13.60359843712));
#12672 = CARTESIAN_POINT('',(-1.3282366163,0.443377919554,
    -13.57790157993));
#12673 = CARTESIAN_POINT('',(-1.335626525623,0.420920850517,
    -13.55354709246));
#12674 = CARTESIAN_POINT('',(-1.343006508106,0.396790301841,
    -13.53067601247));
#12675 = CARTESIAN_POINT('',(-1.35021441379,0.371087668959,
    -13.50942533763));
#12676 = CARTESIAN_POINT('',(-1.363546490197,0.318480947697,
    -13.4716609828));
#12677 = CARTESIAN_POINT('',(-1.369712512106,0.291746320254,
    -13.45492698944));
#12678 = CARTESIAN_POINT('',(-1.375462640159,0.263842555588,
    -13.43985596645));
#12679 = CARTESIAN_POINT('',(-1.380674726361,0.234901238284,-13.42656029
    ));
#12680 = CARTESIAN_POINT('',(-1.385243134725,0.205064543775,
    -13.41513615308));
#12681 = CARTESIAN_POINT('',(-1.39260562969,0.146450528605,-13.396982498
    ));
#12682 = CARTESIAN_POINT('',(-1.395515120033,0.117798509513,
    -13.38994288598));
#12683 = CARTESIAN_POINT('',(-1.397745057074,8.867246071221E-02,
    -13.38461571959));
#12684 = CARTESIAN_POINT('',(-1.399248239787,5.922598167238E-02,
    -13.38104781918));
#12685 = CARTESIAN_POINT('',(-1.4,2.961626944846E-02,-13.37926313336));
#12686 = CARTESIAN_POINT('',(-1.4,-4.588047749108E-02,-13.37926313336));
#12687 = CARTESIAN_POINT('',(-1.398195667954,-9.171011713219E-02,
    -13.383546225));
#12688 = CARTESIAN_POINT('',(-1.394594709371,-0.13693065925,
    -13.39209460307));
#12689 = CARTESIAN_POINT('',(-1.389332824862,-0.180989235383,
    -13.40477645299));
#12690 = CARTESIAN_POINT('',(-1.382673957214,-0.223359130186,
    -13.42134730464));
#12691 = CARTESIAN_POINT('',(-1.372197069416,-0.27801329076,
    -13.44865127785));
#12692 = CARTESIAN_POINT('',(-1.369291845906,-0.292184201664,
    -13.45632347333));
#12693 = CARTESIAN_POINT('',(-1.366264650701,-0.306067749143,
    -13.46443961696));
#12694 = CARTESIAN_POINT('',(-1.363131244469,-0.319647530991,
    -13.47298521192));
#12695 = CARTESIAN_POINT('',(-1.359908034362,-0.332908637344,
    -13.48194542725));
#12696 = CARTESIAN_POINT('',(-1.349797216233,-0.372570189305,
    -13.51065752237));
#12697 = CARTESIAN_POINT('',(-1.342672707364,-0.397876739626,
    -13.53171352647));
#12698 = CARTESIAN_POINT('',(-1.335385920849,-0.4216471061,
    -13.55434453807));
#12699 = CARTESIAN_POINT('',(-1.328092924717,-0.443784080817,
    -13.57841865571));
#12700 = CARTESIAN_POINT('',(-1.320950488284,-0.46420194132,
    -13.60380021213));
#12701 = CARTESIAN_POINT('',(-1.307906486314,-0.499703894058,
    -13.65441211377));
#12702 = CARTESIAN_POINT('',(-1.301948923315,-0.515114894073,
    -13.67944322944));
#12703 = CARTESIAN_POINT('',(-1.296348373123,-0.528995851633,
    -13.7053342681));
#12704 = CARTESIAN_POINT('',(-1.291211019312,-0.541296734422,
    -13.73197697731));
#12705 = CARTESIAN_POINT('',(-1.286630802327,-0.551976621731,
    -13.7592639543));
#12706 = CARTESIAN_POINT('',(-1.278524753122,-0.570510463826,
    -13.81641197375));
#12707 = CARTESIAN_POINT('',(-1.27506872521,-0.578181627515,
    -13.84633312504));
#12708 = CARTESIAN_POINT('',(-1.272409473652,-0.583965508178,
    -13.87670366231));
#12709 = CARTESIAN_POINT('',(-1.270613194614,-0.587831852152,
    -13.90737445148));
#12710 = CARTESIAN_POINT('',(-1.269714954328,-0.589766,-13.93819783727)
  );
#12711 = CARTESIAN_POINT('',(-1.269714954328,-0.589766,-14.02914345474)
  );
#12712 = CARTESIAN_POINT('',(-1.273130017503,-0.582413189818,
    -14.08910927651));
#12713 = CARTESIAN_POINT('',(-1.279930166166,-0.56777530943,
    -14.14794576877));
#12714 = CARTESIAN_POINT('',(-1.289638409604,-0.54603298702,
    -14.20466419155));
#12715 = CARTESIAN_POINT('',(-1.301356199276,-0.517523700882,
    -14.25821099435));
#12716 = CARTESIAN_POINT('',(-1.32099976992,-0.464072237098,
    -14.33445982959));
#12717 = CARTESIAN_POINT('',(-1.3282366163,-0.443377919554,
    -14.36015668679));
#12718 = CARTESIAN_POINT('',(-1.335626525623,-0.420920850517,
    -14.38451117425));
#12719 = CARTESIAN_POINT('',(-1.343006508106,-0.396790301841,
    -14.40738225424));
#12720 = CARTESIAN_POINT('',(-1.35021441379,-0.371087668959,
    -14.42863292909));
#12721 = CARTESIAN_POINT('',(-1.363546490197,-0.318480947697,
    -14.46639728392));
#12722 = CARTESIAN_POINT('',(-1.369712512106,-0.291746320254,
    -14.48313127727));
#12723 = CARTESIAN_POINT('',(-1.375462640159,-0.263842555588,
    -14.49820230027));
#12724 = CARTESIAN_POINT('',(-1.380674726361,-0.234901238284,
    -14.51149797671));
#12725 = CARTESIAN_POINT('',(-1.385243134725,-0.205064543775,
    -14.52292211363));
#12726 = CARTESIAN_POINT('',(-1.39260562969,-0.146450528605,
    -14.54107576872));
#12727 = CARTESIAN_POINT('',(-1.395515120033,-0.117798509513,
    -14.54811538073));
#12728 = CARTESIAN_POINT('',(-1.397745057074,-8.867246071221E-02,
    -14.55344254713));
#12729 = CARTESIAN_POINT('',(-1.399248239787,-5.922598167239E-02,
    -14.55701044754));
#12730 = CARTESIAN_POINT('',(-1.4,-2.961626944845E-02,-14.55879513336));
#12731 = CARTESIAN_POINT('',(-1.4,4.588047749111E-02,-14.55879513336));
#12732 = CARTESIAN_POINT('',(-1.398195667954,9.171011713232E-02,
    -14.55451204172));
#12733 = CARTESIAN_POINT('',(-1.394594709371,0.136930659249,
    -14.54596366364));
#12734 = CARTESIAN_POINT('',(-1.389332824862,0.180989235383,
    -14.53328181372));
#12735 = CARTESIAN_POINT('',(-1.382673957214,0.223359130186,
    -14.51671096207));
#12736 = CARTESIAN_POINT('',(-1.372197069416,0.27801329076,
    -14.48940698886));
#12737 = CARTESIAN_POINT('',(-1.369291845906,0.292184201664,
    -14.48173479338));
#12738 = CARTESIAN_POINT('',(-1.366264650701,0.306067749143,
    -14.47361864975));
#12739 = CARTESIAN_POINT('',(-1.363131244469,0.319647530991,
    -14.46507305479));
#12740 = CARTESIAN_POINT('',(-1.359908034362,0.332908637344,
    -14.45611283947));
#12741 = CARTESIAN_POINT('',(-1.349797216233,0.372570189305,
    -14.42740074434));
#12742 = CARTESIAN_POINT('',(-1.342672707364,0.397876739626,
    -14.40634474024));
#12743 = CARTESIAN_POINT('',(-1.335385920849,0.4216471061,
    -14.38371372865));
#12744 = CARTESIAN_POINT('',(-1.328092924717,0.443784080817,
    -14.359639611));
#12745 = CARTESIAN_POINT('',(-1.320950488284,0.46420194132,
    -14.33425805458));
#12746 = CARTESIAN_POINT('',(-1.301384410507,0.51745507407,
    -14.25833991181));
#12747 = CARTESIAN_POINT('',(-1.289657097381,0.54599112571,
    -14.20477337473));
#12748 = CARTESIAN_POINT('',(-1.279939992367,0.567754160874,
    -14.14803072373));
#12749 = CARTESIAN_POINT('',(-1.273133311066,0.582406097571,
    -14.08916703749));
#12750 = CARTESIAN_POINT('',(-1.269714954328,0.589766,-14.02917244012));
#12751 = CARTESIAN_POINT('',(-1.269714954328,0.589766,-13.96902913336));
#12752 = CYLINDRICAL_SURFACE('',#12753,0.589766);
#12753 = AXIS2_PLACEMENT_3D('',#12754,#12755,#12756);
#12754 = CARTESIAN_POINT('',(0.,0.,-13.96902913336));
#12755 = DIRECTION('',(1.,0.,0.));
#12756 = DIRECTION('',(-0.,1.,0.));
#12757 = ADVANCED_FACE('',(#12758),#12777,.T.);
#12758 = FACE_BOUND('',#12759,.F.);
#12759 = EDGE_LOOP('',(#12760,#12761,#12769,#12776));
#12760 = ORIENTED_EDGE('',*,*,#12426,.F.);
#12761 = ORIENTED_EDGE('',*,*,#12762,.T.);
#12762 = EDGE_CURVE('',#12427,#12763,#12765,.T.);
#12763 = VERTEX_POINT('',#12764);
#12764 = CARTESIAN_POINT('',(-0.2,1.587450786639,-19.8));
#12765 = LINE('',#12766,#12767);
#12766 = CARTESIAN_POINT('',(-0.2,2.14,-19.8));
#12767 = VECTOR('',#12768,1.);
#12768 = DIRECTION('',(0.,-1.,0.));
#12769 = ORIENTED_EDGE('',*,*,#12770,.T.);
#12770 = EDGE_CURVE('',#12763,#12461,#12771,.T.);
#12771 = PARABOLA('',#12772,0.494974746831);
#12772 = AXIS2_PLACEMENT_3D('',#12773,#12774,#12775);
#12773 = CARTESIAN_POINT('',(0.7,0.,-18.9));
#12774 = DIRECTION('',(-0.707106781187,0.,0.707106781187));
#12775 = DIRECTION('',(-0.707106781187,0.,-0.707106781187));
#12776 = ORIENTED_EDGE('',*,*,#12477,.F.);
#12777 = PLANE('',#12778);
#12778 = AXIS2_PLACEMENT_3D('',#12779,#12780,#12781);
#12779 = CARTESIAN_POINT('',(-0.1,2.14,-19.7));
#12780 = DIRECTION('',(0.707106781187,0.,-0.707106781187));
#12781 = DIRECTION('',(0.,1.,0.));
#12782 = ADVANCED_FACE('',(#12783),#12811,.F.);
#12783 = FACE_BOUND('',#12784,.F.);
#12784 = EDGE_LOOP('',(#12785,#12786,#12787,#12795,#12804));
#12785 = ORIENTED_EDGE('',*,*,#12762,.F.);
#12786 = ORIENTED_EDGE('',*,*,#12445,.T.);
#12787 = ORIENTED_EDGE('',*,*,#12788,.F.);
#12788 = EDGE_CURVE('',#12789,#12437,#12791,.T.);
#12789 = VERTEX_POINT('',#12790);
#12790 = CARTESIAN_POINT('',(-0.2,-1.587450786639,-19.8));
#12791 = LINE('',#12792,#12793);
#12792 = CARTESIAN_POINT('',(-0.2,-1.4,-19.8));
#12793 = VECTOR('',#12794,1.);
#12794 = DIRECTION('',(0.,-1.,0.));
#12795 = ORIENTED_EDGE('',*,*,#12796,.T.);
#12796 = EDGE_CURVE('',#12789,#12797,#12799,.T.);
#12797 = VERTEX_POINT('',#12798);
#12798 = CARTESIAN_POINT('',(-1.6,0.,-19.8));
#12799 = CIRCLE('',#12800,1.6);
#12800 = AXIS2_PLACEMENT_3D('',#12801,#12802,#12803);
#12801 = CARTESIAN_POINT('',(0.,0.,-19.8));
#12802 = DIRECTION('',(0.,-0.,-1.));
#12803 = DIRECTION('',(1.8E-16,-1.,0.));
#12804 = ORIENTED_EDGE('',*,*,#12805,.T.);
#12805 = EDGE_CURVE('',#12797,#12763,#12806,.T.);
#12806 = CIRCLE('',#12807,1.6);
#12807 = AXIS2_PLACEMENT_3D('',#12808,#12809,#12810);
#12808 = CARTESIAN_POINT('',(0.,0.,-19.8));
#12809 = DIRECTION('',(0.,0.,-1.));
#12810 = DIRECTION('',(-1.,0.,0.));
#12811 = PLANE('',#12812);
#12812 = AXIS2_PLACEMENT_3D('',#12813,#12814,#12815);
#12813 = CARTESIAN_POINT('',(-1.6E-16,7.E-17,-19.8));
#12814 = DIRECTION('',(0.,0.,1.));
#12815 = DIRECTION('',(1.,0.,0.));
#12816 = ADVANCED_FACE('',(#12817),#12829,.T.);
#12817 = FACE_BOUND('',#12818,.T.);
#12818 = EDGE_LOOP('',(#12819,#12826,#12827,#12828));
#12819 = ORIENTED_EDGE('',*,*,#12820,.T.);
#12820 = EDGE_CURVE('',#12789,#12540,#12821,.T.);
#12821 = PARABOLA('',#12822,0.494974746831);
#12822 = AXIS2_PLACEMENT_3D('',#12823,#12824,#12825);
#12823 = CARTESIAN_POINT('',(0.7,0.,-18.9));
#12824 = DIRECTION('',(0.707106781187,0.,-0.707106781187));
#12825 = DIRECTION('',(-0.707106781187,0.,-0.707106781187));
#12826 = ORIENTED_EDGE('',*,*,#12547,.T.);
#12827 = ORIENTED_EDGE('',*,*,#12436,.T.);
#12828 = ORIENTED_EDGE('',*,*,#12788,.F.);
#12829 = PLANE('',#12830);
#12830 = AXIS2_PLACEMENT_3D('',#12831,#12832,#12833);
#12831 = CARTESIAN_POINT('',(-0.1,-1.4,-19.7));
#12832 = DIRECTION('',(0.707106781187,0.,-0.707106781187));
#12833 = DIRECTION('',(0.,-1.,0.));
#12834 = ADVANCED_FACE('',(#12835),#12871,.F.);
#12835 = FACE_BOUND('',#12836,.T.);
#12836 = EDGE_LOOP('',(#12837,#12838,#12847,#12854,#12855,#12864));
#12837 = ORIENTED_EDGE('',*,*,#12460,.T.);
#12838 = ORIENTED_EDGE('',*,*,#12839,.F.);
#12839 = EDGE_CURVE('',#12840,#12463,#12842,.T.);
#12840 = VERTEX_POINT('',#12841);
#12841 = CARTESIAN_POINT('',(-1.4,0.,-16.8));
#12842 = CIRCLE('',#12843,1.4);
#12843 = AXIS2_PLACEMENT_3D('',#12844,#12845,#12846);
#12844 = CARTESIAN_POINT('',(0.,0.,-16.8));
#12845 = DIRECTION('',(0.,0.,-1.));
#12846 = DIRECTION('',(-1.,0.,0.));
#12847 = ORIENTED_EDGE('',*,*,#12848,.F.);
#12848 = EDGE_CURVE('',#12492,#12840,#12849,.T.);
#12849 = CIRCLE('',#12850,1.4);
#12850 = AXIS2_PLACEMENT_3D('',#12851,#12852,#12853);
#12851 = CARTESIAN_POINT('',(0.,0.,-16.8));
#12852 = DIRECTION('',(0.,0.,-1.));
#12853 = DIRECTION('',(-1.,0.,0.));
#12854 = ORIENTED_EDGE('',*,*,#12539,.F.);
#12855 = ORIENTED_EDGE('',*,*,#12856,.T.);
#12856 = EDGE_CURVE('',#12540,#12857,#12859,.T.);
#12857 = VERTEX_POINT('',#12858);
#12858 = CARTESIAN_POINT('',(-1.4,0.,-19.6));
#12859 = CIRCLE('',#12860,1.4);
#12860 = AXIS2_PLACEMENT_3D('',#12861,#12862,#12863);
#12861 = CARTESIAN_POINT('',(0.,0.,-19.6));
#12862 = DIRECTION('',(0.,-0.,-1.));
#12863 = DIRECTION('',(1.8E-16,-1.,0.));
#12864 = ORIENTED_EDGE('',*,*,#12865,.T.);
#12865 = EDGE_CURVE('',#12857,#12461,#12866,.T.);
#12866 = CIRCLE('',#12867,1.4);
#12867 = AXIS2_PLACEMENT_3D('',#12868,#12869,#12870);
#12868 = CARTESIAN_POINT('',(0.,0.,-19.6));
#12869 = DIRECTION('',(0.,0.,-1.));
#12870 = DIRECTION('',(-1.,0.,0.));
#12871 = CYLINDRICAL_SURFACE('',#12872,1.4);
#12872 = AXIS2_PLACEMENT_3D('',#12873,#12874,#12875);
#12873 = CARTESIAN_POINT('',(0.,0.,-19.8));
#12874 = DIRECTION('',(0.,0.,1.));
#12875 = DIRECTION('',(-1.,0.,0.));
#12876 = ADVANCED_FACE('',(#12877),#12891,.F.);
#12877 = FACE_BOUND('',#12878,.T.);
#12878 = EDGE_LOOP('',(#12879,#12887,#12888,#12889,#12890));
#12879 = ORIENTED_EDGE('',*,*,#12880,.F.);
#12880 = EDGE_CURVE('',#12840,#12881,#12883,.T.);
#12881 = VERTEX_POINT('',#12882);
#12882 = CARTESIAN_POINT('',(0.,0.,-15.95879513336));
#12883 = LINE('',#12884,#12885);
#12884 = CARTESIAN_POINT('',(-1.4,0.,-16.8));
#12885 = VECTOR('',#12886,1.);
#12886 = DIRECTION('',(0.857167300702,0.,0.51503807491));
#12887 = ORIENTED_EDGE('',*,*,#12839,.T.);
#12888 = ORIENTED_EDGE('',*,*,#12502,.T.);
#12889 = ORIENTED_EDGE('',*,*,#12848,.T.);
#12890 = ORIENTED_EDGE('',*,*,#12880,.T.);
#12891 = CONICAL_SURFACE('',#12892,1.4,1.029744258677);
#12892 = AXIS2_PLACEMENT_3D('',#12893,#12894,#12895);
#12893 = CARTESIAN_POINT('',(0.,0.,-16.8));
#12894 = DIRECTION('',(-0.,-0.,-1.));
#12895 = DIRECTION('',(-1.,0.,0.));
#12896 = ADVANCED_FACE('',(#12897),#12916,.T.);
#12897 = FACE_BOUND('',#12898,.F.);
#12898 = EDGE_LOOP('',(#12899,#12908,#12914,#12915));
#12899 = ORIENTED_EDGE('',*,*,#12900,.T.);
#12900 = EDGE_CURVE('',#12901,#12901,#12903,.T.);
#12901 = VERTEX_POINT('',#12902);
#12902 = CARTESIAN_POINT('',(1.90041,0.,-10.188));
#12903 = CIRCLE('',#12904,1.90041);
#12904 = AXIS2_PLACEMENT_3D('',#12905,#12906,#12907);
#12905 = CARTESIAN_POINT('',(0.,-2.26E-15,-10.188));
#12906 = DIRECTION('',(-0.,2.2E-16,1.));
#12907 = DIRECTION('',(1.,0.,0.));
#12908 = ORIENTED_EDGE('',*,*,#12909,.T.);
#12909 = EDGE_CURVE('',#12901,#12521,#12910,.T.);
#12910 = LINE('',#12911,#12912);
#12911 = CARTESIAN_POINT('',(1.90041,0.,-10.188));
#12912 = VECTOR('',#12913,1.);
#12913 = DIRECTION('',(0.,0.,-1.));
#12914 = ORIENTED_EDGE('',*,*,#12520,.F.);
#12915 = ORIENTED_EDGE('',*,*,#12909,.F.);
#12916 = CYLINDRICAL_SURFACE('',#12917,1.90041);
#12917 = AXIS2_PLACEMENT_3D('',#12918,#12919,#12920);
#12918 = CARTESIAN_POINT('',(0.,-2.26E-15,-10.188));
#12919 = DIRECTION('',(-0.,-2.2E-16,-1.));
#12920 = DIRECTION('',(1.,0.,0.));
#12921 = ADVANCED_FACE('',(#12922,#12956),#12960,.F.);
#12922 = FACE_BOUND('',#12923,.T.);
#12923 = EDGE_LOOP('',(#12924,#12934,#12941,#12942,#12949));
#12924 = ORIENTED_EDGE('',*,*,#12925,.F.);
#12925 = EDGE_CURVE('',#12926,#12928,#12930,.T.);
#12926 = VERTEX_POINT('',#12927);
#12927 = CARTESIAN_POINT('',(1.4,0.,-9.21030121666));
#12928 = VERTEX_POINT('',#12929);
#12929 = CARTESIAN_POINT('',(1.4,0.,-14.55879513336));
#12930 = LINE('',#12931,#12932);
#12931 = CARTESIAN_POINT('',(1.4,0.,0.));
#12932 = VECTOR('',#12933,1.);
#12933 = DIRECTION('',(-6.E-17,0.,-1.));
#12934 = ORIENTED_EDGE('',*,*,#12935,.F.);
#12935 = EDGE_CURVE('',#12926,#12926,#12936,.T.);
#12936 = CIRCLE('',#12937,1.4);
#12937 = AXIS2_PLACEMENT_3D('',#12938,#12939,#12940);
#12938 = CARTESIAN_POINT('',(0.,0.,-9.21030121666));
#12939 = DIRECTION('',(0.,0.,-1.));
#12940 = DIRECTION('',(0.,1.,0.));
#12941 = ORIENTED_EDGE('',*,*,#12925,.T.);
#12942 = ORIENTED_EDGE('',*,*,#12943,.F.);
#12943 = EDGE_CURVE('',#12564,#12928,#12944,.T.);
#12944 = CIRCLE('',#12945,1.4);
#12945 = AXIS2_PLACEMENT_3D('',#12946,#12947,#12948);
#12946 = CARTESIAN_POINT('',(0.,0.,-14.55879513336));
#12947 = DIRECTION('',(0.,0.,1.));
#12948 = DIRECTION('',(1.,0.,0.));
#12949 = ORIENTED_EDGE('',*,*,#12950,.F.);
#12950 = EDGE_CURVE('',#12928,#12564,#12951,.T.);
#12951 = CIRCLE('',#12952,1.4);
#12952 = AXIS2_PLACEMENT_3D('',#12953,#12954,#12955);
#12953 = CARTESIAN_POINT('',(0.,0.,-14.55879513336));
#12954 = DIRECTION('',(0.,0.,1.));
#12955 = DIRECTION('',(1.,0.,0.));
#12956 = FACE_BOUND('',#12957,.T.);
#12957 = EDGE_LOOP('',(#12958,#12959));
#12958 = ORIENTED_EDGE('',*,*,#12663,.F.);
#12959 = ORIENTED_EDGE('',*,*,#12561,.F.);
#12960 = CYLINDRICAL_SURFACE('',#12961,1.4);
#12961 = AXIS2_PLACEMENT_3D('',#12962,#12963,#12964);
#12962 = CARTESIAN_POINT('',(0.,0.,0.));
#12963 = DIRECTION('',(-0.,-0.,-1.));
#12964 = DIRECTION('',(1.,0.,0.));
#12965 = ADVANCED_FACE('',(#12966),#12977,.F.);
#12966 = FACE_BOUND('',#12967,.T.);
#12967 = EDGE_LOOP('',(#12968,#12974,#12975,#12976));
#12968 = ORIENTED_EDGE('',*,*,#12969,.F.);
#12969 = EDGE_CURVE('',#12797,#12857,#12970,.T.);
#12970 = LINE('',#12971,#12972);
#12971 = CARTESIAN_POINT('',(-1.4,-3.4E-16,-19.6));
#12972 = VECTOR('',#12973,1.);
#12973 = DIRECTION('',(0.707106781187,1.7E-16,0.707106781187));
#12974 = ORIENTED_EDGE('',*,*,#12805,.T.);
#12975 = ORIENTED_EDGE('',*,*,#12770,.T.);
#12976 = ORIENTED_EDGE('',*,*,#12865,.F.);
#12977 = CONICAL_SURFACE('',#12978,1.4,0.785398163397);
#12978 = AXIS2_PLACEMENT_3D('',#12979,#12980,#12981);
#12979 = CARTESIAN_POINT('',(0.,0.,-19.6));
#12980 = DIRECTION('',(-0.,-0.,-1.));
#12981 = DIRECTION('',(-1.,0.,0.));
#12982 = ADVANCED_FACE('',(#12983),#12989,.F.);
#12983 = FACE_BOUND('',#12984,.T.);
#12984 = EDGE_LOOP('',(#12985,#12986,#12987,#12988));
#12985 = ORIENTED_EDGE('',*,*,#12820,.F.);
#12986 = ORIENTED_EDGE('',*,*,#12796,.T.);
#12987 = ORIENTED_EDGE('',*,*,#12969,.T.);
#12988 = ORIENTED_EDGE('',*,*,#12856,.F.);
#12989 = CONICAL_SURFACE('',#12990,1.4,0.785398163397);
#12990 = AXIS2_PLACEMENT_3D('',#12991,#12992,#12993);
#12991 = CARTESIAN_POINT('',(0.,0.,-19.6));
#12992 = DIRECTION('',(-0.,-0.,-1.));
#12993 = DIRECTION('',(1.8E-16,-1.,0.));
#12994 = ADVANCED_FACE('',(#12995,#13006),#13009,.F.);
#12995 = FACE_BOUND('',#12996,.F.);
#12996 = EDGE_LOOP('',(#12997));
#12997 = ORIENTED_EDGE('',*,*,#12998,.T.);
#12998 = EDGE_CURVE('',#12999,#12999,#13001,.T.);
#12999 = VERTEX_POINT('',#13000);
#13000 = CARTESIAN_POINT('',(2.14,0.,-10.188));
#13001 = CIRCLE('',#13002,2.14);
#13002 = AXIS2_PLACEMENT_3D('',#13003,#13004,#13005);
#13003 = CARTESIAN_POINT('',(0.,0.,-10.188));
#13004 = DIRECTION('',(0.,0.,1.));
#13005 = DIRECTION('',(1.,0.,0.));
#13006 = FACE_BOUND('',#13007,.F.);
#13007 = EDGE_LOOP('',(#13008));
#13008 = ORIENTED_EDGE('',*,*,#12900,.F.);
#13009 = PLANE('',#13010);
#13010 = AXIS2_PLACEMENT_3D('',#13011,#13012,#13013);
#13011 = CARTESIAN_POINT('',(0.,-2.26E-15,-10.188));
#13012 = DIRECTION('',(0.,2.2E-16,1.));
#13013 = DIRECTION('',(1.,0.,0.));
#13014 = ADVANCED_FACE('',(#13015),#13028,.F.);
#13015 = FACE_BOUND('',#13016,.T.);
#13016 = EDGE_LOOP('',(#13017,#13025,#13026,#13027));
#13017 = ORIENTED_EDGE('',*,*,#13018,.F.);
#13018 = EDGE_CURVE('',#12928,#13019,#13021,.T.);
#13019 = VERTEX_POINT('',#13020);
#13020 = CARTESIAN_POINT('',(0.,0.,-15.4));
#13021 = LINE('',#13022,#13023);
#13022 = CARTESIAN_POINT('',(1.4,0.,-14.55879513336));
#13023 = VECTOR('',#13024,1.);
#13024 = DIRECTION('',(-0.857167300702,-0.,-0.51503807491));
#13025 = ORIENTED_EDGE('',*,*,#12950,.T.);
#13026 = ORIENTED_EDGE('',*,*,#12943,.T.);
#13027 = ORIENTED_EDGE('',*,*,#13018,.T.);
#13028 = CONICAL_SURFACE('',#13029,1.4,1.029744258677);
#13029 = AXIS2_PLACEMENT_3D('',#13030,#13031,#13032);
#13030 = CARTESIAN_POINT('',(0.,0.,-14.55879513336));
#13031 = DIRECTION('',(0.,0.,1.));
#13032 = DIRECTION('',(1.,0.,0.));
#13033 = ADVANCED_FACE('',(#13034),#13053,.F.);
#13034 = FACE_BOUND('',#13035,.T.);
#13035 = EDGE_LOOP('',(#13036,#13044,#13051,#13052));
#13036 = ORIENTED_EDGE('',*,*,#13037,.F.);
#13037 = EDGE_CURVE('',#13038,#12926,#13040,.T.);
#13038 = VERTEX_POINT('',#13039);
#13039 = CARTESIAN_POINT('',(1.75,0.,-9.));
#13040 = LINE('',#13041,#13042);
#13041 = CARTESIAN_POINT('',(1.75,0.,-9.));
#13042 = VECTOR('',#13043,1.);
#13043 = DIRECTION('',(-0.857167300702,-0.,-0.51503807491));
#13044 = ORIENTED_EDGE('',*,*,#13045,.T.);
#13045 = EDGE_CURVE('',#13038,#13038,#13046,.T.);
#13046 = CIRCLE('',#13047,1.75);
#13047 = AXIS2_PLACEMENT_3D('',#13048,#13049,#13050);
#13048 = CARTESIAN_POINT('',(0.,0.,-9.));
#13049 = DIRECTION('',(0.,0.,1.));
#13050 = DIRECTION('',(1.,0.,0.));
#13051 = ORIENTED_EDGE('',*,*,#13037,.T.);
#13052 = ORIENTED_EDGE('',*,*,#12935,.T.);
#13053 = CONICAL_SURFACE('',#13054,1.75,1.029744258677);
#13054 = AXIS2_PLACEMENT_3D('',#13055,#13056,#13057);
#13055 = CARTESIAN_POINT('',(0.,0.,-9.));
#13056 = DIRECTION('',(0.,0.,1.));
#13057 = DIRECTION('',(1.,0.,0.));
#13058 = ADVANCED_FACE('',(#13059),#13078,.T.);
#13059 = FACE_BOUND('',#13060,.T.);
#13060 = EDGE_LOOP('',(#13061,#13070,#13076,#13077));
#13061 = ORIENTED_EDGE('',*,*,#13062,.F.);
#13062 = EDGE_CURVE('',#13063,#13063,#13065,.T.);
#13063 = VERTEX_POINT('',#13064);
#13064 = CARTESIAN_POINT('',(2.14,0.,0.));
#13065 = CIRCLE('',#13066,2.14);
#13066 = AXIS2_PLACEMENT_3D('',#13067,#13068,#13069);
#13067 = CARTESIAN_POINT('',(0.,0.,0.));
#13068 = DIRECTION('',(0.,0.,1.));
#13069 = DIRECTION('',(1.,0.,0.));
#13070 = ORIENTED_EDGE('',*,*,#13071,.T.);
#13071 = EDGE_CURVE('',#13063,#12999,#13072,.T.);
#13072 = LINE('',#13073,#13074);
#13073 = CARTESIAN_POINT('',(2.14,0.,0.));
#13074 = VECTOR('',#13075,1.);
#13075 = DIRECTION('',(-0.,-0.,-1.));
#13076 = ORIENTED_EDGE('',*,*,#12998,.T.);
#13077 = ORIENTED_EDGE('',*,*,#13071,.F.);
#13078 = CYLINDRICAL_SURFACE('',#13079,2.14);
#13079 = AXIS2_PLACEMENT_3D('',#13080,#13081,#13082);
#13080 = CARTESIAN_POINT('',(0.,0.,0.));
#13081 = DIRECTION('',(0.,0.,1.));
#13082 = DIRECTION('',(1.,0.,0.));
#13083 = ADVANCED_FACE('',(#13084),#13103,.F.);
#13084 = FACE_BOUND('',#13085,.T.);
#13085 = EDGE_LOOP('',(#13086,#13094,#13101,#13102));
#13086 = ORIENTED_EDGE('',*,*,#13087,.F.);
#13087 = EDGE_CURVE('',#13088,#13038,#13090,.T.);
#13088 = VERTEX_POINT('',#13089);
#13089 = CARTESIAN_POINT('',(1.75,0.,-0.2));
#13090 = LINE('',#13091,#13092);
#13091 = CARTESIAN_POINT('',(1.75,0.,0.));
#13092 = VECTOR('',#13093,1.);
#13093 = DIRECTION('',(-5.E-17,0.,-1.));
#13094 = ORIENTED_EDGE('',*,*,#13095,.T.);
#13095 = EDGE_CURVE('',#13088,#13088,#13096,.T.);
#13096 = CIRCLE('',#13097,1.75);
#13097 = AXIS2_PLACEMENT_3D('',#13098,#13099,#13100);
#13098 = CARTESIAN_POINT('',(0.,0.,-0.2));
#13099 = DIRECTION('',(0.,0.,1.));
#13100 = DIRECTION('',(1.,0.,0.));
#13101 = ORIENTED_EDGE('',*,*,#13087,.T.);
#13102 = ORIENTED_EDGE('',*,*,#13045,.F.);
#13103 = CYLINDRICAL_SURFACE('',#13104,1.75);
#13104 = AXIS2_PLACEMENT_3D('',#13105,#13106,#13107);
#13105 = CARTESIAN_POINT('',(0.,0.,0.));
#13106 = DIRECTION('',(-0.,-0.,-1.));
#13107 = DIRECTION('',(1.,0.,0.));
#13108 = ADVANCED_FACE('',(#13109,#13120),#13123,.T.);
#13109 = FACE_BOUND('',#13110,.T.);
#13110 = EDGE_LOOP('',(#13111));
#13111 = ORIENTED_EDGE('',*,*,#13112,.F.);
#13112 = EDGE_CURVE('',#13113,#13113,#13115,.T.);
#13113 = VERTEX_POINT('',#13114);
#13114 = CARTESIAN_POINT('',(1.95,0.,0.));
#13115 = CIRCLE('',#13116,1.95);
#13116 = AXIS2_PLACEMENT_3D('',#13117,#13118,#13119);
#13117 = CARTESIAN_POINT('',(0.,0.,0.));
#13118 = DIRECTION('',(0.,0.,1.));
#13119 = DIRECTION('',(1.,0.,0.));
#13120 = FACE_BOUND('',#13121,.T.);
#13121 = EDGE_LOOP('',(#13122));
#13122 = ORIENTED_EDGE('',*,*,#13062,.T.);
#13123 = PLANE('',#13124);
#13124 = AXIS2_PLACEMENT_3D('',#13125,#13126,#13127);
#13125 = CARTESIAN_POINT('',(-1.6E-16,7.E-17,0.));
#13126 = DIRECTION('',(0.,0.,1.));
#13127 = DIRECTION('',(1.,0.,0.));
#13128 = ADVANCED_FACE('',(#13129),#13140,.F.);
#13129 = FACE_BOUND('',#13130,.T.);
#13130 = EDGE_LOOP('',(#13131,#13137,#13138,#13139));
#13131 = ORIENTED_EDGE('',*,*,#13132,.F.);
#13132 = EDGE_CURVE('',#13113,#13088,#13133,.T.);
#13133 = LINE('',#13134,#13135);
#13134 = CARTESIAN_POINT('',(1.75,0.,-0.2));
#13135 = VECTOR('',#13136,1.);
#13136 = DIRECTION('',(-0.707106781187,-0.,-0.707106781187));
#13137 = ORIENTED_EDGE('',*,*,#13112,.T.);
#13138 = ORIENTED_EDGE('',*,*,#13132,.T.);
#13139 = ORIENTED_EDGE('',*,*,#13095,.F.);
#13140 = CONICAL_SURFACE('',#13141,1.75,0.785398163397);
#13141 = AXIS2_PLACEMENT_3D('',#13142,#13143,#13144);
#13142 = CARTESIAN_POINT('',(0.,0.,-0.2));
#13143 = DIRECTION('',(0.,0.,1.));
#13144 = DIRECTION('',(1.,0.,0.));
#13145 = ( GEOMETRIC_REPRESENTATION_CONTEXT(3) 
GLOBAL_UNCERTAINTY_ASSIGNED_CONTEXT((#13149)) 
GLOBAL_UNIT_ASSIGNED_CONTEXT((#13146,#13147,#13148)) 
REPRESENTATION_CONTEXT('Context #1',
  '3D Context with UNIT and UNCERTAINTY') );
#13146 = ( LENGTH_UNIT() NAMED_UNIT(*) SI_UNIT(.MILLI.,.METRE.) );
#13147 = ( NAMED_UNIT(*) PLANE_ANGLE_UNIT() SI_UNIT($,.RADIAN.) );
#13148 = ( NAMED_UNIT(*) SI_UNIT($,.STERADIAN.) SOLID_ANGLE_UNIT() );
#13149 = UNCERTAINTY_MEASURE_WITH_UNIT(LENGTH_MEASURE(1.E-07),#13146,
  'distance_accuracy_value','confusion accuracy');
#13150 = CONTEXT_DEPENDENT_SHAPE_REPRESENTATION(#13151,#13153);
#13151 = ( REPRESENTATION_RELATIONSHIP('','',#12295,#10) 
REPRESENTATION_RELATIONSHIP_WITH_TRANSFORMATION(#13152) 
SHAPE_REPRESENTATION_RELATIONSHIP() );
#13152 = ITEM_DEFINED_TRANSFORMATION('','',#11,#19);
#13153 = PRODUCT_DEFINITION_SHAPE('Placement','Placement of an item',
  #13154);
#13154 = NEXT_ASSEMBLY_USAGE_OCCURRENCE('2','female001','',#5,#12290,$);
#13155 = PRODUCT_RELATED_PRODUCT_CATEGORY('part',$,(#12292));
#13156 = SHAPE_DEFINITION_REPRESENTATION(#13157,#13163);
#13157 = PRODUCT_DEFINITION_SHAPE('','',#13158);
#13158 = PRODUCT_DEFINITION('design','',#13159,#13162);
#13159 = PRODUCT_DEFINITION_FORMATION('','',#13160);
#13160 = PRODUCT('female002','female002','',(#13161));
#13161 = PRODUCT_CONTEXT('',#2,'mechanical');
#13162 = PRODUCT_DEFINITION_CONTEXT('part definition',#2,'design');
#13163 = ADVANCED_BREP_SHAPE_REPRESENTATION('',(#11,#13164),#14013);
#13164 = MANIFOLD_SOLID_BREP('',#13165);
#13165 = CLOSED_SHELL('',(#13166,#13290,#13324,#13355,#13381,#13401,
    #13425,#13625,#13650,#13684,#13702,#13744,#13764,#13789,#13833,
    #13850,#13862,#13882,#13901,#13926,#13951,#13976,#13996));
#13166 = ADVANCED_FACE('',(#13167,#13228),#13285,.T.);
#13167 = FACE_BOUND('',#13168,.T.);
#13168 = EDGE_LOOP('',(#13169,#13180,#13188,#13197,#13205,#13212,#13213,
    #13222));
#13169 = ORIENTED_EDGE('',*,*,#13170,.T.);
#13170 = EDGE_CURVE('',#13171,#13173,#13175,.T.);
#13171 = VERTEX_POINT('',#13172);
#13172 = CARTESIAN_POINT('',(0.,2.14,-19.6));
#13173 = VERTEX_POINT('',#13174);
#13174 = CARTESIAN_POINT('',(0.,-2.14,-19.6));
#13175 = CIRCLE('',#13176,2.14);
#13176 = AXIS2_PLACEMENT_3D('',#13177,#13178,#13179);
#13177 = CARTESIAN_POINT('',(0.,0.,-19.6));
#13178 = DIRECTION('',(0.,-0.,1.));
#13179 = DIRECTION('',(6.E-17,1.,0.));
#13180 = ORIENTED_EDGE('',*,*,#13181,.T.);
#13181 = EDGE_CURVE('',#13173,#13182,#13184,.T.);
#13182 = VERTEX_POINT('',#13183);
#13183 = CARTESIAN_POINT('',(0.,-2.14,-16.8));
#13184 = LINE('',#13185,#13186);
#13185 = CARTESIAN_POINT('',(0.,-2.14,0.));
#13186 = VECTOR('',#13187,1.);
#13187 = DIRECTION('',(0.,0.,1.));
#13188 = ORIENTED_EDGE('',*,*,#13189,.T.);
#13189 = EDGE_CURVE('',#13182,#13190,#13192,.T.);
#13190 = VERTEX_POINT('',#13191);
#13191 = CARTESIAN_POINT('',(2.14,0.,-16.8));
#13192 = CIRCLE('',#13193,2.14);
#13193 = AXIS2_PLACEMENT_3D('',#13194,#13195,#13196);
#13194 = CARTESIAN_POINT('',(0.,0.,-16.8));
#13195 = DIRECTION('',(0.,0.,1.));
#13196 = DIRECTION('',(1.,0.,0.));
#13197 = ORIENTED_EDGE('',*,*,#13198,.F.);
#13198 = EDGE_CURVE('',#13199,#13190,#13201,.T.);
#13199 = VERTEX_POINT('',#13200);
#13200 = CARTESIAN_POINT('',(2.14,0.,-11.688));
#13201 = LINE('',#13202,#13203);
#13202 = CARTESIAN_POINT('',(2.14,0.,0.));
#13203 = VECTOR('',#13204,1.);
#13204 = DIRECTION('',(-0.,-0.,-1.));
#13205 = ORIENTED_EDGE('',*,*,#13206,.F.);
#13206 = EDGE_CURVE('',#13199,#13199,#13207,.T.);
#13207 = CIRCLE('',#13208,2.14);
#13208 = AXIS2_PLACEMENT_3D('',#13209,#13210,#13211);
#13209 = CARTESIAN_POINT('',(0.,0.,-11.688));
#13210 = DIRECTION('',(0.,0.,1.));
#13211 = DIRECTION('',(1.,0.,0.));
#13212 = ORIENTED_EDGE('',*,*,#13198,.T.);
#13213 = ORIENTED_EDGE('',*,*,#13214,.T.);
#13214 = EDGE_CURVE('',#13190,#13215,#13217,.T.);
#13215 = VERTEX_POINT('',#13216);
#13216 = CARTESIAN_POINT('',(0.,2.14,-16.8));
#13217 = CIRCLE('',#13218,2.14);
#13218 = AXIS2_PLACEMENT_3D('',#13219,#13220,#13221);
#13219 = CARTESIAN_POINT('',(0.,0.,-16.8));
#13220 = DIRECTION('',(0.,0.,1.));
#13221 = DIRECTION('',(1.,0.,0.));
#13222 = ORIENTED_EDGE('',*,*,#13223,.F.);
#13223 = EDGE_CURVE('',#13171,#13215,#13224,.T.);
#13224 = LINE('',#13225,#13226);
#13225 = CARTESIAN_POINT('',(0.,2.14,0.));
#13226 = VECTOR('',#13227,1.);
#13227 = DIRECTION('',(0.,0.,1.));
#13228 = FACE_BOUND('',#13229,.T.);
#13229 = EDGE_LOOP('',(#13230));
#13230 = ORIENTED_EDGE('',*,*,#13231,.T.);
#13231 = EDGE_CURVE('',#13232,#13232,#13234,.T.);
#13232 = VERTEX_POINT('',#13233);
#13233 = CARTESIAN_POINT('',(-2.057128111043,0.589766,-13.96902913336));
#13234 = B_SPLINE_CURVE_WITH_KNOTS('',7,(#13235,#13236,#13237,#13238,
    #13239,#13240,#13241,#13242,#13243,#13244,#13245,#13246,#13247,
    #13248,#13249,#13250,#13251,#13252,#13253,#13254,#13255,#13256,
    #13257,#13258,#13259,#13260,#13261,#13262,#13263,#13264,#13265,
    #13266,#13267,#13268,#13269,#13270,#13271,#13272,#13273,#13274,
    #13275,#13276,#13277,#13278,#13279,#13280,#13281,#13282,#13283,
    #13284),.UNSPECIFIED.,.T.,.F.,(8,6,6,6,6,6,6,6,8),(0.,0.158346658242
    ,0.249800763002,0.376213648692,0.499858319884,0.623503723922,
    0.749957863947,0.841505208042,1.),.UNSPECIFIED.);
#13235 = CARTESIAN_POINT('',(-2.057128111043,0.589766,-13.96902913336));
#13236 = CARTESIAN_POINT('',(-2.057128111043,0.589766,-13.88853535751));
#13237 = CARTESIAN_POINT('',(-2.060802798675,0.576948798991,
    -13.80799186634));
#13238 = CARTESIAN_POINT('',(-2.068159606039,0.551286287905,
    -13.72957216709));
#13239 = CARTESIAN_POINT('',(-2.078573318689,0.513069782956,
    -13.65545841049));
#13240 = CARTESIAN_POINT('',(-2.09076094793,0.462919725155,
    -13.58788095098));
#13241 = CARTESIAN_POINT('',(-2.103132428113,0.401882907663,
    -13.52907889262));
#13242 = CARTESIAN_POINT('',(-2.120542770137,0.290846227692,
    -13.45361844284));
#13243 = CARTESIAN_POINT('',(-2.126479208343,0.24702682177,
    -13.42961678249));
#13244 = CARTESIAN_POINT('',(-2.131652586221,0.200519333554,
    -13.40981278142));
#13245 = CARTESIAN_POINT('',(-2.135762122271,0.151904711479,
    -13.39464046554));
#13246 = CARTESIAN_POINT('',(-2.13858411654,0.101826652,-13.38440077181)
  );
#13247 = CARTESIAN_POINT('',(-2.14,5.096201940944E-02,-13.37926313336));
#13248 = CARTESIAN_POINT('',(-2.14,-7.044250174488E-02,-13.37926313336)
  );
#13249 = CARTESIAN_POINT('',(-2.137294708924,-0.140574916083,
    -13.38907914724));
#13250 = CARTESIAN_POINT('',(-2.131927510845,-0.20861228296,
    -13.40855584321));
#13251 = CARTESIAN_POINT('',(-2.124328943988,-0.27285671023,
    -13.43707488413));
#13252 = CARTESIAN_POINT('',(-2.115284448755,-0.331839862842,
    -13.47362127656));
#13253 = CARTESIAN_POINT('',(-2.105699017103,-0.384431947286,
    -13.51686569804));
#13254 = CARTESIAN_POINT('',(-2.087245664542,-0.474413749373,
    -13.61268658486));
#13255 = CARTESIAN_POINT('',(-2.078327015701,-0.512305734548,
    -13.66524546117));
#13256 = CARTESIAN_POINT('',(-2.070312562064,-0.543073496146,
    -13.72192194738));
#13257 = CARTESIAN_POINT('',(-2.063837300273,-0.566365649385,
    -13.78166508754));
#13258 = CARTESIAN_POINT('',(-2.059364399055,-0.581965069275,
    -13.84344079943));
#13259 = CARTESIAN_POINT('',(-2.057128111043,-0.589766,-13.9062315572));
#13260 = CARTESIAN_POINT('',(-2.057128111043,-0.589766,-14.03182708171)
  );
#13261 = CARTESIAN_POINT('',(-2.059364426558,-0.581964978146,
    -14.09461757353));
#13262 = CARTESIAN_POINT('',(-2.063837289733,-0.566365657786,
    -14.15639303661));
#13263 = CARTESIAN_POINT('',(-2.070312545319,-0.543073578361,
    -14.21613634946));
#13264 = CARTESIAN_POINT('',(-2.078327070796,-0.512305581468,
    -14.27281327253));
#13265 = CARTESIAN_POINT('',(-2.087245778345,-0.47441319445,
    -14.32537227278));
#13266 = CARTESIAN_POINT('',(-2.105701889827,-0.384417939376,
    -14.42120748558));
#13267 = CARTESIAN_POINT('',(-2.115285252227,-0.331832636337,
    -14.46443682416));
#13268 = CARTESIAN_POINT('',(-2.1243254899,-0.272870175285,
    -14.50097020416));
#13269 = CARTESIAN_POINT('',(-2.131926014623,-0.208634883579,
    -14.52949803824));
#13270 = CARTESIAN_POINT('',(-2.137297652161,-0.140571091651,
    -14.54898956655));
#13271 = CARTESIAN_POINT('',(-2.14,-7.040497565081E-02,-14.55879513336)
  );
#13272 = CARTESIAN_POINT('',(-2.14,5.097016618515E-02,-14.55879513336));
#13273 = CARTESIAN_POINT('',(-2.138583662815,0.101835945077,
    -14.55365584825));
#13274 = CARTESIAN_POINT('',(-2.135761468635,0.15191059842,-14.543415424
    ));
#13275 = CARTESIAN_POINT('',(-2.131652277348,0.200520126124,
    -14.52824420566));
#13276 = CARTESIAN_POINT('',(-2.126479534897,0.24702359692,
    -14.50844255827));
#13277 = CARTESIAN_POINT('',(-2.120543387161,0.290842292543,
    -14.4844424982));
#13278 = CARTESIAN_POINT('',(-2.103132286167,0.401883812943,
    -14.40897875886));
#13279 = CARTESIAN_POINT('',(-2.090760754969,0.462920492909,
    -14.35017634781));
#13280 = CARTESIAN_POINT('',(-2.078573286586,0.513069668956,
    -14.28259935467));
#13281 = CARTESIAN_POINT('',(-2.068159829133,0.551285532764,
    -14.20848689337));
#13282 = CARTESIAN_POINT('',(-2.06080295387,0.576948252196,
    -14.13006829123));
#13283 = CARTESIAN_POINT('',(-2.057128111043,0.589766,-14.04952462634));
#13284 = CARTESIAN_POINT('',(-2.057128111043,0.589766,-13.96902913336));
#13285 = CYLINDRICAL_SURFACE('',#13286,2.14);
#13286 = AXIS2_PLACEMENT_3D('',#13287,#13288,#13289);
#13287 = CARTESIAN_POINT('',(0.,0.,0.));
#13288 = DIRECTION('',(0.,0.,1.));
#13289 = DIRECTION('',(1.,0.,0.));
#13290 = ADVANCED_FACE('',(#13291),#13319,.T.);
#13291 = FACE_BOUND('',#13292,.F.);
#13292 = EDGE_LOOP('',(#13293,#13302,#13303,#13312));
#13293 = ORIENTED_EDGE('',*,*,#13294,.T.);
#13294 = EDGE_CURVE('',#13295,#13171,#13297,.T.);
#13295 = VERTEX_POINT('',#13296);
#13296 = CARTESIAN_POINT('',(-0.2,1.929663183045,-19.8));
#13297 = PARABOLA('',#13298,0.75660425587);
#13298 = AXIS2_PLACEMENT_3D('',#13299,#13300,#13301);
#13299 = CARTESIAN_POINT('',(-1.07,0.,-20.67));
#13300 = DIRECTION('',(-0.707106781187,0.,0.707106781187));
#13301 = DIRECTION('',(0.707106781187,0.,0.707106781187));
#13302 = ORIENTED_EDGE('',*,*,#13170,.T.);
#13303 = ORIENTED_EDGE('',*,*,#13304,.T.);
#13304 = EDGE_CURVE('',#13173,#13305,#13307,.T.);
#13305 = VERTEX_POINT('',#13306);
#13306 = CARTESIAN_POINT('',(-0.2,-1.929663183045,-19.8));
#13307 = PARABOLA('',#13308,0.75660425587);
#13308 = AXIS2_PLACEMENT_3D('',#13309,#13310,#13311);
#13309 = CARTESIAN_POINT('',(-1.07,0.,-20.67));
#13310 = DIRECTION('',(-0.707106781187,0.,0.707106781187));
#13311 = DIRECTION('',(0.707106781187,0.,0.707106781187));
#13312 = ORIENTED_EDGE('',*,*,#13313,.F.);
#13313 = EDGE_CURVE('',#13295,#13305,#13314,.T.);
#13314 = CIRCLE('',#13315,1.94);
#13315 = AXIS2_PLACEMENT_3D('',#13316,#13317,#13318);
#13316 = CARTESIAN_POINT('',(0.,0.,-19.8));
#13317 = DIRECTION('',(0.,-0.,1.));
#13318 = DIRECTION('',(6.E-17,1.,0.));
#13319 = CONICAL_SURFACE('',#13320,2.14,0.785398163397);
#13320 = AXIS2_PLACEMENT_3D('',#13321,#13322,#13323);
#13321 = CARTESIAN_POINT('',(0.,0.,-19.6));
#13322 = DIRECTION('',(0.,0.,1.));
#13323 = DIRECTION('',(6.E-17,1.,0.));
#13324 = ADVANCED_FACE('',(#13325),#13350,.F.);
#13325 = FACE_BOUND('',#13326,.F.);
#13326 = EDGE_LOOP('',(#13327,#13337,#13343,#13344));
#13327 = ORIENTED_EDGE('',*,*,#13328,.T.);
#13328 = EDGE_CURVE('',#13329,#13331,#13333,.T.);
#13329 = VERTEX_POINT('',#13330);
#13330 = CARTESIAN_POINT('',(0.,1.4,-19.6));
#13331 = VERTEX_POINT('',#13332);
#13332 = CARTESIAN_POINT('',(1.3E-14,1.4,-16.8));
#13333 = LINE('',#13334,#13335);
#13334 = CARTESIAN_POINT('',(0.,1.4,-19.8));
#13335 = VECTOR('',#13336,1.);
#13336 = DIRECTION('',(0.,0.,1.));
#13337 = ORIENTED_EDGE('',*,*,#13338,.T.);
#13338 = EDGE_CURVE('',#13331,#13215,#13339,.T.);
#13339 = LINE('',#13340,#13341);
#13340 = CARTESIAN_POINT('',(0.,-2.5,-16.8));
#13341 = VECTOR('',#13342,1.);
#13342 = DIRECTION('',(0.,1.,-2.2E-16));
#13343 = ORIENTED_EDGE('',*,*,#13223,.F.);
#13344 = ORIENTED_EDGE('',*,*,#13345,.T.);
#13345 = EDGE_CURVE('',#13171,#13329,#13346,.T.);
#13346 = LINE('',#13347,#13348);
#13347 = CARTESIAN_POINT('',(0.,2.14,-19.6));
#13348 = VECTOR('',#13349,1.);
#13349 = DIRECTION('',(0.,-1.,0.));
#13350 = PLANE('',#13351);
#13351 = AXIS2_PLACEMENT_3D('',#13352,#13353,#13354);
#13352 = CARTESIAN_POINT('',(0.,-2.5,-16.8));
#13353 = DIRECTION('',(-1.,0.,0.));
#13354 = DIRECTION('',(-0.,-2.2E-16,-1.));
#13355 = ADVANCED_FACE('',(#13356),#13376,.F.);
#13356 = FACE_BOUND('',#13357,.F.);
#13357 = EDGE_LOOP('',(#13358,#13366,#13367,#13368,#13369));
#13358 = ORIENTED_EDGE('',*,*,#13359,.F.);
#13359 = EDGE_CURVE('',#13182,#13360,#13362,.T.);
#13360 = VERTEX_POINT('',#13361);
#13361 = CARTESIAN_POINT('',(1.3E-14,-1.4,-16.8));
#13362 = LINE('',#13363,#13364);
#13363 = CARTESIAN_POINT('',(0.,-2.5,-16.8));
#13364 = VECTOR('',#13365,1.);
#13365 = DIRECTION('',(0.,1.,-2.2E-16));
#13366 = ORIENTED_EDGE('',*,*,#13189,.T.);
#13367 = ORIENTED_EDGE('',*,*,#13214,.T.);
#13368 = ORIENTED_EDGE('',*,*,#13338,.F.);
#13369 = ORIENTED_EDGE('',*,*,#13370,.T.);
#13370 = EDGE_CURVE('',#13331,#13360,#13371,.T.);
#13371 = CIRCLE('',#13372,1.4);
#13372 = AXIS2_PLACEMENT_3D('',#13373,#13374,#13375);
#13373 = CARTESIAN_POINT('',(0.,0.,-16.8));
#13374 = DIRECTION('',(0.,0.,-1.));
#13375 = DIRECTION('',(-1.,0.,0.));
#13376 = PLANE('',#13377);
#13377 = AXIS2_PLACEMENT_3D('',#13378,#13379,#13380);
#13378 = CARTESIAN_POINT('',(4.494711,-2.5,-16.8));
#13379 = DIRECTION('',(0.,2.2E-16,1.));
#13380 = DIRECTION('',(-1.,0.,0.));
#13381 = ADVANCED_FACE('',(#13382,#13385),#13396,.T.);
#13382 = FACE_BOUND('',#13383,.F.);
#13383 = EDGE_LOOP('',(#13384));
#13384 = ORIENTED_EDGE('',*,*,#13206,.F.);
#13385 = FACE_BOUND('',#13386,.F.);
#13386 = EDGE_LOOP('',(#13387));
#13387 = ORIENTED_EDGE('',*,*,#13388,.T.);
#13388 = EDGE_CURVE('',#13389,#13389,#13391,.T.);
#13389 = VERTEX_POINT('',#13390);
#13390 = CARTESIAN_POINT('',(1.90041,0.,-11.688));
#13391 = CIRCLE('',#13392,1.90041);
#13392 = AXIS2_PLACEMENT_3D('',#13393,#13394,#13395);
#13393 = CARTESIAN_POINT('',(0.,-2.6E-15,-11.688));
#13394 = DIRECTION('',(-0.,2.2E-16,1.));
#13395 = DIRECTION('',(1.,0.,0.));
#13396 = PLANE('',#13397);
#13397 = AXIS2_PLACEMENT_3D('',#13398,#13399,#13400);
#13398 = CARTESIAN_POINT('',(0.,-2.6E-15,-11.688));
#13399 = DIRECTION('',(0.,2.2E-16,1.));
#13400 = DIRECTION('',(1.,0.,0.));
#13401 = ADVANCED_FACE('',(#13402),#13420,.F.);
#13402 = FACE_BOUND('',#13403,.F.);
#13403 = EDGE_LOOP('',(#13404,#13405,#13406,#13414));
#13404 = ORIENTED_EDGE('',*,*,#13181,.T.);
#13405 = ORIENTED_EDGE('',*,*,#13359,.T.);
#13406 = ORIENTED_EDGE('',*,*,#13407,.F.);
#13407 = EDGE_CURVE('',#13408,#13360,#13410,.T.);
#13408 = VERTEX_POINT('',#13409);
#13409 = CARTESIAN_POINT('',(0.,-1.4,-19.6));
#13410 = LINE('',#13411,#13412);
#13411 = CARTESIAN_POINT('',(0.,-1.4,-19.8));
#13412 = VECTOR('',#13413,1.);
#13413 = DIRECTION('',(0.,0.,1.));
#13414 = ORIENTED_EDGE('',*,*,#13415,.T.);
#13415 = EDGE_CURVE('',#13408,#13173,#13416,.T.);
#13416 = LINE('',#13417,#13418);
#13417 = CARTESIAN_POINT('',(0.,-1.4,-19.6));
#13418 = VECTOR('',#13419,1.);
#13419 = DIRECTION('',(0.,-1.,0.));
#13420 = PLANE('',#13421);
#13421 = AXIS2_PLACEMENT_3D('',#13422,#13423,#13424);
#13422 = CARTESIAN_POINT('',(0.,-2.5,-16.8));
#13423 = DIRECTION('',(-1.,0.,0.));
#13424 = DIRECTION('',(-0.,-2.2E-16,-1.));
#13425 = ADVANCED_FACE('',(#13426),#13620,.F.);
#13426 = FACE_BOUND('',#13427,.F.);
#13427 = EDGE_LOOP('',(#13428,#13522,#13528,#13529,#13530));
#13428 = ORIENTED_EDGE('',*,*,#13429,.F.);
#13429 = EDGE_CURVE('',#13430,#13432,#13434,.T.);
#13430 = VERTEX_POINT('',#13431);
#13431 = CARTESIAN_POINT('',(-1.269714954328,0.589766,-13.96902913336));
#13432 = VERTEX_POINT('',#13433);
#13433 = CARTESIAN_POINT('',(-1.4,0.,-14.55879513336));
#13434 = B_SPLINE_CURVE_WITH_KNOTS('',6,(#13435,#13436,#13437,#13438,
    #13439,#13440,#13441,#13442,#13443,#13444,#13445,#13446,#13447,
    #13448,#13449,#13450,#13451,#13452,#13453,#13454,#13455,#13456,
    #13457,#13458,#13459,#13460,#13461,#13462,#13463,#13464,#13465,
    #13466,#13467,#13468,#13469,#13470,#13471,#13472,#13473,#13474,
    #13475,#13476,#13477,#13478,#13479,#13480,#13481,#13482,#13483,
    #13484,#13485,#13486,#13487,#13488,#13489,#13490,#13491,#13492,
    #13493,#13494,#13495,#13496,#13497,#13498,#13499,#13500,#13501,
    #13502,#13503,#13504,#13505,#13506,#13507,#13508,#13509,#13510,
    #13511,#13512,#13513,#13514,#13515,#13516,#13517,#13518,#13519,
    #13520,#13521),.UNSPECIFIED.,.T.,.F.,(7,5,5,5,5,5,5,5,5,5,5,5,5,5,5,
    5,5,7),(0.,9.892143385553E-02,0.152823869987,0.203327545009,
    0.24962041641,0.321335696014,0.347087959377,0.40033435626,
    0.448594179835,0.499450832888,0.598610244736,0.652642355429,
    0.703267528519,0.749671767944,0.821559574953,0.847373791238,
    0.900748284431,1.),.UNSPECIFIED.);
#13435 = CARTESIAN_POINT('',(-1.269714954328,0.589766,-13.96902913336));
#13436 = CARTESIAN_POINT('',(-1.269714954328,0.589766,-13.90891481197));
#13437 = CARTESIAN_POINT('',(-1.273130017503,0.582413189818,
    -13.84894899021));
#13438 = CARTESIAN_POINT('',(-1.279930166166,0.56777530943,
    -13.79011249794));
#13439 = CARTESIAN_POINT('',(-1.289638409604,0.54603298702,
    -13.73339407516));
#13440 = CARTESIAN_POINT('',(-1.301356199276,0.517523700882,
    -13.67984727237));
#13441 = CARTESIAN_POINT('',(-1.32099976992,0.464072237098,
    -13.60359843712));
#13442 = CARTESIAN_POINT('',(-1.3282366163,0.443377919554,
    -13.57790157993));
#13443 = CARTESIAN_POINT('',(-1.335626525623,0.420920850517,
    -13.55354709246));
#13444 = CARTESIAN_POINT('',(-1.343006508106,0.396790301841,
    -13.53067601247));
#13445 = CARTESIAN_POINT('',(-1.35021441379,0.371087668959,
    -13.50942533763));
#13446 = CARTESIAN_POINT('',(-1.363546490197,0.318480947697,
    -13.4716609828));
#13447 = CARTESIAN_POINT('',(-1.369712512106,0.291746320254,
    -13.45492698944));
#13448 = CARTESIAN_POINT('',(-1.375462640159,0.263842555588,
    -13.43985596645));
#13449 = CARTESIAN_POINT('',(-1.380674726361,0.234901238284,-13.42656029
    ));
#13450 = CARTESIAN_POINT('',(-1.385243134725,0.205064543775,
    -13.41513615308));
#13451 = CARTESIAN_POINT('',(-1.39260562969,0.146450528605,-13.396982498
    ));
#13452 = CARTESIAN_POINT('',(-1.395515120033,0.117798509513,
    -13.38994288598));
#13453 = CARTESIAN_POINT('',(-1.397745057074,8.867246071221E-02,
    -13.38461571959));
#13454 = CARTESIAN_POINT('',(-1.399248239787,5.922598167238E-02,
    -13.38104781918));
#13455 = CARTESIAN_POINT('',(-1.4,2.961626944846E-02,-13.37926313336));
#13456 = CARTESIAN_POINT('',(-1.4,-4.588047749108E-02,-13.37926313336));
#13457 = CARTESIAN_POINT('',(-1.398195667954,-9.171011713219E-02,
    -13.383546225));
#13458 = CARTESIAN_POINT('',(-1.394594709371,-0.13693065925,
    -13.39209460307));
#13459 = CARTESIAN_POINT('',(-1.389332824862,-0.180989235383,
    -13.40477645299));
#13460 = CARTESIAN_POINT('',(-1.382673957214,-0.223359130186,
    -13.42134730464));
#13461 = CARTESIAN_POINT('',(-1.372197069416,-0.27801329076,
    -13.44865127785));
#13462 = CARTESIAN_POINT('',(-1.369291845906,-0.292184201664,
    -13.45632347333));
#13463 = CARTESIAN_POINT('',(-1.366264650701,-0.306067749143,
    -13.46443961696));
#13464 = CARTESIAN_POINT('',(-1.363131244469,-0.319647530991,
    -13.47298521192));
#13465 = CARTESIAN_POINT('',(-1.359908034362,-0.332908637344,
    -13.48194542725));
#13466 = CARTESIAN_POINT('',(-1.349797216233,-0.372570189305,
    -13.51065752237));
#13467 = CARTESIAN_POINT('',(-1.342672707364,-0.397876739626,
    -13.53171352647));
#13468 = CARTESIAN_POINT('',(-1.335385920849,-0.4216471061,
    -13.55434453807));
#13469 = CARTESIAN_POINT('',(-1.328092924717,-0.443784080817,
    -13.57841865571));
#13470 = CARTESIAN_POINT('',(-1.320950488284,-0.46420194132,
    -13.60380021213));
#13471 = CARTESIAN_POINT('',(-1.307906486314,-0.499703894058,
    -13.65441211377));
#13472 = CARTESIAN_POINT('',(-1.301948923315,-0.515114894073,
    -13.67944322944));
#13473 = CARTESIAN_POINT('',(-1.296348373123,-0.528995851633,
    -13.7053342681));
#13474 = CARTESIAN_POINT('',(-1.291211019312,-0.541296734422,
    -13.73197697731));
#13475 = CARTESIAN_POINT('',(-1.286630802327,-0.551976621731,
    -13.7592639543));
#13476 = CARTESIAN_POINT('',(-1.278524753122,-0.570510463826,
    -13.81641197375));
#13477 = CARTESIAN_POINT('',(-1.27506872521,-0.578181627515,
    -13.84633312504));
#13478 = CARTESIAN_POINT('',(-1.272409473652,-0.583965508178,
    -13.87670366231));
#13479 = CARTESIAN_POINT('',(-1.270613194614,-0.587831852152,
    -13.90737445148));
#13480 = CARTESIAN_POINT('',(-1.269714954328,-0.589766,-13.93819783727)
  );
#13481 = CARTESIAN_POINT('',(-1.269714954328,-0.589766,-14.02914345474)
  );
#13482 = CARTESIAN_POINT('',(-1.273130017503,-0.582413189818,
    -14.08910927651));
#13483 = CARTESIAN_POINT('',(-1.279930166166,-0.56777530943,
    -14.14794576877));
#13484 = CARTESIAN_POINT('',(-1.289638409604,-0.54603298702,
    -14.20466419155));
#13485 = CARTESIAN_POINT('',(-1.301356199276,-0.517523700882,
    -14.25821099435));
#13486 = CARTESIAN_POINT('',(-1.32099976992,-0.464072237098,
    -14.33445982959));
#13487 = CARTESIAN_POINT('',(-1.3282366163,-0.443377919554,
    -14.36015668679));
#13488 = CARTESIAN_POINT('',(-1.335626525623,-0.420920850517,
    -14.38451117425));
#13489 = CARTESIAN_POINT('',(-1.343006508106,-0.396790301841,
    -14.40738225424));
#13490 = CARTESIAN_POINT('',(-1.35021441379,-0.371087668959,
    -14.42863292909));
#13491 = CARTESIAN_POINT('',(-1.363546490197,-0.318480947697,
    -14.46639728392));
#13492 = CARTESIAN_POINT('',(-1.369712512106,-0.291746320254,
    -14.48313127727));
#13493 = CARTESIAN_POINT('',(-1.375462640159,-0.263842555588,
    -14.49820230027));
#13494 = CARTESIAN_POINT('',(-1.380674726361,-0.234901238284,
    -14.51149797671));
#13495 = CARTESIAN_POINT('',(-1.385243134725,-0.205064543775,
    -14.52292211363));
#13496 = CARTESIAN_POINT('',(-1.39260562969,-0.146450528605,
    -14.54107576872));
#13497 = CARTESIAN_POINT('',(-1.395515120033,-0.117798509513,
    -14.54811538073));
#13498 = CARTESIAN_POINT('',(-1.397745057074,-8.867246071221E-02,
    -14.55344254713));
#13499 = CARTESIAN_POINT('',(-1.399248239787,-5.922598167239E-02,
    -14.55701044754));
#13500 = CARTESIAN_POINT('',(-1.4,-2.961626944845E-02,-14.55879513336));
#13501 = CARTESIAN_POINT('',(-1.4,4.588047749111E-02,-14.55879513336));
#13502 = CARTESIAN_POINT('',(-1.398195667954,9.171011713232E-02,
    -14.55451204172));
#13503 = CARTESIAN_POINT('',(-1.394594709371,0.136930659249,
    -14.54596366364));
#13504 = CARTESIAN_POINT('',(-1.389332824862,0.180989235383,
    -14.53328181372));
#13505 = CARTESIAN_POINT('',(-1.382673957214,0.223359130186,
    -14.51671096207));
#13506 = CARTESIAN_POINT('',(-1.372197069416,0.27801329076,
    -14.48940698886));
#13507 = CARTESIAN_POINT('',(-1.369291845906,0.292184201664,
    -14.48173479338));
#13508 = CARTESIAN_POINT('',(-1.366264650701,0.306067749143,
    -14.47361864975));
#13509 = CARTESIAN_POINT('',(-1.363131244469,0.319647530991,
    -14.46507305479));
#13510 = CARTESIAN_POINT('',(-1.359908034362,0.332908637344,
    -14.45611283947));
#13511 = CARTESIAN_POINT('',(-1.349797216233,0.372570189305,
    -14.42740074434));
#13512 = CARTESIAN_POINT('',(-1.342672707364,0.397876739626,
    -14.40634474024));
#13513 = CARTESIAN_POINT('',(-1.335385920849,0.4216471061,
    -14.38371372865));
#13514 = CARTESIAN_POINT('',(-1.328092924717,0.443784080817,
    -14.359639611));
#13515 = CARTESIAN_POINT('',(-1.320950488284,0.46420194132,
    -14.33425805458));
#13516 = CARTESIAN_POINT('',(-1.301384410507,0.51745507407,
    -14.25833991181));
#13517 = CARTESIAN_POINT('',(-1.289657097381,0.54599112571,
    -14.20477337473));
#13518 = CARTESIAN_POINT('',(-1.279939992367,0.567754160874,
    -14.14803072373));
#13519 = CARTESIAN_POINT('',(-1.273133311066,0.582406097571,
    -14.08916703749));
#13520 = CARTESIAN_POINT('',(-1.269714954328,0.589766,-14.02917244012));
#13521 = CARTESIAN_POINT('',(-1.269714954328,0.589766,-13.96902913336));
#13522 = ORIENTED_EDGE('',*,*,#13523,.T.);
#13523 = EDGE_CURVE('',#13430,#13232,#13524,.T.);
#13524 = LINE('',#13525,#13526);
#13525 = CARTESIAN_POINT('',(0.,0.589766,-13.96902913336));
#13526 = VECTOR('',#13527,1.);
#13527 = DIRECTION('',(-1.,-0.,-0.));
#13528 = ORIENTED_EDGE('',*,*,#13231,.T.);
#13529 = ORIENTED_EDGE('',*,*,#13523,.F.);
#13530 = ORIENTED_EDGE('',*,*,#13531,.F.);
#13531 = EDGE_CURVE('',#13432,#13430,#13532,.T.);
#13532 = B_SPLINE_CURVE_WITH_KNOTS('',6,(#13533,#13534,#13535,#13536,
    #13537,#13538,#13539,#13540,#13541,#13542,#13543,#13544,#13545,
    #13546,#13547,#13548,#13549,#13550,#13551,#13552,#13553,#13554,
    #13555,#13556,#13557,#13558,#13559,#13560,#13561,#13562,#13563,
    #13564,#13565,#13566,#13567,#13568,#13569,#13570,#13571,#13572,
    #13573,#13574,#13575,#13576,#13577,#13578,#13579,#13580,#13581,
    #13582,#13583,#13584,#13585,#13586,#13587,#13588,#13589,#13590,
    #13591,#13592,#13593,#13594,#13595,#13596,#13597,#13598,#13599,
    #13600,#13601,#13602,#13603,#13604,#13605,#13606,#13607,#13608,
    #13609,#13610,#13611,#13612,#13613,#13614,#13615,#13616,#13617,
    #13618,#13619),.UNSPECIFIED.,.T.,.F.,(7,5,5,5,5,5,5,5,5,5,5,5,5,5,5,
    5,5,7),(0.,9.892143385553E-02,0.152823869987,0.203327545009,
    0.24962041641,0.321335696014,0.347087959377,0.40033435626,
    0.448594179835,0.499450832888,0.598610244736,0.652642355429,
    0.703267528519,0.749671767944,0.821559574953,0.847373791238,
    0.900748284431,1.),.UNSPECIFIED.);
#13533 = CARTESIAN_POINT('',(-1.269714954328,0.589766,-13.96902913336));
#13534 = CARTESIAN_POINT('',(-1.269714954328,0.589766,-13.90891481197));
#13535 = CARTESIAN_POINT('',(-1.273130017503,0.582413189818,
    -13.84894899021));
#13536 = CARTESIAN_POINT('',(-1.279930166166,0.56777530943,
    -13.79011249794));
#13537 = CARTESIAN_POINT('',(-1.289638409604,0.54603298702,
    -13.73339407516));
#13538 = CARTESIAN_POINT('',(-1.301356199276,0.517523700882,
    -13.67984727237));
#13539 = CARTESIAN_POINT('',(-1.32099976992,0.464072237098,
    -13.60359843712));
#13540 = CARTESIAN_POINT('',(-1.3282366163,0.443377919554,
    -13.57790157993));
#13541 = CARTESIAN_POINT('',(-1.335626525623,0.420920850517,
    -13.55354709246));
#13542 = CARTESIAN_POINT('',(-1.343006508106,0.396790301841,
    -13.53067601247));
#13543 = CARTESIAN_POINT('',(-1.35021441379,0.371087668959,
    -13.50942533763));
#13544 = CARTESIAN_POINT('',(-1.363546490197,0.318480947697,
    -13.4716609828));
#13545 = CARTESIAN_POINT('',(-1.369712512106,0.291746320254,
    -13.45492698944));
#13546 = CARTESIAN_POINT('',(-1.375462640159,0.263842555588,
    -13.43985596645));
#13547 = CARTESIAN_POINT('',(-1.380674726361,0.234901238284,-13.42656029
    ));
#13548 = CARTESIAN_POINT('',(-1.385243134725,0.205064543775,
    -13.41513615308));
#13549 = CARTESIAN_POINT('',(-1.39260562969,0.146450528605,-13.396982498
    ));
#13550 = CARTESIAN_POINT('',(-1.395515120033,0.117798509513,
    -13.38994288598));
#13551 = CARTESIAN_POINT('',(-1.397745057074,8.867246071221E-02,
    -13.38461571959));
#13552 = CARTESIAN_POINT('',(-1.399248239787,5.922598167238E-02,
    -13.38104781918));
#13553 = CARTESIAN_POINT('',(-1.4,2.961626944846E-02,-13.37926313336));
#13554 = CARTESIAN_POINT('',(-1.4,-4.588047749108E-02,-13.37926313336));
#13555 = CARTESIAN_POINT('',(-1.398195667954,-9.171011713219E-02,
    -13.383546225));
#13556 = CARTESIAN_POINT('',(-1.394594709371,-0.13693065925,
    -13.39209460307));
#13557 = CARTESIAN_POINT('',(-1.389332824862,-0.180989235383,
    -13.40477645299));
#13558 = CARTESIAN_POINT('',(-1.382673957214,-0.223359130186,
    -13.42134730464));
#13559 = CARTESIAN_POINT('',(-1.372197069416,-0.27801329076,
    -13.44865127785));
#13560 = CARTESIAN_POINT('',(-1.369291845906,-0.292184201664,
    -13.45632347333));
#13561 = CARTESIAN_POINT('',(-1.366264650701,-0.306067749143,
    -13.46443961696));
#13562 = CARTESIAN_POINT('',(-1.363131244469,-0.319647530991,
    -13.47298521192));
#13563 = CARTESIAN_POINT('',(-1.359908034362,-0.332908637344,
    -13.48194542725));
#13564 = CARTESIAN_POINT('',(-1.349797216233,-0.372570189305,
    -13.51065752237));
#13565 = CARTESIAN_POINT('',(-1.342672707364,-0.397876739626,
    -13.53171352647));
#13566 = CARTESIAN_POINT('',(-1.335385920849,-0.4216471061,
    -13.55434453807));
#13567 = CARTESIAN_POINT('',(-1.328092924717,-0.443784080817,
    -13.57841865571));
#13568 = CARTESIAN_POINT('',(-1.320950488284,-0.46420194132,
    -13.60380021213));
#13569 = CARTESIAN_POINT('',(-1.307906486314,-0.499703894058,
    -13.65441211377));
#13570 = CARTESIAN_POINT('',(-1.301948923315,-0.515114894073,
    -13.67944322944));
#13571 = CARTESIAN_POINT('',(-1.296348373123,-0.528995851633,
    -13.7053342681));
#13572 = CARTESIAN_POINT('',(-1.291211019312,-0.541296734422,
    -13.73197697731));
#13573 = CARTESIAN_POINT('',(-1.286630802327,-0.551976621731,
    -13.7592639543));
#13574 = CARTESIAN_POINT('',(-1.278524753122,-0.570510463826,
    -13.81641197375));
#13575 = CARTESIAN_POINT('',(-1.27506872521,-0.578181627515,
    -13.84633312504));
#13576 = CARTESIAN_POINT('',(-1.272409473652,-0.583965508178,
    -13.87670366231));
#13577 = CARTESIAN_POINT('',(-1.270613194614,-0.587831852152,
    -13.90737445148));
#13578 = CARTESIAN_POINT('',(-1.269714954328,-0.589766,-13.93819783727)
  );
#13579 = CARTESIAN_POINT('',(-1.269714954328,-0.589766,-14.02914345474)
  );
#13580 = CARTESIAN_POINT('',(-1.273130017503,-0.582413189818,
    -14.08910927651));
#13581 = CARTESIAN_POINT('',(-1.279930166166,-0.56777530943,
    -14.14794576877));
#13582 = CARTESIAN_POINT('',(-1.289638409604,-0.54603298702,
    -14.20466419155));
#13583 = CARTESIAN_POINT('',(-1.301356199276,-0.517523700882,
    -14.25821099435));
#13584 = CARTESIAN_POINT('',(-1.32099976992,-0.464072237098,
    -14.33445982959));
#13585 = CARTESIAN_POINT('',(-1.3282366163,-0.443377919554,
    -14.36015668679));
#13586 = CARTESIAN_POINT('',(-1.335626525623,-0.420920850517,
    -14.38451117425));
#13587 = CARTESIAN_POINT('',(-1.343006508106,-0.396790301841,
    -14.40738225424));
#13588 = CARTESIAN_POINT('',(-1.35021441379,-0.371087668959,
    -14.42863292909));
#13589 = CARTESIAN_POINT('',(-1.363546490197,-0.318480947697,
    -14.46639728392));
#13590 = CARTESIAN_POINT('',(-1.369712512106,-0.291746320254,
    -14.48313127727));
#13591 = CARTESIAN_POINT('',(-1.375462640159,-0.263842555588,
    -14.49820230027));
#13592 = CARTESIAN_POINT('',(-1.380674726361,-0.234901238284,
    -14.51149797671));
#13593 = CARTESIAN_POINT('',(-1.385243134725,-0.205064543775,
    -14.52292211363));
#13594 = CARTESIAN_POINT('',(-1.39260562969,-0.146450528605,
    -14.54107576872));
#13595 = CARTESIAN_POINT('',(-1.395515120033,-0.117798509513,
    -14.54811538073));
#13596 = CARTESIAN_POINT('',(-1.397745057074,-8.867246071221E-02,
    -14.55344254713));
#13597 = CARTESIAN_POINT('',(-1.399248239787,-5.922598167239E-02,
    -14.55701044754));
#13598 = CARTESIAN_POINT('',(-1.4,-2.961626944845E-02,-14.55879513336));
#13599 = CARTESIAN_POINT('',(-1.4,4.588047749111E-02,-14.55879513336));
#13600 = CARTESIAN_POINT('',(-1.398195667954,9.171011713232E-02,
    -14.55451204172));
#13601 = CARTESIAN_POINT('',(-1.394594709371,0.136930659249,
    -14.54596366364));
#13602 = CARTESIAN_POINT('',(-1.389332824862,0.180989235383,
    -14.53328181372));
#13603 = CARTESIAN_POINT('',(-1.382673957214,0.223359130186,
    -14.51671096207));
#13604 = CARTESIAN_POINT('',(-1.372197069416,0.27801329076,
    -14.48940698886));
#13605 = CARTESIAN_POINT('',(-1.369291845906,0.292184201664,
    -14.48173479338));
#13606 = CARTESIAN_POINT('',(-1.366264650701,0.306067749143,
    -14.47361864975));
#13607 = CARTESIAN_POINT('',(-1.363131244469,0.319647530991,
    -14.46507305479));
#13608 = CARTESIAN_POINT('',(-1.359908034362,0.332908637344,
    -14.45611283947));
#13609 = CARTESIAN_POINT('',(-1.349797216233,0.372570189305,
    -14.42740074434));
#13610 = CARTESIAN_POINT('',(-1.342672707364,0.397876739626,
    -14.40634474024));
#13611 = CARTESIAN_POINT('',(-1.335385920849,0.4216471061,
    -14.38371372865));
#13612 = CARTESIAN_POINT('',(-1.328092924717,0.443784080817,
    -14.359639611));
#13613 = CARTESIAN_POINT('',(-1.320950488284,0.46420194132,
    -14.33425805458));
#13614 = CARTESIAN_POINT('',(-1.301384410507,0.51745507407,
    -14.25833991181));
#13615 = CARTESIAN_POINT('',(-1.289657097381,0.54599112571,
    -14.20477337473));
#13616 = CARTESIAN_POINT('',(-1.279939992367,0.567754160874,
    -14.14803072373));
#13617 = CARTESIAN_POINT('',(-1.273133311066,0.582406097571,
    -14.08916703749));
#13618 = CARTESIAN_POINT('',(-1.269714954328,0.589766,-14.02917244012));
#13619 = CARTESIAN_POINT('',(-1.269714954328,0.589766,-13.96902913336));
#13620 = CYLINDRICAL_SURFACE('',#13621,0.589766);
#13621 = AXIS2_PLACEMENT_3D('',#13622,#13623,#13624);
#13622 = CARTESIAN_POINT('',(0.,0.,-13.96902913336));
#13623 = DIRECTION('',(1.,0.,0.));
#13624 = DIRECTION('',(-0.,1.,0.));
#13625 = ADVANCED_FACE('',(#13626),#13645,.T.);
#13626 = FACE_BOUND('',#13627,.F.);
#13627 = EDGE_LOOP('',(#13628,#13629,#13637,#13644));
#13628 = ORIENTED_EDGE('',*,*,#13294,.F.);
#13629 = ORIENTED_EDGE('',*,*,#13630,.T.);
#13630 = EDGE_CURVE('',#13295,#13631,#13633,.T.);
#13631 = VERTEX_POINT('',#13632);
#13632 = CARTESIAN_POINT('',(-0.2,1.587450786639,-19.8));
#13633 = LINE('',#13634,#13635);
#13634 = CARTESIAN_POINT('',(-0.2,2.14,-19.8));
#13635 = VECTOR('',#13636,1.);
#13636 = DIRECTION('',(0.,-1.,0.));
#13637 = ORIENTED_EDGE('',*,*,#13638,.T.);
#13638 = EDGE_CURVE('',#13631,#13329,#13639,.T.);
#13639 = PARABOLA('',#13640,0.494974746831);
#13640 = AXIS2_PLACEMENT_3D('',#13641,#13642,#13643);
#13641 = CARTESIAN_POINT('',(0.7,0.,-18.9));
#13642 = DIRECTION('',(-0.707106781187,0.,0.707106781187));
#13643 = DIRECTION('',(-0.707106781187,0.,-0.707106781187));
#13644 = ORIENTED_EDGE('',*,*,#13345,.F.);
#13645 = PLANE('',#13646);
#13646 = AXIS2_PLACEMENT_3D('',#13647,#13648,#13649);
#13647 = CARTESIAN_POINT('',(-0.1,2.14,-19.7));
#13648 = DIRECTION('',(0.707106781187,0.,-0.707106781187));
#13649 = DIRECTION('',(0.,1.,0.));
#13650 = ADVANCED_FACE('',(#13651),#13679,.F.);
#13651 = FACE_BOUND('',#13652,.F.);
#13652 = EDGE_LOOP('',(#13653,#13654,#13655,#13663,#13672));
#13653 = ORIENTED_EDGE('',*,*,#13630,.F.);
#13654 = ORIENTED_EDGE('',*,*,#13313,.T.);
#13655 = ORIENTED_EDGE('',*,*,#13656,.F.);
#13656 = EDGE_CURVE('',#13657,#13305,#13659,.T.);
#13657 = VERTEX_POINT('',#13658);
#13658 = CARTESIAN_POINT('',(-0.2,-1.587450786639,-19.8));
#13659 = LINE('',#13660,#13661);
#13660 = CARTESIAN_POINT('',(-0.2,-1.4,-19.8));
#13661 = VECTOR('',#13662,1.);
#13662 = DIRECTION('',(0.,-1.,0.));
#13663 = ORIENTED_EDGE('',*,*,#13664,.T.);
#13664 = EDGE_CURVE('',#13657,#13665,#13667,.T.);
#13665 = VERTEX_POINT('',#13666);
#13666 = CARTESIAN_POINT('',(-1.6,0.,-19.8));
#13667 = CIRCLE('',#13668,1.6);
#13668 = AXIS2_PLACEMENT_3D('',#13669,#13670,#13671);
#13669 = CARTESIAN_POINT('',(0.,0.,-19.8));
#13670 = DIRECTION('',(0.,-0.,-1.));
#13671 = DIRECTION('',(1.8E-16,-1.,0.));
#13672 = ORIENTED_EDGE('',*,*,#13673,.T.);
#13673 = EDGE_CURVE('',#13665,#13631,#13674,.T.);
#13674 = CIRCLE('',#13675,1.6);
#13675 = AXIS2_PLACEMENT_3D('',#13676,#13677,#13678);
#13676 = CARTESIAN_POINT('',(0.,0.,-19.8));
#13677 = DIRECTION('',(0.,0.,-1.));
#13678 = DIRECTION('',(-1.,0.,0.));
#13679 = PLANE('',#13680);
#13680 = AXIS2_PLACEMENT_3D('',#13681,#13682,#13683);
#13681 = CARTESIAN_POINT('',(-1.6E-16,7.E-17,-19.8));
#13682 = DIRECTION('',(0.,0.,1.));
#13683 = DIRECTION('',(1.,0.,0.));
#13684 = ADVANCED_FACE('',(#13685),#13697,.T.);
#13685 = FACE_BOUND('',#13686,.T.);
#13686 = EDGE_LOOP('',(#13687,#13694,#13695,#13696));
#13687 = ORIENTED_EDGE('',*,*,#13688,.T.);
#13688 = EDGE_CURVE('',#13657,#13408,#13689,.T.);
#13689 = PARABOLA('',#13690,0.494974746831);
#13690 = AXIS2_PLACEMENT_3D('',#13691,#13692,#13693);
#13691 = CARTESIAN_POINT('',(0.7,0.,-18.9));
#13692 = DIRECTION('',(0.707106781187,0.,-0.707106781187));
#13693 = DIRECTION('',(-0.707106781187,0.,-0.707106781187));
#13694 = ORIENTED_EDGE('',*,*,#13415,.T.);
#13695 = ORIENTED_EDGE('',*,*,#13304,.T.);
#13696 = ORIENTED_EDGE('',*,*,#13656,.F.);
#13697 = PLANE('',#13698);
#13698 = AXIS2_PLACEMENT_3D('',#13699,#13700,#13701);
#13699 = CARTESIAN_POINT('',(-0.1,-1.4,-19.7));
#13700 = DIRECTION('',(0.707106781187,0.,-0.707106781187));
#13701 = DIRECTION('',(0.,-1.,0.));
#13702 = ADVANCED_FACE('',(#13703),#13739,.F.);
#13703 = FACE_BOUND('',#13704,.T.);
#13704 = EDGE_LOOP('',(#13705,#13706,#13715,#13722,#13723,#13732));
#13705 = ORIENTED_EDGE('',*,*,#13328,.T.);
#13706 = ORIENTED_EDGE('',*,*,#13707,.F.);
#13707 = EDGE_CURVE('',#13708,#13331,#13710,.T.);
#13708 = VERTEX_POINT('',#13709);
#13709 = CARTESIAN_POINT('',(-1.4,0.,-16.8));
#13710 = CIRCLE('',#13711,1.4);
#13711 = AXIS2_PLACEMENT_3D('',#13712,#13713,#13714);
#13712 = CARTESIAN_POINT('',(0.,0.,-16.8));
#13713 = DIRECTION('',(0.,0.,-1.));
#13714 = DIRECTION('',(-1.,0.,0.));
#13715 = ORIENTED_EDGE('',*,*,#13716,.F.);
#13716 = EDGE_CURVE('',#13360,#13708,#13717,.T.);
#13717 = CIRCLE('',#13718,1.4);
#13718 = AXIS2_PLACEMENT_3D('',#13719,#13720,#13721);
#13719 = CARTESIAN_POINT('',(0.,0.,-16.8));
#13720 = DIRECTION('',(0.,0.,-1.));
#13721 = DIRECTION('',(-1.,0.,0.));
#13722 = ORIENTED_EDGE('',*,*,#13407,.F.);
#13723 = ORIENTED_EDGE('',*,*,#13724,.T.);
#13724 = EDGE_CURVE('',#13408,#13725,#13727,.T.);
#13725 = VERTEX_POINT('',#13726);
#13726 = CARTESIAN_POINT('',(-1.4,0.,-19.6));
#13727 = CIRCLE('',#13728,1.4);
#13728 = AXIS2_PLACEMENT_3D('',#13729,#13730,#13731);
#13729 = CARTESIAN_POINT('',(0.,0.,-19.6));
#13730 = DIRECTION('',(0.,-0.,-1.));
#13731 = DIRECTION('',(1.8E-16,-1.,0.));
#13732 = ORIENTED_EDGE('',*,*,#13733,.T.);
#13733 = EDGE_CURVE('',#13725,#13329,#13734,.T.);
#13734 = CIRCLE('',#13735,1.4);
#13735 = AXIS2_PLACEMENT_3D('',#13736,#13737,#13738);
#13736 = CARTESIAN_POINT('',(0.,0.,-19.6));
#13737 = DIRECTION('',(0.,0.,-1.));
#13738 = DIRECTION('',(-1.,0.,0.));
#13739 = CYLINDRICAL_SURFACE('',#13740,1.4);
#13740 = AXIS2_PLACEMENT_3D('',#13741,#13742,#13743);
#13741 = CARTESIAN_POINT('',(0.,0.,-19.8));
#13742 = DIRECTION('',(0.,0.,1.));
#13743 = DIRECTION('',(-1.,0.,0.));
#13744 = ADVANCED_FACE('',(#13745),#13759,.F.);
#13745 = FACE_BOUND('',#13746,.T.);
#13746 = EDGE_LOOP('',(#13747,#13755,#13756,#13757,#13758));
#13747 = ORIENTED_EDGE('',*,*,#13748,.F.);
#13748 = EDGE_CURVE('',#13708,#13749,#13751,.T.);
#13749 = VERTEX_POINT('',#13750);
#13750 = CARTESIAN_POINT('',(0.,0.,-15.95879513336));
#13751 = LINE('',#13752,#13753);
#13752 = CARTESIAN_POINT('',(-1.4,0.,-16.8));
#13753 = VECTOR('',#13754,1.);
#13754 = DIRECTION('',(0.857167300702,0.,0.51503807491));
#13755 = ORIENTED_EDGE('',*,*,#13707,.T.);
#13756 = ORIENTED_EDGE('',*,*,#13370,.T.);
#13757 = ORIENTED_EDGE('',*,*,#13716,.T.);
#13758 = ORIENTED_EDGE('',*,*,#13748,.T.);
#13759 = CONICAL_SURFACE('',#13760,1.4,1.029744258677);
#13760 = AXIS2_PLACEMENT_3D('',#13761,#13762,#13763);
#13761 = CARTESIAN_POINT('',(0.,0.,-16.8));
#13762 = DIRECTION('',(-0.,-0.,-1.));
#13763 = DIRECTION('',(-1.,0.,0.));
#13764 = ADVANCED_FACE('',(#13765),#13784,.T.);
#13765 = FACE_BOUND('',#13766,.F.);
#13766 = EDGE_LOOP('',(#13767,#13776,#13782,#13783));
#13767 = ORIENTED_EDGE('',*,*,#13768,.T.);
#13768 = EDGE_CURVE('',#13769,#13769,#13771,.T.);
#13769 = VERTEX_POINT('',#13770);
#13770 = CARTESIAN_POINT('',(1.90041,0.,-10.188));
#13771 = CIRCLE('',#13772,1.90041);
#13772 = AXIS2_PLACEMENT_3D('',#13773,#13774,#13775);
#13773 = CARTESIAN_POINT('',(0.,-2.26E-15,-10.188));
#13774 = DIRECTION('',(-0.,2.2E-16,1.));
#13775 = DIRECTION('',(1.,0.,0.));
#13776 = ORIENTED_EDGE('',*,*,#13777,.T.);
#13777 = EDGE_CURVE('',#13769,#13389,#13778,.T.);
#13778 = LINE('',#13779,#13780);
#13779 = CARTESIAN_POINT('',(1.90041,0.,-10.188));
#13780 = VECTOR('',#13781,1.);
#13781 = DIRECTION('',(0.,0.,-1.));
#13782 = ORIENTED_EDGE('',*,*,#13388,.F.);
#13783 = ORIENTED_EDGE('',*,*,#13777,.F.);
#13784 = CYLINDRICAL_SURFACE('',#13785,1.90041);
#13785 = AXIS2_PLACEMENT_3D('',#13786,#13787,#13788);
#13786 = CARTESIAN_POINT('',(0.,-2.26E-15,-10.188));
#13787 = DIRECTION('',(-0.,-2.2E-16,-1.));
#13788 = DIRECTION('',(1.,0.,0.));
#13789 = ADVANCED_FACE('',(#13790,#13824),#13828,.F.);
#13790 = FACE_BOUND('',#13791,.T.);
#13791 = EDGE_LOOP('',(#13792,#13802,#13809,#13810,#13817));
#13792 = ORIENTED_EDGE('',*,*,#13793,.F.);
#13793 = EDGE_CURVE('',#13794,#13796,#13798,.T.);
#13794 = VERTEX_POINT('',#13795);
#13795 = CARTESIAN_POINT('',(1.4,0.,-9.21030121666));
#13796 = VERTEX_POINT('',#13797);
#13797 = CARTESIAN_POINT('',(1.4,0.,-14.55879513336));
#13798 = LINE('',#13799,#13800);
#13799 = CARTESIAN_POINT('',(1.4,0.,0.));
#13800 = VECTOR('',#13801,1.);
#13801 = DIRECTION('',(-6.E-17,0.,-1.));
#13802 = ORIENTED_EDGE('',*,*,#13803,.F.);
#13803 = EDGE_CURVE('',#13794,#13794,#13804,.T.);
#13804 = CIRCLE('',#13805,1.4);
#13805 = AXIS2_PLACEMENT_3D('',#13806,#13807,#13808);
#13806 = CARTESIAN_POINT('',(0.,0.,-9.21030121666));
#13807 = DIRECTION('',(0.,0.,-1.));
#13808 = DIRECTION('',(0.,1.,0.));
#13809 = ORIENTED_EDGE('',*,*,#13793,.T.);
#13810 = ORIENTED_EDGE('',*,*,#13811,.F.);
#13811 = EDGE_CURVE('',#13432,#13796,#13812,.T.);
#13812 = CIRCLE('',#13813,1.4);
#13813 = AXIS2_PLACEMENT_3D('',#13814,#13815,#13816);
#13814 = CARTESIAN_POINT('',(0.,0.,-14.55879513336));
#13815 = DIRECTION('',(0.,0.,1.));
#13816 = DIRECTION('',(1.,0.,0.));
#13817 = ORIENTED_EDGE('',*,*,#13818,.F.);
#13818 = EDGE_CURVE('',#13796,#13432,#13819,.T.);
#13819 = CIRCLE('',#13820,1.4);
#13820 = AXIS2_PLACEMENT_3D('',#13821,#13822,#13823);
#13821 = CARTESIAN_POINT('',(0.,0.,-14.55879513336));
#13822 = DIRECTION('',(0.,0.,1.));
#13823 = DIRECTION('',(1.,0.,0.));
#13824 = FACE_BOUND('',#13825,.T.);
#13825 = EDGE_LOOP('',(#13826,#13827));
#13826 = ORIENTED_EDGE('',*,*,#13531,.F.);
#13827 = ORIENTED_EDGE('',*,*,#13429,.F.);
#13828 = CYLINDRICAL_SURFACE('',#13829,1.4);
#13829 = AXIS2_PLACEMENT_3D('',#13830,#13831,#13832);
#13830 = CARTESIAN_POINT('',(0.,0.,0.));
#13831 = DIRECTION('',(-0.,-0.,-1.));
#13832 = DIRECTION('',(1.,0.,0.));
#13833 = ADVANCED_FACE('',(#13834),#13845,.F.);
#13834 = FACE_BOUND('',#13835,.T.);
#13835 = EDGE_LOOP('',(#13836,#13842,#13843,#13844));
#13836 = ORIENTED_EDGE('',*,*,#13837,.F.);
#13837 = EDGE_CURVE('',#13665,#13725,#13838,.T.);
#13838 = LINE('',#13839,#13840);
#13839 = CARTESIAN_POINT('',(-1.4,-3.4E-16,-19.6));
#13840 = VECTOR('',#13841,1.);
#13841 = DIRECTION('',(0.707106781187,1.7E-16,0.707106781187));
#13842 = ORIENTED_EDGE('',*,*,#13673,.T.);
#13843 = ORIENTED_EDGE('',*,*,#13638,.T.);
#13844 = ORIENTED_EDGE('',*,*,#13733,.F.);
#13845 = CONICAL_SURFACE('',#13846,1.4,0.785398163397);
#13846 = AXIS2_PLACEMENT_3D('',#13847,#13848,#13849);
#13847 = CARTESIAN_POINT('',(0.,0.,-19.6));
#13848 = DIRECTION('',(-0.,-0.,-1.));
#13849 = DIRECTION('',(-1.,0.,0.));
#13850 = ADVANCED_FACE('',(#13851),#13857,.F.);
#13851 = FACE_BOUND('',#13852,.T.);
#13852 = EDGE_LOOP('',(#13853,#13854,#13855,#13856));
#13853 = ORIENTED_EDGE('',*,*,#13688,.F.);
#13854 = ORIENTED_EDGE('',*,*,#13664,.T.);
#13855 = ORIENTED_EDGE('',*,*,#13837,.T.);
#13856 = ORIENTED_EDGE('',*,*,#13724,.F.);
#13857 = CONICAL_SURFACE('',#13858,1.4,0.785398163397);
#13858 = AXIS2_PLACEMENT_3D('',#13859,#13860,#13861);
#13859 = CARTESIAN_POINT('',(0.,0.,-19.6));
#13860 = DIRECTION('',(-0.,-0.,-1.));
#13861 = DIRECTION('',(1.8E-16,-1.,0.));
#13862 = ADVANCED_FACE('',(#13863,#13874),#13877,.F.);
#13863 = FACE_BOUND('',#13864,.F.);
#13864 = EDGE_LOOP('',(#13865));
#13865 = ORIENTED_EDGE('',*,*,#13866,.T.);
#13866 = EDGE_CURVE('',#13867,#13867,#13869,.T.);
#13867 = VERTEX_POINT('',#13868);
#13868 = CARTESIAN_POINT('',(2.14,0.,-10.188));
#13869 = CIRCLE('',#13870,2.14);
#13870 = AXIS2_PLACEMENT_3D('',#13871,#13872,#13873);
#13871 = CARTESIAN_POINT('',(0.,0.,-10.188));
#13872 = DIRECTION('',(0.,0.,1.));
#13873 = DIRECTION('',(1.,0.,0.));
#13874 = FACE_BOUND('',#13875,.F.);
#13875 = EDGE_LOOP('',(#13876));
#13876 = ORIENTED_EDGE('',*,*,#13768,.F.);
#13877 = PLANE('',#13878);
#13878 = AXIS2_PLACEMENT_3D('',#13879,#13880,#13881);
#13879 = CARTESIAN_POINT('',(0.,-2.26E-15,-10.188));
#13880 = DIRECTION('',(0.,2.2E-16,1.));
#13881 = DIRECTION('',(1.,0.,0.));
#13882 = ADVANCED_FACE('',(#13883),#13896,.F.);
#13883 = FACE_BOUND('',#13884,.T.);
#13884 = EDGE_LOOP('',(#13885,#13893,#13894,#13895));
#13885 = ORIENTED_EDGE('',*,*,#13886,.F.);
#13886 = EDGE_CURVE('',#13796,#13887,#13889,.T.);
#13887 = VERTEX_POINT('',#13888);
#13888 = CARTESIAN_POINT('',(0.,0.,-15.4));
#13889 = LINE('',#13890,#13891);
#13890 = CARTESIAN_POINT('',(1.4,0.,-14.55879513336));
#13891 = VECTOR('',#13892,1.);
#13892 = DIRECTION('',(-0.857167300702,-0.,-0.51503807491));
#13893 = ORIENTED_EDGE('',*,*,#13818,.T.);
#13894 = ORIENTED_EDGE('',*,*,#13811,.T.);
#13895 = ORIENTED_EDGE('',*,*,#13886,.T.);
#13896 = CONICAL_SURFACE('',#13897,1.4,1.029744258677);
#13897 = AXIS2_PLACEMENT_3D('',#13898,#13899,#13900);
#13898 = CARTESIAN_POINT('',(0.,0.,-14.55879513336));
#13899 = DIRECTION('',(0.,0.,1.));
#13900 = DIRECTION('',(1.,0.,0.));
#13901 = ADVANCED_FACE('',(#13902),#13921,.F.);
#13902 = FACE_BOUND('',#13903,.T.);
#13903 = EDGE_LOOP('',(#13904,#13912,#13919,#13920));
#13904 = ORIENTED_EDGE('',*,*,#13905,.F.);
#13905 = EDGE_CURVE('',#13906,#13794,#13908,.T.);
#13906 = VERTEX_POINT('',#13907);
#13907 = CARTESIAN_POINT('',(1.75,0.,-9.));
#13908 = LINE('',#13909,#13910);
#13909 = CARTESIAN_POINT('',(1.75,0.,-9.));
#13910 = VECTOR('',#13911,1.);
#13911 = DIRECTION('',(-0.857167300702,-0.,-0.51503807491));
#13912 = ORIENTED_EDGE('',*,*,#13913,.T.);
#13913 = EDGE_CURVE('',#13906,#13906,#13914,.T.);
#13914 = CIRCLE('',#13915,1.75);
#13915 = AXIS2_PLACEMENT_3D('',#13916,#13917,#13918);
#13916 = CARTESIAN_POINT('',(0.,0.,-9.));
#13917 = DIRECTION('',(0.,0.,1.));
#13918 = DIRECTION('',(1.,0.,0.));
#13919 = ORIENTED_EDGE('',*,*,#13905,.T.);
#13920 = ORIENTED_EDGE('',*,*,#13803,.T.);
#13921 = CONICAL_SURFACE('',#13922,1.75,1.029744258677);
#13922 = AXIS2_PLACEMENT_3D('',#13923,#13924,#13925);
#13923 = CARTESIAN_POINT('',(0.,0.,-9.));
#13924 = DIRECTION('',(0.,0.,1.));
#13925 = DIRECTION('',(1.,0.,0.));
#13926 = ADVANCED_FACE('',(#13927),#13946,.T.);
#13927 = FACE_BOUND('',#13928,.T.);
#13928 = EDGE_LOOP('',(#13929,#13938,#13944,#13945));
#13929 = ORIENTED_EDGE('',*,*,#13930,.F.);
#13930 = EDGE_CURVE('',#13931,#13931,#13933,.T.);
#13931 = VERTEX_POINT('',#13932);
#13932 = CARTESIAN_POINT('',(2.14,0.,0.));
#13933 = CIRCLE('',#13934,2.14);
#13934 = AXIS2_PLACEMENT_3D('',#13935,#13936,#13937);
#13935 = CARTESIAN_POINT('',(0.,0.,0.));
#13936 = DIRECTION('',(0.,0.,1.));
#13937 = DIRECTION('',(1.,0.,0.));
#13938 = ORIENTED_EDGE('',*,*,#13939,.T.);
#13939 = EDGE_CURVE('',#13931,#13867,#13940,.T.);
#13940 = LINE('',#13941,#13942);
#13941 = CARTESIAN_POINT('',(2.14,0.,0.));
#13942 = VECTOR('',#13943,1.);
#13943 = DIRECTION('',(-0.,-0.,-1.));
#13944 = ORIENTED_EDGE('',*,*,#13866,.T.);
#13945 = ORIENTED_EDGE('',*,*,#13939,.F.);
#13946 = CYLINDRICAL_SURFACE('',#13947,2.14);
#13947 = AXIS2_PLACEMENT_3D('',#13948,#13949,#13950);
#13948 = CARTESIAN_POINT('',(0.,0.,0.));
#13949 = DIRECTION('',(0.,0.,1.));
#13950 = DIRECTION('',(1.,0.,0.));
#13951 = ADVANCED_FACE('',(#13952),#13971,.F.);
#13952 = FACE_BOUND('',#13953,.T.);
#13953 = EDGE_LOOP('',(#13954,#13962,#13969,#13970));
#13954 = ORIENTED_EDGE('',*,*,#13955,.F.);
#13955 = EDGE_CURVE('',#13956,#13906,#13958,.T.);
#13956 = VERTEX_POINT('',#13957);
#13957 = CARTESIAN_POINT('',(1.75,0.,-0.2));
#13958 = LINE('',#13959,#13960);
#13959 = CARTESIAN_POINT('',(1.75,0.,0.));
#13960 = VECTOR('',#13961,1.);
#13961 = DIRECTION('',(-5.E-17,0.,-1.));
#13962 = ORIENTED_EDGE('',*,*,#13963,.T.);
#13963 = EDGE_CURVE('',#13956,#13956,#13964,.T.);
#13964 = CIRCLE('',#13965,1.75);
#13965 = AXIS2_PLACEMENT_3D('',#13966,#13967,#13968);
#13966 = CARTESIAN_POINT('',(0.,0.,-0.2));
#13967 = DIRECTION('',(0.,0.,1.));
#13968 = DIRECTION('',(1.,0.,0.));
#13969 = ORIENTED_EDGE('',*,*,#13955,.T.);
#13970 = ORIENTED_EDGE('',*,*,#13913,.F.);
#13971 = CYLINDRICAL_SURFACE('',#13972,1.75);
#13972 = AXIS2_PLACEMENT_3D('',#13973,#13974,#13975);
#13973 = CARTESIAN_POINT('',(0.,0.,0.));
#13974 = DIRECTION('',(-0.,-0.,-1.));
#13975 = DIRECTION('',(1.,0.,0.));
#13976 = ADVANCED_FACE('',(#13977,#13988),#13991,.T.);
#13977 = FACE_BOUND('',#13978,.T.);
#13978 = EDGE_LOOP('',(#13979));
#13979 = ORIENTED_EDGE('',*,*,#13980,.F.);
#13980 = EDGE_CURVE('',#13981,#13981,#13983,.T.);
#13981 = VERTEX_POINT('',#13982);
#13982 = CARTESIAN_POINT('',(1.95,0.,0.));
#13983 = CIRCLE('',#13984,1.95);
#13984 = AXIS2_PLACEMENT_3D('',#13985,#13986,#13987);
#13985 = CARTESIAN_POINT('',(0.,0.,0.));
#13986 = DIRECTION('',(0.,0.,1.));
#13987 = DIRECTION('',(1.,0.,0.));
#13988 = FACE_BOUND('',#13989,.T.);
#13989 = EDGE_LOOP('',(#13990));
#13990 = ORIENTED_EDGE('',*,*,#13930,.T.);
#13991 = PLANE('',#13992);
#13992 = AXIS2_PLACEMENT_3D('',#13993,#13994,#13995);
#13993 = CARTESIAN_POINT('',(-1.6E-16,7.E-17,0.));
#13994 = DIRECTION('',(0.,0.,1.));
#13995 = DIRECTION('',(1.,0.,0.));
#13996 = ADVANCED_FACE('',(#13997),#14008,.F.);
#13997 = FACE_BOUND('',#13998,.T.);
#13998 = EDGE_LOOP('',(#13999,#14005,#14006,#14007));
#13999 = ORIENTED_EDGE('',*,*,#14000,.F.);
#14000 = EDGE_CURVE('',#13981,#13956,#14001,.T.);
#14001 = LINE('',#14002,#14003);
#14002 = CARTESIAN_POINT('',(1.75,0.,-0.2));
#14003 = VECTOR('',#14004,1.);
#14004 = DIRECTION('',(-0.707106781187,-0.,-0.707106781187));
#14005 = ORIENTED_EDGE('',*,*,#13980,.T.);
#14006 = ORIENTED_EDGE('',*,*,#14000,.T.);
#14007 = ORIENTED_EDGE('',*,*,#13963,.F.);
#14008 = CONICAL_SURFACE('',#14009,1.75,0.785398163397);
#14009 = AXIS2_PLACEMENT_3D('',#14010,#14011,#14012);
#14010 = CARTESIAN_POINT('',(0.,0.,-0.2));
#14011 = DIRECTION('',(0.,0.,1.));
#14012 = DIRECTION('',(1.,0.,0.));
#14013 = ( GEOMETRIC_REPRESENTATION_CONTEXT(3) 
GLOBAL_UNCERTAINTY_ASSIGNED_CONTEXT((#14017)) 
GLOBAL_UNIT_ASSIGNED_CONTEXT((#14014,#14015,#14016)) 
REPRESENTATION_CONTEXT('Context #1',
  '3D Context with UNIT and UNCERTAINTY') );
#14014 = ( LENGTH_UNIT() NAMED_UNIT(*) SI_UNIT(.MILLI.,.METRE.) );
#14015 = ( NAMED_UNIT(*) PLANE_ANGLE_UNIT() SI_UNIT($,.RADIAN.) );
#14016 = ( NAMED_UNIT(*) SI_UNIT($,.STERADIAN.) SOLID_ANGLE_UNIT() );
#14017 = UNCERTAINTY_MEASURE_WITH_UNIT(LENGTH_MEASURE(1.E-07),#14014,
  'distance_accuracy_value','confusion accuracy');
#14018 = CONTEXT_DEPENDENT_SHAPE_REPRESENTATION(#14019,#14021);
#14019 = ( REPRESENTATION_RELATIONSHIP('','',#13163,#10) 
REPRESENTATION_RELATIONSHIP_WITH_TRANSFORMATION(#14020) 
SHAPE_REPRESENTATION_RELATIONSHIP() );
#14020 = ITEM_DEFINED_TRANSFORMATION('','',#11,#23);
#14021 = PRODUCT_DEFINITION_SHAPE('Placement','Placement of an item',
  #14022);
#14022 = NEXT_ASSEMBLY_USAGE_OCCURRENCE('3','female002','',#5,#13158,$);
#14023 = PRODUCT_RELATED_PRODUCT_CATEGORY('part',$,(#13160));
#14024 = MECHANICAL_DESIGN_GEOMETRIC_PRESENTATION_REPRESENTATION('',(
    #14025),#13145);
#14025 = STYLED_ITEM('color',(#14026),#12296);
#14026 = PRESENTATION_STYLE_ASSIGNMENT((#14027,#14033));
#14027 = SURFACE_STYLE_USAGE(.BOTH.,#14028);
#14028 = SURFACE_SIDE_STYLE('',(#14029));
#14029 = SURFACE_STYLE_FILL_AREA(#14030);
#14030 = FILL_AREA_STYLE('',(#14031));
#14031 = FILL_AREA_STYLE_COLOUR('',#14032);
#14032 = COLOUR_RGB('',0.399999997426,0.274509816483,0.);
#14033 = CURVE_STYLE('',#14034,POSITIVE_LENGTH_MEASURE(0.1),#14035);
#14034 = DRAUGHTING_PRE_DEFINED_CURVE_FONT('continuous');
#14035 = COLOUR_RGB('',9.803921802644E-02,9.803921802644E-02,
  9.803921802644E-02);
#14036 = MECHANICAL_DESIGN_GEOMETRIC_PRESENTATION_REPRESENTATION('',(
    #14037),#12277);
#14037 = STYLED_ITEM('color',(#14038),#41);
#14038 = PRESENTATION_STYLE_ASSIGNMENT((#14039,#14045));
#14039 = SURFACE_STYLE_USAGE(.BOTH.,#14040);
#14040 = SURFACE_SIDE_STYLE('',(#14041));
#14041 = SURFACE_STYLE_FILL_AREA(#14042);
#14042 = FILL_AREA_STYLE('',(#14043));
#14043 = FILL_AREA_STYLE_COLOUR('',#14044);
#14044 = COLOUR_RGB('',0.882352934796,0.666666687201,0.);
#14045 = CURVE_STYLE('',#14046,POSITIVE_LENGTH_MEASURE(0.1),#14035);
#14046 = DRAUGHTING_PRE_DEFINED_CURVE_FONT('continuous');
#14047 = MECHANICAL_DESIGN_GEOMETRIC_PRESENTATION_REPRESENTATION('',(
    #14048),#14013);
#14048 = STYLED_ITEM('color',(#14049),#13164);
#14049 = PRESENTATION_STYLE_ASSIGNMENT((#14050,#14055));
#14050 = SURFACE_STYLE_USAGE(.BOTH.,#14051);
#14051 = SURFACE_SIDE_STYLE('',(#14052));
#14052 = SURFACE_STYLE_FILL_AREA(#14053);
#14053 = FILL_AREA_STYLE('',(#14054));
#14054 = FILL_AREA_STYLE_COLOUR('',#14032);
#14055 = CURVE_STYLE('',#14056,POSITIVE_LENGTH_MEASURE(0.1),#14035);
#14056 = DRAUGHTING_PRE_DEFINED_CURVE_FONT('continuous');
ENDSEC;
END-ISO-10303-21;
